   0.000   -0.001 0.0 0.0 
   0.030   -0.001 0.0 0.0 
   0.061   -0.000 0.0 0.0 
   0.091   -0.000 0.0 0.0 
   0.122   -0.000 0.0 0.0 
   0.152   -0.000 0.0 0.0 
   0.183    0.000 0.0 0.0 
   0.214    0.000 0.0 0.0 
   0.244    0.001 0.0 0.0 
   0.271    0.001 0.0 0.0 
   0.301    0.001 0.0 0.0 
   0.332    0.002 0.0 0.0 
   0.365    0.002 0.0 0.0 
   0.395    0.002 0.0 0.0 
   0.422    0.003 0.0 0.0 
   0.454    0.003 0.0 0.0 
   0.483    0.003 0.0 0.0 
   0.512    0.004 0.0 0.0 
   0.543    0.004 0.0 0.0 
   0.572    0.004 0.0 0.0 
   0.603    0.005 0.0 0.0 
   0.637    0.005 0.0 0.0 
   0.663    0.005 0.0 0.0 
   0.693    0.006 0.0 0.0 
   0.722    0.006 0.0 0.0 
   0.752    0.007 0.0 0.0 
   0.782    0.007 0.0 0.0 
   0.813    0.008 0.0 0.0 
   0.843    0.008 0.0 0.0 
   0.873    0.008 0.0 0.0 
   0.905    0.009 0.0 0.0 
   0.936    0.009 0.0 0.0 
   0.964    0.009 0.0 0.0 
   0.994    0.010 0.0 0.0 
   1.023    0.010 0.0 0.0 
   1.053    0.010 0.0 0.0 
   1.084    0.011 0.0 0.0 
   1.114    0.011 0.0 0.0 
   1.145    0.011 0.0 0.0 
   1.174    0.012 0.0 0.0 
   1.204    0.012 0.0 0.0 
   1.237    0.012 0.0 0.0 
   1.264    0.013 0.0 0.0 
   1.295    0.013 0.0 0.0 
   1.325    0.013 0.0 0.0 
   1.355    0.014 0.0 0.0 
   1.385    0.014 0.0 0.0 
   1.415    0.014 0.0 0.0 
   1.449    0.014 0.0 0.0 
   1.476    0.015 0.0 0.0 
   1.506    0.015 0.0 0.0 
   1.536    0.015 0.0 0.0 
   1.568    0.015 0.0 0.0 
   1.597    0.015 0.0 0.0 
   1.627    0.015 0.0 0.0 
   1.657    0.015 0.0 0.0 
   1.688    0.015 0.0 0.0 
   1.720    0.014 0.0 0.0 
   1.749    0.014 0.0 0.0 
   1.781    0.014 0.0 0.0 
   1.811    0.014 0.0 0.0 
   1.840    0.013 0.0 0.0 
   1.868    0.013 0.0 0.0 
   1.898    0.013 0.0 0.0 
   1.927    0.012 0.0 0.0 
   1.956    0.012 0.0 0.0 
   1.987    0.012 0.0 0.0 
   2.018    0.011 0.0 0.0 
   2.047    0.011 0.0 0.0 
   2.079    0.010 0.0 0.0 
   2.107    0.010 0.0 0.0 
   2.138    0.009 0.0 0.0 
   2.244    0.009 0.0 0.0 
   2.275    0.008 0.0 0.0 
   2.295    0.007 0.0 0.0 
   2.325    0.007 0.0 0.0 
   2.352    0.006 0.0 0.0 
   2.382    0.005 0.0 0.0 
   2.412    0.005 0.0 0.0 
   2.442    0.004 0.0 0.0 
   2.473    0.003 0.0 0.0 
   2.503    0.003 0.0 0.0 
   2.533    0.002 0.0 0.0 
   2.563    0.002 0.0 0.0 
   2.595    0.001 0.0 0.0 
   2.623    0.000 0.0 0.0 
   2.653   -0.001 0.0 0.0 
   2.683   -0.001 0.0 0.0 
   2.714   -0.002 0.0 0.0 
   2.817   -0.003 0.0 0.0 
   2.848   -0.003 0.0 0.0 
   2.868   -0.004 0.0 0.0 
   2.896   -0.005 0.0 0.0 
   2.926   -0.005 0.0 0.0 
   2.956   -0.006 0.0 0.0 
   2.986   -0.006 0.0 0.0 
   3.016   -0.007 0.0 0.0 
   3.046   -0.007 0.0 0.0 
   3.148   -0.008 0.0 0.0 
   3.178   -0.009 0.0 0.0 
   3.197   -0.009 0.0 0.0 
   3.226   -0.010 0.0 0.0 
   3.256   -0.010 0.0 0.0 
   3.286   -0.011 0.0 0.0 
   3.316   -0.011 0.0 0.0 
   3.349   -0.012 0.0 0.0 
   3.379   -0.012 0.0 0.0 
   3.407   -0.013 0.0 0.0 
   3.437   -0.013 0.0 0.0 
   3.469   -0.013 0.0 0.0 
   3.496   -0.013 0.0 0.0 
   3.528   -0.013 0.0 0.0 
   3.558   -0.014 0.0 0.0 
   3.590   -0.014 0.0 0.0 
   3.616   -0.014 0.0 0.0 
   3.646   -0.014 0.0 0.0 
   3.676   -0.014 0.0 0.0 
   3.706   -0.014 0.0 0.0 
   3.735   -0.014 0.0 0.0 
   3.767   -0.014 0.0 0.0 
   3.797   -0.014 0.0 0.0 
   3.827   -0.014 0.0 0.0 
   3.856   -0.014 0.0 0.0 
   3.961   -0.014 0.0 0.0 
   3.988   -0.014 0.0 0.0 
   4.010   -0.013 0.0 0.0 
   4.038   -0.013 0.0 0.0 
   4.069   -0.013 0.0 0.0 
   4.102   -0.012 0.0 0.0 
   4.129   -0.012 0.0 0.0 
   4.159   -0.012 0.0 0.0 
   4.190   -0.011 0.0 0.0 
   4.218   -0.011 0.0 0.0 
   4.249   -0.011 0.0 0.0 
   4.279   -0.010 0.0 0.0 
   4.309   -0.009 0.0 0.0 
   4.341   -0.009 0.0 0.0 
   4.371   -0.008 0.0 0.0 
   4.399   -0.007 0.0 0.0 
   4.429   -0.007 0.0 0.0 
   4.460   -0.006 0.0 0.0 
   4.490   -0.005 0.0 0.0 
   4.519   -0.005 0.0 0.0 
   4.552   -0.004 0.0 0.0 
   4.579   -0.003 0.0 0.0 
   4.611   -0.002 0.0 0.0 
   4.640   -0.002 0.0 0.0 
   4.670   -0.001 0.0 0.0 
   4.700    0.000 0.0 0.0 
   4.730    0.001 0.0 0.0 
   4.761    0.002 0.0 0.0 
   4.790    0.003 0.0 0.0 
   4.821    0.004 0.0 0.0 
   4.851    0.005 0.0 0.0 
   4.881    0.006 0.0 0.0 
   4.911    0.006 0.0 0.0 
   5.018    0.007 0.0 0.0 
   5.048    0.008 0.0 0.0 
   5.068    0.009 0.0 0.0 
   5.096    0.009 0.0 0.0 
   5.128    0.010 0.0 0.0 
   5.156    0.011 0.0 0.0 
   5.185    0.011 0.0 0.0 
   5.215    0.012 0.0 0.0 
   5.245    0.013 0.0 0.0 
   5.276    0.013 0.0 0.0 
   5.306    0.014 0.0 0.0 
   5.335    0.014 0.0 0.0 
   5.370    0.015 0.0 0.0 
   5.396    0.015 0.0 0.0 
   5.426    0.015 0.0 0.0 
   5.456    0.015 0.0 0.0 
   5.486    0.016 0.0 0.0 
   5.519    0.016 0.0 0.0 
   5.547    0.016 0.0 0.0 
   5.579    0.016 0.0 0.0 
   5.606    0.016 0.0 0.0 
   5.638    0.016 0.0 0.0 
   5.667    0.016 0.0 0.0 
   5.699    0.016 0.0 0.0 
   5.729    0.016 0.0 0.0 
   5.760    0.016 0.0 0.0 
   5.788    0.015 0.0 0.0 
   5.817    0.015 0.0 0.0 
   5.847    0.015 0.0 0.0 
   5.878    0.015 0.0 0.0 
   5.911    0.014 0.0 0.0 
   5.939    0.014 0.0 0.0 
   5.968    0.013 0.0 0.0 
   5.998    0.013 0.0 0.0 
   6.028    0.012 0.0 0.0 
   6.058    0.011 0.0 0.0 
   6.089    0.011 0.0 0.0 
   6.119    0.010 0.0 0.0 
   6.148    0.009 0.0 0.0 
   6.178    0.008 0.0 0.0 
   6.210    0.006 0.0 0.0 
   6.238    0.005 0.0 0.0 
   6.270    0.004 0.0 0.0 
   6.298    0.003 0.0 0.0 
   6.328    0.002 0.0 0.0 
   6.359    0.001 0.0 0.0 
   6.389    0.000 0.0 0.0 
   6.419   -0.001 0.0 0.0 
   6.449   -0.002 0.0 0.0 
   6.480   -0.002 0.0 0.0 
   6.510   -0.003 0.0 0.0 
   6.541   -0.004 0.0 0.0 
   6.572   -0.005 0.0 0.0 
   6.601   -0.005 0.0 0.0 
   6.632   -0.006 0.0 0.0 
   6.664   -0.007 0.0 0.0 
   6.690   -0.008 0.0 0.0 
   6.721   -0.009 0.0 0.0 
   6.750   -0.010 0.0 0.0 
   6.781   -0.011 0.0 0.0 
   6.810   -0.011 0.0 0.0 
   6.844   -0.012 0.0 0.0 
   6.873   -0.013 0.0 0.0 
   6.901   -0.014 0.0 0.0 
   6.931   -0.014 0.0 0.0 
   6.961   -0.015 0.0 0.0 
   6.992   -0.015 0.0 0.0 
   7.025   -0.016 0.0 0.0 
   7.052   -0.016 0.0 0.0 
   7.082   -0.017 0.0 0.0 
   7.112   -0.017 0.0 0.0 
   7.143   -0.017 0.0 0.0 
   7.172   -0.018 0.0 0.0 
   7.203   -0.018 0.0 0.0 
   7.237   -0.018 0.0 0.0 
   7.262   -0.019 0.0 0.0 
   7.293   -0.019 0.0 0.0 
   7.323   -0.019 0.0 0.0 
   7.356   -0.019 0.0 0.0 
   7.385   -0.019 0.0 0.0 
   7.413   -0.019 0.0 0.0 
   7.443   -0.019 0.0 0.0 
   7.473   -0.019 0.0 0.0 
   7.503   -0.018 0.0 0.0 
   7.533   -0.018 0.0 0.0 
   7.565   -0.017 0.0 0.0 
   7.597   -0.017 0.0 0.0 
   7.624   -0.016 0.0 0.0 
   7.658   -0.015 0.0 0.0 
   7.684   -0.014 0.0 0.0 
   7.715   -0.014 0.0 0.0 
   7.744   -0.014 0.0 0.0 
   7.778   -0.013 0.0 0.0 
   7.805   -0.012 0.0 0.0 
   7.834   -0.012 0.0 0.0 
   7.865   -0.011 0.0 0.0 
   7.895   -0.010 0.0 0.0 
   7.924   -0.009 0.0 0.0 
   7.956   -0.008 0.0 0.0 
   7.984   -0.007 0.0 0.0 
   8.015   -0.006 0.0 0.0 
   8.046   -0.004 0.0 0.0 
   8.078   -0.003 0.0 0.0 
   8.106   -0.002 0.0 0.0 
   8.136   -0.001 0.0 0.0 
   8.165   -0.000 0.0 0.0 
   8.196    0.000 0.0 0.0 
   8.226    0.001 0.0 0.0 
   8.256    0.002 0.0 0.0 
   8.285    0.003 0.0 0.0 
   8.317    0.003 0.0 0.0 
   8.345    0.005 0.0 0.0 
   8.376    0.006 0.0 0.0 
   8.406    0.007 0.0 0.0 
   8.436    0.008 0.0 0.0 
   8.466    0.010 0.0 0.0 
   8.497    0.011 0.0 0.0 
   8.526    0.012 0.0 0.0 
   8.557    0.014 0.0 0.0 
   8.586    0.015 0.0 0.0 
   8.616    0.016 0.0 0.0 
   8.649    0.017 0.0 0.0 
   8.677    0.018 0.0 0.0 
   8.707    0.018 0.0 0.0 
   8.739    0.018 0.0 0.0 
   8.769    0.019 0.0 0.0 
   8.797    0.019 0.0 0.0 
   8.830    0.019 0.0 0.0 
   8.860    0.020 0.0 0.0 
   8.891    0.020 0.0 0.0 
   8.922    0.020 0.0 0.0 
   8.948    0.021 0.0 0.0 
   8.978    0.021 0.0 0.0 
   9.009    0.022 0.0 0.0 
   9.039    0.022 0.0 0.0 
   9.070    0.022 0.0 0.0 
   9.101    0.022 0.0 0.0 
   9.130    0.022 0.0 0.0 
   9.160    0.022 0.0 0.0 
   9.192    0.022 0.0 0.0 
   9.223    0.022 0.0 0.0 
   9.253    0.022 0.0 0.0 
   9.280    0.022 0.0 0.0 
   9.310    0.022 0.0 0.0 
   9.342    0.022 0.0 0.0 
   9.372    0.022 0.0 0.0 
   9.403    0.021 0.0 0.0 
   9.433    0.021 0.0 0.0 
   9.463    0.020 0.0 0.0 
   9.494    0.020 0.0 0.0 
   9.522    0.019 0.0 0.0 
   9.552    0.019 0.0 0.0 
   9.583    0.018 0.0 0.0 
   9.613    0.017 0.0 0.0 
   9.644    0.017 0.0 0.0 
   9.672    0.016 0.0 0.0 
   9.704    0.015 0.0 0.0 
   9.733    0.015 0.0 0.0 
   9.763    0.014 0.0 0.0 
   9.794    0.013 0.0 0.0 
   9.825    0.012 0.0 0.0 
   9.852    0.011 0.0 0.0 
   9.883    0.010 0.0 0.0 
   9.915    0.009 0.0 0.0 
   9.943    0.008 0.0 0.0 
   9.973    0.007 0.0 0.0 
  10.003    0.006 0.0 0.0 
  10.033    0.005 0.0 0.0 
  10.065    0.004 0.0 0.0 
  10.094    0.003 0.0 0.0 
  10.124    0.002 0.0 0.0 
  10.155    0.001 0.0 0.0 
  10.185   -0.000 0.0 0.0 
  10.215   -0.002 0.0 0.0 
  10.245   -0.003 0.0 0.0 
  10.275   -0.004 0.0 0.0 
  10.305   -0.005 0.0 0.0 
  10.335   -0.006 0.0 0.0 
  10.366   -0.008 0.0 0.0 
  10.395   -0.009 0.0 0.0 
  10.426   -0.010 0.0 0.0 
  10.458   -0.011 0.0 0.0 
  10.486   -0.012 0.0 0.0 
  10.516   -0.013 0.0 0.0 
  10.546   -0.014 0.0 0.0 
  10.578   -0.015 0.0 0.0 
  10.607   -0.016 0.0 0.0 
  10.637   -0.018 0.0 0.0 
  10.666   -0.019 0.0 0.0 
  10.696   -0.020 0.0 0.0 
  10.725   -0.021 0.0 0.0 
  10.757   -0.021 0.0 0.0 
  10.789   -0.022 0.0 0.0 
  10.818   -0.023 0.0 0.0 
  10.847   -0.023 0.0 0.0 
  10.881   -0.024 0.0 0.0 
  10.911   -0.024 0.0 0.0 
  10.938   -0.024 0.0 0.0 
  10.967   -0.024 0.0 0.0 
  10.998   -0.024 0.0 0.0 
  11.029   -0.024 0.0 0.0 
  11.058   -0.024 0.0 0.0 
  11.088   -0.024 0.0 0.0 
  11.121   -0.024 0.0 0.0 
  11.151   -0.024 0.0 0.0 
  11.177   -0.024 0.0 0.0 
  11.208   -0.024 0.0 0.0 
  11.237   -0.024 0.0 0.0 
  11.336   -0.024 0.0 0.0 
  11.367   -0.023 0.0 0.0 
  11.388   -0.023 0.0 0.0 
  11.414   -0.022 0.0 0.0 
  11.444   -0.022 0.0 0.0 
  11.474   -0.022 0.0 0.0 
  11.504   -0.021 0.0 0.0 
  11.536   -0.020 0.0 0.0 
  11.565   -0.020 0.0 0.0 
  11.595   -0.019 0.0 0.0 
  11.625   -0.018 0.0 0.0 
  11.655   -0.018 0.0 0.0 
  11.686   -0.017 0.0 0.0 
  11.716   -0.016 0.0 0.0 
  11.745   -0.015 0.0 0.0 
  11.775   -0.014 0.0 0.0 
  11.806   -0.013 0.0 0.0 
  11.836   -0.012 0.0 0.0 
  11.867   -0.011 0.0 0.0 
  11.896   -0.010 0.0 0.0 
  11.926   -0.009 0.0 0.0 
  11.957   -0.008 0.0 0.0 
  11.989   -0.007 0.0 0.0 
  12.016   -0.006 0.0 0.0 
  12.050   -0.005 0.0 0.0 
  12.080   -0.003 0.0 0.0 
  12.106   -0.002 0.0 0.0 
  12.136   -0.001 0.0 0.0 
  12.166    0.001 0.0 0.0 
  12.196    0.002 0.0 0.0 
  12.226    0.003 0.0 0.0 
  12.258    0.005 0.0 0.0 
  12.286    0.006 0.0 0.0 
  12.316    0.007 0.0 0.0 
  12.347    0.008 0.0 0.0 
  12.379    0.009 0.0 0.0 
  12.408    0.010 0.0 0.0 
  12.441    0.011 0.0 0.0 
  12.467    0.012 0.0 0.0 
  12.501    0.013 0.0 0.0 
  12.530    0.014 0.0 0.0 
  12.561    0.015 0.0 0.0 
  12.589    0.016 0.0 0.0 
  12.622    0.017 0.0 0.0 
  12.649    0.019 0.0 0.0 
  12.679    0.020 0.0 0.0 
  12.709    0.021 0.0 0.0 
  12.739    0.023 0.0 0.0 
  12.769    0.024 0.0 0.0 
  12.799    0.025 0.0 0.0 
  12.830    0.025 0.0 0.0 
  12.859    0.026 0.0 0.0 
  12.891    0.026 0.0 0.0 
  12.921    0.026 0.0 0.0 
  12.951    0.027 0.0 0.0 
  12.981    0.027 0.0 0.0 
  13.011    0.027 0.0 0.0 
  13.114    0.027 0.0 0.0 
  13.147    0.027 0.0 0.0 
  13.167    0.028 0.0 0.0 
  13.195    0.028 0.0 0.0 
  13.227    0.028 0.0 0.0 
  13.255    0.028 0.0 0.0 
  13.285    0.027 0.0 0.0 
  13.315    0.027 0.0 0.0 
  13.345    0.027 0.0 0.0 
  13.374    0.027 0.0 0.0 
  13.407    0.027 0.0 0.0 
  13.435    0.026 0.0 0.0 
  13.466    0.026 0.0 0.0 
  13.496    0.026 0.0 0.0 
  13.526    0.025 0.0 0.0 
  13.555    0.025 0.0 0.0 
  13.587    0.024 0.0 0.0 
  13.616    0.023 0.0 0.0 
  13.646    0.022 0.0 0.0 
  13.676    0.021 0.0 0.0 
  13.706    0.020 0.0 0.0 
  13.736    0.018 0.0 0.0 
  13.767    0.017 0.0 0.0 
  13.871    0.016 0.0 0.0 
  13.899    0.015 0.0 0.0 
  13.920    0.014 0.0 0.0 
  13.948    0.013 0.0 0.0 
  13.980    0.012 0.0 0.0 
  14.011    0.011 0.0 0.0 
  14.039    0.010 0.0 0.0 
  14.069    0.009 0.0 0.0 
  14.171    0.007 0.0 0.0 
  14.203    0.006 0.0 0.0 
  14.224    0.005 0.0 0.0 
  14.250    0.004 0.0 0.0 
  14.280    0.002 0.0 0.0 
  14.311    0.001 0.0 0.0 
  14.342   -0.000 0.0 0.0 
  14.372   -0.002 0.0 0.0 
  14.401   -0.003 0.0 0.0 
  14.432   -0.004 0.0 0.0 
  14.460   -0.006 0.0 0.0 
  14.492   -0.007 0.0 0.0 
  14.521   -0.009 0.0 0.0 
  14.551   -0.010 0.0 0.0 
  14.581   -0.012 0.0 0.0 
  14.611   -0.013 0.0 0.0 
  14.642   -0.015 0.0 0.0 
  14.672   -0.016 0.0 0.0 
  14.702   -0.018 0.0 0.0 
  14.732   -0.019 0.0 0.0 
  14.763   -0.020 0.0 0.0 
  14.792   -0.022 0.0 0.0 
  14.826   -0.023 0.0 0.0 
  14.852   -0.024 0.0 0.0 
  14.882   -0.025 0.0 0.0 
  14.913   -0.026 0.0 0.0 
  14.944   -0.026 0.0 0.0 
  14.974   -0.027 0.0 0.0 
  15.003   -0.028 0.0 0.0 
  15.033   -0.028 0.0 0.0 
  15.064   -0.029 0.0 0.0 
  15.094   -0.030 0.0 0.0 
  15.124   -0.030 0.0 0.0 
  15.154   -0.030 0.0 0.0 
  15.184   -0.031 0.0 0.0 
  15.213   -0.031 0.0 0.0 
  15.245   -0.031 0.0 0.0 
  15.274   -0.031 0.0 0.0 
  15.306   -0.031 0.0 0.0 
  15.335   -0.031 0.0 0.0 
  15.364   -0.031 0.0 0.0 
  15.394   -0.031 0.0 0.0 
  15.425   -0.031 0.0 0.0 
  15.455   -0.030 0.0 0.0 
  15.485   -0.030 0.0 0.0 
  15.515   -0.029 0.0 0.0 
  15.545   -0.029 0.0 0.0 
  15.580   -0.028 0.0 0.0 
  15.607   -0.027 0.0 0.0 
  15.635   -0.026 0.0 0.0 
  15.665   -0.025 0.0 0.0 
  15.699   -0.024 0.0 0.0 
  15.725   -0.022 0.0 0.0 
  15.755   -0.021 0.0 0.0 
  15.786   -0.020 0.0 0.0 
  15.815   -0.018 0.0 0.0 
  15.847   -0.017 0.0 0.0 
  15.876   -0.016 0.0 0.0 
  15.907   -0.014 0.0 0.0 
  15.940   -0.013 0.0 0.0 
  15.967   -0.012 0.0 0.0 
  15.999   -0.011 0.0 0.0 
  16.030   -0.010 0.0 0.0 
  16.056   -0.009 0.0 0.0 
  16.086   -0.007 0.0 0.0 
  16.116   -0.006 0.0 0.0 
  16.147   -0.004 0.0 0.0 
  16.176   -0.002 0.0 0.0 
  16.207    0.001 0.0 0.0 
  16.238    0.004 0.0 0.0 
  16.267    0.007 0.0 0.0 
  16.299    0.010 0.0 0.0 
  16.327    0.013 0.0 0.0 
  16.358    0.016 0.0 0.0 
  16.388    0.019 0.0 0.0 
  16.419    0.021 0.0 0.0 
  16.448    0.024 0.0 0.0 
  16.478    0.026 0.0 0.0 
  16.511    0.027 0.0 0.0 
  16.539    0.028 0.0 0.0 
  16.571    0.028 0.0 0.0 
  16.601    0.029 0.0 0.0 
  16.629    0.029 0.0 0.0 
  16.660    0.030 0.0 0.0 
  16.689    0.031 0.0 0.0 
  16.718    0.032 0.0 0.0 
  16.749    0.032 0.0 0.0 
  16.779    0.032 0.0 0.0 
  16.809    0.033 0.0 0.0 
  16.839    0.033 0.0 0.0 
  16.870    0.034 0.0 0.0 
  16.901    0.034 0.0 0.0 
  16.934    0.035 0.0 0.0 
  16.960    0.035 0.0 0.0 
  16.990    0.035 0.0 0.0 
  17.020    0.036 0.0 0.0 
  17.050    0.036 0.0 0.0 
  17.081    0.036 0.0 0.0 
  17.110    0.036 0.0 0.0 
  17.141    0.036 0.0 0.0 
  17.171    0.036 0.0 0.0 
  17.200    0.036 0.0 0.0 
  17.231    0.035 0.0 0.0 
  17.261    0.035 0.0 0.0 
  17.293    0.034 0.0 0.0 
  17.321    0.033 0.0 0.0 
  17.353    0.033 0.0 0.0 
  17.383    0.032 0.0 0.0 
  17.412    0.031 0.0 0.0 
  17.442    0.030 0.0 0.0 
  17.474    0.029 0.0 0.0 
  17.503    0.028 0.0 0.0 
  17.534    0.027 0.0 0.0 
  17.563    0.026 0.0 0.0 
  17.595    0.025 0.0 0.0 
  17.625    0.024 0.0 0.0 
  17.654    0.022 0.0 0.0 
  17.686    0.021 0.0 0.0 
  17.716    0.020 0.0 0.0 
  17.743    0.018 0.0 0.0 
  17.775    0.017 0.0 0.0 
  17.803    0.016 0.0 0.0 
  17.833    0.013 0.0 0.0 
  17.863    0.012 0.0 0.0 
  17.893    0.009 0.0 0.0 
  17.924    0.007 0.0 0.0 
  17.954    0.005 0.0 0.0 
  17.984    0.002 0.0 0.0 
  18.016    0.000 0.0 0.0 
  18.047   -0.002 0.0 0.0 
  18.077   -0.005 0.0 0.0 
  18.104   -0.007 0.0 0.0 
  18.138   -0.009 0.0 0.0 
  18.168   -0.010 0.0 0.0 
  18.195   -0.012 0.0 0.0 
  18.225   -0.013 0.0 0.0 
  18.257   -0.014 0.0 0.0 
  18.285   -0.015 0.0 0.0 
  18.314   -0.016 0.0 0.0 
  18.349   -0.017 0.0 0.0 
  18.377   -0.018 0.0 0.0 
  18.408   -0.019 0.0 0.0 
  18.437   -0.021 0.0 0.0 
  18.469   -0.022 0.0 0.0 
  18.496   -0.023 0.0 0.0 
  18.525   -0.024 0.0 0.0 
  18.557   -0.025 0.0 0.0 
  18.587   -0.026 0.0 0.0 
  18.616   -0.028 0.0 0.0 
  18.647   -0.029 0.0 0.0 
  18.676   -0.030 0.0 0.0 
  18.706   -0.031 0.0 0.0 
  18.736   -0.032 0.0 0.0 
  18.766   -0.033 0.0 0.0 
  18.797   -0.034 0.0 0.0 
  18.827   -0.036 0.0 0.0 
  18.861   -0.036 0.0 0.0 
  18.887   -0.037 0.0 0.0 
  18.917   -0.037 0.0 0.0 
  18.947   -0.038 0.0 0.0 
  18.978   -0.038 0.0 0.0 
  19.008   -0.039 0.0 0.0 
  19.041   -0.039 0.0 0.0 
  19.068   -0.039 0.0 0.0 
  19.098   -0.039 0.0 0.0 
  19.127   -0.039 0.0 0.0 
  19.157   -0.039 0.0 0.0 
  19.189   -0.039 0.0 0.0 
  19.219   -0.039 0.0 0.0 
  19.248   -0.039 0.0 0.0 
  19.278   -0.038 0.0 0.0 
  19.309   -0.038 0.0 0.0 
  19.339   -0.038 0.0 0.0 
  19.368   -0.037 0.0 0.0 
  19.399   -0.036 0.0 0.0 
  19.428   -0.035 0.0 0.0 
  19.459   -0.034 0.0 0.0 
  19.489   -0.032 0.0 0.0 
  19.519   -0.031 0.0 0.0 
  19.550   -0.030 0.0 0.0 
  19.649   -0.029 0.0 0.0 
  19.679   -0.028 0.0 0.0 
  19.698   -0.026 0.0 0.0 
  19.727   -0.024 0.0 0.0 
  19.761   -0.022 0.0 0.0 
  19.792   -0.021 0.0 0.0 
  19.818   -0.019 0.0 0.0 
  19.847   -0.018 0.0 0.0 
  19.878   -0.016 0.0 0.0 
  19.907   -0.014 0.0 0.0 
  19.938   -0.012 0.0 0.0 
  19.967   -0.011 0.0 0.0 
  19.999   -0.009 0.0 0.0 
  20.028   -0.008 0.0 0.0 
  20.059   -0.006 0.0 0.0 
  20.089   -0.004 0.0 0.0 
  20.117   -0.002 0.0 0.0 
  20.148   -0.001 0.0 0.0 
  20.178    0.001 0.0 0.0 
  20.209    0.003 0.0 0.0 
  20.239    0.005 0.0 0.0 
  20.268    0.007 0.0 0.0 
  20.316    0.009 0.0 0.0 
  20.348    0.012 0.0 0.0 
  20.380    0.014 0.0 0.0 
  20.418    0.016 0.0 0.0 
  20.437    0.018 0.0 0.0 
  20.465    0.021 0.0 0.0 
  20.495    0.023 0.0 0.0 
  20.527    0.025 0.0 0.0 
  20.556    0.027 0.0 0.0 
  20.586    0.028 0.0 0.0 
  20.616    0.029 0.0 0.0 
  20.650    0.030 0.0 0.0 
  20.676    0.031 0.0 0.0 
  20.707    0.032 0.0 0.0 
  20.736    0.032 0.0 0.0 
  20.772    0.033 0.0 0.0 
  20.798    0.033 0.0 0.0 
  20.828    0.033 0.0 0.0 
  20.858    0.034 0.0 0.0 
  20.889    0.034 0.0 0.0 
  20.994    0.035 0.0 0.0 
  21.028    0.035 0.0 0.0 
  21.049    0.036 0.0 0.0 
  21.078    0.036 0.0 0.0 
  21.105    0.036 0.0 0.0 
  21.138    0.037 0.0 0.0 
  21.169    0.037 0.0 0.0 
  21.199    0.037 0.0 0.0 
  21.226    0.037 0.0 0.0 
  21.257    0.036 0.0 0.0 
  21.289    0.036 0.0 0.0 
  21.318    0.036 0.0 0.0 
  21.350    0.035 0.0 0.0 
  21.384    0.034 0.0 0.0 
  21.410    0.033 0.0 0.0 
  21.443    0.032 0.0 0.0 
  21.471    0.031 0.0 0.0 
  21.501    0.030 0.0 0.0 
  21.531    0.029 0.0 0.0 
  21.562    0.028 0.0 0.0 
  21.592    0.027 0.0 0.0 
  21.622    0.025 0.0 0.0 
  21.656    0.023 0.0 0.0 
  21.682    0.021 0.0 0.0 
  21.712    0.020 0.0 0.0 
  21.743    0.018 0.0 0.0 
  21.777    0.016 0.0 0.0 
  21.803    0.014 0.0 0.0 
  21.837    0.012 0.0 0.0 
  21.864    0.010 0.0 0.0 
  21.894    0.008 0.0 0.0 
  21.924    0.006 0.0 0.0 
  21.954    0.004 0.0 0.0 
  21.988    0.002 0.0 0.0 
  22.019   -0.001 0.0 0.0 
  22.045   -0.003 0.0 0.0 
  22.076   -0.005 0.0 0.0 
  22.106   -0.007 0.0 0.0 
  22.136   -0.010 0.0 0.0 
  22.170   -0.012 0.0 0.0 
  22.196   -0.015 0.0 0.0 
  22.227   -0.018 0.0 0.0 
  22.258   -0.020 0.0 0.0 
  22.287   -0.023 0.0 0.0 
  22.321   -0.025 0.0 0.0 
  22.348   -0.027 0.0 0.0 
  22.378   -0.030 0.0 0.0 
  22.409   -0.032 0.0 0.0 
  22.438   -0.034 0.0 0.0 
  22.470   -0.035 0.0 0.0 
  22.499   -0.036 0.0 0.0 
  22.529   -0.037 0.0 0.0 
  22.559   -0.038 0.0 0.0 
  22.589   -0.040 0.0 0.0 
  22.620   -0.041 0.0 0.0 
  22.653   -0.042 0.0 0.0 
  22.681   -0.043 0.0 0.0 
  22.714   -0.044 0.0 0.0 
  22.741   -0.045 0.0 0.0 
  22.775   -0.046 0.0 0.0 
  22.801   -0.046 0.0 0.0 
  22.831   -0.047 0.0 0.0 
  22.866   -0.047 0.0 0.0 
  22.892   -0.047 0.0 0.0 
  22.922   -0.047 0.0 0.0 
  22.957   -0.047 0.0 0.0 
  22.987   -0.047 0.0 0.0 
  23.014   -0.047 0.0 0.0 
  23.044   -0.047 0.0 0.0 
  23.074   -0.046 0.0 0.0 
  23.109   -0.046 0.0 0.0 
  23.134   -0.045 0.0 0.0 
  23.164   -0.044 0.0 0.0 
  23.194   -0.043 0.0 0.0 
  23.228   -0.042 0.0 0.0 
  23.255   -0.041 0.0 0.0 
  23.285   -0.039 0.0 0.0 
  23.320   -0.038 0.0 0.0 
  23.346   -0.035 0.0 0.0 
  23.376   -0.033 0.0 0.0 
  23.406   -0.031 0.0 0.0 
  23.437   -0.029 0.0 0.0 
  23.467   -0.027 0.0 0.0 
  23.497   -0.024 0.0 0.0 
  23.527   -0.022 0.0 0.0 
  23.561   -0.019 0.0 0.0 
  23.588   -0.017 0.0 0.0 
  23.618   -0.015 0.0 0.0 
  23.648   -0.014 0.0 0.0 
  23.679   -0.012 0.0 0.0 
  23.709   -0.010 0.0 0.0 
  23.739   -0.009 0.0 0.0 
  23.769   -0.007 0.0 0.0 
  23.803   -0.006 0.0 0.0 
  23.830   -0.004 0.0 0.0 
  23.860   -0.002 0.0 0.0 
  23.894   -0.000 0.0 0.0 
  23.920    0.003 0.0 0.0 
  23.951    0.006 0.0 0.0 
  23.985    0.009 0.0 0.0 
  24.012    0.013 0.0 0.0 
  24.041    0.016 0.0 0.0 
  24.072    0.019 0.0 0.0 
  24.105    0.022 0.0 0.0 
  24.132    0.025 0.0 0.0 
  24.163    0.027 0.0 0.0 
  24.193    0.029 0.0 0.0 
  24.223    0.030 0.0 0.0 
  24.253    0.031 0.0 0.0 
  24.286    0.033 0.0 0.0 
  24.317    0.034 0.0 0.0 
  24.344    0.035 0.0 0.0 
  24.374    0.036 0.0 0.0 
  24.404    0.037 0.0 0.0 
  24.439    0.038 0.0 0.0 
  24.468    0.038 0.0 0.0 
  24.498    0.039 0.0 0.0 
  24.528    0.040 0.0 0.0 
  24.559    0.041 0.0 0.0 
  24.586    0.042 0.0 0.0 
  24.620    0.043 0.0 0.0 
  24.646    0.043 0.0 0.0 
  24.676    0.044 0.0 0.0 
  24.710    0.044 0.0 0.0 
  24.740    0.045 0.0 0.0 
  24.770    0.045 0.0 0.0 
  24.798    0.046 0.0 0.0 
  24.831    0.046 0.0 0.0 
  24.858    0.046 0.0 0.0 
  24.888    0.046 0.0 0.0 
  24.918    0.046 0.0 0.0 
  24.949    0.046 0.0 0.0 
  24.979    0.046 0.0 0.0 
  25.009    0.046 0.0 0.0 
  25.042    0.046 0.0 0.0 
  25.069    0.045 0.0 0.0 
  25.100    0.045 0.0 0.0 
  25.130    0.044 0.0 0.0 
  25.164    0.043 0.0 0.0 
  25.190    0.042 0.0 0.0 
  25.221    0.042 0.0 0.0 
  25.255    0.041 0.0 0.0 
  25.281    0.040 0.0 0.0 
  25.312    0.039 0.0 0.0 
  25.342    0.038 0.0 0.0 
  25.376    0.037 0.0 0.0 
  25.406    0.036 0.0 0.0 
  25.433    0.034 0.0 0.0 
  25.463    0.032 0.0 0.0 
  25.493    0.030 0.0 0.0 
  25.523    0.028 0.0 0.0 
  25.553    0.026 0.0 0.0 
  25.583    0.024 0.0 0.0 
  25.618    0.022 0.0 0.0 
  25.644    0.019 0.0 0.0 
  25.675    0.017 0.0 0.0 
  25.709    0.015 0.0 0.0 
  25.735    0.013 0.0 0.0 
  25.765    0.012 0.0 0.0 
  25.795    0.010 0.0 0.0 
  25.829    0.008 0.0 0.0 
  25.860    0.006 0.0 0.0 
  25.890    0.004 0.0 0.0 
  25.916    0.000 0.0 0.0 
  25.951   -0.003 0.0 0.0 
  25.980   -0.006 0.0 0.0 
  26.007   -0.008 0.0 0.0 
  26.041   -0.011 0.0 0.0 
  26.068   -0.014 0.0 0.0 
  26.099   -0.017 0.0 0.0 
  26.128   -0.019 0.0 0.0 
  26.162   -0.021 0.0 0.0 
  26.192   -0.023 0.0 0.0 
  26.223   -0.024 0.0 0.0 
  26.253   -0.025 0.0 0.0 
  26.281   -0.027 0.0 0.0 
  26.311   -0.028 0.0 0.0 
  26.340   -0.029 0.0 0.0 
  26.370   -0.030 0.0 0.0 
  26.404   -0.031 0.0 0.0 
  26.435   -0.032 0.0 0.0 
  26.465   -0.033 0.0 0.0 
  26.494   -0.034 0.0 0.0 
  26.522   -0.035 0.0 0.0 
  26.552   -0.036 0.0 0.0 
  26.585   -0.038 0.0 0.0 
  26.613   -0.039 0.0 0.0 
  26.643   -0.040 0.0 0.0 
  26.677   -0.041 0.0 0.0 
  26.704   -0.042 0.0 0.0 
  26.734   -0.042 0.0 0.0 
  26.764   -0.043 0.0 0.0 
  26.798   -0.044 0.0 0.0 
  26.824   -0.044 0.0 0.0 
  26.858   -0.045 0.0 0.0 
  26.886   -0.045 0.0 0.0 
  26.916   -0.045 0.0 0.0 
  26.946   -0.045 0.0 0.0 
  26.976   -0.045 0.0 0.0 
  27.009   -0.045 0.0 0.0 
  27.037   -0.045 0.0 0.0 
  27.067   -0.045 0.0 0.0 
  27.101   -0.044 0.0 0.0 
  27.128   -0.043 0.0 0.0 
  27.162   -0.043 0.0 0.0 
  27.188   -0.042 0.0 0.0 
  27.218   -0.042 0.0 0.0 
  27.249   -0.041 0.0 0.0 
  27.279   -0.040 0.0 0.0 
  27.309   -0.039 0.0 0.0 
  27.340   -0.037 0.0 0.0 
  27.370   -0.036 0.0 0.0 
  27.400   -0.034 0.0 0.0 
  27.430   -0.032 0.0 0.0 
  27.461   -0.031 0.0 0.0 
  27.490   -0.029 0.0 0.0 
  27.524   -0.027 0.0 0.0 
  27.554   -0.025 0.0 0.0 
  27.582   -0.023 0.0 0.0 
  27.612   -0.022 0.0 0.0 
  27.642   -0.020 0.0 0.0 
  27.672   -0.019 0.0 0.0 
  27.702   -0.018 0.0 0.0 
  27.737   -0.016 0.0 0.0 
  27.767   -0.014 0.0 0.0 
  27.793   -0.012 0.0 0.0 
  27.827   -0.010 0.0 0.0 
  27.854   -0.008 0.0 0.0 
  27.885   -0.006 0.0 0.0 
  27.914   -0.004 0.0 0.0 
  28.015   -0.001 0.0 0.0 
  28.049    0.001 0.0 0.0 
  28.070    0.004 0.0 0.0 
  28.097    0.006 0.0 0.0 
  28.127    0.008 0.0 0.0 
  28.158    0.010 0.0 0.0 
  28.192    0.013 0.0 0.0 
  28.219    0.014 0.0 0.0 
  28.249    0.016 0.0 0.0 
  28.279    0.019 0.0 0.0 
  28.313    0.021 0.0 0.0 
  28.339    0.022 0.0 0.0 
  28.373    0.024 0.0 0.0 
  28.400    0.025 0.0 0.0 
  28.430    0.027 0.0 0.0 
  28.464    0.028 0.0 0.0 
  28.494    0.030 0.0 0.0 
  28.521    0.031 0.0 0.0 
  28.555    0.033 0.0 0.0 
  28.583    0.035 0.0 0.0 
  28.615    0.036 0.0 0.0 
  28.642    0.037 0.0 0.0 
  28.672    0.038 0.0 0.0 
  28.706    0.039 0.0 0.0 
  28.733    0.040 0.0 0.0 
  28.766    0.041 0.0 0.0 
  28.793    0.042 0.0 0.0 
  28.824    0.043 0.0 0.0 
  28.854    0.044 0.0 0.0 
  28.889    0.044 0.0 0.0 
  28.916    0.044 0.0 0.0 
  28.946    0.045 0.0 0.0 
  28.976    0.045 0.0 0.0 
  29.010    0.045 0.0 0.0 
  29.041    0.045 0.0 0.0 
  29.067    0.046 0.0 0.0 
  29.098    0.046 0.0 0.0 
  29.131    0.045 0.0 0.0 
  29.162    0.045 0.0 0.0 
  29.188    0.045 0.0 0.0 
  29.219    0.044 0.0 0.0 
  29.249    0.043 0.0 0.0 
  29.283    0.041 0.0 0.0 
  29.310    0.040 0.0 0.0 
  29.340    0.038 0.0 0.0 
  29.370    0.037 0.0 0.0 
  29.400    0.035 0.0 0.0 
  29.434    0.033 0.0 0.0 
  29.461    0.031 0.0 0.0 
  29.495    0.029 0.0 0.0 
  29.525    0.028 0.0 0.0 
  29.552    0.027 0.0 0.0 
  29.586    0.025 0.0 0.0 
  29.612    0.024 0.0 0.0 
  29.647    0.023 0.0 0.0 
  29.676    0.022 0.0 0.0 
  29.704    0.021 0.0 0.0 
  29.733    0.019 0.0 0.0 
  29.764    0.018 0.0 0.0 
  29.794    0.017 0.0 0.0 
  29.828    0.015 0.0 0.0 
  29.858    0.014 0.0 0.0 
  29.884    0.013 0.0 0.0 
  29.917    0.010 0.0 0.0 
  29.945    0.008 0.0 0.0 
  29.979    0.006 0.0 0.0 
  30.005    0.003 0.0 0.0 
  30.035    0.001 0.0 0.0 
  30.066   -0.001 0.0 0.0 
  30.096   -0.003 0.0 0.0 
  30.130   -0.006 0.0 0.0 
  30.157   -0.008 0.0 0.0 
  30.187   -0.010 0.0 0.0 
  30.220   -0.013 0.0 0.0 
  30.251   -0.015 0.0 0.0 
  30.278   -0.017 0.0 0.0 
  30.308   -0.019 0.0 0.0 
  30.338   -0.021 0.0 0.0 
  30.369   -0.023 0.0 0.0 
  30.398   -0.025 0.0 0.0 
  30.432   -0.028 0.0 0.0 
  30.462   -0.030 0.0 0.0 
  30.489   -0.032 0.0 0.0 
  30.519   -0.033 0.0 0.0 
  30.550   -0.034 0.0 0.0 
  30.584   -0.035 0.0 0.0 
  30.611   -0.036 0.0 0.0 
  30.643   -0.038 0.0 0.0 
  30.671   -0.039 0.0 0.0 
  30.704   -0.040 0.0 0.0 
  30.735   -0.041 0.0 0.0 
  30.765   -0.042 0.0 0.0 
  30.791   -0.042 0.0 0.0 
  30.825   -0.043 0.0 0.0 
  30.852   -0.044 0.0 0.0 
  30.885   -0.045 0.0 0.0 
  30.913   -0.045 0.0 0.0 
  30.946   -0.045 0.0 0.0 
  30.972   -0.045 0.0 0.0 
  31.002   -0.045 0.0 0.0 
  31.033   -0.045 0.0 0.0 
  31.064   -0.045 0.0 0.0 
  31.097   -0.045 0.0 0.0 
  31.124   -0.044 0.0 0.0 
  31.154   -0.044 0.0 0.0 
  31.188   -0.043 0.0 0.0 
  31.218   -0.042 0.0 0.0 
  31.248   -0.042 0.0 0.0 
  31.274   -0.041 0.0 0.0 
  31.308   -0.040 0.0 0.0 
  31.335   -0.039 0.0 0.0 
  31.369   -0.038 0.0 0.0 
  31.395   -0.037 0.0 0.0 
  31.427   -0.035 0.0 0.0 
  31.459   -0.034 0.0 0.0 
  31.486   -0.033 0.0 0.0 
  31.517   -0.031 0.0 0.0 
  31.550   -0.030 0.0 0.0 
  31.577   -0.028 0.0 0.0 
  31.607   -0.027 0.0 0.0 
  31.642   -0.025 0.0 0.0 
  31.669   -0.022 0.0 0.0 
  31.698   -0.020 0.0 0.0 
  31.729   -0.018 0.0 0.0 
  31.763   -0.016 0.0 0.0 
  31.789   -0.014 0.0 0.0 
  31.820   -0.012 0.0 0.0 
  31.850   -0.010 0.0 0.0 
  31.884   -0.008 0.0 0.0 
  31.914   -0.006 0.0 0.0 
  31.942   -0.004 0.0 0.0 
  31.975   -0.003 0.0 0.0 
  32.001   -0.001 0.0 0.0 
  32.035    0.001 0.0 0.0 
  32.066    0.003 0.0 0.0 
  32.093    0.005 0.0 0.0 
  32.126    0.008 0.0 0.0 
  32.153    0.010 0.0 0.0 
  32.183    0.012 0.0 0.0 
  32.213    0.014 0.0 0.0 
  32.247    0.017 0.0 0.0 
  32.277    0.019 0.0 0.0 
  32.307    0.021 0.0 0.0 
  32.334    0.023 0.0 0.0 
  32.367    0.025 0.0 0.0 
  32.398    0.026 0.0 0.0 
  32.426    0.028 0.0 0.0 
  32.455    0.030 0.0 0.0 
  32.485    0.032 0.0 0.0 
  32.515    0.033 0.0 0.0 
  32.549    0.034 0.0 0.0 
  32.577    0.036 0.0 0.0 
  32.607    0.037 0.0 0.0 
  32.637    0.038 0.0 0.0 
  32.668    0.039 0.0 0.0 
  32.701    0.040 0.0 0.0 
  32.728    0.041 0.0 0.0 
  32.761    0.042 0.0 0.0 
  32.792    0.042 0.0 0.0 
  32.819    0.043 0.0 0.0 
  32.853    0.044 0.0 0.0 
  32.879    0.044 0.0 0.0 
  32.909    0.045 0.0 0.0 
  32.943    0.045 0.0 0.0 
  32.970    0.045 0.0 0.0 
  33.000    0.045 0.0 0.0 
  33.030    0.045 0.0 0.0 
  33.065    0.045 0.0 0.0 
  33.094    0.045 0.0 0.0 
  33.125    0.044 0.0 0.0 
  33.151    0.044 0.0 0.0 
  33.185    0.043 0.0 0.0 
  33.212    0.043 0.0 0.0 
  33.242    0.042 0.0 0.0 
  33.276    0.041 0.0 0.0 
  33.303    0.040 0.0 0.0 
  33.333    0.040 0.0 0.0 
  33.363    0.039 0.0 0.0 
  33.395    0.038 0.0 0.0 
  33.428    0.037 0.0 0.0 
  33.455    0.035 0.0 0.0 
  33.488    0.034 0.0 0.0 
  33.515    0.032 0.0 0.0 
  33.546    0.030 0.0 0.0 
  33.575    0.028 0.0 0.0 
  33.606    0.027 0.0 0.0 
  33.640    0.024 0.0 0.0 
  33.670    0.021 0.0 0.0 
  33.696    0.019 0.0 0.0 
  33.727    0.017 0.0 0.0 
  33.760    0.015 0.0 0.0 
  33.792    0.013 0.0 0.0 
  33.818    0.011 0.0 0.0 
  33.848    0.009 0.0 0.0 
  33.879    0.007 0.0 0.0 
  33.912    0.006 0.0 0.0 
  33.943    0.004 0.0 0.0 
  33.969    0.002 0.0 0.0 
  34.003    0.001 0.0 0.0 
  34.033   -0.001 0.0 0.0 
  34.060   -0.003 0.0 0.0 
  34.091   -0.005 0.0 0.0 
  34.121   -0.007 0.0 0.0 
  34.151   -0.009 0.0 0.0 
  34.182   -0.011 0.0 0.0 
  34.211   -0.013 0.0 0.0 
  34.241   -0.016 0.0 0.0 
  34.271   -0.017 0.0 0.0 
  34.301   -0.019 0.0 0.0 
  34.335   -0.020 0.0 0.0 
  34.363   -0.022 0.0 0.0 
  34.396   -0.023 0.0 0.0 
  34.426   -0.025 0.0 0.0 
  34.453   -0.026 0.0 0.0 
  34.487   -0.028 0.0 0.0 
  34.518   -0.029 0.0 0.0 
  34.548   -0.030 0.0 0.0 
  34.578   -0.032 0.0 0.0 
  34.604   -0.034 0.0 0.0 
  34.635   -0.035 0.0 0.0 
  34.665   -0.037 0.0 0.0 
  34.696   -0.038 0.0 0.0 
  34.726   -0.039 0.0 0.0 
  34.755   -0.040 0.0 0.0 
  34.789   -0.041 0.0 0.0 
  34.821   -0.042 0.0 0.0 
  34.850   -0.042 0.0 0.0 
  34.880   -0.043 0.0 0.0 
  34.911   -0.043 0.0 0.0 
  34.937   -0.043 0.0 0.0 
  34.969   -0.043 0.0 0.0 
  35.001   -0.043 0.0 0.0 
  35.029   -0.043 0.0 0.0 
  35.058   -0.043 0.0 0.0 
  35.092   -0.043 0.0 0.0 
  35.123   -0.043 0.0 0.0 
  35.150   -0.043 0.0 0.0 
  35.179   -0.043 0.0 0.0 
  35.209   -0.042 0.0 0.0 
  35.242   -0.041 0.0 0.0 
  35.271   -0.040 0.0 0.0 
  35.304   -0.039 0.0 0.0 
  35.333   -0.037 0.0 0.0 
  35.360   -0.035 0.0 0.0 
  35.391   -0.033 0.0 0.0 
  35.423   -0.031 0.0 0.0 
  35.456   -0.029 0.0 0.0 
  35.485   -0.027 0.0 0.0 
  35.515   -0.026 0.0 0.0 
  35.546   -0.024 0.0 0.0 
  35.576   -0.022 0.0 0.0 
  35.604   -0.021 0.0 0.0 
  35.633   -0.020 0.0 0.0 
  35.663   -0.019 0.0 0.0 
  35.697   -0.018 0.0 0.0 
  35.724   -0.016 0.0 0.0 
  35.754   -0.014 0.0 0.0 
  35.784   -0.012 0.0 0.0 
  35.814   -0.010 0.0 0.0 
  35.845   -0.008 0.0 0.0 
  35.874   -0.006 0.0 0.0 
  35.908   -0.005 0.0 0.0 
  35.939   -0.003 0.0 0.0 
  35.969   -0.001 0.0 0.0 
  35.999    0.001 0.0 0.0 
  36.029    0.002 0.0 0.0 
  36.056    0.004 0.0 0.0 
  36.090    0.006 0.0 0.0 
  36.121    0.008 0.0 0.0 
  36.147    0.010 0.0 0.0 
  36.180    0.012 0.0 0.0 
  36.207    0.014 0.0 0.0 
  36.242    0.016 0.0 0.0 
  36.268    0.017 0.0 0.0 
  36.302    0.019 0.0 0.0 
  36.328    0.021 0.0 0.0 
  36.363    0.023 0.0 0.0 
  36.389    0.024 0.0 0.0 
  36.419    0.026 0.0 0.0 
  36.450    0.027 0.0 0.0 
  36.480    0.028 0.0 0.0 
  36.513    0.030 0.0 0.0 
  36.542    0.031 0.0 0.0 
  36.573    0.033 0.0 0.0 
  36.604    0.034 0.0 0.0 
  36.631    0.035 0.0 0.0 
  36.661    0.036 0.0 0.0 
  36.691    0.037 0.0 0.0 
  36.722    0.038 0.0 0.0 
  36.752    0.039 0.0 0.0 
  36.782    0.040 0.0 0.0 
  36.812    0.040 0.0 0.0 
  36.844    0.041 0.0 0.0 
  36.873    0.042 0.0 0.0 
  36.907    0.042 0.0 0.0 
  36.933    0.043 0.0 0.0 
  36.964    0.043 0.0 0.0 
  36.993    0.044 0.0 0.0 
  37.024    0.044 0.0 0.0 
  37.056    0.044 0.0 0.0 
  37.085    0.044 0.0 0.0 
  37.120    0.044 0.0 0.0 
  37.150    0.043 0.0 0.0 
  37.176    0.043 0.0 0.0 
  37.209    0.042 0.0 0.0 
  37.240    0.042 0.0 0.0 
  37.270    0.041 0.0 0.0 
  37.300    0.040 0.0 0.0 
  37.330    0.040 0.0 0.0 
  37.361    0.039 0.0 0.0 
  37.390    0.038 0.0 0.0 
  37.418    0.036 0.0 0.0 
  37.451    0.035 0.0 0.0 
  37.482    0.034 0.0 0.0 
  37.508    0.032 0.0 0.0 
  37.542    0.031 0.0 0.0 
  37.569    0.029 0.0 0.0 
  37.599    0.027 0.0 0.0 
  37.629    0.026 0.0 0.0 
  37.660    0.024 0.0 0.0 
  37.693    0.022 0.0 0.0 
  37.723    0.021 0.0 0.0 
  37.753    0.020 0.0 0.0 
  37.784    0.018 0.0 0.0 
  37.812    0.016 0.0 0.0 
  37.845    0.014 0.0 0.0 
  37.875    0.012 0.0 0.0 
  37.903    0.010 0.0 0.0 
  37.932    0.007 0.0 0.0 
  37.961    0.005 0.0 0.0 
  37.992    0.002 0.0 0.0 
  38.026   -0.001 0.0 0.0 
  38.054   -0.004 0.0 0.0 
  38.086   -0.006 0.0 0.0 
  38.116   -0.008 0.0 0.0 
  38.144   -0.010 0.0 0.0 
  38.173   -0.013 0.0 0.0 
  38.204   -0.015 0.0 0.0 
  38.238   -0.016 0.0 0.0 
  38.264   -0.017 0.0 0.0 
  38.295   -0.019 0.0 0.0 
  38.328   -0.020 0.0 0.0 
  38.355   -0.021 0.0 0.0 
  38.387   -0.023 0.0 0.0 
  38.419   -0.024 0.0 0.0 
  38.450   -0.026 0.0 0.0 
  38.480   -0.027 0.0 0.0 
  38.506   -0.029 0.0 0.0 
  38.540   -0.031 0.0 0.0 
  38.566   -0.033 0.0 0.0 
  38.664   -0.034 0.0 0.0 
  38.690   -0.036 0.0 0.0 
  38.713   -0.037 0.0 0.0 
  38.743   -0.039 0.0 0.0 
  38.771   -0.040 0.0 0.0 
  38.801   -0.041 0.0 0.0 
  38.832   -0.042 0.0 0.0 
  38.866   -0.042 0.0 0.0 
  38.893   -0.043 0.0 0.0 
  38.927   -0.043 0.0 0.0 
  38.954   -0.043 0.0 0.0 
  38.984   -0.043 0.0 0.0 
  39.016   -0.043 0.0 0.0 
  39.045   -0.043 0.0 0.0 
  39.075   -0.043 0.0 0.0 
  39.107   -0.042 0.0 0.0 
  39.137   -0.042 0.0 0.0 
  39.167   -0.042 0.0 0.0 
  39.201   -0.041 0.0 0.0 
  39.228   -0.040 0.0 0.0 
  39.258   -0.040 0.0 0.0 
  39.288   -0.039 0.0 0.0 
  39.319   -0.038 0.0 0.0 
  39.353   -0.038 0.0 0.0 
  39.383   -0.037 0.0 0.0 
  39.409   -0.036 0.0 0.0 
  39.443   -0.035 0.0 0.0 
  39.473   -0.034 0.0 0.0 
  39.504   -0.033 0.0 0.0 
  39.531   -0.032 0.0 0.0 
  39.561   -0.031 0.0 0.0 
  39.594   -0.030 0.0 0.0 
  39.624   -0.028 0.0 0.0 
  39.654   -0.027 0.0 0.0 
  39.682   -0.025 0.0 0.0 
  39.712   -0.024 0.0 0.0 
  39.742   -0.021 0.0 0.0 
  39.775   -0.019 0.0 0.0 
  39.802   -0.016 0.0 0.0 
  39.833   -0.014 0.0 0.0 
  39.863   -0.011 0.0 0.0 
  39.895   -0.009 0.0 0.0 
  39.927   -0.006 0.0 0.0 
  39.955   -0.004 0.0 0.0 
  39.988   -0.001 0.0 0.0 
  40.015    0.001 0.0 0.0 
  40.045    0.002 0.0 0.0 
  40.075    0.004 0.0 0.0 
  40.106    0.005 0.0 0.0 
  40.136    0.006 0.0 0.0 
  40.170    0.008 0.0 0.0 
  40.199    0.009 0.0 0.0 
  40.227    0.010 0.0 0.0 
  40.260    0.012 0.0 0.0 
  40.287    0.013 0.0 0.0 
  40.321    0.015 0.0 0.0 
  40.351    0.017 0.0 0.0 
  40.378    0.019 0.0 0.0 
  40.412    0.021 0.0 0.0 
  40.443    0.023 0.0 0.0 
  40.469    0.024 0.0 0.0 
  40.499    0.026 0.0 0.0 
  40.529    0.028 0.0 0.0 
  40.559    0.030 0.0 0.0 
  40.594    0.031 0.0 0.0 
  40.624    0.033 0.0 0.0 
  40.654    0.034 0.0 0.0 
  40.681    0.034 0.0 0.0 
  40.714    0.036 0.0 0.0 
  40.742    0.037 0.0 0.0 
  40.775    0.038 0.0 0.0 
  40.801    0.038 0.0 0.0 
  40.831    0.039 0.0 0.0 
  40.862    0.040 0.0 0.0 
  40.892    0.041 0.0 0.0 
  40.923    0.041 0.0 0.0 
  40.957    0.042 0.0 0.0 
  40.984    0.042 0.0 0.0 
  41.014    0.042 0.0 0.0 
  41.047    0.042 0.0 0.0 
  41.074    0.042 0.0 0.0 
  41.104    0.042 0.0 0.0 
  41.135    0.042 0.0 0.0 
  41.168    0.042 0.0 0.0 
  41.195    0.042 0.0 0.0 
  41.230    0.041 0.0 0.0 
  41.259    0.041 0.0 0.0 
  41.286    0.040 0.0 0.0 
  41.316    0.039 0.0 0.0 
  41.350    0.038 0.0 0.0 
  41.380    0.036 0.0 0.0 
  41.407    0.034 0.0 0.0 
  41.438    0.032 0.0 0.0 
  41.468    0.030 0.0 0.0 
  41.498    0.028 0.0 0.0 
  41.528    0.026 0.0 0.0 
  41.559    0.023 0.0 0.0 
  41.593    0.021 0.0 0.0 
  41.679    0.019 0.0 0.0 
  41.712    0.017 0.0 0.0 
  41.734    0.016 0.0 0.0 
  41.759    0.015 0.0 0.0 
  41.789    0.014 0.0 0.0 
  41.820    0.012 0.0 0.0 
  41.850    0.011 0.0 0.0 
  41.881    0.010 0.0 0.0 
  41.912    0.008 0.0 0.0 
  41.947    0.006 0.0 0.0 
  41.978    0.004 0.0 0.0 
  42.007    0.002 0.0 0.0 
  42.034    0.000 0.0 0.0 
  42.064   -0.001 0.0 0.0 
  42.095   -0.003 0.0 0.0 
  42.125   -0.005 0.0 0.0 
  42.155   -0.007 0.0 0.0 
  42.187   -0.008 0.0 0.0 
  42.216   -0.010 0.0 0.0 
  42.249   -0.011 0.0 0.0 
  42.277   -0.013 0.0 0.0 
  42.311   -0.014 0.0 0.0 
  42.338   -0.015 0.0 0.0 
  42.371   -0.017 0.0 0.0 
  42.398   -0.018 0.0 0.0 
  42.431   -0.020 0.0 0.0 
  42.458   -0.021 0.0 0.0 
  42.488   -0.023 0.0 0.0 
  42.519   -0.024 0.0 0.0 
  42.549   -0.025 0.0 0.0 
  42.584   -0.027 0.0 0.0 
  42.611   -0.029 0.0 0.0 
  42.643   -0.030 0.0 0.0 
  42.670   -0.032 0.0 0.0 
  42.704   -0.034 0.0 0.0 
  42.731   -0.035 0.0 0.0 
  42.761   -0.036 0.0 0.0 
  42.795   -0.038 0.0 0.0 
  42.821   -0.039 0.0 0.0 
  42.853   -0.040 0.0 0.0 
  42.886   -0.041 0.0 0.0 
  42.912   -0.041 0.0 0.0 
  42.942   -0.042 0.0 0.0 
  42.973   -0.042 0.0 0.0 
  43.007   -0.043 0.0 0.0 
  43.033   -0.043 0.0 0.0 
  43.067   -0.043 0.0 0.0 
  43.095   -0.043 0.0 0.0 
  43.125   -0.043 0.0 0.0 
  43.155   -0.043 0.0 0.0 
  43.185   -0.042 0.0 0.0 
  43.218   -0.042 0.0 0.0 
  43.249   -0.042 0.0 0.0 
  43.276   -0.041 0.0 0.0 
  43.309   -0.040 0.0 0.0 
  43.340   -0.039 0.0 0.0 
  43.366   -0.039 0.0 0.0 
  43.400   -0.038 0.0 0.0 
  43.431   -0.037 0.0 0.0 
  43.461   -0.037 0.0 0.0 
  43.490   -0.036 0.0 0.0 
  43.518   -0.035 0.0 0.0 
  43.548   -0.034 0.0 0.0 
  43.578   -0.033 0.0 0.0 
  43.608   -0.031 0.0 0.0 
  43.640   -0.028 0.0 0.0 
  43.669   -0.025 0.0 0.0 
  43.700   -0.022 0.0 0.0 
  43.733   -0.019 0.0 0.0 
  43.761   -0.016 0.0 0.0 
  43.793   -0.013 0.0 0.0 
  43.824   -0.009 0.0 0.0 
  43.851   -0.006 0.0 0.0 
  43.880   -0.003 0.0 0.0 
  43.911   -0.001 0.0 0.0 
  43.941    0.001 0.0 0.0 
  43.974    0.002 0.0 0.0 
  44.005    0.003 0.0 0.0 
  44.033    0.005 0.0 0.0 
  44.063    0.006 0.0 0.0 
  44.094    0.007 0.0 0.0 
  44.123    0.008 0.0 0.0 
  44.153    0.010 0.0 0.0 
  44.187    0.011 0.0 0.0 
  44.214    0.012 0.0 0.0 
  44.247    0.014 0.0 0.0 
  44.278    0.016 0.0 0.0 
  44.308    0.018 0.0 0.0 
  44.336    0.020 0.0 0.0 
  44.369    0.021 0.0 0.0 
  44.396    0.023 0.0 0.0 
  44.426    0.025 0.0 0.0 
  44.460    0.026 0.0 0.0 
  44.490    0.028 0.0 0.0 
  44.517    0.029 0.0 0.0 
  44.546    0.031 0.0 0.0 
  44.577    0.032 0.0 0.0 
  44.610    0.033 0.0 0.0 
  44.638    0.034 0.0 0.0 
  44.667    0.035 0.0 0.0 
  44.698    0.036 0.0 0.0 
  44.732    0.037 0.0 0.0 
  44.760    0.038 0.0 0.0 
  44.792    0.039 0.0 0.0 
  44.819    0.040 0.0 0.0 
  44.849    0.040 0.0 0.0 
  44.879    0.040 0.0 0.0 
  44.912    0.041 0.0 0.0 
  44.943    0.041 0.0 0.0 
  44.970    0.041 0.0 0.0 
  45.000    0.042 0.0 0.0 
  45.034    0.042 0.0 0.0 
  45.061    0.042 0.0 0.0 
  45.092    0.042 0.0 0.0 
  45.125    0.042 0.0 0.0 
  45.155    0.041 0.0 0.0 
  45.181    0.041 0.0 0.0 
  45.215    0.041 0.0 0.0 
  45.245    0.040 0.0 0.0 
  45.272    0.040 0.0 0.0 
  45.303    0.040 0.0 0.0 
  45.337    0.039 0.0 0.0 
  45.364    0.039 0.0 0.0 
  45.394    0.037 0.0 0.0 
  45.427    0.036 0.0 0.0 
  45.454    0.034 0.0 0.0 
  45.485    0.032 0.0 0.0 
  45.515    0.030 0.0 0.0 
  45.548    0.028 0.0 0.0 
  45.579    0.025 0.0 0.0 
  45.606    0.023 0.0 0.0 
  45.636    0.020 0.0 0.0 
  45.666    0.018 0.0 0.0 
  45.700    0.016 0.0 0.0 
  45.727    0.014 0.0 0.0 
  45.757    0.012 0.0 0.0 
  45.788    0.011 0.0 0.0 
  45.817    0.009 0.0 0.0 
  45.847    0.008 0.0 0.0 
  45.878    0.007 0.0 0.0 
  45.908    0.005 0.0 0.0 
  45.942    0.004 0.0 0.0 
  45.969    0.002 0.0 0.0 
  46.002    0.000 0.0 0.0 
  46.029   -0.002 0.0 0.0 
  46.059   -0.004 0.0 0.0 
  46.089   -0.006 0.0 0.0 
  46.121   -0.007 0.0 0.0 
  46.150   -0.009 0.0 0.0 
  46.184   -0.011 0.0 0.0 
  46.212   -0.013 0.0 0.0 
  46.241   -0.015 0.0 0.0 
  46.275   -0.017 0.0 0.0 
  46.302   -0.018 0.0 0.0 
  46.332   -0.019 0.0 0.0 
  46.362   -0.021 0.0 0.0 
  46.392   -0.022 0.0 0.0 
  46.423   -0.023 0.0 0.0 
  46.457   -0.025 0.0 0.0 
  46.487   -0.026 0.0 0.0 
  46.517   -0.027 0.0 0.0 
  46.547   -0.029 0.0 0.0 
  46.574   -0.030 0.0 0.0 
  46.605   -0.031 0.0 0.0 
  46.638   -0.032 0.0 0.0 
  46.666   -0.033 0.0 0.0 
  46.695   -0.034 0.0 0.0 
  46.729   -0.035 0.0 0.0 
  46.757   -0.036 0.0 0.0 
  46.786   -0.037 0.0 0.0 
  46.820   -0.038 0.0 0.0 
  46.850   -0.039 0.0 0.0 
  46.880   -0.039 0.0 0.0 
  46.908   -0.040 0.0 0.0 
  46.938   -0.041 0.0 0.0 
  46.968   -0.042 0.0 0.0 
  46.998   -0.042 0.0 0.0 
  47.028   -0.042 0.0 0.0 
  47.058   -0.042 0.0 0.0 
  47.089   -0.042 0.0 0.0 
  47.119   -0.042 0.0 0.0 
  47.149   -0.042 0.0 0.0 
  47.183   -0.041 0.0 0.0 
  47.210   -0.041 0.0 0.0 
  47.245   -0.040 0.0 0.0 
  47.270   -0.040 0.0 0.0 
  47.300   -0.039 0.0 0.0 
  47.334   -0.038 0.0 0.0 
  47.365   -0.037 0.0 0.0 
  47.395   -0.036 0.0 0.0 
  47.421   -0.036 0.0 0.0 
  47.455   -0.035 0.0 0.0 
  47.484   -0.033 0.0 0.0 
  47.512   -0.032 0.0 0.0 
  47.546   -0.031 0.0 0.0 
  47.574   -0.030 0.0 0.0 
  47.603   -0.029 0.0 0.0 
  47.634   -0.028 0.0 0.0 
  47.663   -0.027 0.0 0.0 
  47.697   -0.026 0.0 0.0 
  47.728   -0.025 0.0 0.0 
  47.758   -0.023 0.0 0.0 
  47.784   -0.021 0.0 0.0 
  47.819   -0.019 0.0 0.0 
  47.849   -0.017 0.0 0.0 
  47.879   -0.015 0.0 0.0 
  47.905   -0.013 0.0 0.0 
  47.939   -0.010 0.0 0.0 
  47.970   -0.008 0.0 0.0 
  47.997   -0.006 0.0 0.0 
  48.031   -0.003 0.0 0.0 
  48.060   -0.001 0.0 0.0 
  48.090    0.002 0.0 0.0 
  48.119    0.004 0.0 0.0 
  48.151    0.007 0.0 0.0 
  48.182    0.009 0.0 0.0 
  48.211    0.012 0.0 0.0 
  48.242    0.014 0.0 0.0 
  48.269    0.017 0.0 0.0 
  48.301    0.019 0.0 0.0 
  48.330    0.021 0.0 0.0 
  48.360    0.022 0.0 0.0 
  48.390    0.023 0.0 0.0 
  48.424    0.024 0.0 0.0 
  48.454    0.025 0.0 0.0 
  48.485    0.026 0.0 0.0 
  48.511    0.027 0.0 0.0 
  48.542    0.028 0.0 0.0 
  48.572    0.030 0.0 0.0 
  48.602    0.031 0.0 0.0 
  48.635    0.032 0.0 0.0 
  48.663    0.034 0.0 0.0 
  48.693    0.035 0.0 0.0 
  48.725    0.036 0.0 0.0 
  48.757    0.037 0.0 0.0 
  48.784    0.038 0.0 0.0 
  48.814    0.039 0.0 0.0 
  48.844    0.039 0.0 0.0 
  48.875    0.040 0.0 0.0 
  48.905    0.040 0.0 0.0 
  48.939    0.041 0.0 0.0 
  48.966    0.041 0.0 0.0 
  49.000    0.041 0.0 0.0 
  49.030    0.041 0.0 0.0 
  49.058    0.042 0.0 0.0 
  49.090    0.042 0.0 0.0 
  49.117    0.042 0.0 0.0 
  49.147    0.042 0.0 0.0 
  49.181    0.042 0.0 0.0 
  49.208    0.041 0.0 0.0 
  49.241    0.041 0.0 0.0 
  49.272    0.041 0.0 0.0 
  49.300    0.040 0.0 0.0 
  49.329    0.039 0.0 0.0 
  49.359    0.038 0.0 0.0 
  49.390    0.037 0.0 0.0 
  49.420    0.035 0.0 0.0 
  49.453    0.034 0.0 0.0 
  49.480    0.032 0.0 0.0 
  49.510    0.031 0.0 0.0 
  49.544    0.030 0.0 0.0 
  49.571    0.028 0.0 0.0 
  49.602    0.027 0.0 0.0 
  49.635    0.026 0.0 0.0 
  49.662    0.025 0.0 0.0 
  49.691    0.024 0.0 0.0 
  49.727    0.023 0.0 0.0 
  49.756    0.021 0.0 0.0 
  49.783    0.020 0.0 0.0 
  49.814    0.019 0.0 0.0 
  49.844    0.018 0.0 0.0 
  49.873    0.017 0.0 0.0 
  49.904    0.015 0.0 0.0 
  49.934    0.014 0.0 0.0 
  49.965    0.013 0.0 0.0 
  49.995    0.010 0.0 0.0 
  50.025    0.008 0.0 0.0 
  50.055    0.005 0.0 0.0 
  50.085    0.002 0.0 0.0 
  50.119   -0.000 0.0 0.0 
  50.147   -0.003 0.0 0.0 
  50.181   -0.005 0.0 0.0 
  50.206   -0.008 0.0 0.0 
  50.236   -0.011 0.0 0.0 
  50.267   -0.013 0.0 0.0 
  50.297   -0.015 0.0 0.0 
  50.332   -0.017 0.0 0.0 
  50.357   -0.018 0.0 0.0 
  50.388   -0.019 0.0 0.0 
  50.422   -0.020 0.0 0.0 
  50.448   -0.021 0.0 0.0 
  50.479   -0.022 0.0 0.0 
  50.513   -0.023 0.0 0.0 
  50.540   -0.024 0.0 0.0 
  50.570   -0.025 0.0 0.0 
  50.601   -0.027 0.0 0.0 
  50.630   -0.028 0.0 0.0 
  50.660   -0.029 0.0 0.0 
  50.691   -0.030 0.0 0.0 
  50.721   -0.032 0.0 0.0 
  50.751   -0.033 0.0 0.0 
  50.781   -0.034 0.0 0.0 
  50.812   -0.036 0.0 0.0 
  50.842   -0.037 0.0 0.0 
  50.873   -0.038 0.0 0.0 
  50.906   -0.038 0.0 0.0 
  50.933   -0.039 0.0 0.0 
  50.963   -0.039 0.0 0.0 
  50.994   -0.040 0.0 0.0 
  51.023   -0.040 0.0 0.0 
  51.054   -0.040 0.0 0.0 
  51.084   -0.040 0.0 0.0 
  51.118   -0.040 0.0 0.0 
  51.145   -0.040 0.0 0.0 
  51.175   -0.040 0.0 0.0 
  51.208   -0.040 0.0 0.0 
  51.235   -0.040 0.0 0.0 
  51.268   -0.039 0.0 0.0 
  51.295   -0.039 0.0 0.0 
  51.326   -0.038 0.0 0.0 
  51.357   -0.038 0.0 0.0 
  51.387   -0.037 0.0 0.0 
  51.416   -0.037 0.0 0.0 
  51.450   -0.036 0.0 0.0 
  51.478   -0.035 0.0 0.0 
  51.511   -0.034 0.0 0.0 
  51.538   -0.033 0.0 0.0 
  51.569   -0.031 0.0 0.0 
  51.659   -0.030 0.0 0.0 
  51.693   -0.028 0.0 0.0 
  51.715   -0.026 0.0 0.0 
  51.743   -0.025 0.0 0.0 
  51.772   -0.023 0.0 0.0 
  51.800   -0.021 0.0 0.0 
  51.830   -0.019 0.0 0.0 
  51.861   -0.017 0.0 0.0 
  51.893   -0.016 0.0 0.0 
  51.928   -0.014 0.0 0.0 
  51.958   -0.013 0.0 0.0 
  51.988   -0.012 0.0 0.0 
  52.014   -0.011 0.0 0.0 
  52.045   -0.010 0.0 0.0 
  52.076   -0.008 0.0 0.0 
  52.106   -0.006 0.0 0.0 
  52.139   -0.004 0.0 0.0 
  52.166   -0.002 0.0 0.0 
  52.199    0.001 0.0 0.0 
  52.227    0.003 0.0 0.0 
  52.260    0.006 0.0 0.0 
  52.288    0.008 0.0 0.0 
  52.318    0.010 0.0 0.0 
  52.347    0.013 0.0 0.0 
  52.378    0.014 0.0 0.0 
  52.412    0.016 0.0 0.0 
  52.439    0.018 0.0 0.0 
  52.468    0.019 0.0 0.0 
  52.502    0.020 0.0 0.0 
  52.529    0.022 0.0 0.0 
  52.561    0.023 0.0 0.0 
  52.590    0.024 0.0 0.0 
  52.620    0.025 0.0 0.0 
  52.651    0.027 0.0 0.0 
  52.681    0.028 0.0 0.0 
  52.710    0.029 0.0 0.0 
  52.741    0.031 0.0 0.0 
  52.774    0.032 0.0 0.0 
  52.801    0.033 0.0 0.0 
  52.835    0.034 0.0 0.0 
  52.866    0.035 0.0 0.0 
  52.896    0.036 0.0 0.0 
  52.922    0.037 0.0 0.0 
  52.955    0.037 0.0 0.0 
  52.982    0.038 0.0 0.0 
  53.013    0.039 0.0 0.0 
  53.046    0.039 0.0 0.0 
  53.074    0.040 0.0 0.0 
  53.107    0.040 0.0 0.0 
  53.137    0.041 0.0 0.0 
  53.168    0.041 0.0 0.0 
  53.198    0.041 0.0 0.0 
  53.230    0.041 0.0 0.0 
  53.256    0.041 0.0 0.0 
  53.285    0.040 0.0 0.0 
  53.316    0.040 0.0 0.0 
  53.349    0.040 0.0 0.0 
  53.380    0.039 0.0 0.0 
  53.408    0.039 0.0 0.0 
  53.440    0.038 0.0 0.0 
  53.470    0.037 0.0 0.0 
  53.498    0.036 0.0 0.0 
  53.527    0.035 0.0 0.0 
  53.559    0.034 0.0 0.0 
  53.589    0.032 0.0 0.0 
  53.619    0.031 0.0 0.0 
  53.648    0.029 0.0 0.0 
  53.683    0.028 0.0 0.0 
  53.709    0.026 0.0 0.0 
  53.740    0.025 0.0 0.0 
  53.770    0.023 0.0 0.0 
  53.803    0.022 0.0 0.0 
  53.835    0.021 0.0 0.0 
  53.861    0.019 0.0 0.0 
  53.891    0.018 0.0 0.0 
  53.921    0.017 0.0 0.0 
  53.952    0.015 0.0 0.0 
  53.981    0.013 0.0 0.0 
  54.015    0.011 0.0 0.0 
  54.045    0.009 0.0 0.0 
  54.073    0.007 0.0 0.0 
  54.106    0.005 0.0 0.0 
  54.133    0.003 0.0 0.0 
  54.163    0.001 0.0 0.0 
  54.193   -0.002 0.0 0.0 
  54.225   -0.004 0.0 0.0 
  54.254   -0.006 0.0 0.0 
  54.284   -0.008 0.0 0.0 
  54.318   -0.010 0.0 0.0 
  54.349   -0.012 0.0 0.0 
  54.379   -0.014 0.0 0.0 
  54.405   -0.016 0.0 0.0 
  54.439   -0.018 0.0 0.0 
  54.469   -0.019 0.0 0.0 
  54.497   -0.021 0.0 0.0 
  54.527   -0.022 0.0 0.0 
  54.557   -0.024 0.0 0.0 
  54.587   -0.025 0.0 0.0 
  54.617   -0.027 0.0 0.0 
  54.647   -0.028 0.0 0.0 
  54.681   -0.030 0.0 0.0 
  54.708   -0.032 0.0 0.0 
  54.738   -0.033 0.0 0.0 
  54.770   -0.034 0.0 0.0 
  54.803   -0.035 0.0 0.0 
  54.833   -0.037 0.0 0.0 
  54.859   -0.037 0.0 0.0 
  54.890   -0.038 0.0 0.0 
  54.921   -0.038 0.0 0.0 
  54.953   -0.038 0.0 0.0 
  54.980   -0.039 0.0 0.0 
  55.010   -0.039 0.0 0.0 
  55.040   -0.039 0.0 0.0 
  55.070   -0.040 0.0 0.0 
  55.101   -0.040 0.0 0.0 
  55.131   -0.040 0.0 0.0 
  55.161   -0.040 0.0 0.0 
  55.192   -0.040 0.0 0.0 
  55.222   -0.039 0.0 0.0 
  55.252   -0.039 0.0 0.0 
  55.282   -0.039 0.0 0.0 
  55.314   -0.038 0.0 0.0 
  55.343   -0.038 0.0 0.0 
  55.377   -0.037 0.0 0.0 
  55.408   -0.037 0.0 0.0 
  55.438   -0.036 0.0 0.0 
  55.464   -0.035 0.0 0.0 
  55.498   -0.034 0.0 0.0 
  55.529   -0.033 0.0 0.0 
  55.559   -0.032 0.0 0.0 
  55.589   -0.030 0.0 0.0 
  55.619   -0.029 0.0 0.0 
  55.645   -0.027 0.0 0.0 
  55.676   -0.026 0.0 0.0 
  55.706   -0.025 0.0 0.0 
  55.736   -0.023 0.0 0.0 
  55.770   -0.022 0.0 0.0 
  55.797   -0.020 0.0 0.0 
  55.827   -0.019 0.0 0.0 
  55.861   -0.018 0.0 0.0 
  55.888   -0.016 0.0 0.0 
  55.922   -0.014 0.0 0.0 
  55.952   -0.013 0.0 0.0 
  55.979   -0.011 0.0 0.0 
  56.012   -0.009 0.0 0.0 
  56.043   -0.008 0.0 0.0 
  56.069   -0.006 0.0 0.0 
  56.103   -0.004 0.0 0.0 
  56.130   -0.002 0.0 0.0 
  56.163   -0.000 0.0 0.0 
  56.190    0.002 0.0 0.0 
  56.222    0.003 0.0 0.0 
  56.251    0.005 0.0 0.0 
  56.281    0.006 0.0 0.0 
  56.315    0.008 0.0 0.0 
  56.346    0.009 0.0 0.0 
  56.376    0.011 0.0 0.0 
  56.406    0.013 0.0 0.0 
  56.436    0.014 0.0 0.0 
  56.467    0.016 0.0 0.0 
  56.494    0.017 0.0 0.0 
  56.524    0.018 0.0 0.0 
  56.554    0.020 0.0 0.0 
  56.588    0.022 0.0 0.0 
  56.618    0.024 0.0 0.0 
  56.649    0.025 0.0 0.0 
  56.678    0.027 0.0 0.0 
  56.705    0.029 0.0 0.0 
  56.739    0.030 0.0 0.0 
  56.766    0.031 0.0 0.0 
  56.799    0.033 0.0 0.0 
  56.829    0.034 0.0 0.0 
  56.858    0.035 0.0 0.0 
  56.887    0.035 0.0 0.0 
  56.920    0.036 0.0 0.0 
  56.947    0.037 0.0 0.0 
  56.977    0.037 0.0 0.0 
  57.007    0.038 0.0 0.0 
  57.038    0.039 0.0 0.0 
  57.068    0.039 0.0 0.0 
  57.098    0.039 0.0 0.0 
  57.128    0.039 0.0 0.0 
  57.160    0.040 0.0 0.0 
  57.193    0.040 0.0 0.0 
  57.220    0.040 0.0 0.0 
  57.250    0.040 0.0 0.0 
  57.280    0.039 0.0 0.0 
  57.310    0.039 0.0 0.0 
  57.341    0.039 0.0 0.0 
  57.374    0.039 0.0 0.0 
  57.401    0.038 0.0 0.0 
  57.431    0.037 0.0 0.0 
  57.463    0.037 0.0 0.0 
  57.492    0.036 0.0 0.0 
  57.526    0.035 0.0 0.0 
  57.552    0.035 0.0 0.0 
  57.583    0.034 0.0 0.0 
  57.617    0.033 0.0 0.0 
  57.646    0.031 0.0 0.0 
  57.674    0.030 0.0 0.0 
  57.704    0.029 0.0 0.0 
  57.734    0.027 0.0 0.0 
  57.764    0.025 0.0 0.0 
  57.795    0.024 0.0 0.0 
  57.825    0.022 0.0 0.0 
  57.856    0.021 0.0 0.0 
  57.889    0.018 0.0 0.0 
  57.919    0.016 0.0 0.0 
  57.950    0.014 0.0 0.0 
  57.980    0.012 0.0 0.0 
  58.006    0.010 0.0 0.0 
  58.037    0.008 0.0 0.0 
  58.067    0.006 0.0 0.0 
  58.101    0.004 0.0 0.0 
  58.128    0.002 0.0 0.0 
  58.161    0.000 0.0 0.0 
  58.188   -0.001 0.0 0.0 
  58.218   -0.002 0.0 0.0 
  58.252   -0.004 0.0 0.0 
  58.279   -0.005 0.0 0.0 
  58.310   -0.006 0.0 0.0 
  58.343   -0.008 0.0 0.0 
  58.370   -0.009 0.0 0.0 
  58.400   -0.011 0.0 0.0 
  58.433   -0.012 0.0 0.0 
  58.464   -0.014 0.0 0.0 
  58.491   -0.016 0.0 0.0 
  58.521   -0.017 0.0 0.0 
  58.554   -0.019 0.0 0.0 
  58.585   -0.021 0.0 0.0 
  58.612   -0.022 0.0 0.0 
  58.641   -0.024 0.0 0.0 
  58.672   -0.025 0.0 0.0 
  58.703   -0.027 0.0 0.0 
  58.732   -0.029 0.0 0.0 
  58.766   -0.030 0.0 0.0 
  58.793   -0.031 0.0 0.0 
  58.824   -0.032 0.0 0.0 
  58.853   -0.034 0.0 0.0 
  58.884   -0.035 0.0 0.0 
  58.914   -0.036 0.0 0.0 
  58.945   -0.037 0.0 0.0 
  58.979   -0.038 0.0 0.0 
  59.009   -0.038 0.0 0.0 
  59.036   -0.039 0.0 0.0 
  59.069   -0.039 0.0 0.0 
  59.095   -0.039 0.0 0.0 
  59.130   -0.039 0.0 0.0 
  59.159   -0.039 0.0 0.0 
  59.187   -0.039 0.0 0.0 
  59.217   -0.039 0.0 0.0 
  59.247   -0.039 0.0 0.0 
  59.281   -0.039 0.0 0.0 
  59.308   -0.038 0.0 0.0 
  59.342   -0.038 0.0 0.0 
  59.368   -0.038 0.0 0.0 
  59.398   -0.037 0.0 0.0 
  59.428   -0.037 0.0 0.0 
  59.463   -0.036 0.0 0.0 
  59.492   -0.036 0.0 0.0 
  59.519   -0.035 0.0 0.0 
  59.553   -0.034 0.0 0.0 
  59.584   -0.033 0.0 0.0 
  59.611   -0.032 0.0 0.0 
  59.644   -0.031 0.0 0.0 
  59.670   -0.030 0.0 0.0 
  59.701   -0.029 0.0 0.0 
  59.734   -0.028 0.0 0.0 
  59.765   -0.026 0.0 0.0 
  59.795   -0.025 0.0 0.0 
  59.826   -0.024 0.0 0.0 
  59.852   -0.023 0.0 0.0 
  59.886   -0.021 0.0 0.0 
  59.914   -0.019 0.0 0.0 
  59.944   -0.018 0.0 0.0 
  59.973   -0.015 0.0 0.0 
  60.004   -0.012 0.0 0.0 
  60.034   -0.010 0.0 0.0 
  60.063   -0.008 0.0 0.0 
  60.097   -0.005 0.0 0.0 
  60.124   -0.002 0.0 0.0 
  60.156    0.000 0.0 0.0 
  60.188    0.003 0.0 0.0 
  60.215    0.005 0.0 0.0 
  60.246    0.006 0.0 0.0 
  60.279    0.008 0.0 0.0 
  60.306    0.009 0.0 0.0 
  60.340    0.010 0.0 0.0 
  60.368    0.012 0.0 0.0 
  60.397    0.013 0.0 0.0 
  60.427    0.014 0.0 0.0 
  60.458    0.015 0.0 0.0 
  60.488    0.017 0.0 0.0 
  60.518    0.018 0.0 0.0 
  60.551    0.019 0.0 0.0 
  60.581    0.020 0.0 0.0 
  60.612    0.022 0.0 0.0 
  60.639    0.023 0.0 0.0 
  60.673    0.024 0.0 0.0 
  60.703    0.025 0.0 0.0 
  60.733    0.026 0.0 0.0 
  60.761    0.028 0.0 0.0 
  60.793    0.029 0.0 0.0 
  60.821    0.031 0.0 0.0 
  60.851    0.032 0.0 0.0 
  60.881    0.034 0.0 0.0 
  60.915    0.035 0.0 0.0 
  60.942    0.037 0.0 0.0 
  60.975    0.038 0.0 0.0 
  61.006    0.039 0.0 0.0 
  61.034    0.039 0.0 0.0 
  61.062    0.039 0.0 0.0 
  61.096    0.039 0.0 0.0 
  61.123    0.039 0.0 0.0 
  61.153    0.039 0.0 0.0 
  61.184    0.039 0.0 0.0 
  61.213    0.039 0.0 0.0 
  61.245    0.038 0.0 0.0 
  61.274    0.038 0.0 0.0 
  61.308    0.038 0.0 0.0 
  61.336    0.038 0.0 0.0 
  61.365    0.038 0.0 0.0 
  61.398    0.037 0.0 0.0 
  61.426    0.037 0.0 0.0 
  61.459    0.036 0.0 0.0 
  61.486    0.036 0.0 0.0 
  61.517    0.036 0.0 0.0 
  61.546    0.035 0.0 0.0 
  61.577    0.034 0.0 0.0 
  61.606    0.033 0.0 0.0 
  61.640    0.031 0.0 0.0 
  61.668    0.030 0.0 0.0 
  61.697    0.029 0.0 0.0 
  61.728    0.028 0.0 0.0 
  61.758    0.027 0.0 0.0 
  61.789    0.025 0.0 0.0 
  61.819    0.023 0.0 0.0 
  61.853    0.022 0.0 0.0 
  61.880    0.021 0.0 0.0 
  61.909    0.020 0.0 0.0 
  61.944    0.018 0.0 0.0 
  61.970    0.016 0.0 0.0 
  62.000    0.014 0.0 0.0 
  62.031    0.012 0.0 0.0 
  62.061    0.010 0.0 0.0 
  62.095    0.009 0.0 0.0 
  62.122    0.007 0.0 0.0 
  62.155    0.005 0.0 0.0 
  62.182    0.003 0.0 0.0 
  62.213    0.000 0.0 0.0 
  62.246   -0.002 0.0 0.0 
  62.276   -0.005 0.0 0.0 
  62.303   -0.007 0.0 0.0 
  62.333   -0.009 0.0 0.0 
  62.365   -0.012 0.0 0.0 
  62.394   -0.014 0.0 0.0 
  62.424   -0.017 0.0 0.0 
  62.454   -0.019 0.0 0.0 
  62.484   -0.021 0.0 0.0 
  62.515   -0.022 0.0 0.0 
  62.549   -0.023 0.0 0.0 
  62.576   -0.024 0.0 0.0 
  62.606   -0.025 0.0 0.0 
  62.636   -0.026 0.0 0.0 
  62.666   -0.027 0.0 0.0 
  62.696   -0.029 0.0 0.0 
  62.726   -0.030 0.0 0.0 
  62.756   -0.031 0.0 0.0 
  62.790   -0.032 0.0 0.0 
  62.817   -0.033 0.0 0.0 
  62.849   -0.034 0.0 0.0 
  62.881   -0.034 0.0 0.0 
  62.908   -0.035 0.0 0.0 
  62.942   -0.036 0.0 0.0 
  62.968   -0.037 0.0 0.0 
  63.002   -0.037 0.0 0.0 
  63.032   -0.038 0.0 0.0 
  63.060   -0.038 0.0 0.0 
  63.090   -0.038 0.0 0.0 
  63.123   -0.039 0.0 0.0 
  63.151   -0.039 0.0 0.0 
  63.184   -0.039 0.0 0.0 
  63.214   -0.039 0.0 0.0 
  63.241   -0.039 0.0 0.0 
  63.274   -0.039 0.0 0.0 
  63.302   -0.039 0.0 0.0 
  63.332   -0.039 0.0 0.0 
  63.362   -0.038 0.0 0.0 
  63.392   -0.038 0.0 0.0 
  63.423   -0.037 0.0 0.0 
  63.452   -0.036 0.0 0.0 
  63.486   -0.035 0.0 0.0 
  63.513   -0.035 0.0 0.0 
  63.545   -0.034 0.0 0.0 
  63.573   -0.033 0.0 0.0 
  63.603   -0.032 0.0 0.0 
  63.634   -0.031 0.0 0.0 
  63.668   -0.030 0.0 0.0 
  63.698   -0.030 0.0 0.0 
  63.725   -0.029 0.0 0.0 
  63.755   -0.028 0.0 0.0 
  63.785   -0.026 0.0 0.0 
  63.819   -0.025 0.0 0.0 
  63.846   -0.024 0.0 0.0 
  63.877   -0.022 0.0 0.0 
  63.907   -0.021 0.0 0.0 
  63.937   -0.019 0.0 0.0 
  63.967   -0.017 0.0 0.0 
  63.997   -0.015 0.0 0.0 
  64.031   -0.014 0.0 0.0 
  64.058   -0.012 0.0 0.0 
  64.088   -0.011 0.0 0.0 
  64.122   -0.009 0.0 0.0 
  64.149   -0.006 0.0 0.0 
  64.179   -0.005 0.0 0.0 
  64.210   -0.003 0.0 0.0 
  64.243   -0.001 0.0 0.0 
  64.270    0.001 0.0 0.0 
  64.304    0.003 0.0 0.0 
  64.334    0.005 0.0 0.0 
  64.360    0.007 0.0 0.0 
  64.395    0.008 0.0 0.0 
  64.421    0.010 0.0 0.0 
  64.451    0.012 0.0 0.0 
  64.485    0.014 0.0 0.0 
  64.511    0.016 0.0 0.0 
  64.545    0.018 0.0 0.0 
  64.572    0.020 0.0 0.0 
  64.602    0.022 0.0 0.0 
  64.632    0.024 0.0 0.0 
  64.663    0.026 0.0 0.0 
  64.697    0.028 0.0 0.0 
  64.723    0.029 0.0 0.0 
  64.759    0.030 0.0 0.0 
  64.783    0.031 0.0 0.0 
  64.813    0.032 0.0 0.0 
  64.844    0.032 0.0 0.0 
  64.877    0.033 0.0 0.0 
  64.904    0.033 0.0 0.0 
  64.938    0.034 0.0 0.0 
  64.964    0.035 0.0 0.0 
  64.994    0.035 0.0 0.0 
  65.025    0.036 0.0 0.0 
  65.055    0.036 0.0 0.0 
  65.085    0.036 0.0 0.0 
  65.115    0.037 0.0 0.0 
  65.149    0.037 0.0 0.0 
  65.176    0.038 0.0 0.0 
  65.209    0.038 0.0 0.0 
  65.236    0.038 0.0 0.0 
  65.266    0.038 0.0 0.0 
  65.296    0.038 0.0 0.0 
  65.330    0.038 0.0 0.0 
  65.360    0.038 0.0 0.0 
  65.387    0.037 0.0 0.0 
  65.417    0.037 0.0 0.0 
  65.451    0.037 0.0 0.0 
  65.478    0.036 0.0 0.0 
  65.511    0.036 0.0 0.0 
  65.538    0.036 0.0 0.0 
  65.571    0.035 0.0 0.0 
  65.659    0.033 0.0 0.0 
  65.690    0.032 0.0 0.0 
  65.708    0.031 0.0 0.0 
  65.739    0.030 0.0 0.0 
  65.766    0.029 0.0 0.0 
  65.862    0.028 0.0 0.0 
  65.896    0.027 0.0 0.0 
  65.918    0.025 0.0 0.0 
  65.943    0.023 0.0 0.0 
  65.976    0.022 0.0 0.0 
  66.003    0.021 0.0 0.0 
  66.033    0.019 0.0 0.0 
  66.063    0.017 0.0 0.0 
  66.098    0.016 0.0 0.0 
  66.128    0.014 0.0 0.0 
  66.156    0.013 0.0 0.0 
  66.185    0.010 0.0 0.0 
  66.217    0.008 0.0 0.0 
  66.247    0.006 0.0 0.0 
  66.277    0.004 0.0 0.0 
  66.306    0.001 0.0 0.0 
  66.340   -0.001 0.0 0.0 
  66.367   -0.003 0.0 0.0 
  66.397   -0.005 0.0 0.0 
  66.430   -0.008 0.0 0.0 
  66.461   -0.010 0.0 0.0 
  66.489   -0.012 0.0 0.0 
  66.521   -0.014 0.0 0.0 
  66.548   -0.015 0.0 0.0 
  66.579   -0.016 0.0 0.0 
  66.612   -0.017 0.0 0.0 
  66.641   -0.018 0.0 0.0 
  66.669   -0.019 0.0 0.0 
  66.703   -0.020 0.0 0.0 
  66.729   -0.021 0.0 0.0 
  66.763   -0.023 0.0 0.0 
  66.790   -0.024 0.0 0.0 
  66.823   -0.026 0.0 0.0 
  66.854   -0.027 0.0 0.0 
  66.881   -0.029 0.0 0.0 
  66.911   -0.030 0.0 0.0 
  66.944   -0.031 0.0 0.0 
  66.972   -0.032 0.0 0.0 
  67.003   -0.034 0.0 0.0 
  67.035   -0.035 0.0 0.0 
  67.062   -0.035 0.0 0.0 
  67.095   -0.036 0.0 0.0 
  67.122   -0.036 0.0 0.0 
  67.152   -0.036 0.0 0.0 
  67.186   -0.037 0.0 0.0 
  67.217   -0.037 0.0 0.0 
  67.244   -0.037 0.0 0.0 
  67.274   -0.038 0.0 0.0 
  67.305   -0.038 0.0 0.0 
  67.337   -0.038 0.0 0.0 
  67.364   -0.038 0.0 0.0 
  67.394   -0.038 0.0 0.0 
  67.427   -0.038 0.0 0.0 
  67.455   -0.038 0.0 0.0 
  67.488   -0.038 0.0 0.0 
  67.518   -0.038 0.0 0.0 
  67.546   -0.037 0.0 0.0 
  67.576   -0.037 0.0 0.0 
  67.606   -0.036 0.0 0.0 
  67.639   -0.036 0.0 0.0 
  67.666   -0.035 0.0 0.0 
  67.700   -0.035 0.0 0.0 
  67.727   -0.033 0.0 0.0 
  67.757   -0.032 0.0 0.0 
  67.787   -0.031 0.0 0.0 
  67.819   -0.030 0.0 0.0 
  67.851   -0.028 0.0 0.0 
  67.881   -0.027 0.0 0.0 
  67.910   -0.025 0.0 0.0 
  67.942   -0.023 0.0 0.0 
  67.969   -0.021 0.0 0.0 
  67.999   -0.019 0.0 0.0 
  68.031   -0.017 0.0 0.0 
  68.059   -0.015 0.0 0.0 
  68.090   -0.013 0.0 0.0 
  68.121   -0.011 0.0 0.0 
  68.153   -0.009 0.0 0.0 
  68.179   -0.007 0.0 0.0 
  68.210   -0.005 0.0 0.0 
  68.241   -0.002 0.0 0.0 
  68.273   -0.000 0.0 0.0 
  68.304    0.001 0.0 0.0 
  68.334    0.003 0.0 0.0 
  68.364    0.005 0.0 0.0 
  68.393    0.007 0.0 0.0 
  68.424    0.009 0.0 0.0 
  68.454    0.011 0.0 0.0 
  68.484    0.013 0.0 0.0 
  68.515    0.014 0.0 0.0 
  68.545    0.015 0.0 0.0 
  68.575    0.016 0.0 0.0 
  68.605    0.017 0.0 0.0 
  68.635    0.019 0.0 0.0 
  68.666    0.020 0.0 0.0 
  68.696    0.021 0.0 0.0 
  68.726    0.023 0.0 0.0 
  68.757    0.024 0.0 0.0 
  68.786    0.026 0.0 0.0 
  68.817    0.027 0.0 0.0 
  68.851    0.029 0.0 0.0 
  68.877    0.030 0.0 0.0 
  68.907    0.031 0.0 0.0 
  68.942    0.032 0.0 0.0 
  68.967    0.033 0.0 0.0 
  69.002    0.034 0.0 0.0 
  69.028    0.034 0.0 0.0 
  69.058    0.035 0.0 0.0 
  69.088    0.036 0.0 0.0 
  69.122    0.036 0.0 0.0 
  69.148    0.036 0.0 0.0 
  69.183    0.037 0.0 0.0 
  69.210    0.037 0.0 0.0 
  69.244    0.037 0.0 0.0 
  69.269    0.038 0.0 0.0 
  69.300    0.038 0.0 0.0 
  69.330    0.038 0.0 0.0 
  69.361    0.038 0.0 0.0 
  69.390    0.037 0.0 0.0 
  69.424    0.037 0.0 0.0 
  69.450    0.037 0.0 0.0 
  69.480    0.037 0.0 0.0 
  69.511    0.036 0.0 0.0 
  69.541    0.035 0.0 0.0 
  69.571    0.035 0.0 0.0 
  69.605    0.034 0.0 0.0 
  69.632    0.033 0.0 0.0 
  69.661    0.032 0.0 0.0 
  69.696    0.031 0.0 0.0 
  69.723    0.030 0.0 0.0 
  69.756    0.028 0.0 0.0 
  69.786    0.027 0.0 0.0 
  69.813    0.026 0.0 0.0 
  69.843    0.025 0.0 0.0 
  69.875    0.024 0.0 0.0 
  69.908    0.022 0.0 0.0 
  69.933    0.021 0.0 0.0 
  69.963    0.020 0.0 0.0 
  69.994    0.018 0.0 0.0 
  70.024    0.017 0.0 0.0 
  70.054    0.015 0.0 0.0 
  70.144    0.014 0.0 0.0 
  70.175    0.012 0.0 0.0 
  70.197    0.010 0.0 0.0 
  70.221    0.009 0.0 0.0 
  70.252    0.007 0.0 0.0 
  70.285    0.005 0.0 0.0 
  70.317    0.004 0.0 0.0 
  70.344    0.002 0.0 0.0 
  70.373    0.000 0.0 0.0 
  70.407   -0.001 0.0 0.0 
  70.434   -0.003 0.0 0.0 
  70.464   -0.005 0.0 0.0 
  70.495   -0.007 0.0 0.0 
  70.526   -0.009 0.0 0.0 
  70.556   -0.011 0.0 0.0 
  70.586   -0.013 0.0 0.0 
  70.616   -0.015 0.0 0.0 
  70.647   -0.017 0.0 0.0 
  70.676   -0.019 0.0 0.0 
  70.707   -0.020 0.0 0.0 
  70.737   -0.022 0.0 0.0 
  70.770   -0.024 0.0 0.0 
  70.798   -0.026 0.0 0.0 
  70.828   -0.027 0.0 0.0 
  70.859   -0.028 0.0 0.0 
  70.888   -0.029 0.0 0.0 
  70.922   -0.030 0.0 0.0 
  70.954   -0.031 0.0 0.0 
  70.978   -0.032 0.0 0.0 
  71.009   -0.033 0.0 0.0 
  71.044   -0.034 0.0 0.0 
  71.069   -0.034 0.0 0.0 
  71.103   -0.035 0.0 0.0 
  71.133   -0.035 0.0 0.0 
  71.160   -0.036 0.0 0.0 
  71.190   -0.036 0.0 0.0 
  71.220   -0.036 0.0 0.0 
  71.253   -0.036 0.0 0.0 
  71.282   -0.036 0.0 0.0 
  71.311   -0.036 0.0 0.0 
  71.342   -0.036 0.0 0.0 
  71.372   -0.036 0.0 0.0 
  71.402   -0.036 0.0 0.0 
  71.432   -0.035 0.0 0.0 
  71.466   -0.035 0.0 0.0 
  71.496   -0.034 0.0 0.0 
  71.524   -0.034 0.0 0.0 
  71.556   -0.033 0.0 0.0 
  71.584   -0.033 0.0 0.0 
  71.614   -0.032 0.0 0.0 
  71.646   -0.031 0.0 0.0 
  71.678   -0.031 0.0 0.0 
  71.708   -0.030 0.0 0.0 
  71.743   -0.029 0.0 0.0 
  71.769   -0.029 0.0 0.0 
  71.802   -0.028 0.0 0.0 
  71.833   -0.027 0.0 0.0 
  71.860   -0.026 0.0 0.0 
  71.894   -0.026 0.0 0.0 
  71.920   -0.025 0.0 0.0 
  71.950   -0.023 0.0 0.0 
  71.980   -0.021 0.0 0.0 
  72.012   -0.020 0.0 0.0 
  72.043   -0.018 0.0 0.0 
  72.071   -0.017 0.0 0.0 
  72.102   -0.015 0.0 0.0 
  72.132   -0.013 0.0 0.0 
  72.162   -0.011 0.0 0.0 
  72.192   -0.009 0.0 0.0 
  72.222   -0.007 0.0 0.0 
  72.252   -0.006 0.0 0.0 
  72.283   -0.005 0.0 0.0 
  72.318   -0.003 0.0 0.0 
  72.344   -0.002 0.0 0.0 
  72.374   -0.000 0.0 0.0 
  72.404    0.002 0.0 0.0 
  72.434    0.004 0.0 0.0 
  72.464    0.006 0.0 0.0 
  72.495    0.007 0.0 0.0 
  72.525    0.009 0.0 0.0 
  72.557    0.011 0.0 0.0 
  72.590    0.013 0.0 0.0 
  72.616    0.016 0.0 0.0 
  72.646    0.017 0.0 0.0 
  72.680    0.019 0.0 0.0 
  72.707    0.021 0.0 0.0 
  72.737    0.022 0.0 0.0 
  72.771    0.024 0.0 0.0 
  72.796    0.025 0.0 0.0 
  72.831    0.026 0.0 0.0 
  72.857    0.028 0.0 0.0 
  72.887    0.029 0.0 0.0 
  72.918    0.030 0.0 0.0 
  72.949    0.031 0.0 0.0 
  72.978    0.032 0.0 0.0 
  73.009    0.033 0.0 0.0 
  73.042    0.034 0.0 0.0 
  73.071    0.034 0.0 0.0 
  73.099    0.035 0.0 0.0 
  73.133    0.036 0.0 0.0 
  73.163    0.037 0.0 0.0 
  73.189    0.037 0.0 0.0 
  73.224    0.037 0.0 0.0 
  73.254    0.037 0.0 0.0 
  73.284    0.037 0.0 0.0 
  73.315    0.036 0.0 0.0 
  73.345    0.036 0.0 0.0 
  73.375    0.035 0.0 0.0 
  73.405    0.034 0.0 0.0 
  73.436    0.033 0.0 0.0 
  73.461    0.031 0.0 0.0 
  73.493    0.029 0.0 0.0 
  73.522    0.028 0.0 0.0 
  73.555    0.025 0.0 0.0 
  73.586    0.023 0.0 0.0 
  73.612    0.019 0.0 0.0 
  73.643    0.016 0.0 0.0 
  73.676    0.013 0.0 0.0 
  73.703    0.009 0.0 0.0 
  73.733    0.005 0.0 0.0 
  73.764    0.002 0.0 0.0 
  73.794   -0.002 0.0 0.0 
  73.824   -0.005 0.0 0.0 
  73.855   -0.008 0.0 0.0 
  73.884   -0.011 0.0 0.0 
  73.919   -0.012 0.0 0.0 
  73.945   -0.014 0.0 0.0 
  73.975   -0.016 0.0 0.0 
  74.006   -0.017 0.0 0.0 
  74.036   -0.018 0.0 0.0 
  74.066   -0.019 0.0 0.0 
  74.096   -0.020 0.0 0.0 
  74.130   -0.021 0.0 0.0 
  74.161   -0.022 0.0 0.0 
  74.192   -0.023 0.0 0.0 
  74.217   -0.024 0.0 0.0 
  74.248   -0.025 0.0 0.0 
  74.279   -0.026 0.0 0.0 
  74.308   -0.026 0.0 0.0 
  74.343   -0.027 0.0 0.0 
  74.369   -0.028 0.0 0.0 
  74.399   -0.029 0.0 0.0 
  74.433   -0.029 0.0 0.0 
  74.463   -0.030 0.0 0.0 
  74.493   -0.031 0.0 0.0 
  74.521   -0.031 0.0 0.0 
  74.550   -0.032 0.0 0.0 
  74.580   -0.032 0.0 0.0 
  74.610   -0.033 0.0 0.0 
  74.641   -0.033 0.0 0.0 
  74.676   -0.034 0.0 0.0 
  74.705   -0.034 0.0 0.0 
  74.731   -0.035 0.0 0.0 
  74.762   -0.035 0.0 0.0 
  74.796   -0.035 0.0 0.0 
  74.826   -0.036 0.0 0.0 
  74.856   -0.036 0.0 0.0 
  74.883   -0.036 0.0 0.0 
  74.913   -0.036 0.0 0.0 
  74.942   -0.036 0.0 0.0 
  74.973   -0.036 0.0 0.0 
  75.004   -0.036 0.0 0.0 
  75.034   -0.036 0.0 0.0 
  75.063   -0.036 0.0 0.0 
  75.098   -0.036 0.0 0.0 
  75.125   -0.036 0.0 0.0 
  75.154   -0.036 0.0 0.0 
  75.185   -0.036 0.0 0.0 
  75.215   -0.036 0.0 0.0 
  75.245   -0.036 0.0 0.0 
  75.280   -0.036 0.0 0.0 
  75.306   -0.036 0.0 0.0 
  75.336   -0.035 0.0 0.0 
  75.370   -0.035 0.0 0.0 
  75.396   -0.035 0.0 0.0 
  75.431   -0.034 0.0 0.0 
  75.461   -0.034 0.0 0.0 
  75.488   -0.033 0.0 0.0 
  75.522   -0.033 0.0 0.0 
  75.548   -0.032 0.0 0.0 
  75.578   -0.031 0.0 0.0 
  75.609   -0.031 0.0 0.0 
  75.639   -0.030 0.0 0.0 
  75.669   -0.030 0.0 0.0 
  75.704   -0.029 0.0 0.0 
  75.730   -0.028 0.0 0.0 
  75.760   -0.027 0.0 0.0 
  75.790   -0.027 0.0 0.0 
  75.821   -0.026 0.0 0.0 
  75.851   -0.025 0.0 0.0 
  75.881   -0.024 0.0 0.0 
  75.911   -0.023 0.0 0.0 
  75.941   -0.021 0.0 0.0 
  75.971   -0.020 0.0 0.0 
  76.006   -0.018 0.0 0.0 
  76.033   -0.017 0.0 0.0 
  76.063   -0.015 0.0 0.0 
  76.093   -0.014 0.0 0.0 
  76.123   -0.012 0.0 0.0 
  76.157   -0.011 0.0 0.0 
  76.182   -0.009 0.0 0.0 
  76.217   -0.008 0.0 0.0 
  76.244   -0.007 0.0 0.0 
  76.274   -0.005 0.0 0.0 
  76.304   -0.004 0.0 0.0 
  76.335   -0.002 0.0 0.0 
  76.364   -0.000 0.0 0.0 
  76.396    0.001 0.0 0.0 
  76.425    0.003 0.0 0.0 
  76.460    0.005 0.0 0.0 
  76.486    0.006 0.0 0.0 
  76.516    0.008 0.0 0.0 
  76.546    0.010 0.0 0.0 
  76.580    0.011 0.0 0.0 
  76.607    0.013 0.0 0.0 
  76.638    0.014 0.0 0.0 
  76.668    0.016 0.0 0.0 
  76.698    0.017 0.0 0.0 
  76.727    0.018 0.0 0.0 
  76.758    0.019 0.0 0.0 
  76.789    0.021 0.0 0.0 
  76.819    0.023 0.0 0.0 
  76.853    0.025 0.0 0.0 
  76.878    0.026 0.0 0.0 
  76.913    0.028 0.0 0.0 
  76.940    0.029 0.0 0.0 
  76.970    0.030 0.0 0.0 
  77.004    0.031 0.0 0.0 
  77.035    0.032 0.0 0.0 
  77.060    0.033 0.0 0.0 
  77.091    0.034 0.0 0.0 
  77.122    0.035 0.0 0.0 
  77.155    0.035 0.0 0.0 
  77.182    0.035 0.0 0.0 
  77.212    0.036 0.0 0.0 
  77.243    0.036 0.0 0.0 
  77.273    0.036 0.0 0.0 
  77.303    0.037 0.0 0.0 
  77.333    0.037 0.0 0.0 
  77.363    0.037 0.0 0.0 
  77.397    0.037 0.0 0.0 
  77.427    0.037 0.0 0.0 
  77.454    0.036 0.0 0.0 
  77.484    0.036 0.0 0.0 
  77.515    0.036 0.0 0.0 
  77.545    0.035 0.0 0.0 
  77.575    0.034 0.0 0.0 
  77.609    0.034 0.0 0.0 
  77.635    0.033 0.0 0.0 
  77.666    0.032 0.0 0.0 
  77.696    0.031 0.0 0.0 
  77.730    0.030 0.0 0.0 
  77.756    0.030 0.0 0.0 
  77.787    0.029 0.0 0.0 
  77.821    0.028 0.0 0.0 
  77.848    0.027 0.0 0.0 
  77.877    0.025 0.0 0.0 
  77.908    0.024 0.0 0.0 
  77.942    0.022 0.0 0.0 
  77.968    0.020 0.0 0.0 
  78.003    0.018 0.0 0.0 
  78.029    0.016 0.0 0.0 
  78.059    0.013 0.0 0.0 
  78.089    0.011 0.0 0.0 
  78.123    0.009 0.0 0.0 
  78.149    0.007 0.0 0.0 
  78.184    0.006 0.0 0.0 
  78.215    0.004 0.0 0.0 
  78.241    0.003 0.0 0.0 
  78.275    0.002 0.0 0.0 
  78.305    0.001 0.0 0.0 
  78.335   -0.000 0.0 0.0 
  78.362   -0.001 0.0 0.0 
  78.395   -0.003 0.0 0.0 
  78.426   -0.004 0.0 0.0 
  78.453   -0.005 0.0 0.0 
  78.486   -0.006 0.0 0.0 
  78.516   -0.007 0.0 0.0 
  78.543   -0.008 0.0 0.0 
  78.577   -0.010 0.0 0.0 
  78.606   -0.011 0.0 0.0 
  78.682   -0.012 0.0 0.0 
  78.709   -0.014 0.0 0.0 
  78.733   -0.016 0.0 0.0 
  78.759   -0.017 0.0 0.0 
  78.794   -0.020 0.0 0.0 
  78.822   -0.021 0.0 0.0 
  78.852   -0.023 0.0 0.0 
  78.880   -0.025 0.0 0.0 
  78.910   -0.027 0.0 0.0 
  78.945   -0.028 0.0 0.0 
  78.972   -0.030 0.0 0.0 
  79.003   -0.031 0.0 0.0 
  79.037   -0.032 0.0 0.0 
  79.071   -0.033 0.0 0.0 
  79.098   -0.033 0.0 0.0 
  79.125   -0.034 0.0 0.0 
  79.156   -0.034 0.0 0.0 
  79.185   -0.034 0.0 0.0 
  79.216   -0.035 0.0 0.0 
  79.246   -0.035 0.0 0.0 
  79.280   -0.035 0.0 0.0 
  79.306   -0.035 0.0 0.0 
  79.337   -0.035 0.0 0.0 
  79.371   -0.035 0.0 0.0 
  79.397   -0.035 0.0 0.0 
  79.427   -0.035 0.0 0.0 
  79.462   -0.035 0.0 0.0 
  79.488   -0.035 0.0 0.0 
  79.518   -0.035 0.0 0.0 
  79.549   -0.034 0.0 0.0 
  79.579   -0.034 0.0 0.0 
  79.609   -0.034 0.0 0.0 
  79.640   -0.033 0.0 0.0 
  79.670   -0.033 0.0 0.0 
  79.700   -0.032 0.0 0.0 
  79.731   -0.031 0.0 0.0 
  79.760   -0.030 0.0 0.0 
  79.791   -0.029 0.0 0.0 
  79.821   -0.029 0.0 0.0 
  79.851   -0.028 0.0 0.0 
  79.885   -0.027 0.0 0.0 
  79.915   -0.026 0.0 0.0 
  79.943   -0.024 0.0 0.0 
  79.976   -0.023 0.0 0.0 
  80.006   -0.022 0.0 0.0 
  80.036   -0.021 0.0 0.0 
  80.067   -0.019 0.0 0.0 
  80.097   -0.018 0.0 0.0 
  80.123   -0.017 0.0 0.0 
  80.157   -0.015 0.0 0.0 
  80.188   -0.014 0.0 0.0 
  80.218   -0.012 0.0 0.0 
  80.245   -0.011 0.0 0.0 
  80.274   -0.010 0.0 0.0 
  80.308   -0.008 0.0 0.0 
  80.338   -0.006 0.0 0.0 
  80.369   -0.004 0.0 0.0 
  80.395   -0.002 0.0 0.0 
  80.429   -0.001 0.0 0.0 
  80.460    0.001 0.0 0.0 
  80.487    0.002 0.0 0.0 
  80.518    0.004 0.0 0.0 
  80.550    0.006 0.0 0.0 
  80.577    0.007 0.0 0.0 
  80.611    0.009 0.0 0.0 
  80.638    0.010 0.0 0.0 
  80.668    0.012 0.0 0.0 
  80.702    0.013 0.0 0.0 
  80.728    0.014 0.0 0.0 
  80.759    0.016 0.0 0.0 
  80.789    0.018 0.0 0.0 
  80.819    0.020 0.0 0.0 
  80.853    0.022 0.0 0.0 
  80.880    0.023 0.0 0.0 
  80.914    0.025 0.0 0.0 
  80.944    0.026 0.0 0.0 
  80.974    0.027 0.0 0.0 
  81.005    0.028 0.0 0.0 
  81.031    0.030 0.0 0.0 
  81.064    0.031 0.0 0.0 
  81.095    0.031 0.0 0.0 
  81.123    0.032 0.0 0.0 
  81.152    0.033 0.0 0.0 
  81.186    0.033 0.0 0.0 
  81.213    0.034 0.0 0.0 
  81.246    0.034 0.0 0.0 
  81.273    0.035 0.0 0.0 
  81.304    0.035 0.0 0.0 
  81.334    0.035 0.0 0.0 
  81.367    0.035 0.0 0.0 
  81.398    0.035 0.0 0.0 
  81.428    0.035 0.0 0.0 
  81.457    0.035 0.0 0.0 
  81.487    0.035 0.0 0.0 
  81.519    0.035 0.0 0.0 
  81.546    0.034 0.0 0.0 
  81.576    0.034 0.0 0.0 
  81.610    0.033 0.0 0.0 
  81.640    0.033 0.0 0.0 
  81.667    0.032 0.0 0.0 
  81.697    0.031 0.0 0.0 
  81.727    0.030 0.0 0.0 
  81.760    0.030 0.0 0.0 
  81.788    0.029 0.0 0.0 
  81.818    0.028 0.0 0.0 
  81.849    0.026 0.0 0.0 
  81.882    0.025 0.0 0.0 
  81.908    0.024 0.0 0.0 
  81.938    0.023 0.0 0.0 
  81.972    0.021 0.0 0.0 
  82.004    0.020 0.0 0.0 
  82.033    0.018 0.0 0.0 
  82.063    0.017 0.0 0.0 
  82.090    0.015 0.0 0.0 
  82.124    0.014 0.0 0.0 
  82.152    0.012 0.0 0.0 
  82.181    0.011 0.0 0.0 
  82.211    0.009 0.0 0.0 
  82.241    0.008 0.0 0.0 
  82.272    0.007 0.0 0.0 
  82.302    0.006 0.0 0.0 
  82.332    0.005 0.0 0.0 
  82.365    0.003 0.0 0.0 
  82.393    0.001 0.0 0.0 
  82.424   -0.000 0.0 0.0 
  82.458   -0.002 0.0 0.0 
  82.487   -0.004 0.0 0.0 
  82.514   -0.005 0.0 0.0 
  82.548   -0.007 0.0 0.0 
  82.578   -0.009 0.0 0.0 
  82.609   -0.010 0.0 0.0 
  82.639   -0.012 0.0 0.0 
  82.667   -0.014 0.0 0.0 
  82.699   -0.015 0.0 0.0 
  82.726   -0.016 0.0 0.0 
  82.756   -0.017 0.0 0.0 
  82.787   -0.019 0.0 0.0 
  82.817   -0.020 0.0 0.0 
  82.848   -0.022 0.0 0.0 
  82.881   -0.023 0.0 0.0 
  82.912   -0.024 0.0 0.0 
  82.942   -0.025 0.0 0.0 
  82.969   -0.026 0.0 0.0 
  82.998   -0.028 0.0 0.0 
  83.029   -0.029 0.0 0.0 
  83.060   -0.030 0.0 0.0 
  83.091   -0.031 0.0 0.0 
  83.120   -0.032 0.0 0.0 
  83.154   -0.032 0.0 0.0 
  83.180   -0.033 0.0 0.0 
  83.214   -0.034 0.0 0.0 
  83.241   -0.034 0.0 0.0 
  83.271   -0.035 0.0 0.0 
  83.305   -0.035 0.0 0.0 
  83.332   -0.035 0.0 0.0 
  83.366   -0.035 0.0 0.0 
  83.392   -0.035 0.0 0.0 
  83.427   -0.035 0.0 0.0 
  83.454   -0.035 0.0 0.0 
  83.487   -0.035 0.0 0.0 
  83.513   -0.035 0.0 0.0 
  83.547   -0.034 0.0 0.0 
  83.578   -0.034 0.0 0.0 
  83.605   -0.034 0.0 0.0 
  83.636   -0.033 0.0 0.0 
  83.669   -0.033 0.0 0.0 
  83.698   -0.032 0.0 0.0 
  83.725   -0.031 0.0 0.0 
  83.759   -0.031 0.0 0.0 
  83.786   -0.029 0.0 0.0 
  83.820   -0.028 0.0 0.0 
  83.846   -0.027 0.0 0.0 
  83.877   -0.025 0.0 0.0 
  83.911   -0.024 0.0 0.0 
  83.941   -0.022 0.0 0.0 
  83.971   -0.021 0.0 0.0 
  83.998   -0.020 0.0 0.0 
  84.028   -0.018 0.0 0.0 
  84.062   -0.017 0.0 0.0 
  84.089   -0.015 0.0 0.0 
  84.122   -0.013 0.0 0.0 
  84.149   -0.012 0.0 0.0 
  84.179   -0.010 0.0 0.0 
  84.209   -0.008 0.0 0.0 
  84.240   -0.007 0.0 0.0 
  84.270   -0.005 0.0 0.0 
  84.300   -0.003 0.0 0.0 
  84.332   -0.001 0.0 0.0 
  84.362   -0.000 0.0 0.0 
  84.391    0.001 0.0 0.0 
  84.421    0.002 0.0 0.0 
  84.452    0.004 0.0 0.0 
  84.485    0.005 0.0 0.0 
  84.580    0.007 0.0 0.0 
  84.611    0.009 0.0 0.0 
  84.634    0.010 0.0 0.0 
  84.659    0.012 0.0 0.0 
  84.691    0.013 0.0 0.0 
  84.721    0.015 0.0 0.0 
  84.748    0.017 0.0 0.0 
  84.779    0.018 0.0 0.0 
  84.810    0.019 0.0 0.0 
  84.845    0.020 0.0 0.0 
  84.876    0.022 0.0 0.0 
  84.902    0.022 0.0 0.0 
  84.932    0.023 0.0 0.0 
  84.966    0.024 0.0 0.0 
  84.994    0.025 0.0 0.0 
  85.023    0.026 0.0 0.0 
  85.059    0.027 0.0 0.0 
  85.088    0.028 0.0 0.0 
  85.118    0.029 0.0 0.0 
  85.148    0.030 0.0 0.0 
  85.179    0.031 0.0 0.0 
  85.209    0.031 0.0 0.0 
  85.236    0.032 0.0 0.0 
  85.265    0.033 0.0 0.0 
  85.299    0.033 0.0 0.0 
  85.327    0.034 0.0 0.0 
  85.357    0.034 0.0 0.0 
  85.386    0.034 0.0 0.0 
  85.420    0.034 0.0 0.0 
  85.447    0.034 0.0 0.0 
  85.480    0.034 0.0 0.0 
  85.508    0.034 0.0 0.0 
  85.542    0.034 0.0 0.0 
  85.568    0.034 0.0 0.0 
  85.599    0.033 0.0 0.0 
  85.632    0.033 0.0 0.0 
  85.663    0.032 0.0 0.0 
  85.693    0.032 0.0 0.0 
  85.720    0.031 0.0 0.0 
  85.750    0.031 0.0 0.0 
  85.783    0.030 0.0 0.0 
  85.814    0.029 0.0 0.0 
  85.845    0.029 0.0 0.0 
  85.871    0.028 0.0 0.0 
  85.904    0.027 0.0 0.0 
  85.936    0.026 0.0 0.0 
  85.966    0.025 0.0 0.0 
  85.992    0.024 0.0 0.0 
  86.022    0.022 0.0 0.0 
  86.056    0.021 0.0 0.0 
  86.086    0.020 0.0 0.0 
  86.114    0.019 0.0 0.0 
  86.147    0.017 0.0 0.0 
  86.177    0.016 0.0 0.0 
  86.204    0.015 0.0 0.0 
  86.234    0.014 0.0 0.0 
  86.265    0.013 0.0 0.0 
  86.295    0.012 0.0 0.0 
  86.325    0.011 0.0 0.0 
  86.356    0.009 0.0 0.0 
  86.386    0.008 0.0 0.0 
  86.416    0.006 0.0 0.0 
  86.446    0.005 0.0 0.0 
  86.477    0.003 0.0 0.0 
  86.507    0.001 0.0 0.0 
  86.538   -0.000 0.0 0.0 
  86.567   -0.002 0.0 0.0 
  86.597   -0.004 0.0 0.0 
  86.628   -0.006 0.0 0.0 
  86.658   -0.007 0.0 0.0 
  86.688   -0.010 0.0 0.0 
  86.722   -0.012 0.0 0.0 
  86.753   -0.014 0.0 0.0 
  86.783   -0.016 0.0 0.0 
  86.810   -0.017 0.0 0.0 
  86.844   -0.019 0.0 0.0 
  86.870   -0.021 0.0 0.0 
  86.900   -0.022 0.0 0.0 
  86.930   -0.024 0.0 0.0 
  86.961   -0.026 0.0 0.0 
  86.991   -0.026 0.0 0.0 
  87.022   -0.027 0.0 0.0 
  87.052   -0.028 0.0 0.0 
  87.085   -0.029 0.0 0.0 
  87.116   -0.029 0.0 0.0 
  87.143   -0.030 0.0 0.0 
  87.176   -0.031 0.0 0.0 
  87.206   -0.032 0.0 0.0 
  87.234   -0.032 0.0 0.0 
  87.264   -0.033 0.0 0.0 
  87.294   -0.034 0.0 0.0 
  87.328   -0.034 0.0 0.0 
  87.355   -0.034 0.0 0.0 
  87.385   -0.035 0.0 0.0 
  87.417   -0.035 0.0 0.0 
  87.449   -0.035 0.0 0.0 
  87.480   -0.035 0.0 0.0 
  87.506   -0.035 0.0 0.0 
  87.536   -0.035 0.0 0.0 
  87.566   -0.034 0.0 0.0 
  87.601   -0.034 0.0 0.0 
  87.627   -0.034 0.0 0.0 
  87.657   -0.033 0.0 0.0 
  87.691   -0.033 0.0 0.0 
  87.718   -0.032 0.0 0.0 
  87.752   -0.031 0.0 0.0 
  87.781   -0.030 0.0 0.0 
  87.809   -0.029 0.0 0.0 
  87.840   -0.028 0.0 0.0 
  87.872   -0.027 0.0 0.0 
  87.899   -0.026 0.0 0.0 
  87.929   -0.025 0.0 0.0 
  87.960   -0.023 0.0 0.0 
  87.990   -0.022 0.0 0.0 
  88.023   -0.021 0.0 0.0 
  88.050   -0.019 0.0 0.0 
  88.081   -0.018 0.0 0.0 
  88.110   -0.017 0.0 0.0 
  88.141   -0.015 0.0 0.0 
  88.172   -0.013 0.0 0.0 
  88.205   -0.012 0.0 0.0 
  88.233   -0.010 0.0 0.0 
  88.265   -0.009 0.0 0.0 
  88.297   -0.008 0.0 0.0 
  88.323   -0.007 0.0 0.0 
  88.354   -0.006 0.0 0.0 
  88.383   -0.004 0.0 0.0 
  88.414   -0.002 0.0 0.0 
  88.447   -0.001 0.0 0.0 
  88.478    0.001 0.0 0.0 
  88.508    0.003 0.0 0.0 
  88.538    0.004 0.0 0.0 
  88.568    0.006 0.0 0.0 
  88.599    0.008 0.0 0.0 
  88.629    0.010 0.0 0.0 
  88.656    0.011 0.0 0.0 
  88.690    0.013 0.0 0.0 
  88.717    0.014 0.0 0.0 
  88.747    0.015 0.0 0.0 
  88.780    0.017 0.0 0.0 
  88.808    0.018 0.0 0.0 
  88.841    0.020 0.0 0.0 
  88.870    0.021 0.0 0.0 
  88.898    0.023 0.0 0.0 
  88.928    0.024 0.0 0.0 
  88.962    0.025 0.0 0.0 
  88.989    0.026 0.0 0.0 
  89.022    0.028 0.0 0.0 
  89.053    0.028 0.0 0.0 
  89.083    0.029 0.0 0.0 
  89.110    0.030 0.0 0.0 
  89.139    0.031 0.0 0.0 
  89.170    0.031 0.0 0.0 
  89.201    0.032 0.0 0.0 
  89.231    0.033 0.0 0.0 
  89.264    0.033 0.0 0.0 
  89.295    0.033 0.0 0.0 
  89.321    0.034 0.0 0.0 
  89.352    0.034 0.0 0.0 
  89.383    0.034 0.0 0.0 
  89.412    0.034 0.0 0.0 
  89.445    0.034 0.0 0.0 
  89.473    0.034 0.0 0.0 
  89.505    0.034 0.0 0.0 
  89.533    0.034 0.0 0.0 
  89.564    0.034 0.0 0.0 
  89.594    0.033 0.0 0.0 
  89.624    0.033 0.0 0.0 
  89.654    0.033 0.0 0.0 
  89.688    0.032 0.0 0.0 
  89.719    0.031 0.0 0.0 
  89.749    0.031 0.0 0.0 
  89.779    0.030 0.0 0.0 
  89.805    0.028 0.0 0.0 
  89.840    0.027 0.0 0.0 
  89.865    0.026 0.0 0.0 
  89.899    0.026 0.0 0.0 
  89.930    0.024 0.0 0.0 
  89.960    0.023 0.0 0.0 
  89.990    0.022 0.0 0.0 
  90.017    0.021 0.0 0.0 
  90.047    0.020 0.0 0.0 
  90.078    0.019 0.0 0.0 
  90.108    0.018 0.0 0.0 
  90.138    0.017 0.0 0.0 
  90.168    0.016 0.0 0.0 
  90.199    0.014 0.0 0.0 
  90.233    0.013 0.0 0.0 
  90.263    0.011 0.0 0.0 
  90.290    0.009 0.0 0.0 
  90.324    0.007 0.0 0.0 
  90.353    0.006 0.0 0.0 
  90.384    0.004 0.0 0.0 
  90.411    0.003 0.0 0.0 
  90.441    0.001 0.0 0.0 
  90.475   -0.000 0.0 0.0 
  90.505   -0.002 0.0 0.0 
  90.532   -0.003 0.0 0.0 
  90.561   -0.005 0.0 0.0 
  90.596   -0.007 0.0 0.0 
  90.626   -0.008 0.0 0.0 
  90.653   -0.010 0.0 0.0 
  90.683   -0.012 0.0 0.0 
  90.717   -0.014 0.0 0.0 
  90.744   -0.016 0.0 0.0 
  90.777   -0.018 0.0 0.0 
  90.808   -0.020 0.0 0.0 
  90.835   -0.021 0.0 0.0 
  90.869   -0.022 0.0 0.0 
  90.895   -0.023 0.0 0.0 
  90.925   -0.024 0.0 0.0 
  90.955   -0.025 0.0 0.0 
  90.986   -0.026 0.0 0.0 
  91.016   -0.026 0.0 0.0 
  91.047   -0.027 0.0 0.0 
  91.077   -0.028 0.0 0.0 
  91.107   -0.029 0.0 0.0 
  91.140   -0.029 0.0 0.0 
  91.167   -0.030 0.0 0.0 
  91.198   -0.031 0.0 0.0 
  91.228   -0.031 0.0 0.0 
  91.261   -0.032 0.0 0.0 
  91.292   -0.032 0.0 0.0 
  91.319   -0.033 0.0 0.0 
  91.350   -0.033 0.0 0.0 
  91.384   -0.033 0.0 0.0 
  91.411   -0.033 0.0 0.0 
  91.440   -0.033 0.0 0.0 
  91.470   -0.033 0.0 0.0 
  91.503   -0.033 0.0 0.0 
  91.531   -0.033 0.0 0.0 
  91.561   -0.033 0.0 0.0 
  91.591   -0.033 0.0 0.0 
  91.621   -0.032 0.0 0.0 
  91.655   -0.031 0.0 0.0 
  91.682   -0.030 0.0 0.0 
  91.712   -0.030 0.0 0.0 
  91.742   -0.029 0.0 0.0 
  91.773   -0.028 0.0 0.0 
  91.803   -0.027 0.0 0.0 
  91.836   -0.026 0.0 0.0 
  91.867   -0.025 0.0 0.0 
  91.897   -0.023 0.0 0.0 
  91.927   -0.022 0.0 0.0 
  91.955   -0.022 0.0 0.0 
  91.986   -0.021 0.0 0.0 
  92.015   -0.020 0.0 0.0 
  92.045   -0.019 0.0 0.0 
  92.079   -0.017 0.0 0.0 
  92.106   -0.016 0.0 0.0 
  92.139   -0.014 0.0 0.0 
  92.167   -0.012 0.0 0.0 
  92.198   -0.010 0.0 0.0 
  92.227   -0.008 0.0 0.0 
  92.257   -0.006 0.0 0.0 
  92.287   -0.004 0.0 0.0 
  92.321   -0.001 0.0 0.0 
  92.348    0.001 0.0 0.0 
  92.378    0.002 0.0 0.0 
  92.409    0.004 0.0 0.0 
  92.439    0.005 0.0 0.0 
  92.471    0.007 0.0 0.0 
  92.500    0.007 0.0 0.0 
  92.534    0.008 0.0 0.0 
  92.560    0.010 0.0 0.0 
  92.590    0.011 0.0 0.0 
  92.624    0.011 0.0 0.0 
  92.651    0.012 0.0 0.0 
  92.685    0.014 0.0 0.0 
  92.712    0.015 0.0 0.0 
  92.742    0.016 0.0 0.0 
  92.773    0.018 0.0 0.0 
  92.803    0.020 0.0 0.0 
  92.833    0.021 0.0 0.0 
  92.864    0.022 0.0 0.0 
  92.893    0.024 0.0 0.0 
  92.923    0.026 0.0 0.0 
  92.955    0.027 0.0 0.0 
  92.986    0.028 0.0 0.0 
  93.014    0.029 0.0 0.0 
  93.045    0.029 0.0 0.0 
  93.076    0.029 0.0 0.0 
  93.109    0.030 0.0 0.0 
  93.135    0.031 0.0 0.0 
  93.169    0.031 0.0 0.0 
  93.200    0.031 0.0 0.0 
  93.230    0.032 0.0 0.0 
  93.257    0.032 0.0 0.0 
  93.288    0.033 0.0 0.0 
  93.317    0.033 0.0 0.0 
  93.351    0.033 0.0 0.0 
  93.377    0.034 0.0 0.0 
  93.407    0.034 0.0 0.0 
  93.439    0.034 0.0 0.0 
  93.468    0.034 0.0 0.0 
  93.499    0.034 0.0 0.0 
  93.532    0.034 0.0 0.0 
  93.559    0.034 0.0 0.0 
  93.589    0.033 0.0 0.0 
  93.623    0.033 0.0 0.0 
  93.653    0.033 0.0 0.0 
  93.683    0.032 0.0 0.0 
  93.710    0.031 0.0 0.0 
  93.740    0.031 0.0 0.0 
  93.770    0.030 0.0 0.0 
  93.804    0.029 0.0 0.0 
  93.834    0.028 0.0 0.0 
  93.862    0.027 0.0 0.0 
  93.896    0.027 0.0 0.0 
  93.923    0.026 0.0 0.0 
  93.952    0.025 0.0 0.0 
  93.982    0.023 0.0 0.0 
  94.013    0.022 0.0 0.0 
  94.043    0.021 0.0 0.0 
  94.073    0.020 0.0 0.0 
  94.104    0.018 0.0 0.0 
  94.136    0.017 0.0 0.0 
  94.164    0.016 0.0 0.0 
  94.194    0.015 0.0 0.0 
  94.225    0.013 0.0 0.0 
  94.254    0.012 0.0 0.0 
  94.285    0.010 0.0 0.0 
  94.316    0.009 0.0 0.0 
  94.346    0.008 0.0 0.0 
  94.375    0.006 0.0 0.0 
  94.406    0.005 0.0 0.0 
  94.440    0.004 0.0 0.0 
  94.468    0.002 0.0 0.0 
  94.498    0.000 0.0 0.0 
  94.527   -0.002 0.0 0.0 
  94.561   -0.004 0.0 0.0 
  94.591   -0.005 0.0 0.0 
  94.619   -0.007 0.0 0.0 
  94.648   -0.008 0.0 0.0 
  94.682   -0.010 0.0 0.0 
  94.712   -0.012 0.0 0.0 
  94.739   -0.013 0.0 0.0 
  94.769   -0.014 0.0 0.0 
  94.800   -0.016 0.0 0.0 
  94.833   -0.017 0.0 0.0 
  94.861   -0.018 0.0 0.0 
  94.891   -0.019 0.0 0.0 
  94.920   -0.020 0.0 0.0 
  94.953   -0.021 0.0 0.0 
  94.981   -0.023 0.0 0.0 
  95.016   -0.024 0.0 0.0 
  95.046   -0.025 0.0 0.0 
  95.076   -0.026 0.0 0.0 
  95.107   -0.027 0.0 0.0 
  95.136   -0.028 0.0 0.0 
  95.166   -0.029 0.0 0.0 
  95.193   -0.029 0.0 0.0 
  95.223   -0.030 0.0 0.0 
  95.257   -0.031 0.0 0.0 
  95.287   -0.031 0.0 0.0 
  95.315   -0.032 0.0 0.0 
  95.344   -0.032 0.0 0.0 
  95.375   -0.032 0.0 0.0 
  95.404   -0.032 0.0 0.0 
  95.436   -0.033 0.0 0.0 
  95.466   -0.033 0.0 0.0 
  95.496   -0.033 0.0 0.0 
  95.526   -0.033 0.0 0.0 
  95.556   -0.033 0.0 0.0 
  95.587   -0.033 0.0 0.0 
  95.617   -0.032 0.0 0.0 
  95.651   -0.032 0.0 0.0 
  95.677   -0.032 0.0 0.0 
  95.707   -0.031 0.0 0.0 
  95.739   -0.031 0.0 0.0 
  95.772   -0.030 0.0 0.0 
  95.802   -0.030 0.0 0.0 
  95.833   -0.029 0.0 0.0 
  95.859   -0.029 0.0 0.0 
  95.889   -0.027 0.0 0.0 
  95.919   -0.026 0.0 0.0 
  95.949   -0.025 0.0 0.0 
  95.983   -0.024 0.0 0.0 
  96.010   -0.023 0.0 0.0 
  96.044   -0.022 0.0 0.0 
  96.071   -0.021 0.0 0.0 
  96.101   -0.020 0.0 0.0 
  96.131   -0.018 0.0 0.0 
  96.166   -0.017 0.0 0.0 
  96.195   -0.016 0.0 0.0 
  96.223   -0.015 0.0 0.0 
  96.256   -0.013 0.0 0.0 
  96.286   -0.012 0.0 0.0 
  96.316   -0.011 0.0 0.0 
  96.343   -0.010 0.0 0.0 
  96.376   -0.008 0.0 0.0 
  96.407   -0.006 0.0 0.0 
  96.434   -0.005 0.0 0.0 
  96.467   -0.003 0.0 0.0 
  96.498   -0.002 0.0 0.0 
  96.529   -0.000 0.0 0.0 
  96.558    0.001 0.0 0.0 
  96.585    0.003 0.0 0.0 
  96.619    0.004 0.0 0.0 
  96.646    0.006 0.0 0.0 
  96.679    0.008 0.0 0.0 
  96.707    0.009 0.0 0.0 
  96.736    0.011 0.0 0.0 
  96.770    0.012 0.0 0.0 
  96.797    0.014 0.0 0.0 
  96.827    0.015 0.0 0.0 
  96.861    0.016 0.0 0.0 
  96.887    0.018 0.0 0.0 
  96.921    0.019 0.0 0.0 
  96.948    0.021 0.0 0.0 
  96.982    0.022 0.0 0.0 
  97.008    0.023 0.0 0.0 
  97.042    0.025 0.0 0.0 
  97.073    0.026 0.0 0.0 
  97.103    0.027 0.0 0.0 
  97.130    0.028 0.0 0.0 
  97.160    0.029 0.0 0.0 
  97.190    0.029 0.0 0.0 
  97.224    0.030 0.0 0.0 
  97.254    0.030 0.0 0.0 
  97.281    0.031 0.0 0.0 
  97.314    0.031 0.0 0.0 
  97.343    0.031 0.0 0.0 
  97.373    0.032 0.0 0.0 
  97.402    0.032 0.0 0.0 
  97.432    0.033 0.0 0.0 
  97.466    0.033 0.0 0.0 
  97.494    0.033 0.0 0.0 
  97.527    0.034 0.0 0.0 
  97.557    0.034 0.0 0.0 
  97.584    0.034 0.0 0.0 
  97.619    0.033 0.0 0.0 
  97.644    0.033 0.0 0.0 
  97.674    0.033 0.0 0.0 
  97.706    0.032 0.0 0.0 
  97.735    0.031 0.0 0.0 
  97.765    0.030 0.0 0.0 
  97.796    0.029 0.0 0.0 
  97.829    0.028 0.0 0.0 
  97.857    0.027 0.0 0.0 
  97.890    0.025 0.0 0.0 
  97.917    0.024 0.0 0.0 
  97.950    0.023 0.0 0.0 
  97.977    0.022 0.0 0.0 
  98.010    0.021 0.0 0.0 
  98.037    0.020 0.0 0.0 
  98.072    0.019 0.0 0.0 
  98.099    0.018 0.0 0.0 
  98.129    0.017 0.0 0.0 
  98.159    0.016 0.0 0.0 
  98.189    0.014 0.0 0.0 
  98.219    0.013 0.0 0.0 
  98.249    0.012 0.0 0.0 
  98.280    0.010 0.0 0.0 
  98.311    0.009 0.0 0.0 
  98.341    0.007 0.0 0.0 
  98.371    0.006 0.0 0.0 
  98.404    0.004 0.0 0.0 
  98.431    0.003 0.0 0.0 
  98.462    0.002 0.0 0.0 
  98.496    0.000 0.0 0.0 
  98.523   -0.000 0.0 0.0 
  98.556   -0.001 0.0 0.0 
  98.586   -0.002 0.0 0.0 
  98.613   -0.004 0.0 0.0 
  98.643   -0.005 0.0 0.0 
  98.677   -0.006 0.0 0.0 
  98.704   -0.007 0.0 0.0 
  98.738   -0.008 0.0 0.0 
  98.767   -0.010 0.0 0.0 
  98.798   -0.011 0.0 0.0 
  98.824   -0.013 0.0 0.0 
  98.855   -0.014 0.0 0.0 
  98.886   -0.016 0.0 0.0 
  98.920   -0.017 0.0 0.0 
  98.949   -0.019 0.0 0.0 
  98.975   -0.020 0.0 0.0 
  99.007   -0.021 0.0 0.0 
  99.037   -0.022 0.0 0.0 
  99.067   -0.023 0.0 0.0 
  99.097   -0.024 0.0 0.0 
  99.130   -0.025 0.0 0.0 
  99.161   -0.026 0.0 0.0 
  99.188   -0.027 0.0 0.0 
  99.218   -0.028 0.0 0.0 
  99.252   -0.029 0.0 0.0 
  99.278   -0.029 0.0 0.0 
  99.309   -0.030 0.0 0.0 
  99.343   -0.031 0.0 0.0 
  99.370   -0.031 0.0 0.0 
  99.400   -0.032 0.0 0.0 
  99.430   -0.032 0.0 0.0 
  99.461   -0.032 0.0 0.0 
  99.493   -0.032 0.0 0.0 
  99.524   -0.032 0.0 0.0 
  99.555   -0.032 0.0 0.0 
  99.585   -0.032 0.0 0.0 
  99.617   -0.032 0.0 0.0 
  99.646   -0.032 0.0 0.0 
  99.676   -0.032 0.0 0.0 
  99.703   -0.032 0.0 0.0 
  99.733   -0.031 0.0 0.0 
  99.763   -0.031 0.0 0.0 
  99.797   -0.031 0.0 0.0 
  99.824   -0.030 0.0 0.0 
  99.859   -0.029 0.0 0.0 
  99.884   -0.029 0.0 0.0 
  99.915   -0.028 0.0 0.0 
  99.949   -0.027 0.0 0.0 
  99.975   -0.026 0.0 0.0 
 100.006   -0.025 0.0 0.0 
 100.039   -0.024 0.0 0.0 
 100.070   -0.023 0.0 0.0 
 100.099   -0.022 0.0 0.0 
 100.126   -0.021 0.0 0.0 
 100.160   -0.019 0.0 0.0 
 100.187   -0.018 0.0 0.0 
 100.217   -0.016 0.0 0.0 
 100.248   -0.014 0.0 0.0 
 100.278   -0.013 0.0 0.0 
 100.309   -0.011 0.0 0.0 
 100.342   -0.010 0.0 0.0 
 100.372   -0.008 0.0 0.0 
 100.402   -0.006 0.0 0.0 
 100.429   -0.005 0.0 0.0 
 100.459   -0.003 0.0 0.0 
 100.489   -0.002 0.0 0.0 
 100.520   -0.001 0.0 0.0 
 100.555    0.001 0.0 0.0 
 100.584    0.003 0.0 0.0 
 100.611    0.005 0.0 0.0 
 100.641    0.006 0.0 0.0 
 100.675    0.008 0.0 0.0 
 100.702    0.009 0.0 0.0 
 100.737    0.010 0.0 0.0 
 100.765    0.012 0.0 0.0 
 100.792    0.013 0.0 0.0 
 100.826    0.014 0.0 0.0 
 100.853    0.015 0.0 0.0 
 100.886    0.017 0.0 0.0 
 100.914    0.018 0.0 0.0 
 100.947    0.020 0.0 0.0 
 100.974    0.021 0.0 0.0 
 101.004    0.022 0.0 0.0 
 101.038    0.023 0.0 0.0 
 101.066    0.024 0.0 0.0 
 101.095    0.025 0.0 0.0 
 101.125    0.027 0.0 0.0 
 101.159    0.027 0.0 0.0 
 101.185    0.028 0.0 0.0 
 101.216    0.029 0.0 0.0 
 101.247    0.029 0.0 0.0 
 101.277    0.030 0.0 0.0 
 101.310    0.030 0.0 0.0 
 101.337    0.031 0.0 0.0 
 101.368    0.031 0.0 0.0 
 101.401    0.032 0.0 0.0 
 101.428    0.032 0.0 0.0 
 101.458    0.032 0.0 0.0 
 101.489    0.032 0.0 0.0 
 101.519    0.033 0.0 0.0 
 101.549    0.033 0.0 0.0 
 101.580    0.032 0.0 0.0 
 101.610    0.032 0.0 0.0 
 101.644    0.032 0.0 0.0 
 101.674    0.031 0.0 0.0 
 101.702    0.031 0.0 0.0 
 101.731    0.031 0.0 0.0 
 101.762    0.030 0.0 0.0 
 101.795    0.030 0.0 0.0 
 101.823    0.030 0.0 0.0 
 101.852    0.029 0.0 0.0 
 101.886    0.029 0.0 0.0 
 101.912    0.028 0.0 0.0 
 101.943    0.027 0.0 0.0 
 101.973    0.027 0.0 0.0 
 102.007    0.026 0.0 0.0 
 102.035    0.025 0.0 0.0 
 102.067    0.023 0.0 0.0 
 102.094    0.022 0.0 0.0 
 102.124    0.021 0.0 0.0 
 102.155    0.019 0.0 0.0 
 102.185    0.018 0.0 0.0 
 102.215    0.017 0.0 0.0 
 102.249    0.015 0.0 0.0 
 102.275    0.014 0.0 0.0 
 102.307    0.012 0.0 0.0 
 102.337    0.011 0.0 0.0 
 102.370    0.009 0.0 0.0 
 102.396    0.008 0.0 0.0 
 102.427    0.006 0.0 0.0 
 102.461    0.004 0.0 0.0 
 102.490    0.002 0.0 0.0 
 102.517    0.000 0.0 0.0 
 102.547   -0.002 0.0 0.0 
 102.581   -0.004 0.0 0.0 
 102.612   -0.006 0.0 0.0 
 102.639   -0.008 0.0 0.0 
 102.672   -0.009 0.0 0.0 
 102.702   -0.011 0.0 0.0 
 102.733   -0.012 0.0 0.0 
 102.763   -0.014 0.0 0.0 
 102.793   -0.015 0.0 0.0 
 102.823   -0.016 0.0 0.0 
 102.850   -0.016 0.0 0.0 
 102.884   -0.017 0.0 0.0 
 102.911   -0.018 0.0 0.0 
 102.944   -0.019 0.0 0.0 
 102.972   -0.020 0.0 0.0 
 103.004   -0.021 0.0 0.0 
 103.031   -0.021 0.0 0.0 
 103.065   -0.022 0.0 0.0 
 103.096   -0.023 0.0 0.0 
 103.123   -0.024 0.0 0.0 
 103.152   -0.025 0.0 0.0 
 103.184   -0.026 0.0 0.0 
 103.213   -0.027 0.0 0.0 
 103.246   -0.027 0.0 0.0 
 103.274   -0.028 0.0 0.0 
 103.307   -0.029 0.0 0.0 
 103.337   -0.029 0.0 0.0 
 103.367   -0.030 0.0 0.0 
 103.398   -0.030 0.0 0.0 
 103.425   -0.031 0.0 0.0 
 103.455   -0.031 0.0 0.0 
 103.486   -0.031 0.0 0.0 
 103.518   -0.032 0.0 0.0 
 103.546   -0.032 0.0 0.0 
 103.577   -0.032 0.0 0.0 
 103.610   -0.031 0.0 0.0 
 103.637   -0.031 0.0 0.0 
 103.666   -0.030 0.0 0.0 
 103.697   -0.030 0.0 0.0 
 103.727   -0.029 0.0 0.0 
 103.758   -0.028 0.0 0.0 
 103.787   -0.027 0.0 0.0 
 103.818   -0.026 0.0 0.0 
 103.849   -0.025 0.0 0.0 
 103.879   -0.024 0.0 0.0 
 103.912   -0.023 0.0 0.0 
 103.942   -0.023 0.0 0.0 
 103.973   -0.022 0.0 0.0 
 104.000   -0.021 0.0 0.0 
 104.030   -0.021 0.0 0.0 
 104.064   -0.020 0.0 0.0 
 104.094   -0.019 0.0 0.0 
 104.124   -0.018 0.0 0.0 
 104.152   -0.017 0.0 0.0 
 104.181   -0.016 0.0 0.0 
 104.211   -0.016 0.0 0.0 
 104.242   -0.015 0.0 0.0 
 104.272   -0.014 0.0 0.0 
 104.303   -0.013 0.0 0.0 
 104.336   -0.011 0.0 0.0 
 104.364   -0.010 0.0 0.0 
 104.393   -0.008 0.0 0.0 
 104.424   -0.007 0.0 0.0 
 104.454   -0.005 0.0 0.0 
 104.483   -0.004 0.0 0.0 
 104.514   -0.002 0.0 0.0 
 104.544   -0.001 0.0 0.0 
 104.576    0.001 0.0 0.0 
 104.605    0.003 0.0 0.0 
 104.635    0.004 0.0 0.0 
 104.665    0.006 0.0 0.0 
 104.699    0.007 0.0 0.0 
 104.730    0.009 0.0 0.0 
 104.760    0.010 0.0 0.0 
 104.790    0.012 0.0 0.0 
 104.822    0.014 0.0 0.0 
 104.848    0.016 0.0 0.0 
 104.877    0.017 0.0 0.0 
 104.911    0.019 0.0 0.0 
 104.938    0.020 0.0 0.0 
 104.968    0.021 0.0 0.0 
 104.998    0.022 0.0 0.0 
 105.029    0.023 0.0 0.0 
 105.064    0.023 0.0 0.0 
 105.093    0.024 0.0 0.0 
 105.123    0.025 0.0 0.0 
 105.150    0.025 0.0 0.0 
 105.180    0.026 0.0 0.0 
 105.210    0.027 0.0 0.0 
 105.241    0.028 0.0 0.0 
 105.271    0.028 0.0 0.0 
 105.301    0.029 0.0 0.0 
 105.335    0.029 0.0 0.0 
 105.362    0.030 0.0 0.0 
 105.395    0.030 0.0 0.0 
 105.422    0.031 0.0 0.0 
 105.453    0.031 0.0 0.0 
 105.483    0.031 0.0 0.0 
 105.513    0.032 0.0 0.0 
 105.548    0.032 0.0 0.0 
 105.574    0.032 0.0 0.0 
 105.604    0.032 0.0 0.0 
 105.634    0.031 0.0 0.0 
 105.665    0.031 0.0 0.0 
 105.695    0.031 0.0 0.0 
 105.725    0.031 0.0 0.0 
 105.755    0.030 0.0 0.0 
 105.786    0.030 0.0 0.0 
 105.820    0.029 0.0 0.0 
 105.846    0.029 0.0 0.0 
 105.876    0.028 0.0 0.0 
 105.907    0.028 0.0 0.0 
 105.937    0.027 0.0 0.0 
 105.971    0.026 0.0 0.0 
 105.998    0.025 0.0 0.0 
 106.032    0.024 0.0 0.0 
 106.062    0.023 0.0 0.0 
 106.092    0.023 0.0 0.0 
 106.119    0.022 0.0 0.0 
 106.153    0.021 0.0 0.0 
 106.179    0.020 0.0 0.0 
 106.209    0.019 0.0 0.0 
 106.239    0.018 0.0 0.0 
 106.270    0.017 0.0 0.0 
 106.306    0.015 0.0 0.0 
 106.333    0.014 0.0 0.0 
 106.360    0.013 0.0 0.0 
 106.391    0.011 0.0 0.0 
 106.424    0.009 0.0 0.0 
 106.451    0.008 0.0 0.0 
 106.485    0.006 0.0 0.0 
 106.512    0.005 0.0 0.0 
 106.546    0.004 0.0 0.0 
 106.576    0.002 0.0 0.0 
 106.603    0.001 0.0 0.0 
 106.636   -0.001 0.0 0.0 
 106.663   -0.003 0.0 0.0 
 106.694   -0.004 0.0 0.0 
 106.728   -0.006 0.0 0.0 
 106.757   -0.007 0.0 0.0 
 106.784   -0.009 0.0 0.0 
 106.814   -0.010 0.0 0.0 
 106.844   -0.012 0.0 0.0 
 106.875   -0.014 0.0 0.0 
 106.905   -0.015 0.0 0.0 
 106.936   -0.016 0.0 0.0 
 106.969   -0.018 0.0 0.0 
 106.996   -0.019 0.0 0.0 
 107.029   -0.020 0.0 0.0 
 107.056   -0.021 0.0 0.0 
 107.090   -0.023 0.0 0.0 
 107.117   -0.024 0.0 0.0 
 107.147   -0.025 0.0 0.0 
 107.178   -0.025 0.0 0.0 
 107.208   -0.026 0.0 0.0 
 107.238   -0.027 0.0 0.0 
 107.269   -0.027 0.0 0.0 
 107.302   -0.028 0.0 0.0 
 107.331   -0.029 0.0 0.0 
 107.359   -0.029 0.0 0.0 
 107.394   -0.030 0.0 0.0 
 107.422   -0.030 0.0 0.0 
 107.456   -0.031 0.0 0.0 
 107.481   -0.031 0.0 0.0 
 107.514   -0.031 0.0 0.0 
 107.541   -0.032 0.0 0.0 
 107.575   -0.032 0.0 0.0 
 107.602   -0.032 0.0 0.0 
 107.632   -0.031 0.0 0.0 
 107.666   -0.031 0.0 0.0 
 107.692   -0.031 0.0 0.0 
 107.722   -0.030 0.0 0.0 
 107.753   -0.030 0.0 0.0 
 107.787   -0.030 0.0 0.0 
 107.814   -0.029 0.0 0.0 
 107.844   -0.028 0.0 0.0 
 107.878   -0.027 0.0 0.0 
 107.908   -0.026 0.0 0.0 
 107.938   -0.025 0.0 0.0 
 107.965   -0.024 0.0 0.0 
 107.995   -0.023 0.0 0.0 
 108.025   -0.022 0.0 0.0 
 108.060   -0.021 0.0 0.0 
 108.086   -0.020 0.0 0.0 
 108.117   -0.019 0.0 0.0 
 108.152   -0.018 0.0 0.0 
 108.182   -0.017 0.0 0.0 
 108.207   -0.017 0.0 0.0 
 108.237   -0.016 0.0 0.0 
 108.267   -0.015 0.0 0.0 
 108.298   -0.014 0.0 0.0 
 108.328   -0.013 0.0 0.0 
 108.358   -0.012 0.0 0.0 
 108.389   -0.011 0.0 0.0 
 108.422   -0.009 0.0 0.0 
 108.450   -0.008 0.0 0.0 
 108.480   -0.007 0.0 0.0 
 108.510   -0.006 0.0 0.0 
 108.540   -0.004 0.0 0.0 
 108.570   -0.002 0.0 0.0 
 108.601   -0.000 0.0 0.0 
 108.631    0.002 0.0 0.0 
 108.665    0.004 0.0 0.0 
 108.691    0.006 0.0 0.0 
 108.722    0.008 0.0 0.0 
 108.756    0.010 0.0 0.0 
 108.782    0.012 0.0 0.0 
 108.812    0.014 0.0 0.0 
 108.842    0.016 0.0 0.0 
 108.873    0.018 0.0 0.0 
 108.904    0.019 0.0 0.0 
 108.934    0.020 0.0 0.0 
 108.969    0.021 0.0 0.0 
 108.994    0.022 0.0 0.0 
 109.025    0.023 0.0 0.0 
 109.055    0.024 0.0 0.0 
 109.085    0.025 0.0 0.0 
 109.115    0.026 0.0 0.0 
 109.149    0.027 0.0 0.0 
 109.176    0.027 0.0 0.0 
 109.209    0.028 0.0 0.0 
 109.236    0.028 0.0 0.0 
 109.267    0.029 0.0 0.0 
 109.298    0.029 0.0 0.0 
 109.327    0.029 0.0 0.0 
 109.357    0.030 0.0 0.0 
 109.388    0.030 0.0 0.0 
 109.418    0.030 0.0 0.0 
 109.448    0.030 0.0 0.0 
 109.478    0.030 0.0 0.0 
 109.508    0.030 0.0 0.0 
 109.543    0.030 0.0 0.0 
 109.573    0.030 0.0 0.0 
 109.599    0.030 0.0 0.0 
 109.631    0.030 0.0 0.0 
 109.660    0.030 0.0 0.0 
 109.690    0.030 0.0 0.0 
 109.720    0.030 0.0 0.0 
 109.751    0.030 0.0 0.0 
 109.781    0.030 0.0 0.0 
 109.811    0.030 0.0 0.0 
 109.841    0.029 0.0 0.0 
 109.871    0.029 0.0 0.0 
 109.902    0.028 0.0 0.0 
 109.932    0.027 0.0 0.0 
 109.962    0.026 0.0 0.0 
 109.993    0.026 0.0 0.0 
 110.023    0.025 0.0 0.0 
 110.053    0.024 0.0 0.0 
 110.087    0.023 0.0 0.0 
 110.114    0.021 0.0 0.0 
 110.148    0.020 0.0 0.0 
 110.177    0.019 0.0 0.0 
 110.204    0.017 0.0 0.0 
 110.238    0.016 0.0 0.0 
 110.265    0.015 0.0 0.0 
 110.295    0.013 0.0 0.0 
 110.331    0.012 0.0 0.0 
 110.362    0.011 0.0 0.0 
 110.386    0.009 0.0 0.0 
 110.419    0.008 0.0 0.0 
 110.446    0.007 0.0 0.0 
 110.477    0.006 0.0 0.0 
 110.511    0.004 0.0 0.0 
 110.537    0.003 0.0 0.0 
 110.568    0.002 0.0 0.0 
 110.601    0.000 0.0 0.0 
 110.628   -0.001 0.0 0.0 
 110.658   -0.003 0.0 0.0 
 110.692   -0.004 0.0 0.0 
 110.722   -0.006 0.0 0.0 
 110.752   -0.007 0.0 0.0 
 110.779   -0.008 0.0 0.0 
 110.813   -0.009 0.0 0.0 
 110.846   -0.010 0.0 0.0 
 110.870   -0.012 0.0 0.0 
 110.900   -0.012 0.0 0.0 
 110.931   -0.013 0.0 0.0 
 110.961   -0.014 0.0 0.0 
 110.994   -0.016 0.0 0.0 
 111.021   -0.017 0.0 0.0 
 111.055   -0.018 0.0 0.0 
 111.083   -0.020 0.0 0.0 
 111.117   -0.021 0.0 0.0 
 111.142   -0.022 0.0 0.0 
 111.175   -0.024 0.0 0.0 
 111.203   -0.025 0.0 0.0 
 111.237   -0.026 0.0 0.0 
 111.263   -0.027 0.0 0.0 
 111.294   -0.028 0.0 0.0 
 111.327   -0.029 0.0 0.0 
 111.354   -0.029 0.0 0.0 
 111.388   -0.030 0.0 0.0 
 111.418   -0.030 0.0 0.0 
 111.445   -0.031 0.0 0.0 
 111.475   -0.031 0.0 0.0 
 111.509   -0.032 0.0 0.0 
 111.540   -0.032 0.0 0.0 
 111.566   -0.032 0.0 0.0 
 111.596   -0.032 0.0 0.0 
 111.626   -0.032 0.0 0.0 
 111.726   -0.031 0.0 0.0 
 111.763   -0.031 0.0 0.0 
 111.782   -0.031 0.0 0.0 
 111.809   -0.030 0.0 0.0 
 111.840   -0.030 0.0 0.0 
 111.870   -0.030 0.0 0.0 
 111.903   -0.029 0.0 0.0 
 111.930   -0.028 0.0 0.0 
 111.965   -0.028 0.0 0.0 
 111.995   -0.027 0.0 0.0 
 112.023   -0.027 0.0 0.0 
 112.053   -0.026 0.0 0.0 
 112.086   -0.025 0.0 0.0 
 112.116   -0.024 0.0 0.0 
 112.144   -0.024 0.0 0.0 
 112.178   -0.023 0.0 0.0 
 112.204   -0.022 0.0 0.0 
 112.237   -0.021 0.0 0.0 
 112.264   -0.020 0.0 0.0 
 112.295   -0.018 0.0 0.0 
 112.325   -0.016 0.0 0.0 
 112.359   -0.015 0.0 0.0 
 112.388   -0.013 0.0 0.0 
 112.419   -0.012 0.0 0.0 
 112.446   -0.010 0.0 0.0 
 112.476   -0.008 0.0 0.0 
 112.512   -0.006 0.0 0.0 
 112.539   -0.004 0.0 0.0 
 112.569   -0.003 0.0 0.0 
 112.600   -0.001 0.0 0.0 
 112.629   -0.001 0.0 0.0 
 112.660    0.000 0.0 0.0 
 112.690    0.001 0.0 0.0 
 112.721    0.003 0.0 0.0 
 112.750    0.003 0.0 0.0 
 112.783    0.004 0.0 0.0 
 112.811    0.006 0.0 0.0 
 112.843    0.007 0.0 0.0 
 112.873    0.008 0.0 0.0 
 112.902    0.009 0.0 0.0 
 112.937    0.011 0.0 0.0 
 112.966    0.012 0.0 0.0 
 112.996    0.014 0.0 0.0 
 113.027    0.015 0.0 0.0 
 113.054    0.017 0.0 0.0 
 113.085    0.018 0.0 0.0 
 113.114    0.019 0.0 0.0 
 113.144    0.020 0.0 0.0 
 113.174    0.021 0.0 0.0 
 113.205    0.022 0.0 0.0 
 113.240    0.023 0.0 0.0 
 113.265    0.023 0.0 0.0 
 113.296    0.024 0.0 0.0 
 113.329    0.025 0.0 0.0 
 113.360    0.025 0.0 0.0 
 113.386    0.026 0.0 0.0 
 113.417    0.027 0.0 0.0 
 113.450    0.028 0.0 0.0 
 113.481    0.028 0.0 0.0 
 113.507    0.029 0.0 0.0 
 113.541    0.029 0.0 0.0 
 113.571    0.030 0.0 0.0 
 113.598    0.030 0.0 0.0 
 113.628    0.030 0.0 0.0 
 113.658    0.030 0.0 0.0 
 113.692    0.030 0.0 0.0 
 113.719    0.030 0.0 0.0 
 113.752    0.030 0.0 0.0 
 113.780    0.030 0.0 0.0 
 113.813    0.029 0.0 0.0 
 113.840    0.029 0.0 0.0 
 113.874    0.028 0.0 0.0 
 113.904    0.028 0.0 0.0 
 113.934    0.028 0.0 0.0 
 113.962    0.027 0.0 0.0 
 113.994    0.027 0.0 0.0 
 114.022    0.026 0.0 0.0 
 114.055    0.025 0.0 0.0 
 114.082    0.024 0.0 0.0 
 114.116    0.024 0.0 0.0 
 114.142    0.022 0.0 0.0 
 114.176    0.021 0.0 0.0 
 114.203    0.020 0.0 0.0 
 114.233    0.019 0.0 0.0 
 114.267    0.018 0.0 0.0 
 114.294    0.016 0.0 0.0 
 114.327    0.015 0.0 0.0 
 114.357    0.013 0.0 0.0 
 114.385    0.011 0.0 0.0 
 114.415    0.010 0.0 0.0 
 114.449    0.008 0.0 0.0 
 114.478    0.007 0.0 0.0 
 114.509    0.005 0.0 0.0 
 114.536    0.004 0.0 0.0 
 114.570    0.002 0.0 0.0 
 114.599    0.000 0.0 0.0 
 114.626   -0.001 0.0 0.0 
 114.657   -0.003 0.0 0.0 
 114.687   -0.005 0.0 0.0 
 114.718   -0.006 0.0 0.0 
 114.747   -0.008 0.0 0.0 
 114.778   -0.009 0.0 0.0 
 114.808   -0.011 0.0 0.0 
 114.838   -0.012 0.0 0.0 
 114.869   -0.013 0.0 0.0 
 114.899   -0.014 0.0 0.0 
 114.932   -0.015 0.0 0.0 
 114.960   -0.016 0.0 0.0 
 114.990   -0.017 0.0 0.0 
 115.020   -0.018 0.0 0.0 
 115.050   -0.018 0.0 0.0 
 115.083   -0.019 0.0 0.0 
 115.111   -0.020 0.0 0.0 
 115.141   -0.021 0.0 0.0 
 115.175   -0.022 0.0 0.0 
 115.202   -0.023 0.0 0.0 
 115.236   -0.024 0.0 0.0 
 115.263   -0.024 0.0 0.0 
 115.293   -0.025 0.0 0.0 
 115.327   -0.026 0.0 0.0 
 115.353   -0.027 0.0 0.0 
 115.383   -0.027 0.0 0.0 
 115.414   -0.028 0.0 0.0 
 115.449   -0.029 0.0 0.0 
 115.474   -0.029 0.0 0.0 
 115.508   -0.030 0.0 0.0 
 115.538   -0.030 0.0 0.0 
 115.566   -0.030 0.0 0.0 
 115.598   -0.031 0.0 0.0 
 115.628   -0.031 0.0 0.0 
 115.656   -0.031 0.0 0.0 
 115.686   -0.031 0.0 0.0 
 115.716   -0.030 0.0 0.0 
 115.748   -0.030 0.0 0.0 
 115.778   -0.030 0.0 0.0 
 115.808   -0.030 0.0 0.0 
 115.841   -0.029 0.0 0.0 
 115.869   -0.029 0.0 0.0 
 115.898   -0.028 0.0 0.0 
 115.928   -0.027 0.0 0.0 
 115.958   -0.027 0.0 0.0 
 115.993   -0.026 0.0 0.0 
 116.020   -0.026 0.0 0.0 
 116.050   -0.025 0.0 0.0 
 116.080   -0.024 0.0 0.0 
 116.110   -0.023 0.0 0.0 
 116.140   -0.022 0.0 0.0 
 116.170   -0.021 0.0 0.0 
 116.204   -0.020 0.0 0.0 
 116.234   -0.019 0.0 0.0 
 116.264   -0.017 0.0 0.0 
 116.292   -0.016 0.0 0.0 
 116.322   -0.015 0.0 0.0 
 116.352   -0.013 0.0 0.0 
 116.382   -0.012 0.0 0.0 
 116.416   -0.010 0.0 0.0 
 116.446   -0.009 0.0 0.0 
 116.473   -0.007 0.0 0.0 
 116.504   -0.006 0.0 0.0 
 116.534   -0.004 0.0 0.0 
 116.565   -0.003 0.0 0.0 
 116.598   -0.001 0.0 0.0 
 116.625    0.000 0.0 0.0 
 116.658    0.001 0.0 0.0 
 116.687    0.003 0.0 0.0 
 116.716    0.004 0.0 0.0 
 116.747    0.006 0.0 0.0 
 116.779    0.007 0.0 0.0 
 116.805    0.008 0.0 0.0 
 116.837    0.010 0.0 0.0 
 116.866    0.011 0.0 0.0 
 116.896    0.012 0.0 0.0 
 116.930    0.014 0.0 0.0 
 116.961    0.015 0.0 0.0 
 116.991    0.017 0.0 0.0 
 117.021    0.018 0.0 0.0 
 117.051    0.019 0.0 0.0 
 117.081    0.020 0.0 0.0 
 117.108    0.021 0.0 0.0 
 117.142    0.023 0.0 0.0 
 117.169    0.023 0.0 0.0 
 117.203    0.024 0.0 0.0 
 117.229    0.024 0.0 0.0 
 117.260    0.025 0.0 0.0 
 117.289    0.025 0.0 0.0 
 117.321    0.026 0.0 0.0 
 117.354    0.027 0.0 0.0 
 117.381    0.027 0.0 0.0 
 117.411    0.028 0.0 0.0 
 117.442    0.028 0.0 0.0 
 117.472    0.029 0.0 0.0 
 117.505    0.029 0.0 0.0 
 117.535    0.029 0.0 0.0 
 117.562    0.030 0.0 0.0 
 117.592    0.030 0.0 0.0 
 117.623    0.030 0.0 0.0 
 117.656    0.030 0.0 0.0 
 117.684    0.030 0.0 0.0 
 117.714    0.030 0.0 0.0 
 117.745    0.030 0.0 0.0 
 117.774    0.030 0.0 0.0 
 117.804    0.029 0.0 0.0 
 117.838    0.029 0.0 0.0 
 117.869    0.028 0.0 0.0 
 117.899    0.028 0.0 0.0 
 117.927    0.027 0.0 0.0 
 117.956    0.027 0.0 0.0 
 117.986    0.026 0.0 0.0 
 118.016    0.025 0.0 0.0 
 118.051    0.025 0.0 0.0 
 118.078    0.024 0.0 0.0 
 118.108    0.023 0.0 0.0 
 118.138    0.023 0.0 0.0 
 118.167    0.022 0.0 0.0 
 118.201    0.021 0.0 0.0 
 118.229    0.020 0.0 0.0 
 118.259    0.019 0.0 0.0 
 118.292    0.018 0.0 0.0 
 118.322    0.017 0.0 0.0 
 118.353    0.016 0.0 0.0 
 118.380    0.014 0.0 0.0 
 118.410    0.013 0.0 0.0 
 118.441    0.012 0.0 0.0 
 118.471    0.010 0.0 0.0 
 118.501    0.009 0.0 0.0 
 118.533    0.008 0.0 0.0 
 118.562    0.006 0.0 0.0 
 118.591    0.004 0.0 0.0 
 118.622    0.002 0.0 0.0 
 118.652    0.001 0.0 0.0 
 118.682   -0.001 0.0 0.0 
 118.713   -0.002 0.0 0.0 
 118.747   -0.004 0.0 0.0 
 118.773   -0.005 0.0 0.0 
 118.807   -0.007 0.0 0.0 
 118.837   -0.008 0.0 0.0 
 118.863   -0.010 0.0 0.0 
 118.894   -0.011 0.0 0.0 
 118.925   -0.012 0.0 0.0 
 118.956   -0.012 0.0 0.0 
 118.987   -0.013 0.0 0.0 
 119.016   -0.014 0.0 0.0 
 119.046   -0.016 0.0 0.0 
 119.076   -0.017 0.0 0.0 
 119.106   -0.018 0.0 0.0 
 119.140   -0.019 0.0 0.0 
 119.166   -0.020 0.0 0.0 
 119.200   -0.021 0.0 0.0 
 119.231   -0.022 0.0 0.0 
 119.258   -0.023 0.0 0.0 
 119.289   -0.024 0.0 0.0 
 119.318   -0.025 0.0 0.0 
 119.351   -0.026 0.0 0.0 
 119.379   -0.026 0.0 0.0 
 119.485   -0.027 0.0 0.0 
 119.511   -0.027 0.0 0.0 
 119.533   -0.028 0.0 0.0 
 119.562   -0.028 0.0 0.0 
 119.593   -0.029 0.0 0.0 
 119.627   -0.029 0.0 0.0 
 119.657   -0.029 0.0 0.0 
 119.683   -0.029 0.0 0.0 
 119.717   -0.029 0.0 0.0 
 119.748   -0.029 0.0 0.0 
 119.775   -0.029 0.0 0.0 
 119.806   -0.029 0.0 0.0 
 119.836   -0.029 0.0 0.0 
 119.870   -0.029 0.0 0.0 
 119.901   -0.029 0.0 0.0 
 119.927   -0.028 0.0 0.0 
 119.958   -0.028 0.0 0.0 
 119.988   -0.028 0.0 0.0 
 120.018   -0.027 0.0 0.0 
 120.052   -0.027 0.0 0.0 
 120.083   -0.026 0.0 0.0 
 120.112   -0.025 0.0 0.0 
 120.139   -0.024 0.0 0.0 
 120.170   -0.023 0.0 0.0 
 120.199   -0.022 0.0 0.0 
 120.230   -0.021 0.0 0.0 
 120.260   -0.019 0.0 0.0 
 120.291   -0.018 0.0 0.0 
 120.321   -0.017 0.0 0.0 
 120.350   -0.016 0.0 0.0 
 120.382   -0.015 0.0 0.0 
 120.413   -0.014 0.0 0.0 
 120.443   -0.012 0.0 0.0 
 120.473   -0.011 0.0 0.0 
 120.507   -0.010 0.0 0.0 
 120.538   -0.009 0.0 0.0 
 120.564   -0.007 0.0 0.0 
 120.594   -0.006 0.0 0.0 
 120.625   -0.005 0.0 0.0 
 120.659   -0.004 0.0 0.0 
 120.686   -0.002 0.0 0.0 
 120.720   -0.001 0.0 0.0 
 120.746    0.000 0.0 0.0 
 120.776    0.001 0.0 0.0 
 120.806    0.002 0.0 0.0 
 120.840    0.003 0.0 0.0 
 120.867    0.004 0.0 0.0 
 120.898    0.006 0.0 0.0 
 120.928    0.008 0.0 0.0 
 120.961    0.010 0.0 0.0 
 120.991    0.011 0.0 0.0 
 121.022    0.013 0.0 0.0 
 121.053    0.015 0.0 0.0 
 121.080    0.016 0.0 0.0 
 121.110    0.018 0.0 0.0 
 121.144    0.019 0.0 0.0 
 121.174    0.020 0.0 0.0 
 121.204    0.022 0.0 0.0 
 121.231    0.022 0.0 0.0 
 121.261    0.023 0.0 0.0 
 121.291    0.024 0.0 0.0 
 121.324    0.024 0.0 0.0 
 121.356    0.025 0.0 0.0 
 121.386    0.025 0.0 0.0 
 121.415    0.026 0.0 0.0 
 121.446    0.026 0.0 0.0 
 121.473    0.027 0.0 0.0 
 121.507    0.028 0.0 0.0 
 121.533    0.028 0.0 0.0 
 121.563    0.028 0.0 0.0 
 121.594    0.029 0.0 0.0 
 121.624    0.029 0.0 0.0 
 121.654    0.030 0.0 0.0 
 121.688    0.030 0.0 0.0 
 121.714    0.030 0.0 0.0 
 121.745    0.030 0.0 0.0 
 121.775    0.030 0.0 0.0 
 121.806    0.030 0.0 0.0 
 121.836    0.029 0.0 0.0 
 121.866    0.029 0.0 0.0 
 121.900    0.028 0.0 0.0 
 121.931    0.028 0.0 0.0 
 121.956    0.027 0.0 0.0 
 121.987    0.027 0.0 0.0 
 122.021    0.026 0.0 0.0 
 122.051    0.025 0.0 0.0 
 122.081    0.024 0.0 0.0 
 122.108    0.023 0.0 0.0 
 122.142    0.023 0.0 0.0 
 122.172    0.022 0.0 0.0 
 122.203    0.021 0.0 0.0 
 122.233    0.020 0.0 0.0 
 122.263    0.019 0.0 0.0 
 122.294    0.018 0.0 0.0 
 122.324    0.017 0.0 0.0 
 122.350    0.016 0.0 0.0 
 122.380    0.014 0.0 0.0 
 122.415    0.013 0.0 0.0 
 122.444    0.012 0.0 0.0 
 122.475    0.011 0.0 0.0 
 122.505    0.010 0.0 0.0 
 122.535    0.009 0.0 0.0 
 122.565    0.007 0.0 0.0 
 122.592    0.005 0.0 0.0 
 122.624    0.003 0.0 0.0 
 122.652    0.001 0.0 0.0 
 122.687   -0.000 0.0 0.0 
 122.713   -0.002 0.0 0.0 
 122.744   -0.004 0.0 0.0 
 122.774   -0.006 0.0 0.0 
 122.807   -0.008 0.0 0.0 
 122.835   -0.009 0.0 0.0 
 122.866   -0.011 0.0 0.0 
 122.895   -0.011 0.0 0.0 
 122.929   -0.012 0.0 0.0 
 122.959   -0.013 0.0 0.0 
 122.985   -0.014 0.0 0.0 
 123.016   -0.015 0.0 0.0 
 123.049   -0.017 0.0 0.0 
 123.080   -0.018 0.0 0.0 
 123.111   -0.019 0.0 0.0 
 123.141   -0.020 0.0 0.0 
 123.171   -0.021 0.0 0.0 
 123.198   -0.022 0.0 0.0 
 123.227   -0.023 0.0 0.0 
 123.258   -0.024 0.0 0.0 
 123.289   -0.025 0.0 0.0 
 123.318   -0.025 0.0 0.0 
 123.349   -0.026 0.0 0.0 
 123.379   -0.026 0.0 0.0 
 123.413   -0.026 0.0 0.0 
 123.440   -0.027 0.0 0.0 
 123.469   -0.028 0.0 0.0 
 123.500   -0.028 0.0 0.0 
 123.533   -0.028 0.0 0.0 
 123.560   -0.029 0.0 0.0 
 123.591   -0.029 0.0 0.0 
 123.625   -0.029 0.0 0.0 
 123.652   -0.029 0.0 0.0 
 123.685   -0.029 0.0 0.0 
 123.712   -0.029 0.0 0.0 
 123.742   -0.029 0.0 0.0 
 123.772   -0.029 0.0 0.0 
 123.803   -0.029 0.0 0.0 
 123.836   -0.028 0.0 0.0 
 123.867   -0.028 0.0 0.0 
 123.893   -0.027 0.0 0.0 
 123.925   -0.027 0.0 0.0 
 123.954   -0.026 0.0 0.0 
 123.985   -0.026 0.0 0.0 
 124.014   -0.025 0.0 0.0 
 124.045   -0.025 0.0 0.0 
 124.074   -0.024 0.0 0.0 
 124.108   -0.023 0.0 0.0 
 124.135   -0.022 0.0 0.0 
 124.169   -0.021 0.0 0.0 
 124.195   -0.021 0.0 0.0 
 124.229   -0.020 0.0 0.0 
 124.260   -0.019 0.0 0.0 
 124.290   -0.018 0.0 0.0 
 124.320   -0.017 0.0 0.0 
 124.350   -0.015 0.0 0.0 
 124.378   -0.014 0.0 0.0 
 124.411   -0.013 0.0 0.0 
 124.438   -0.012 0.0 0.0 
 124.467   -0.011 0.0 0.0 
 124.499   -0.010 0.0 0.0 
 124.529   -0.008 0.0 0.0 
 124.562   -0.007 0.0 0.0 
 124.592   -0.005 0.0 0.0 
 124.620   -0.003 0.0 0.0 
 124.653   -0.001 0.0 0.0 
 124.679    0.001 0.0 0.0 
 124.713    0.003 0.0 0.0 
 124.744    0.005 0.0 0.0 
 124.774    0.007 0.0 0.0 
 124.804    0.010 0.0 0.0 
 124.831    0.012 0.0 0.0 
 124.861    0.013 0.0 0.0 
 124.891    0.015 0.0 0.0 
 124.922    0.016 0.0 0.0 
 124.953    0.017 0.0 0.0 
 124.983    0.018 0.0 0.0 
 125.016    0.019 0.0 0.0 
 125.043    0.019 0.0 0.0 
 125.072    0.020 0.0 0.0 
 125.102    0.021 0.0 0.0 
 125.134    0.021 0.0 0.0 
 125.167    0.022 0.0 0.0 
 125.195    0.023 0.0 0.0 
 125.224    0.023 0.0 0.0 
 125.254    0.024 0.0 0.0 
 125.285    0.025 0.0 0.0 
 125.315    0.025 0.0 0.0 
 125.345    0.026 0.0 0.0 
 125.375    0.027 0.0 0.0 
 125.408    0.028 0.0 0.0 
 125.440    0.028 0.0 0.0 
 125.466    0.028 0.0 0.0 
 125.496    0.029 0.0 0.0 
 125.526    0.029 0.0 0.0 
 125.556    0.029 0.0 0.0 
 125.587    0.029 0.0 0.0 
 125.617    0.029 0.0 0.0 
 125.651    0.028 0.0 0.0 
 125.681    0.028 0.0 0.0 
 125.709    0.028 0.0 0.0 
 125.743    0.027 0.0 0.0 
 125.773    0.027 0.0 0.0 
 125.799    0.027 0.0 0.0 
 125.833    0.026 0.0 0.0 
 125.863    0.025 0.0 0.0 
 125.893    0.025 0.0 0.0 
 125.924    0.025 0.0 0.0 
 125.954    0.024 0.0 0.0 
 125.984    0.024 0.0 0.0 
 126.014    0.023 0.0 0.0 
 126.042    0.023 0.0 0.0 
 126.076    0.022 0.0 0.0 
 126.102    0.021 0.0 0.0 
 126.136    0.021 0.0 0.0 
 126.163    0.020 0.0 0.0 
 126.192    0.019 0.0 0.0 
 126.222    0.018 0.0 0.0 
 126.253    0.017 0.0 0.0 
 126.284    0.015 0.0 0.0 
 126.318    0.014 0.0 0.0 
 126.344    0.012 0.0 0.0 
 126.374    0.011 0.0 0.0 
 126.404    0.009 0.0 0.0 
 126.436    0.008 0.0 0.0 
 126.465    0.006 0.0 0.0 
 126.495    0.005 0.0 0.0 
 126.525    0.003 0.0 0.0 
 126.555    0.002 0.0 0.0 
 126.590    0.001 0.0 0.0 
 126.620    0.000 0.0 0.0 
 126.647   -0.000 0.0 0.0 
 126.677   -0.001 0.0 0.0 
 126.709   -0.002 0.0 0.0 
 126.738   -0.003 0.0 0.0 
 126.768   -0.004 0.0 0.0 
 126.801   -0.005 0.0 0.0 
 126.831   -0.006 0.0 0.0 
 126.862   -0.007 0.0 0.0 
 126.888   -0.008 0.0 0.0 
 126.920   -0.009 0.0 0.0 
 126.950   -0.010 0.0 0.0 
 126.983   -0.011 0.0 0.0 
 127.010   -0.013 0.0 0.0 
 127.040   -0.014 0.0 0.0 
 127.070   -0.015 0.0 0.0 
 127.100   -0.016 0.0 0.0 
 127.131   -0.017 0.0 0.0 
 127.161   -0.018 0.0 0.0 
 127.191   -0.019 0.0 0.0 
 127.225   -0.021 0.0 0.0 
 127.255   -0.021 0.0 0.0 
 127.282   -0.022 0.0 0.0 
 127.313   -0.023 0.0 0.0 
 127.343   -0.023 0.0 0.0 
 127.377   -0.024 0.0 0.0 
 127.408   -0.025 0.0 0.0 
 127.438   -0.026 0.0 0.0 
 127.464   -0.026 0.0 0.0 
 127.494   -0.027 0.0 0.0 
 127.524   -0.027 0.0 0.0 
 127.555   -0.027 0.0 0.0 
 127.588   -0.027 0.0 0.0 
 127.616   -0.028 0.0 0.0 
 127.711   -0.028 0.0 0.0 
 127.742   -0.028 0.0 0.0 
 127.765   -0.028 0.0 0.0 
 127.791   -0.028 0.0 0.0 
 127.822   -0.028 0.0 0.0 
 127.852   -0.028 0.0 0.0 
 127.882   -0.028 0.0 0.0 
 127.912   -0.027 0.0 0.0 
 127.943   -0.027 0.0 0.0 
 127.973   -0.026 0.0 0.0 
 128.003   -0.026 0.0 0.0 
 128.031   -0.026 0.0 0.0 
 128.064   -0.025 0.0 0.0 
 128.092   -0.025 0.0 0.0 
 128.125   -0.024 0.0 0.0 
 128.157   -0.023 0.0 0.0 
 128.183   -0.023 0.0 0.0 
 128.214   -0.022 0.0 0.0 
 128.244   -0.021 0.0 0.0 
 128.275   -0.021 0.0 0.0 
 128.305   -0.020 0.0 0.0 
 128.335   -0.019 0.0 0.0 
 128.369   -0.018 0.0 0.0 
 128.399   -0.016 0.0 0.0 
 128.426   -0.015 0.0 0.0 
 128.459   -0.014 0.0 0.0 
 128.490   -0.013 0.0 0.0 
 128.517   -0.012 0.0 0.0 
 128.551   -0.011 0.0 0.0 
 128.577   -0.009 0.0 0.0 
 128.607   -0.008 0.0 0.0 
 128.711   -0.006 0.0 0.0 
 128.745   -0.004 0.0 0.0 
 128.764   -0.002 0.0 0.0 
 128.795   -0.001 0.0 0.0 
 128.823    0.001 0.0 0.0 
 128.853    0.003 0.0 0.0 
 128.886    0.004 0.0 0.0 
 128.913    0.006 0.0 0.0 
 128.943    0.007 0.0 0.0 
 128.978    0.009 0.0 0.0 
 129.005    0.010 0.0 0.0 
 129.036    0.010 0.0 0.0 
 129.069    0.011 0.0 0.0 
 129.100    0.012 0.0 0.0 
 129.127    0.013 0.0 0.0 
 129.157    0.014 0.0 0.0 
 129.187    0.015 0.0 0.0 
 129.217    0.016 0.0 0.0 
 129.248    0.017 0.0 0.0 
 129.281    0.018 0.0 0.0 
 129.312    0.019 0.0 0.0 
 129.339    0.019 0.0 0.0 
 129.369    0.020 0.0 0.0 
 129.399    0.021 0.0 0.0 
 129.429    0.022 0.0 0.0 
 129.463    0.023 0.0 0.0 
 129.490    0.024 0.0 0.0 
 129.520    0.025 0.0 0.0 
 129.551    0.026 0.0 0.0 
 129.581    0.027 0.0 0.0 
 129.612    0.028 0.0 0.0 
 129.646    0.028 0.0 0.0 
 129.675    0.028 0.0 0.0 
 129.702    0.029 0.0 0.0 
 129.732    0.029 0.0 0.0 
 129.766    0.029 0.0 0.0 
 129.796    0.029 0.0 0.0 
 129.823    0.029 0.0 0.0 
 129.859    0.029 0.0 0.0 
 129.885    0.029 0.0 0.0 
 129.914    0.028 0.0 0.0 
 129.944    0.028 0.0 0.0 
 129.978    0.028 0.0 0.0 
 130.008    0.027 0.0 0.0 
 130.036    0.027 0.0 0.0 
 130.065    0.026 0.0 0.0 
 130.096    0.025 0.0 0.0 
 130.125    0.024 0.0 0.0 
 130.160    0.023 0.0 0.0 
 130.192    0.022 0.0 0.0 
 130.220    0.021 0.0 0.0 
 130.250    0.020 0.0 0.0 
 130.278    0.019 0.0 0.0 
 130.308    0.018 0.0 0.0 
 130.338    0.017 0.0 0.0 
 130.368    0.017 0.0 0.0 
 130.399    0.016 0.0 0.0 
 130.429    0.015 0.0 0.0 
 130.463    0.013 0.0 0.0 
 130.493    0.012 0.0 0.0 
 130.520    0.010 0.0 0.0 
 130.553    0.009 0.0 0.0 
 130.580    0.007 0.0 0.0 
 130.610    0.006 0.0 0.0 
 130.641    0.004 0.0 0.0 
 130.671    0.003 0.0 0.0 
 130.701    0.001 0.0 0.0 
 130.737   -0.000 0.0 0.0 
 130.767   -0.001 0.0 0.0 
 130.793   -0.002 0.0 0.0 
 130.828   -0.003 0.0 0.0 
 130.858   -0.005 0.0 0.0 
 130.888   -0.006 0.0 0.0 
 130.915   -0.007 0.0 0.0 
 130.944   -0.008 0.0 0.0 
 130.975   -0.010 0.0 0.0 
 131.006   -0.011 0.0 0.0 
 131.036   -0.012 0.0 0.0 
 131.066   -0.014 0.0 0.0 
 131.096   -0.015 0.0 0.0 
 131.126   -0.016 0.0 0.0 
 131.157   -0.018 0.0 0.0 
 131.187   -0.019 0.0 0.0 
 131.220   -0.020 0.0 0.0 
 131.247   -0.021 0.0 0.0 
 131.277   -0.022 0.0 0.0 
 131.308   -0.022 0.0 0.0 
 131.342   -0.023 0.0 0.0 
 131.372   -0.024 0.0 0.0 
 131.402   -0.025 0.0 0.0 
 131.429   -0.025 0.0 0.0 
 131.460   -0.026 0.0 0.0 
 131.490   -0.026 0.0 0.0 
 131.520   -0.026 0.0 0.0 
 131.553   -0.027 0.0 0.0 
 131.584   -0.027 0.0 0.0 
 131.611   -0.027 0.0 0.0 
 131.645   -0.028 0.0 0.0 
 131.675   -0.028 0.0 0.0 
 131.702   -0.028 0.0 0.0 
 131.732   -0.028 0.0 0.0 
 131.766   -0.028 0.0 0.0 
 131.792   -0.028 0.0 0.0 
 131.826   -0.028 0.0 0.0 
 131.852   -0.028 0.0 0.0 
 131.883   -0.028 0.0 0.0 
 131.913   -0.027 0.0 0.0 
 131.943   -0.027 0.0 0.0 
 131.974   -0.026 0.0 0.0 
 132.004   -0.026 0.0 0.0 
 132.034   -0.026 0.0 0.0 
 132.069   -0.025 0.0 0.0 
 132.099   -0.024 0.0 0.0 
 132.125   -0.023 0.0 0.0 
 132.155   -0.023 0.0 0.0 
 132.188   -0.022 0.0 0.0 
 132.216   -0.021 0.0 0.0 
 132.249   -0.020 0.0 0.0 
 132.280   -0.019 0.0 0.0 
 132.306   -0.018 0.0 0.0 
 132.336   -0.017 0.0 0.0 
 132.367   -0.016 0.0 0.0 
 132.397   -0.015 0.0 0.0 
 132.427   -0.014 0.0 0.0 
 132.457   -0.013 0.0 0.0 
 132.489   -0.012 0.0 0.0 
 132.518   -0.011 0.0 0.0 
 132.548   -0.010 0.0 0.0 
 132.578   -0.009 0.0 0.0 
 132.608   -0.007 0.0 0.0 
 132.639   -0.006 0.0 0.0 
 132.669   -0.004 0.0 0.0 
 132.699   -0.003 0.0 0.0 
 132.730   -0.002 0.0 0.0 
 132.764   -0.000 0.0 0.0 
 132.790    0.001 0.0 0.0 
 132.824    0.003 0.0 0.0 
 132.851    0.004 0.0 0.0 
 132.886    0.006 0.0 0.0 
 132.915    0.007 0.0 0.0 
 132.945    0.008 0.0 0.0 
 132.975    0.010 0.0 0.0 
 133.005    0.011 0.0 0.0 
 133.036    0.012 0.0 0.0 
 133.062    0.014 0.0 0.0 
 133.093    0.015 0.0 0.0 
 133.123    0.016 0.0 0.0 
 133.153    0.018 0.0 0.0 
 133.184    0.019 0.0 0.0 
 133.217    0.020 0.0 0.0 
 133.247    0.021 0.0 0.0 
 133.278    0.021 0.0 0.0 
 133.305    0.022 0.0 0.0 
 133.334    0.022 0.0 0.0 
 133.365    0.023 0.0 0.0 
 133.395    0.024 0.0 0.0 
 133.426    0.024 0.0 0.0 
 133.455    0.025 0.0 0.0 
 133.490    0.025 0.0 0.0 
 133.516    0.026 0.0 0.0 
 133.546    0.026 0.0 0.0 
 133.576    0.027 0.0 0.0 
 133.610    0.027 0.0 0.0 
 133.640    0.027 0.0 0.0 
 133.671    0.027 0.0 0.0 
 133.697    0.027 0.0 0.0 
 133.727    0.027 0.0 0.0 
 133.757    0.027 0.0 0.0 
 133.788    0.026 0.0 0.0 
 133.818    0.026 0.0 0.0 
 133.848    0.026 0.0 0.0 
 133.878    0.026 0.0 0.0 
 133.909    0.026 0.0 0.0 
 133.943    0.025 0.0 0.0 
 133.970    0.025 0.0 0.0 
 134.002    0.024 0.0 0.0 
 134.030    0.024 0.0 0.0 
 134.064    0.024 0.0 0.0 
 134.093    0.023 0.0 0.0 
 134.124    0.022 0.0 0.0 
 134.154    0.021 0.0 0.0 
 134.181    0.020 0.0 0.0 
 134.211    0.020 0.0 0.0 
 134.245    0.019 0.0 0.0 
 134.272    0.018 0.0 0.0 
 134.305    0.017 0.0 0.0 
 134.332    0.016 0.0 0.0 
 134.366    0.014 0.0 0.0 
 134.393    0.013 0.0 0.0 
 134.427    0.013 0.0 0.0 
 134.457    0.012 0.0 0.0 
 134.483    0.011 0.0 0.0 
 134.517    0.010 0.0 0.0 
 134.547    0.008 0.0 0.0 
 134.574    0.007 0.0 0.0 
 134.607    0.006 0.0 0.0 
 134.635    0.005 0.0 0.0 
 134.665    0.003 0.0 0.0 
 134.695    0.002 0.0 0.0 
 134.725    0.001 0.0 0.0 
 134.755   -0.001 0.0 0.0 
 134.789   -0.002 0.0 0.0 
 134.816   -0.004 0.0 0.0 
 134.846   -0.005 0.0 0.0 
 134.877   -0.007 0.0 0.0 
 134.907   -0.008 0.0 0.0 
 134.937   -0.010 0.0 0.0 
 134.967   -0.012 0.0 0.0 
 134.997   -0.013 0.0 0.0 
 135.031   -0.014 0.0 0.0 
 135.062   -0.015 0.0 0.0 
 135.092   -0.017 0.0 0.0 
 135.119   -0.017 0.0 0.0 
 135.149   -0.018 0.0 0.0 
 135.183   -0.019 0.0 0.0 
 135.213   -0.019 0.0 0.0 
 135.239   -0.020 0.0 0.0 
 135.273   -0.021 0.0 0.0 
 135.301   -0.022 0.0 0.0 
 135.330   -0.023 0.0 0.0 
 135.364   -0.023 0.0 0.0 
 135.390   -0.024 0.0 0.0 
 135.425   -0.025 0.0 0.0 
 135.451   -0.025 0.0 0.0 
 135.482   -0.026 0.0 0.0 
 135.515   -0.026 0.0 0.0 
 135.545   -0.027 0.0 0.0 
 135.571   -0.027 0.0 0.0 
 135.602   -0.027 0.0 0.0 
 135.637   -0.027 0.0 0.0 
 135.663   -0.028 0.0 0.0 
 135.693   -0.028 0.0 0.0 
 135.723   -0.028 0.0 0.0 
 135.753   -0.028 0.0 0.0 
 135.784   -0.028 0.0 0.0 
 135.818   -0.028 0.0 0.0 
 135.844   -0.028 0.0 0.0 
 135.876   -0.028 0.0 0.0 
 135.905   -0.027 0.0 0.0 
 135.938   -0.027 0.0 0.0 
 135.965   -0.026 0.0 0.0 
 135.999   -0.025 0.0 0.0 
 136.030   -0.024 0.0 0.0 
 136.060   -0.023 0.0 0.0 
 136.088   -0.022 0.0 0.0 
 136.121   -0.021 0.0 0.0 
 136.150   -0.019 0.0 0.0 
 136.177   -0.018 0.0 0.0 
 136.211   -0.017 0.0 0.0 
 136.241   -0.016 0.0 0.0 
 136.269   -0.015 0.0 0.0 
 136.302   -0.015 0.0 0.0 
 136.329   -0.014 0.0 0.0 
 136.359   -0.013 0.0 0.0 
 136.393   -0.012 0.0 0.0 
 136.419   -0.012 0.0 0.0 
 136.450   -0.011 0.0 0.0 
 136.479   -0.010 0.0 0.0 
 136.514   -0.009 0.0 0.0 
 136.541   -0.009 0.0 0.0 
 136.571   -0.007 0.0 0.0 
 136.604   -0.006 0.0 0.0 
 136.635   -0.005 0.0 0.0 
 136.662   -0.004 0.0 0.0 
 136.695   -0.003 0.0 0.0 
 136.727   -0.002 0.0 0.0 
 136.756   -0.001 0.0 0.0 
 136.785    0.000 0.0 0.0 
 136.817    0.001 0.0 0.0 
 136.846    0.003 0.0 0.0 
 136.874    0.004 0.0 0.0 
 136.903    0.005 0.0 0.0 
 136.934    0.007 0.0 0.0 
 136.964    0.008 0.0 0.0 
 136.995    0.010 0.0 0.0 
 137.026    0.012 0.0 0.0 
 137.054    0.014 0.0 0.0 
 137.084    0.016 0.0 0.0 
 137.116    0.018 0.0 0.0 
 137.145    0.019 0.0 0.0 
 137.176    0.021 0.0 0.0 
 137.209    0.022 0.0 0.0 
 137.239    0.023 0.0 0.0 
 137.271    0.024 0.0 0.0 
 137.300    0.025 0.0 0.0 
 137.326    0.025 0.0 0.0 
 137.360    0.025 0.0 0.0 
 137.387    0.026 0.0 0.0 
 137.421    0.026 0.0 0.0 
 137.451    0.026 0.0 0.0 
 137.478    0.026 0.0 0.0 
 137.510    0.026 0.0 0.0 
 137.542    0.026 0.0 0.0 
 137.572    0.026 0.0 0.0 
 137.603    0.026 0.0 0.0 
 137.633    0.027 0.0 0.0 
 137.661    0.027 0.0 0.0 
 137.693    0.027 0.0 0.0 
 137.723    0.027 0.0 0.0 
 137.750    0.027 0.0 0.0 
 137.784    0.027 0.0 0.0 
 137.812    0.027 0.0 0.0 
 137.845    0.027 0.0 0.0 
 137.872    0.026 0.0 0.0 
 137.901    0.026 0.0 0.0 
 137.932    0.026 0.0 0.0 
 137.962    0.026 0.0 0.0 
 137.996    0.026 0.0 0.0 
 138.022    0.025 0.0 0.0 
 138.053    0.025 0.0 0.0 
 138.084    0.025 0.0 0.0 
 138.113    0.024 0.0 0.0 
 138.143    0.023 0.0 0.0 
 138.177    0.023 0.0 0.0 
 138.204    0.022 0.0 0.0 
 138.234    0.021 0.0 0.0 
 138.264    0.020 0.0 0.0 
 138.294    0.020 0.0 0.0 
 138.324    0.019 0.0 0.0 
 138.356    0.017 0.0 0.0 
 138.389    0.016 0.0 0.0 
 138.416    0.015 0.0 0.0 
 138.445    0.014 0.0 0.0 
 138.476    0.013 0.0 0.0 
 138.507    0.012 0.0 0.0 
 138.538    0.011 0.0 0.0 
 138.568    0.009 0.0 0.0 
 138.597    0.008 0.0 0.0 
 138.627    0.007 0.0 0.0 
 138.659    0.006 0.0 0.0 
 138.687    0.004 0.0 0.0 
 138.718    0.003 0.0 0.0 
 138.752    0.002 0.0 0.0 
 138.778    0.001 0.0 0.0 
 138.810   -0.001 0.0 0.0 
 138.839   -0.001 0.0 0.0 
 138.874   -0.003 0.0 0.0 
 138.901   -0.004 0.0 0.0 
 138.930   -0.005 0.0 0.0 
 138.964   -0.006 0.0 0.0 
 138.995   -0.007 0.0 0.0 
 139.021   -0.008 0.0 0.0 
 139.054   -0.009 0.0 0.0 
 139.085   -0.010 0.0 0.0 
 139.115   -0.011 0.0 0.0 
 139.145   -0.013 0.0 0.0 
 139.175   -0.014 0.0 0.0 
 139.202   -0.015 0.0 0.0 
 139.236   -0.016 0.0 0.0 
 139.263   -0.017 0.0 0.0 
 139.293   -0.018 0.0 0.0 
 139.326   -0.019 0.0 0.0 
 139.354   -0.020 0.0 0.0 
 139.387   -0.021 0.0 0.0 
 139.418   -0.022 0.0 0.0 
 139.445   -0.023 0.0 0.0 
 139.479   -0.023 0.0 0.0 
 139.505   -0.024 0.0 0.0 
 139.536   -0.025 0.0 0.0 
 139.569   -0.025 0.0 0.0 
 139.599   -0.026 0.0 0.0 
 139.630   -0.026 0.0 0.0 
 139.711   -0.027 0.0 0.0 
 139.738   -0.027 0.0 0.0 
 139.762   -0.027 0.0 0.0 
 139.787   -0.027 0.0 0.0 
 139.817   -0.028 0.0 0.0 
 139.851   -0.027 0.0 0.0 
 139.878   -0.027 0.0 0.0 
 139.908   -0.027 0.0 0.0 
 139.941   -0.026 0.0 0.0 
 139.972   -0.026 0.0 0.0 
 140.006   -0.026 0.0 0.0 
 140.035   -0.025 0.0 0.0 
 140.065   -0.025 0.0 0.0 
 140.096   -0.024 0.0 0.0 
 140.126   -0.024 0.0 0.0 
 140.153   -0.023 0.0 0.0 
 140.186   -0.023 0.0 0.0 
 140.213   -0.022 0.0 0.0 
 140.246   -0.022 0.0 0.0 
 140.277   -0.021 0.0 0.0 
 140.307   -0.020 0.0 0.0 
 140.338   -0.020 0.0 0.0 
 140.368   -0.019 0.0 0.0 
 140.398   -0.018 0.0 0.0 
 140.429   -0.017 0.0 0.0 
 140.459   -0.015 0.0 0.0 
 140.486   -0.014 0.0 0.0 
 140.517   -0.013 0.0 0.0 
 140.550   -0.012 0.0 0.0 
 140.577   -0.011 0.0 0.0 
 140.607   -0.010 0.0 0.0 
 140.642   -0.009 0.0 0.0 
 140.669   -0.008 0.0 0.0 
 140.697   -0.006 0.0 0.0 
 140.732   -0.005 0.0 0.0 
 140.762   -0.005 0.0 0.0 
 140.790   -0.004 0.0 0.0 
 140.819   -0.002 0.0 0.0 
 140.853   -0.001 0.0 0.0 
 140.883    0.000 0.0 0.0 
 140.911    0.002 0.0 0.0 
 140.941    0.003 0.0 0.0 
 140.971    0.004 0.0 0.0 
 141.004    0.006 0.0 0.0 
 141.035    0.007 0.0 0.0 
 141.062    0.008 0.0 0.0 
 141.095    0.010 0.0 0.0 
 141.122    0.011 0.0 0.0 
 141.153    0.012 0.0 0.0 
 141.183    0.013 0.0 0.0 
 141.215    0.014 0.0 0.0 
 141.247    0.015 0.0 0.0 
 141.277    0.016 0.0 0.0 
 141.305    0.018 0.0 0.0 
 141.338    0.019 0.0 0.0 
 141.368    0.020 0.0 0.0 
 141.398    0.020 0.0 0.0 
 141.424    0.021 0.0 0.0 
 141.455    0.022 0.0 0.0 
 141.489    0.023 0.0 0.0 
 141.517    0.023 0.0 0.0 
 141.546    0.024 0.0 0.0 
 141.576    0.024 0.0 0.0 
 141.607    0.025 0.0 0.0 
 141.637    0.025 0.0 0.0 
 141.670    0.025 0.0 0.0 
 141.697    0.026 0.0 0.0 
 141.727    0.026 0.0 0.0 
 141.758    0.026 0.0 0.0 
 141.789    0.026 0.0 0.0 
 141.818    0.026 0.0 0.0 
 141.848    0.026 0.0 0.0 
 141.879    0.026 0.0 0.0 
 141.913    0.026 0.0 0.0 
 141.943    0.026 0.0 0.0 
 141.970    0.026 0.0 0.0 
 142.001    0.025 0.0 0.0 
 142.030    0.025 0.0 0.0 
 142.060    0.025 0.0 0.0 
 142.094    0.024 0.0 0.0 
 142.125    0.024 0.0 0.0 
 142.152    0.023 0.0 0.0 
 142.185    0.023 0.0 0.0 
 142.217    0.022 0.0 0.0 
 142.246    0.022 0.0 0.0 
 142.276    0.020 0.0 0.0 
 142.303    0.019 0.0 0.0 
 142.333    0.018 0.0 0.0 
 142.367    0.017 0.0 0.0 
 142.397    0.016 0.0 0.0 
 142.428    0.014 0.0 0.0 
 142.458    0.013 0.0 0.0 
 142.488    0.011 0.0 0.0 
 142.519    0.010 0.0 0.0 
 142.548    0.009 0.0 0.0 
 142.576    0.008 0.0 0.0 
 142.609    0.008 0.0 0.0 
 142.639    0.007 0.0 0.0 
 142.670    0.006 0.0 0.0 
 142.698    0.005 0.0 0.0 
 142.726    0.004 0.0 0.0 
 142.757    0.004 0.0 0.0 
 142.787    0.002 0.0 0.0 
 142.821    0.001 0.0 0.0 
 142.851    0.000 0.0 0.0 
 142.878   -0.001 0.0 0.0 
 142.911   -0.001 0.0 0.0 
 142.938   -0.003 0.0 0.0 
 142.970   -0.004 0.0 0.0 
 143.003   -0.006 0.0 0.0 
 143.033   -0.007 0.0 0.0 
 143.063   -0.008 0.0 0.0 
 143.093   -0.009 0.0 0.0 
 143.121   -0.010 0.0 0.0 
 143.154   -0.011 0.0 0.0 
 143.184   -0.012 0.0 0.0 
 143.211   -0.014 0.0 0.0 
 143.241   -0.014 0.0 0.0 
 143.272   -0.015 0.0 0.0 
 143.306   -0.016 0.0 0.0 
 143.332   -0.017 0.0 0.0 
 143.366   -0.018 0.0 0.0 
 143.393   -0.019 0.0 0.0 
 143.423   -0.020 0.0 0.0 
 143.457   -0.021 0.0 0.0 
 143.484   -0.021 0.0 0.0 
 143.514   -0.022 0.0 0.0 
 143.544   -0.023 0.0 0.0 
 143.574   -0.024 0.0 0.0 
 143.604   -0.024 0.0 0.0 
 143.638   -0.025 0.0 0.0 
 143.665   -0.025 0.0 0.0 
 143.696   -0.026 0.0 0.0 
 143.726   -0.026 0.0 0.0 
 143.759   -0.026 0.0 0.0 
 143.787   -0.026 0.0 0.0 
 143.821   -0.027 0.0 0.0 
 143.850   -0.026 0.0 0.0 
 143.877   -0.026 0.0 0.0 
 143.911   -0.026 0.0 0.0 
 143.939   -0.026 0.0 0.0 
 143.969   -0.025 0.0 0.0 
 143.998   -0.025 0.0 0.0 
 144.028   -0.024 0.0 0.0 
 144.059   -0.023 0.0 0.0 
 144.093   -0.023 0.0 0.0 
 144.123   -0.022 0.0 0.0 
 144.154   -0.022 0.0 0.0 
 144.184   -0.021 0.0 0.0 
 144.215   -0.021 0.0 0.0 
 144.241   -0.020 0.0 0.0 
 144.274   -0.019 0.0 0.0 
 144.301   -0.019 0.0 0.0 
 144.331   -0.018 0.0 0.0 
 144.362   -0.018 0.0 0.0 
 144.393   -0.017 0.0 0.0 
 144.426   -0.017 0.0 0.0 
 144.452   -0.016 0.0 0.0 
 144.486   -0.014 0.0 0.0 
 144.517   -0.013 0.0 0.0 
 144.547   -0.012 0.0 0.0 
 144.573   -0.010 0.0 0.0 
 144.604   -0.009 0.0 0.0 
 144.634   -0.007 0.0 0.0 
 144.664   -0.006 0.0 0.0 
 144.698   -0.005 0.0 0.0 
 144.728   -0.003 0.0 0.0 
 144.755   -0.002 0.0 0.0 
 144.785   -0.001 0.0 0.0 
 144.819   -0.001 0.0 0.0 
 144.849    0.000 0.0 0.0 
 144.876    0.001 0.0 0.0 
 144.909    0.002 0.0 0.0 
 144.936    0.004 0.0 0.0 
 144.969    0.005 0.0 0.0 
 144.997    0.007 0.0 0.0 
 145.027    0.008 0.0 0.0 
 145.061    0.009 0.0 0.0 
 145.091    0.011 0.0 0.0 
 145.119    0.012 0.0 0.0 
 145.148    0.013 0.0 0.0 
 145.182    0.015 0.0 0.0 
 145.209    0.016 0.0 0.0 
 145.239    0.016 0.0 0.0 
 145.273    0.017 0.0 0.0 
 145.300    0.017 0.0 0.0 
 145.331    0.018 0.0 0.0 
 145.361    0.019 0.0 0.0 
 145.391    0.019 0.0 0.0 
 145.421    0.020 0.0 0.0 
 145.452    0.021 0.0 0.0 
 145.483    0.022 0.0 0.0 
 145.511    0.022 0.0 0.0 
 145.542    0.023 0.0 0.0 
 145.576    0.024 0.0 0.0 
 145.607    0.025 0.0 0.0 
 145.633    0.025 0.0 0.0 
 145.667    0.026 0.0 0.0 
 145.697    0.026 0.0 0.0 
 145.724    0.026 0.0 0.0 
 145.754    0.026 0.0 0.0 
 145.784    0.026 0.0 0.0 
 145.815    0.026 0.0 0.0 
 145.845    0.026 0.0 0.0 
 145.881    0.026 0.0 0.0 
 145.907    0.026 0.0 0.0 
 145.939    0.026 0.0 0.0 
 145.970    0.026 0.0 0.0 
 145.996    0.026 0.0 0.0 
 146.027    0.025 0.0 0.0 
 146.057    0.025 0.0 0.0 
 146.087    0.025 0.0 0.0 
 146.117    0.024 0.0 0.0 
 146.150    0.024 0.0 0.0 
 146.181    0.023 0.0 0.0 
 146.212    0.023 0.0 0.0 
 146.239    0.022 0.0 0.0 
 146.268    0.021 0.0 0.0 
 146.302    0.020 0.0 0.0 
 146.329    0.019 0.0 0.0 
 146.360    0.018 0.0 0.0 
 146.392    0.018 0.0 0.0 
 146.420    0.017 0.0 0.0 
 146.449    0.015 0.0 0.0 
 146.480    0.014 0.0 0.0 
 146.514    0.013 0.0 0.0 
 146.544    0.013 0.0 0.0 
 146.571    0.012 0.0 0.0 
 146.601    0.011 0.0 0.0 
 146.631    0.010 0.0 0.0 
 146.665    0.009 0.0 0.0 
 146.692    0.008 0.0 0.0 
 146.726    0.007 0.0 0.0 
 146.753    0.006 0.0 0.0 
 146.783    0.004 0.0 0.0 
 146.814    0.003 0.0 0.0 
 146.843    0.002 0.0 0.0 
 146.878    0.000 0.0 0.0 
 146.904   -0.001 0.0 0.0 
 146.938   -0.002 0.0 0.0 
 146.964   -0.003 0.0 0.0 
 146.994   -0.005 0.0 0.0 
 147.025   -0.006 0.0 0.0 
 147.055   -0.008 0.0 0.0 
 147.085   -0.009 0.0 0.0 
 147.119   -0.010 0.0 0.0 
 147.146   -0.011 0.0 0.0 
 147.179   -0.013 0.0 0.0 
 147.210   -0.014 0.0 0.0 
 147.241   -0.015 0.0 0.0 
 147.267   -0.016 0.0 0.0 
 147.300   -0.017 0.0 0.0 
 147.331   -0.018 0.0 0.0 
 147.358   -0.018 0.0 0.0 
 147.388   -0.019 0.0 0.0 
 147.422   -0.020 0.0 0.0 
 147.450   -0.020 0.0 0.0 
 147.479   -0.021 0.0 0.0 
 147.510   -0.022 0.0 0.0 
 147.543   -0.022 0.0 0.0 
 147.574   -0.023 0.0 0.0 
 147.600   -0.023 0.0 0.0 
 147.634   -0.024 0.0 0.0 
 147.664   -0.024 0.0 0.0 
 147.691   -0.025 0.0 0.0 
 147.722   -0.025 0.0 0.0 
 147.755   -0.025 0.0 0.0 
 147.782   -0.025 0.0 0.0 
 147.812   -0.026 0.0 0.0 
 147.846   -0.026 0.0 0.0 
 147.877   -0.026 0.0 0.0 
 147.904   -0.026 0.0 0.0 
 147.933   -0.026 0.0 0.0 
 147.966   -0.026 0.0 0.0 
 147.993   -0.026 0.0 0.0 
 148.028   -0.025 0.0 0.0 
 148.055   -0.025 0.0 0.0 
 148.088   -0.025 0.0 0.0 
 148.118   -0.025 0.0 0.0 
 148.144   -0.024 0.0 0.0 
 148.178   -0.024 0.0 0.0 
 148.205   -0.023 0.0 0.0 
 148.235   -0.022 0.0 0.0 
 148.266   -0.021 0.0 0.0 
 148.296   -0.020 0.0 0.0 
 148.327   -0.019 0.0 0.0 
 148.361   -0.018 0.0 0.0 
 148.391   -0.017 0.0 0.0 
 148.417   -0.016 0.0 0.0 
 148.451   -0.015 0.0 0.0 
 148.478   -0.014 0.0 0.0 
 148.508   -0.013 0.0 0.0 
 148.539   -0.012 0.0 0.0 
 148.570   -0.012 0.0 0.0 
 148.603   -0.011 0.0 0.0 
 148.632   -0.010 0.0 0.0 
 148.660   -0.009 0.0 0.0 
 148.693   -0.008 0.0 0.0 
 148.723   -0.007 0.0 0.0 
 148.750   -0.005 0.0 0.0 
 148.780   -0.004 0.0 0.0 
 148.810   -0.003 0.0 0.0 
 148.841   -0.002 0.0 0.0 
 148.875   -0.000 0.0 0.0 
 148.905    0.001 0.0 0.0 
 148.932    0.002 0.0 0.0 
 148.962    0.004 0.0 0.0 
 148.992    0.005 0.0 0.0 
 149.026    0.006 0.0 0.0 
 149.056    0.007 0.0 0.0 
 149.083    0.008 0.0 0.0 
 149.113    0.010 0.0 0.0 
 149.143    0.011 0.0 0.0 
 149.177    0.012 0.0 0.0 
 149.203    0.013 0.0 0.0 
 149.234    0.014 0.0 0.0 
 149.264    0.015 0.0 0.0 
 149.294    0.016 0.0 0.0 
 149.324    0.017 0.0 0.0 
 149.355    0.017 0.0 0.0 
 149.385    0.018 0.0 0.0 
 149.416    0.019 0.0 0.0 
 149.446    0.020 0.0 0.0 
 149.476    0.020 0.0 0.0 
 149.506    0.021 0.0 0.0 
 149.536    0.022 0.0 0.0 
 149.566    0.022 0.0 0.0 
 149.597    0.023 0.0 0.0 
 149.631    0.024 0.0 0.0 
 149.733    0.024 0.0 0.0 
 149.762    0.025 0.0 0.0 
 149.781    0.025 0.0 0.0 
 149.809    0.025 0.0 0.0 
 149.839    0.026 0.0 0.0 
 149.874    0.026 0.0 0.0 
 149.902    0.026 0.0 0.0 
 149.930    0.026 0.0 0.0 
 149.963    0.026 0.0 0.0 
 149.995    0.026 0.0 0.0 
 150.023    0.026 0.0 0.0 
 150.052    0.026 0.0 0.0 
 150.083    0.025 0.0 0.0 
 150.116    0.025 0.0 0.0 
 150.148    0.025 0.0 0.0 
 150.178    0.024 0.0 0.0 
 150.209    0.024 0.0 0.0 
 150.239    0.023 0.0 0.0 
 150.268    0.022 0.0 0.0 
 150.303    0.022 0.0 0.0 
 150.330    0.021 0.0 0.0 
 150.360    0.021 0.0 0.0 
 150.390    0.020 0.0 0.0 
 150.421    0.019 0.0 0.0 
 150.450    0.018 0.0 0.0 
 150.481    0.016 0.0 0.0 
 150.510    0.014 0.0 0.0 
 150.541    0.013 0.0 0.0 
 150.572    0.011 0.0 0.0 
 150.601    0.010 0.0 0.0 
 150.633    0.008 0.0 0.0 
 150.666    0.006 0.0 0.0 
 150.692    0.005 0.0 0.0 
 150.722    0.003 0.0 0.0 
 150.754    0.002 0.0 0.0 
 150.784    0.001 0.0 0.0 
 150.817    0.001 0.0 0.0 
 150.848   -0.000 0.0 0.0 
 150.873   -0.001 0.0 0.0 
 150.904   -0.002 0.0 0.0 
 150.935   -0.003 0.0 0.0 
 150.965   -0.003 0.0 0.0 
 150.995   -0.004 0.0 0.0 
 151.026   -0.005 0.0 0.0 
 151.055   -0.006 0.0 0.0 
 151.087   -0.007 0.0 0.0 
 151.120   -0.007 0.0 0.0 
 151.150   -0.008 0.0 0.0 
 151.176   -0.009 0.0 0.0 
 151.210   -0.010 0.0 0.0 
 151.241   -0.011 0.0 0.0 
 151.267   -0.012 0.0 0.0 
 151.297   -0.013 0.0 0.0 
 151.331   -0.013 0.0 0.0 
 151.357   -0.014 0.0 0.0 
 151.393   -0.015 0.0 0.0 
 151.422   -0.016 0.0 0.0 
 151.448   -0.017 0.0 0.0 
 151.478   -0.018 0.0 0.0 
 151.513   -0.018 0.0 0.0 
 151.543   -0.019 0.0 0.0 
 151.573   -0.020 0.0 0.0 
 151.598   -0.021 0.0 0.0 
 151.633   -0.021 0.0 0.0 
 151.664   -0.022 0.0 0.0 
 151.690   -0.022 0.0 0.0 
 151.720   -0.023 0.0 0.0 
 151.750   -0.023 0.0 0.0 
 151.781   -0.024 0.0 0.0 
 151.815   -0.024 0.0 0.0 
 151.845   -0.025 0.0 0.0 
 151.871   -0.025 0.0 0.0 
 151.901   -0.025 0.0 0.0 
 151.932   -0.025 0.0 0.0 
 151.969   -0.025 0.0 0.0 
 151.998   -0.025 0.0 0.0 
 152.027   -0.024 0.0 0.0 
 152.047   -0.024 0.0 0.0 
 152.080   -0.024 0.0 0.0 
 152.106   -0.024 0.0 0.0 
 152.145   -0.023 0.0 0.0 
 152.168   -0.023 0.0 0.0 
 152.198   -0.023 0.0 0.0 
 152.228   -0.022 0.0 0.0 
 152.261   -0.022 0.0 0.0 
 152.291   -0.021 0.0 0.0 
 152.324   -0.021 0.0 0.0 
 152.354   -0.020 0.0 0.0 
 152.381   -0.019 0.0 0.0 
 152.415   -0.018 0.0 0.0 
 152.442   -0.017 0.0 0.0 
 152.475   -0.016 0.0 0.0 
 152.503   -0.014 0.0 0.0 
 152.533   -0.013 0.0 0.0 
 152.562   -0.012 0.0 0.0 
 152.592   -0.011 0.0 0.0 
 152.626   -0.010 0.0 0.0 
 152.657   -0.009 0.0 0.0 
 152.687   -0.007 0.0 0.0 
 152.717   -0.006 0.0 0.0 
 152.744   -0.004 0.0 0.0 
 152.775   -0.002 0.0 0.0 
 152.808   -0.001 0.0 0.0 
 152.836    0.001 0.0 0.0 
 152.868    0.002 0.0 0.0 
 152.899    0.004 0.0 0.0 
 152.930    0.005 0.0 0.0 
 152.956    0.007 0.0 0.0 
 152.989    0.008 0.0 0.0 
 153.017    0.008 0.0 0.0 
 153.049    0.009 0.0 0.0 
 153.078    0.010 0.0 0.0 
 153.108    0.010 0.0 0.0 
 153.138    0.011 0.0 0.0 
 153.169    0.012 0.0 0.0 
 153.198    0.013 0.0 0.0 
 153.229    0.014 0.0 0.0 
 153.259    0.014 0.0 0.0 
 153.289    0.015 0.0 0.0 
 153.320    0.016 0.0 0.0 
 153.353    0.017 0.0 0.0 
 153.384    0.018 0.0 0.0 
 153.411    0.019 0.0 0.0 
 153.441    0.020 0.0 0.0 
 153.474    0.020 0.0 0.0 
 153.501    0.021 0.0 0.0 
 153.532    0.022 0.0 0.0 
 153.565    0.022 0.0 0.0 
 153.592    0.022 0.0 0.0 
 153.625    0.023 0.0 0.0 
 153.653    0.023 0.0 0.0 
 153.683    0.024 0.0 0.0 
 153.716    0.024 0.0 0.0 
 153.746    0.024 0.0 0.0 
 153.777    0.025 0.0 0.0 
 153.807    0.025 0.0 0.0 
 153.834    0.025 0.0 0.0 
 153.868    0.026 0.0 0.0 
 153.898    0.026 0.0 0.0 
 153.929    0.026 0.0 0.0 
 153.959    0.026 0.0 0.0 
 153.986    0.026 0.0 0.0 
 154.016    0.025 0.0 0.0 
 154.047    0.025 0.0 0.0 
 154.077    0.025 0.0 0.0 
 154.110    0.024 0.0 0.0 
 154.140    0.024 0.0 0.0 
 154.168    0.023 0.0 0.0 
 154.197    0.023 0.0 0.0 
 154.227    0.022 0.0 0.0 
 154.262    0.021 0.0 0.0 
 154.288    0.020 0.0 0.0 
 154.322    0.020 0.0 0.0 
 154.352    0.019 0.0 0.0 
 154.379    0.018 0.0 0.0 
 154.413    0.017 0.0 0.0 
 154.440    0.016 0.0 0.0 
 154.470    0.015 0.0 0.0 
 154.501    0.013 0.0 0.0 
 154.530    0.012 0.0 0.0 
 154.561    0.011 0.0 0.0 
 154.594    0.011 0.0 0.0 
 154.621    0.010 0.0 0.0 
 154.652    0.008 0.0 0.0 
 154.682    0.007 0.0 0.0 
 154.715    0.006 0.0 0.0 
 154.742    0.006 0.0 0.0 
 154.772    0.005 0.0 0.0 
 154.802    0.004 0.0 0.0 
 154.836    0.003 0.0 0.0 
 154.867    0.002 0.0 0.0 
 154.893    0.002 0.0 0.0 
 154.924    0.001 0.0 0.0 
 154.954   -0.000 0.0 0.0 
 154.984   -0.002 0.0 0.0 
 155.014   -0.003 0.0 0.0 
 155.047   -0.004 0.0 0.0 
 155.076   -0.006 0.0 0.0 
 155.105   -0.007 0.0 0.0 
 155.136   -0.008 0.0 0.0 
 155.166   -0.010 0.0 0.0 
 155.196   -0.011 0.0 0.0 
 155.226   -0.012 0.0 0.0 
 155.256   -0.013 0.0 0.0 
 155.287   -0.014 0.0 0.0 
 155.317   -0.015 0.0 0.0 
 155.349   -0.016 0.0 0.0 
 155.381   -0.017 0.0 0.0 
 155.408   -0.017 0.0 0.0 
 155.438   -0.018 0.0 0.0 
 155.472   -0.019 0.0 0.0 
 155.502   -0.019 0.0 0.0 
 155.530   -0.020 0.0 0.0 
 155.562   -0.021 0.0 0.0 
 155.593   -0.022 0.0 0.0 
 155.621   -0.022 0.0 0.0 
 155.650   -0.023 0.0 0.0 
 155.684   -0.023 0.0 0.0 
 155.710   -0.024 0.0 0.0 
 155.741   -0.024 0.0 0.0 
 155.771   -0.025 0.0 0.0 
 155.805   -0.025 0.0 0.0 
 155.832   -0.025 0.0 0.0 
 155.862   -0.025 0.0 0.0 
 155.895   -0.025 0.0 0.0 
 155.923   -0.025 0.0 0.0 
 155.953   -0.025 0.0 0.0 
 155.986   -0.025 0.0 0.0 
 156.013   -0.025 0.0 0.0 
 156.044   -0.024 0.0 0.0 
 156.073   -0.024 0.0 0.0 
 156.105   -0.024 0.0 0.0 
 156.139   -0.023 0.0 0.0 
 156.168   -0.023 0.0 0.0 
 156.197   -0.022 0.0 0.0 
 156.229   -0.022 0.0 0.0 
 156.255   -0.021 0.0 0.0 
 156.285   -0.021 0.0 0.0 
 156.316   -0.020 0.0 0.0 
 156.350   -0.019 0.0 0.0 
 156.377   -0.019 0.0 0.0 
 156.406   -0.018 0.0 0.0 
 156.437   -0.017 0.0 0.0 
 156.470   -0.016 0.0 0.0 
 156.497   -0.015 0.0 0.0 
 156.531   -0.015 0.0 0.0 
 156.558   -0.014 0.0 0.0 
 156.589   -0.013 0.0 0.0 
 156.619   -0.012 0.0 0.0 
 156.653   -0.011 0.0 0.0 
 156.679   -0.010 0.0 0.0 
 156.709   -0.009 0.0 0.0 
 156.739   -0.008 0.0 0.0 
 156.773   -0.007 0.0 0.0 
 156.800   -0.006 0.0 0.0 
 156.831   -0.005 0.0 0.0 
 156.861   -0.003 0.0 0.0 
 156.891   -0.002 0.0 0.0 
 156.921   -0.001 0.0 0.0 
 156.955    0.001 0.0 0.0 
 156.984    0.003 0.0 0.0 
 157.015    0.004 0.0 0.0 
 157.042    0.006 0.0 0.0 
 157.076    0.007 0.0 0.0 
 157.106    0.009 0.0 0.0 
 157.137    0.010 0.0 0.0 
 157.164    0.011 0.0 0.0 
 157.195    0.013 0.0 0.0 
 157.227    0.014 0.0 0.0 
 157.255    0.015 0.0 0.0 
 157.284    0.016 0.0 0.0 
 157.314    0.016 0.0 0.0 
 157.345    0.017 0.0 0.0 
 157.376    0.017 0.0 0.0 
 157.405    0.018 0.0 0.0 
 157.438    0.019 0.0 0.0 
 157.467    0.020 0.0 0.0 
 157.497    0.020 0.0 0.0 
 157.530    0.021 0.0 0.0 
 157.560    0.022 0.0 0.0 
 157.590    0.022 0.0 0.0 
 157.621    0.023 0.0 0.0 
 157.651    0.024 0.0 0.0 
 157.679    0.024 0.0 0.0 
 157.712    0.024 0.0 0.0 
 157.738    0.025 0.0 0.0 
 157.772    0.025 0.0 0.0 
 157.799    0.025 0.0 0.0 
 157.829    0.025 0.0 0.0 
 157.863    0.025 0.0 0.0 
 157.891    0.025 0.0 0.0 
 157.924    0.025 0.0 0.0 
 157.954    0.025 0.0 0.0 
 157.981    0.024 0.0 0.0 
 158.015    0.024 0.0 0.0 
 158.041    0.024 0.0 0.0 
 158.071    0.023 0.0 0.0 
 158.101    0.023 0.0 0.0 
 158.132    0.022 0.0 0.0 
 158.162    0.022 0.0 0.0 
 158.193    0.021 0.0 0.0 
 158.223    0.021 0.0 0.0 
 158.253    0.020 0.0 0.0 
 158.287    0.020 0.0 0.0 
 158.314    0.019 0.0 0.0 
 158.345    0.019 0.0 0.0 
 158.374    0.018 0.0 0.0 
 158.405    0.017 0.0 0.0 
 158.435    0.016 0.0 0.0 
 158.468    0.016 0.0 0.0 
 158.495    0.015 0.0 0.0 
 158.525    0.014 0.0 0.0 
 158.559    0.013 0.0 0.0 
 158.585    0.012 0.0 0.0 
 158.616    0.011 0.0 0.0 
 158.646    0.010 0.0 0.0 
 158.677    0.009 0.0 0.0 
 158.711    0.008 0.0 0.0 
 158.741    0.007 0.0 0.0 
 158.771    0.007 0.0 0.0 
 158.797    0.006 0.0 0.0 
 158.828    0.005 0.0 0.0 
 158.858    0.003 0.0 0.0 
 158.888    0.002 0.0 0.0 
 158.922    0.001 0.0 0.0 
 158.952   -0.000 0.0 0.0 
 158.983   -0.001 0.0 0.0 
 159.010   -0.002 0.0 0.0 
 159.040   -0.003 0.0 0.0 
 159.070   -0.005 0.0 0.0 
 159.100   -0.006 0.0 0.0 
 159.133   -0.008 0.0 0.0 
 159.164   -0.009 0.0 0.0 
 159.191   -0.010 0.0 0.0 
 159.221   -0.011 0.0 0.0 
 159.255   -0.013 0.0 0.0 
 159.282   -0.014 0.0 0.0 
 159.312   -0.015 0.0 0.0 
 159.342   -0.016 0.0 0.0 
 159.376   -0.017 0.0 0.0 
 159.406   -0.018 0.0 0.0 
 159.433   -0.019 0.0 0.0 
 159.464   -0.019 0.0 0.0 
 159.493   -0.020 0.0 0.0 
 159.527   -0.020 0.0 0.0 
 159.558   -0.021 0.0 0.0 
 159.584   -0.021 0.0 0.0 
 159.615   -0.022 0.0 0.0 
 159.645   -0.022 0.0 0.0 
 159.679   -0.022 0.0 0.0 
 159.709   -0.023 0.0 0.0 
 159.739   -0.023 0.0 0.0 
 159.766   -0.024 0.0 0.0 
 159.796   -0.024 0.0 0.0 
 159.826   -0.024 0.0 0.0 
 159.857   -0.024 0.0 0.0 
 159.887   -0.024 0.0 0.0 
 159.918   -0.024 0.0 0.0 
 159.948   -0.024 0.0 0.0 
 159.978   -0.024 0.0 0.0 
 160.012   -0.024 0.0 0.0 
 160.039   -0.024 0.0 0.0 
 160.073   -0.024 0.0 0.0 
 160.100   -0.024 0.0 0.0 
 160.133   -0.024 0.0 0.0 
 160.160   -0.023 0.0 0.0 
 160.190   -0.023 0.0 0.0 
 160.220   -0.022 0.0 0.0 
 160.250   -0.021 0.0 0.0 
 160.281   -0.020 0.0 0.0 
 160.311   -0.018 0.0 0.0 
 160.345   -0.017 0.0 0.0 
 160.375   -0.016 0.0 0.0 
 160.403   -0.015 0.0 0.0 
 160.432   -0.014 0.0 0.0 
 160.463   -0.013 0.0 0.0 
 160.493   -0.011 0.0 0.0 
 160.524   -0.011 0.0 0.0 
 160.554   -0.010 0.0 0.0 
 160.585   -0.010 0.0 0.0 
 160.615   -0.009 0.0 0.0 
 160.645   -0.008 0.0 0.0 
 160.678   -0.007 0.0 0.0 
 160.705   -0.006 0.0 0.0 
 160.736   -0.005 0.0 0.0 
 160.769   -0.004 0.0 0.0 
 160.796   -0.004 0.0 0.0 
 160.826   -0.003 0.0 0.0 
 160.857   -0.001 0.0 0.0 
 160.889   -0.001 0.0 0.0 
 160.916    0.000 0.0 0.0 
 160.947    0.001 0.0 0.0 
 160.977    0.002 0.0 0.0 
 161.012    0.003 0.0 0.0 
 161.042    0.004 0.0 0.0 
 161.072    0.005 0.0 0.0 
 161.099    0.007 0.0 0.0 
 161.129    0.008 0.0 0.0 
 161.160    0.008 0.0 0.0 
 161.194    0.009 0.0 0.0 
 161.223    0.010 0.0 0.0 
 161.253    0.011 0.0 0.0 
 161.280    0.012 0.0 0.0 
 161.311    0.013 0.0 0.0 
 161.342    0.014 0.0 0.0 
 161.371    0.015 0.0 0.0 
 161.401    0.016 0.0 0.0 
 161.431    0.017 0.0 0.0 
 161.462    0.018 0.0 0.0 
 161.495    0.019 0.0 0.0 
 161.522    0.020 0.0 0.0 
 161.553    0.021 0.0 0.0 
 161.587    0.021 0.0 0.0 
 161.613    0.022 0.0 0.0 
 161.644    0.022 0.0 0.0 
 161.677    0.022 0.0 0.0 
 161.705    0.023 0.0 0.0 
 161.738    0.023 0.0 0.0 
 161.765    0.023 0.0 0.0 
 161.795    0.023 0.0 0.0 
 161.825    0.024 0.0 0.0 
 161.859    0.024 0.0 0.0 
 161.886    0.024 0.0 0.0 
 161.916    0.024 0.0 0.0 
 161.946    0.024 0.0 0.0 
 161.977    0.024 0.0 0.0 
 162.007    0.024 0.0 0.0 
 162.037    0.024 0.0 0.0 
 162.067    0.024 0.0 0.0 
 162.098    0.023 0.0 0.0 
 162.128    0.023 0.0 0.0 
 162.158    0.022 0.0 0.0 
 162.188    0.022 0.0 0.0 
 162.219    0.021 0.0 0.0 
 162.248    0.021 0.0 0.0 
 162.286    0.020 0.0 0.0 
 162.311    0.020 0.0 0.0 
 162.345    0.019 0.0 0.0 
 162.372    0.018 0.0 0.0 
 162.405    0.018 0.0 0.0 
 162.433    0.017 0.0 0.0 
 162.466    0.016 0.0 0.0 
 162.496    0.014 0.0 0.0 
 162.527    0.013 0.0 0.0 
 162.554    0.012 0.0 0.0 
 162.588    0.011 0.0 0.0 
 162.615    0.009 0.0 0.0 
 162.645    0.008 0.0 0.0 
 162.678    0.007 0.0 0.0 
 162.706    0.006 0.0 0.0 
 162.739    0.005 0.0 0.0 
 162.769    0.004 0.0 0.0 
 162.795    0.004 0.0 0.0 
 162.825    0.003 0.0 0.0 
 162.856    0.002 0.0 0.0 
 162.890    0.001 0.0 0.0 
 162.921   -0.001 0.0 0.0 
 162.951   -0.002 0.0 0.0 
 162.980   -0.004 0.0 0.0 
 163.008   -0.006 0.0 0.0 
 163.038   -0.007 0.0 0.0 
 163.068   -0.008 0.0 0.0 
 163.101   -0.010 0.0 0.0 
 163.128   -0.011 0.0 0.0 
 163.158   -0.012 0.0 0.0 
 163.192   -0.013 0.0 0.0 
 163.219   -0.014 0.0 0.0 
 163.253   -0.014 0.0 0.0 
 163.280   -0.015 0.0 0.0 
 163.310   -0.015 0.0 0.0 
 163.341   -0.016 0.0 0.0 
 163.371   -0.017 0.0 0.0 
 163.405   -0.017 0.0 0.0 
 163.435   -0.018 0.0 0.0 
 163.464   -0.018 0.0 0.0 
 163.491   -0.019 0.0 0.0 
 163.522   -0.019 0.0 0.0 
 163.553   -0.020 0.0 0.0 
 163.582   -0.020 0.0 0.0 
 163.616   -0.021 0.0 0.0 
 163.647   -0.021 0.0 0.0 
 163.673   -0.021 0.0 0.0 
 163.705   -0.022 0.0 0.0 
 163.734   -0.022 0.0 0.0 
 163.764   -0.022 0.0 0.0 
 163.798   -0.023 0.0 0.0 
 163.825   -0.023 0.0 0.0 
 163.855   -0.023 0.0 0.0 
 163.886   -0.024 0.0 0.0 
 163.919   -0.024 0.0 0.0 
 163.945   -0.024 0.0 0.0 
 163.976   -0.024 0.0 0.0 
 164.007   -0.024 0.0 0.0 
 164.040   -0.024 0.0 0.0 
 164.067   -0.024 0.0 0.0 
 164.097   -0.024 0.0 0.0 
 164.131   -0.024 0.0 0.0 
 164.161   -0.023 0.0 0.0 
 164.192   -0.022 0.0 0.0 
 164.218   -0.022 0.0 0.0 
 164.252   -0.021 0.0 0.0 
 164.279   -0.020 0.0 0.0 
 164.309   -0.019 0.0 0.0 
 164.339   -0.018 0.0 0.0 
 164.374   -0.016 0.0 0.0 
 164.403   -0.015 0.0 0.0 
 164.435   -0.015 0.0 0.0 
 164.462   -0.014 0.0 0.0 
 164.494   -0.013 0.0 0.0 
 164.521   -0.012 0.0 0.0 
 164.551   -0.011 0.0 0.0 
 164.582   -0.011 0.0 0.0 
 164.615   -0.010 0.0 0.0 
 164.642   -0.010 0.0 0.0 
 164.671   -0.008 0.0 0.0 
 164.702   -0.007 0.0 0.0 
 164.732   -0.006 0.0 0.0 
 164.766   -0.005 0.0 0.0 
 164.793   -0.004 0.0 0.0 
 164.824   -0.003 0.0 0.0 
 164.854   -0.002 0.0 0.0 
 164.887   -0.001 0.0 0.0 
 164.914    0.001 0.0 0.0 
 164.945    0.002 0.0 0.0 
 164.974    0.003 0.0 0.0 
 165.008    0.004 0.0 0.0 
 165.035    0.005 0.0 0.0 
 165.066    0.006 0.0 0.0 
 165.099    0.007 0.0 0.0 
 165.126    0.008 0.0 0.0 
 165.156    0.009 0.0 0.0 
 165.190    0.010 0.0 0.0 
 165.218    0.012 0.0 0.0 
 165.248    0.012 0.0 0.0 
 165.281    0.013 0.0 0.0 
 165.307    0.013 0.0 0.0 
 165.337    0.014 0.0 0.0 
 165.367    0.015 0.0 0.0 
 165.401    0.016 0.0 0.0 
 165.427    0.016 0.0 0.0 
 165.461    0.017 0.0 0.0 
 165.489    0.018 0.0 0.0 
 165.519    0.018 0.0 0.0 
 165.552    0.019 0.0 0.0 
 165.581    0.020 0.0 0.0 
 165.609    0.021 0.0 0.0 
 165.640    0.021 0.0 0.0 
 165.670    0.021 0.0 0.0 
 165.704    0.022 0.0 0.0 
 165.734    0.022 0.0 0.0 
 165.765    0.022 0.0 0.0 
 165.793    0.023 0.0 0.0 
 165.821    0.023 0.0 0.0 
 165.855    0.023 0.0 0.0 
 165.882    0.023 0.0 0.0 
 165.912    0.023 0.0 0.0 
 165.942    0.023 0.0 0.0 
 165.972    0.023 0.0 0.0 
 166.002    0.023 0.0 0.0 
 166.033    0.023 0.0 0.0 
 166.063    0.023 0.0 0.0 
 166.093    0.023 0.0 0.0 
 166.123    0.023 0.0 0.0 
 166.153    0.023 0.0 0.0 
 166.187    0.023 0.0 0.0 
 166.215    0.023 0.0 0.0 
 166.246    0.022 0.0 0.0 
 166.275    0.022 0.0 0.0 
 166.305    0.021 0.0 0.0 
 166.339    0.020 0.0 0.0 
 166.365    0.019 0.0 0.0 
 166.398    0.018 0.0 0.0 
 166.429    0.017 0.0 0.0 
 166.455    0.016 0.0 0.0 
 166.486    0.015 0.0 0.0 
 166.516    0.013 0.0 0.0 
 166.550    0.012 0.0 0.0 
 166.580    0.011 0.0 0.0 
 166.607    0.011 0.0 0.0 
 166.641    0.010 0.0 0.0 
 166.671    0.009 0.0 0.0 
 166.698    0.009 0.0 0.0 
 166.732    0.008 0.0 0.0 
 166.758    0.007 0.0 0.0 
 166.789    0.006 0.0 0.0 
 166.820    0.006 0.0 0.0 
 166.849    0.005 0.0 0.0 
 166.879    0.004 0.0 0.0 
 166.909    0.003 0.0 0.0 
 166.939    0.002 0.0 0.0 
 166.970    0.001 0.0 0.0 
 167.001    0.000 0.0 0.0 
 167.030   -0.001 0.0 0.0 
 167.060   -0.002 0.0 0.0 
 167.091   -0.003 0.0 0.0 
 167.121   -0.005 0.0 0.0 
 167.151   -0.006 0.0 0.0 
 167.181   -0.007 0.0 0.0 
 167.212   -0.008 0.0 0.0 
 167.245   -0.010 0.0 0.0 
 167.275   -0.011 0.0 0.0 
 167.303   -0.012 0.0 0.0 
 167.336   -0.013 0.0 0.0 
 167.363   -0.014 0.0 0.0 
 167.397   -0.015 0.0 0.0 
 167.423   -0.016 0.0 0.0 
 167.457   -0.016 0.0 0.0 
 167.488   -0.017 0.0 0.0 
 167.518   -0.018 0.0 0.0 
 167.544   -0.018 0.0 0.0 
 167.575   -0.019 0.0 0.0 
 167.605   -0.020 0.0 0.0 
 167.639   -0.021 0.0 0.0 
 167.669   -0.021 0.0 0.0 
 167.696   -0.022 0.0 0.0 
 167.727   -0.022 0.0 0.0 
 167.760   -0.023 0.0 0.0 
 167.787   -0.023 0.0 0.0 
 167.817   -0.024 0.0 0.0 
 167.850   -0.024 0.0 0.0 
 167.877   -0.024 0.0 0.0 
 167.907   -0.024 0.0 0.0 
 167.941   -0.024 0.0 0.0 
 167.968   -0.024 0.0 0.0 
 167.998   -0.024 0.0 0.0 
 168.028   -0.024 0.0 0.0 
 168.059   -0.024 0.0 0.0 
 168.089   -0.024 0.0 0.0 
 168.123   -0.024 0.0 0.0 
 168.150   -0.023 0.0 0.0 
 168.180   -0.023 0.0 0.0 
 168.214   -0.022 0.0 0.0 
 168.240   -0.021 0.0 0.0 
 168.275   -0.021 0.0 0.0 
 168.304   -0.020 0.0 0.0 
 168.335   -0.019 0.0 0.0 
 168.363   -0.018 0.0 0.0 
 168.392   -0.017 0.0 0.0 
 168.424   -0.017 0.0 0.0 
 168.456   -0.016 0.0 0.0 
 168.483   -0.015 0.0 0.0 
 168.516   -0.015 0.0 0.0 
 168.544   -0.014 0.0 0.0 
 168.577   -0.014 0.0 0.0 
 168.605   -0.013 0.0 0.0 
 168.636   -0.012 0.0 0.0 
 168.730   -0.010 0.0 0.0 
 168.758   -0.009 0.0 0.0 
 168.781   -0.008 0.0 0.0 
 168.810   -0.007 0.0 0.0 
 168.837   -0.006 0.0 0.0 
 168.867   -0.005 0.0 0.0 
 168.898   -0.004 0.0 0.0 
 168.930   -0.003 0.0 0.0 
 168.959   -0.002 0.0 0.0 
 168.989   -0.001 0.0 0.0 
 169.020   -0.000 0.0 0.0 
 169.050    0.001 0.0 0.0 
 169.081    0.002 0.0 0.0 
 169.112    0.003 0.0 0.0 
 169.142    0.004 0.0 0.0 
 169.171    0.005 0.0 0.0 
 169.202    0.006 0.0 0.0 
 169.232    0.007 0.0 0.0 
 169.264    0.008 0.0 0.0 
 169.295    0.009 0.0 0.0 
 169.330    0.010 0.0 0.0 
 169.356    0.011 0.0 0.0 
 169.385    0.012 0.0 0.0 
 169.416    0.013 0.0 0.0 
 169.445    0.014 0.0 0.0 
 169.476    0.015 0.0 0.0 
 169.506    0.015 0.0 0.0 
 169.537    0.016 0.0 0.0 
 169.567    0.017 0.0 0.0 
 169.597    0.017 0.0 0.0 
 169.627    0.018 0.0 0.0 
 169.658    0.019 0.0 0.0 
 169.688    0.019 0.0 0.0 
 169.722    0.020 0.0 0.0 
 169.749    0.020 0.0 0.0 
 169.783    0.021 0.0 0.0 
 169.813    0.021 0.0 0.0 
 169.839    0.022 0.0 0.0 
 169.869    0.022 0.0 0.0 
 169.899    0.023 0.0 0.0 
 169.930    0.023 0.0 0.0 
 169.960    0.023 0.0 0.0 
 169.990    0.023 0.0 0.0 
 170.021    0.023 0.0 0.0 
 170.051    0.023 0.0 0.0 
 170.081    0.023 0.0 0.0 
 170.112    0.023 0.0 0.0 
 170.146    0.023 0.0 0.0 
 170.173    0.023 0.0 0.0 
 170.203    0.022 0.0 0.0 
 170.234    0.022 0.0 0.0 
 170.263    0.022 0.0 0.0 
 170.293    0.022 0.0 0.0 
 170.323    0.022 0.0 0.0 
 170.354    0.021 0.0 0.0 
 170.384    0.021 0.0 0.0 
 170.414    0.020 0.0 0.0 
 170.449    0.019 0.0 0.0 
 170.479    0.018 0.0 0.0 
 170.508    0.018 0.0 0.0 
 170.536    0.017 0.0 0.0 
 170.565    0.016 0.0 0.0 
 170.596    0.015 0.0 0.0 
 170.627    0.014 0.0 0.0 
 170.657    0.013 0.0 0.0 
 170.687    0.012 0.0 0.0 
 170.717    0.011 0.0 0.0 
 170.747    0.011 0.0 0.0 
 170.777    0.010 0.0 0.0 
 170.812    0.009 0.0 0.0 
 170.839    0.008 0.0 0.0 
 170.872    0.007 0.0 0.0 
 170.899    0.006 0.0 0.0 
 170.929    0.005 0.0 0.0 
 170.963    0.004 0.0 0.0 
 170.990    0.002 0.0 0.0 
 171.023    0.001 0.0 0.0 
 171.053   -0.000 0.0 0.0 
 171.081   -0.002 0.0 0.0 
 171.113   -0.003 0.0 0.0 
 171.141   -0.004 0.0 0.0 
 171.170   -0.006 0.0 0.0 
 171.204   -0.007 0.0 0.0 
 171.235   -0.008 0.0 0.0 
 171.266   -0.010 0.0 0.0 
 171.291   -0.011 0.0 0.0 
 171.323   -0.012 0.0 0.0 
 171.352   -0.014 0.0 0.0 
 171.382   -0.015 0.0 0.0 
 171.416   -0.016 0.0 0.0 
 171.447   -0.017 0.0 0.0 
 171.474   -0.018 0.0 0.0 
 171.503   -0.019 0.0 0.0 
 171.537   -0.019 0.0 0.0 
 171.564   -0.020 0.0 0.0 
 171.597   -0.020 0.0 0.0 
 171.628   -0.021 0.0 0.0 
 171.655   -0.021 0.0 0.0 
 171.684   -0.021 0.0 0.0 
 171.715   -0.022 0.0 0.0 
 171.746   -0.022 0.0 0.0 
 171.776   -0.023 0.0 0.0 
 171.810   -0.023 0.0 0.0 
 171.836   -0.023 0.0 0.0 
 171.871   -0.024 0.0 0.0 
 171.897   -0.024 0.0 0.0 
 171.927   -0.024 0.0 0.0 
 171.957   -0.024 0.0 0.0 
 171.987   -0.024 0.0 0.0 
 172.022   -0.024 0.0 0.0 
 172.049   -0.023 0.0 0.0 
 172.079   -0.023 0.0 0.0 
 172.109   -0.023 0.0 0.0 
 172.139   -0.022 0.0 0.0 
 172.169   -0.022 0.0 0.0 
 172.199   -0.021 0.0 0.0 
 172.229   -0.021 0.0 0.0 
 172.260   -0.020 0.0 0.0 
 172.290   -0.020 0.0 0.0 
 172.323   -0.019 0.0 0.0 
 172.351   -0.018 0.0 0.0 
 172.385   -0.018 0.0 0.0 
 172.415   -0.018 0.0 0.0 
 172.442   -0.017 0.0 0.0 
 172.471   -0.016 0.0 0.0 
 172.502   -0.016 0.0 0.0 
 172.532   -0.015 0.0 0.0 
 172.562   -0.014 0.0 0.0 
 172.596   -0.012 0.0 0.0 
 172.624   -0.011 0.0 0.0 
 172.654   -0.010 0.0 0.0 
 172.684   -0.009 0.0 0.0 
 172.714   -0.008 0.0 0.0 
 172.748   -0.006 0.0 0.0 
 172.775   -0.005 0.0 0.0 
 172.808   -0.004 0.0 0.0 
 172.838   -0.003 0.0 0.0 
 172.869   -0.002 0.0 0.0 
 172.899   -0.002 0.0 0.0 
 172.927   -0.001 0.0 0.0 
 172.956   -0.000 0.0 0.0 
 172.986    0.001 0.0 0.0 
 173.016    0.003 0.0 0.0 
 173.051    0.004 0.0 0.0 
 173.077    0.005 0.0 0.0 
 173.107    0.006 0.0 0.0 
 173.138    0.007 0.0 0.0 
 173.172    0.009 0.0 0.0 
 173.198    0.010 0.0 0.0 
 173.229    0.011 0.0 0.0 
 173.258    0.012 0.0 0.0 
 173.292    0.013 0.0 0.0 
 173.323    0.013 0.0 0.0 
 173.349    0.014 0.0 0.0 
 173.384    0.014 0.0 0.0 
 173.414    0.015 0.0 0.0 
 173.440    0.016 0.0 0.0 
 173.474    0.016 0.0 0.0 
 173.501    0.017 0.0 0.0 
 173.535    0.017 0.0 0.0 
 173.566    0.018 0.0 0.0 
 173.592    0.018 0.0 0.0 
 173.626    0.019 0.0 0.0 
 173.656    0.019 0.0 0.0 
 173.687    0.020 0.0 0.0 
 173.717    0.020 0.0 0.0 
 173.743    0.021 0.0 0.0 
 173.773    0.021 0.0 0.0 
 173.807    0.021 0.0 0.0 
 173.835    0.022 0.0 0.0 
 173.868    0.022 0.0 0.0 
 173.894    0.022 0.0 0.0 
 173.924    0.022 0.0 0.0 
 173.958    0.022 0.0 0.0 
 173.985    0.023 0.0 0.0 
 174.019    0.023 0.0 0.0 
 174.047    0.022 0.0 0.0 
 174.080    0.023 0.0 0.0 
 174.106    0.023 0.0 0.0 
 174.136    0.022 0.0 0.0 
 174.168    0.022 0.0 0.0 
 174.197    0.022 0.0 0.0 
 174.231    0.022 0.0 0.0 
 174.257    0.022 0.0 0.0 
 174.288    0.021 0.0 0.0 
 174.321    0.021 0.0 0.0 
 174.348    0.021 0.0 0.0 
 174.378    0.020 0.0 0.0 
 174.412    0.019 0.0 0.0 
 174.439    0.018 0.0 0.0 
 174.469    0.017 0.0 0.0 
 174.504    0.017 0.0 0.0 
 174.533    0.016 0.0 0.0 
 174.564    0.015 0.0 0.0 
 174.594    0.014 0.0 0.0 
 174.620    0.013 0.0 0.0 
 174.651    0.012 0.0 0.0 
 174.681    0.011 0.0 0.0 
 174.715    0.011 0.0 0.0 
 174.745    0.010 0.0 0.0 
 174.772    0.009 0.0 0.0 
 174.802    0.008 0.0 0.0 
 174.836    0.007 0.0 0.0 
 174.866    0.006 0.0 0.0 
 174.897    0.006 0.0 0.0 
 174.924    0.005 0.0 0.0 
 174.954    0.004 0.0 0.0 
 174.984    0.003 0.0 0.0 
 175.014    0.002 0.0 0.0 
 175.045    0.000 0.0 0.0 
 175.078   -0.000 0.0 0.0 
 175.105   -0.001 0.0 0.0 
 175.139   -0.002 0.0 0.0 
 175.166   -0.003 0.0 0.0 
 175.195   -0.005 0.0 0.0 
 175.230   -0.006 0.0 0.0 
 175.256   -0.006 0.0 0.0 
 175.288   -0.007 0.0 0.0 
 175.317   -0.008 0.0 0.0 
 175.347   -0.009 0.0 0.0 
 175.377   -0.010 0.0 0.0 
 175.408   -0.011 0.0 0.0 
 175.438   -0.012 0.0 0.0 
 175.472   -0.013 0.0 0.0 
 175.499   -0.014 0.0 0.0 
 175.529   -0.015 0.0 0.0 
 175.563   -0.016 0.0 0.0 
 175.590   -0.017 0.0 0.0 
 175.620   -0.018 0.0 0.0 
 175.654   -0.019 0.0 0.0 
 175.684   -0.020 0.0 0.0 
 175.711   -0.021 0.0 0.0 
 175.741   -0.021 0.0 0.0 
 175.771   -0.022 0.0 0.0 
 175.801   -0.022 0.0 0.0 
 175.832   -0.022 0.0 0.0 
 175.862   -0.023 0.0 0.0 
 175.892   -0.023 0.0 0.0 
 175.924   -0.023 0.0 0.0 
 175.957   -0.023 0.0 0.0 
 175.986   -0.023 0.0 0.0 
 176.014   -0.023 0.0 0.0 
 176.047   -0.023 0.0 0.0 
 176.074   -0.023 0.0 0.0 
 176.104   -0.022 0.0 0.0 
 176.134   -0.022 0.0 0.0 
 176.165   -0.022 0.0 0.0 
 176.198   -0.021 0.0 0.0 
 176.229   -0.021 0.0 0.0 
 176.260   -0.021 0.0 0.0 
 176.285   -0.020 0.0 0.0 
 176.316   -0.020 0.0 0.0 
 176.346   -0.020 0.0 0.0 
 176.376   -0.019 0.0 0.0 
 176.407   -0.019 0.0 0.0 
 176.437   -0.018 0.0 0.0 
 176.467   -0.018 0.0 0.0 
 176.501   -0.017 0.0 0.0 
 176.531   -0.016 0.0 0.0 
 176.560   -0.015 0.0 0.0 
 176.592   -0.013 0.0 0.0 
 176.620   -0.012 0.0 0.0 
 176.649   -0.010 0.0 0.0 
 176.679   -0.009 0.0 0.0 
 176.713   -0.007 0.0 0.0 
 176.740   -0.005 0.0 0.0 
 176.770   -0.003 0.0 0.0 
 176.800   -0.002 0.0 0.0 
 176.834   -0.000 0.0 0.0 
 176.861    0.001 0.0 0.0 
 176.891    0.002 0.0 0.0 
 176.925    0.003 0.0 0.0 
 176.955    0.004 0.0 0.0 
 176.985    0.005 0.0 0.0 
 177.013    0.005 0.0 0.0 
 177.046    0.006 0.0 0.0 
 177.072    0.006 0.0 0.0 
 177.102    0.007 0.0 0.0 
 177.137    0.008 0.0 0.0 
 177.163    0.009 0.0 0.0 
 177.194    0.009 0.0 0.0 
 177.228    0.010 0.0 0.0 
 177.258    0.010 0.0 0.0 
 177.288    0.011 0.0 0.0 
 177.315    0.012 0.0 0.0 
 177.345    0.012 0.0 0.0 
 177.379    0.013 0.0 0.0 
 177.405    0.013 0.0 0.0 
 177.437    0.014 0.0 0.0 
 177.469    0.015 0.0 0.0 
 177.497    0.015 0.0 0.0 
 177.526    0.016 0.0 0.0 
 177.560    0.016 0.0 0.0 
 177.587    0.017 0.0 0.0 
 177.617    0.017 0.0 0.0 
 177.651    0.018 0.0 0.0 
 177.681    0.019 0.0 0.0 
 177.708    0.020 0.0 0.0 
 177.738    0.020 0.0 0.0 
 177.772    0.021 0.0 0.0 
 177.799    0.021 0.0 0.0 
 177.832    0.021 0.0 0.0 
 177.860    0.022 0.0 0.0 
 177.891    0.022 0.0 0.0 
 177.920    0.022 0.0 0.0 
 177.954    0.022 0.0 0.0 
 177.985    0.022 0.0 0.0 
 178.012    0.022 0.0 0.0 
 178.041    0.022 0.0 0.0 
 178.071    0.022 0.0 0.0 
 178.105    0.022 0.0 0.0 
 178.136    0.022 0.0 0.0 
 178.162    0.022 0.0 0.0 
 178.196    0.022 0.0 0.0 
 178.228    0.022 0.0 0.0 
 178.253    0.022 0.0 0.0 
 178.287    0.022 0.0 0.0 
 178.314    0.021 0.0 0.0 
 178.344    0.021 0.0 0.0 
 178.377    0.021 0.0 0.0 
 178.404    0.020 0.0 0.0 
 178.435    0.019 0.0 0.0 
 178.468    0.019 0.0 0.0 
 178.495    0.018 0.0 0.0 
 178.525    0.017 0.0 0.0 
 178.560    0.016 0.0 0.0 
 178.589    0.015 0.0 0.0 
 178.620    0.013 0.0 0.0 
 178.647    0.012 0.0 0.0 
 178.677    0.010 0.0 0.0 
 178.707    0.008 0.0 0.0 
 178.737    0.006 0.0 0.0 
 178.767    0.005 0.0 0.0 
 178.798    0.003 0.0 0.0 
 178.832    0.001 0.0 0.0 
 178.859    0.000 0.0 0.0 
 178.888   -0.001 0.0 0.0 
 178.922   -0.002 0.0 0.0 
 178.953   -0.003 0.0 0.0 
 178.980   -0.003 0.0 0.0 
 179.010   -0.004 0.0 0.0 
 179.040   -0.005 0.0 0.0 
 179.070   -0.006 0.0 0.0 
 179.104   -0.006 0.0 0.0 
 179.135   -0.007 0.0 0.0 
 179.161   -0.007 0.0 0.0 
 179.191   -0.008 0.0 0.0 
 179.221   -0.009 0.0 0.0 
 179.256   -0.010 0.0 0.0 
 179.282   -0.010 0.0 0.0 
 179.312   -0.011 0.0 0.0 
 179.343   -0.011 0.0 0.0 
 179.376   -0.012 0.0 0.0 
 179.407   -0.012 0.0 0.0 
 179.433   -0.013 0.0 0.0 
 179.467   -0.014 0.0 0.0 
 179.495   -0.014 0.0 0.0 
 179.525   -0.015 0.0 0.0 
 179.555   -0.016 0.0 0.0 
 179.585   -0.016 0.0 0.0 
 179.615   -0.017 0.0 0.0 
 179.649   -0.018 0.0 0.0 
 179.676   -0.019 0.0 0.0 
 179.706   -0.019 0.0 0.0 
 179.740   -0.020 0.0 0.0 
 179.766   -0.020 0.0 0.0 
 179.796   -0.020 0.0 0.0 
 179.830   -0.021 0.0 0.0 
 179.859   -0.021 0.0 0.0 
 179.891   -0.021 0.0 0.0 
 179.917   -0.022 0.0 0.0 
 179.949   -0.022 0.0 0.0 
 179.978   -0.022 0.0 0.0 
 180.008   -0.022 0.0 0.0 
 180.038   -0.022 0.0 0.0 
 180.069   -0.022 0.0 0.0 
 180.099   -0.022 0.0 0.0 
 180.130   -0.021 0.0 0.0 
 180.163   -0.021 0.0 0.0 
 180.190   -0.021 0.0 0.0 
 180.220   -0.021 0.0 0.0 
 180.250   -0.021 0.0 0.0 
 180.281   -0.020 0.0 0.0 
 180.314   -0.020 0.0 0.0 
 180.342   -0.020 0.0 0.0 
 180.376   -0.019 0.0 0.0 
 180.401   -0.019 0.0 0.0 
 180.432   -0.019 0.0 0.0 
 180.462   -0.018 0.0 0.0 
 180.492   -0.017 0.0 0.0 
 180.526   -0.017 0.0 0.0 
 180.557   -0.016 0.0 0.0 
 180.583   -0.015 0.0 0.0 
 180.617   -0.014 0.0 0.0 
 180.644   -0.013 0.0 0.0 
 180.676   -0.012 0.0 0.0 
 180.708   -0.011 0.0 0.0 
 180.735   -0.010 0.0 0.0 
 180.765   -0.009 0.0 0.0 
 180.800   -0.008 0.0 0.0 
 180.825   -0.007 0.0 0.0 
 180.855   -0.006 0.0 0.0 
 180.889   -0.005 0.0 0.0 
 180.916   -0.005 0.0 0.0 
 180.946   -0.004 0.0 0.0 
 180.976   -0.003 0.0 0.0 
 181.007   -0.002 0.0 0.0 
 181.042   -0.002 0.0 0.0 
 181.068   -0.001 0.0 0.0 
 181.099    0.000 0.0 0.0 
 181.127    0.001 0.0 0.0 
 181.160    0.002 0.0 0.0 
 181.188    0.003 0.0 0.0 
 181.219    0.004 0.0 0.0 
 181.248    0.005 0.0 0.0 
 181.282    0.006 0.0 0.0 
 181.313    0.008 0.0 0.0 
 181.343    0.009 0.0 0.0 
 181.374    0.010 0.0 0.0 
 181.400    0.011 0.0 0.0 
 181.434    0.012 0.0 0.0 
 181.461    0.013 0.0 0.0 
 181.492    0.014 0.0 0.0 
 181.522    0.015 0.0 0.0 
 181.555    0.015 0.0 0.0 
 181.582    0.016 0.0 0.0 
 181.611    0.016 0.0 0.0 
 181.642    0.017 0.0 0.0 
 181.673    0.017 0.0 0.0 
 181.706    0.018 0.0 0.0 
 181.732    0.018 0.0 0.0 
 181.763    0.019 0.0 0.0 
 181.794    0.020 0.0 0.0 
 181.824    0.020 0.0 0.0 
 181.853    0.020 0.0 0.0 
 181.883    0.021 0.0 0.0 
 181.913    0.021 0.0 0.0 
 181.944    0.021 0.0 0.0 
 181.975    0.022 0.0 0.0 
 182.005    0.022 0.0 0.0 
 182.035    0.022 0.0 0.0 
 182.069    0.022 0.0 0.0 
 182.096    0.022 0.0 0.0 
 182.127    0.022 0.0 0.0 
 182.156    0.022 0.0 0.0 
 182.186    0.022 0.0 0.0 
 182.217    0.022 0.0 0.0 
 182.250    0.022 0.0 0.0 
 182.277    0.021 0.0 0.0 
 182.311    0.021 0.0 0.0 
 182.341    0.020 0.0 0.0 
 182.369    0.020 0.0 0.0 
 182.399    0.019 0.0 0.0 
 182.428    0.018 0.0 0.0 
 182.458    0.017 0.0 0.0 
 182.488    0.017 0.0 0.0 
 182.519    0.016 0.0 0.0 
 182.549    0.016 0.0 0.0 
 182.579    0.015 0.0 0.0 
 182.610    0.014 0.0 0.0 
 182.642    0.013 0.0 0.0 
 182.670    0.012 0.0 0.0 
 182.701    0.012 0.0 0.0 
 182.735    0.011 0.0 0.0 
 182.762    0.010 0.0 0.0 
 182.795    0.008 0.0 0.0 
 182.824    0.007 0.0 0.0 
 182.851    0.006 0.0 0.0 
 182.885    0.006 0.0 0.0 
 182.915    0.005 0.0 0.0 
 182.945    0.004 0.0 0.0 
 182.973    0.003 0.0 0.0 
 183.004    0.002 0.0 0.0 
 183.033    0.001 0.0 0.0 
 183.063    0.000 0.0 0.0 
 183.095   -0.001 0.0 0.0 
 183.124   -0.002 0.0 0.0 
 183.157   -0.003 0.0 0.0 
 183.184   -0.004 0.0 0.0 
 183.214   -0.005 0.0 0.0 
 183.245   -0.006 0.0 0.0 
 183.279   -0.007 0.0 0.0 
 183.310   -0.008 0.0 0.0 
 183.336   -0.008 0.0 0.0 
 183.367   -0.009 0.0 0.0 
 183.399   -0.010 0.0 0.0 
 183.429   -0.011 0.0 0.0 
 183.460   -0.012 0.0 0.0 
 183.487   -0.013 0.0 0.0 
 183.520   -0.014 0.0 0.0 
 183.551   -0.015 0.0 0.0 
 183.578   -0.016 0.0 0.0 
 183.612   -0.017 0.0 0.0 
 183.639   -0.018 0.0 0.0 
 183.668   -0.019 0.0 0.0 
 183.698   -0.019 0.0 0.0 
 183.732   -0.020 0.0 0.0 
 183.763   -0.020 0.0 0.0 
 183.789   -0.020 0.0 0.0 
 183.824   -0.020 0.0 0.0 
 183.853   -0.020 0.0 0.0 
 183.885   -0.020 0.0 0.0 
 183.911   -0.020 0.0 0.0 
 183.940   -0.021 0.0 0.0 
 183.974   -0.021 0.0 0.0 
 184.001   -0.021 0.0 0.0 
 184.034   -0.021 0.0 0.0 
 184.062   -0.021 0.0 0.0 
 184.153   -0.021 0.0 0.0 
 184.182   -0.021 0.0 0.0 
 184.202   -0.021 0.0 0.0 
 184.231   -0.021 0.0 0.0 
 184.263   -0.021 0.0 0.0 
 184.293   -0.021 0.0 0.0 
 184.321   -0.020 0.0 0.0 
 184.355   -0.020 0.0 0.0 
 184.383   -0.020 0.0 0.0 
 184.412   -0.020 0.0 0.0 
 184.443   -0.020 0.0 0.0 
 184.475   -0.019 0.0 0.0 
 184.505   -0.019 0.0 0.0 
 184.539   -0.018 0.0 0.0 
 184.568   -0.018 0.0 0.0 
 184.596   -0.017 0.0 0.0 
 184.627   -0.016 0.0 0.0 
 184.657   -0.015 0.0 0.0 
 184.687   -0.015 0.0 0.0 
 184.721   -0.013 0.0 0.0 
 184.749   -0.012 0.0 0.0 
 184.779   -0.011 0.0 0.0 
 184.809   -0.010 0.0 0.0 
 184.839   -0.009 0.0 0.0 
 184.872   -0.008 0.0 0.0 
 184.899   -0.007 0.0 0.0 
 184.930   -0.006 0.0 0.0 
 184.959   -0.004 0.0 0.0 
 184.990   -0.003 0.0 0.0 
 185.020   -0.003 0.0 0.0 
 185.051   -0.002 0.0 0.0 
 185.084   -0.001 0.0 0.0 
 185.112   -0.001 0.0 0.0 
 185.145    0.000 0.0 0.0 
 185.173    0.001 0.0 0.0 
 185.202    0.002 0.0 0.0 
 185.232    0.002 0.0 0.0 
 185.262    0.003 0.0 0.0 
 185.293    0.004 0.0 0.0 
 185.323    0.005 0.0 0.0 
 185.353    0.007 0.0 0.0 
 185.384    0.008 0.0 0.0 
 185.414    0.009 0.0 0.0 
 185.448    0.010 0.0 0.0 
 185.474    0.011 0.0 0.0 
 185.504    0.012 0.0 0.0 
 185.535    0.013 0.0 0.0 
 185.565    0.014 0.0 0.0 
 185.596    0.014 0.0 0.0 
 185.626    0.015 0.0 0.0 
 185.657    0.016 0.0 0.0 
 185.686    0.016 0.0 0.0 
 185.716    0.017 0.0 0.0 
 185.747    0.018 0.0 0.0 
 185.777    0.018 0.0 0.0 
 185.809    0.019 0.0 0.0 
 185.838    0.020 0.0 0.0 
 185.868    0.021 0.0 0.0 
 185.898    0.021 0.0 0.0 
 185.929    0.022 0.0 0.0 
 185.959    0.022 0.0 0.0 
 185.989    0.022 0.0 0.0 
 186.023    0.023 0.0 0.0 
 186.054    0.022 0.0 0.0 
 186.080    0.022 0.0 0.0 
 186.110    0.022 0.0 0.0 
 186.140    0.022 0.0 0.0 
 186.171    0.022 0.0 0.0 
 186.202    0.022 0.0 0.0 
 186.235    0.022 0.0 0.0 
 186.265    0.021 0.0 0.0 
 186.296    0.021 0.0 0.0 
 186.322    0.021 0.0 0.0 
 186.352    0.020 0.0 0.0 
 186.387    0.020 0.0 0.0 
 186.413    0.020 0.0 0.0 
 186.443    0.019 0.0 0.0 
 186.473    0.018 0.0 0.0 
 186.507    0.018 0.0 0.0 
 186.537    0.017 0.0 0.0 
 186.567    0.017 0.0 0.0 
 186.598    0.016 0.0 0.0 
 186.625    0.015 0.0 0.0 
 186.655    0.014 0.0 0.0 
 186.687    0.013 0.0 0.0 
 186.716    0.011 0.0 0.0 
 186.746    0.010 0.0 0.0 
 186.780    0.009 0.0 0.0 
 186.808    0.008 0.0 0.0 
 186.841    0.006 0.0 0.0 
 186.867    0.005 0.0 0.0 
 186.898    0.003 0.0 0.0 
 186.928    0.002 0.0 0.0 
 186.958    0.001 0.0 0.0 
 186.992    0.000 0.0 0.0 
 187.022   -0.000 0.0 0.0 
 187.048   -0.001 0.0 0.0 
 187.080   -0.002 0.0 0.0 
 187.110   -0.003 0.0 0.0 
 187.140   -0.004 0.0 0.0 
 187.169   -0.005 0.0 0.0 
 187.200   -0.006 0.0 0.0 
 187.231   -0.007 0.0 0.0 
 187.261   -0.008 0.0 0.0 
 187.291   -0.009 0.0 0.0 
 187.324   -0.010 0.0 0.0 
 187.355   -0.011 0.0 0.0 
 187.386   -0.011 0.0 0.0 
 187.416   -0.012 0.0 0.0 
 187.446   -0.013 0.0 0.0 
 187.476   -0.014 0.0 0.0 
 187.503   -0.015 0.0 0.0 
 187.534   -0.015 0.0 0.0 
 187.567   -0.016 0.0 0.0 
 187.593   -0.017 0.0 0.0 
 187.627   -0.018 0.0 0.0 
 187.655   -0.019 0.0 0.0 
 187.685   -0.019 0.0 0.0 
 187.714   -0.020 0.0 0.0 
 187.745   -0.020 0.0 0.0 
 187.778   -0.020 0.0 0.0 
 187.809   -0.020 0.0 0.0 
 187.838   -0.020 0.0 0.0 
 187.870   -0.020 0.0 0.0 
 187.898   -0.020 0.0 0.0 
 187.930   -0.020 0.0 0.0 
 187.957   -0.021 0.0 0.0 
 187.987   -0.021 0.0 0.0 
 188.021   -0.021 0.0 0.0 
 188.048   -0.021 0.0 0.0 
 188.078   -0.021 0.0 0.0 
 188.108   -0.021 0.0 0.0 
 188.138   -0.021 0.0 0.0 
 188.172   -0.021 0.0 0.0 
 188.200   -0.020 0.0 0.0 
 188.229   -0.020 0.0 0.0 
 188.260   -0.020 0.0 0.0 
 188.290   -0.019 0.0 0.0 
 188.320   -0.019 0.0 0.0 
 188.354   -0.018 0.0 0.0 
 188.380   -0.018 0.0 0.0 
 188.414   -0.018 0.0 0.0 
 188.441   -0.017 0.0 0.0 
 188.471   -0.017 0.0 0.0 
 188.501   -0.016 0.0 0.0 
 188.535   -0.016 0.0 0.0 
 188.563   -0.015 0.0 0.0 
 188.593   -0.015 0.0 0.0 
 188.622   -0.014 0.0 0.0 
 188.653   -0.013 0.0 0.0 
 188.687   -0.013 0.0 0.0 
 188.717   -0.012 0.0 0.0 
 188.745   -0.011 0.0 0.0 
 188.778   -0.010 0.0 0.0 
 188.804   -0.009 0.0 0.0 
 188.834   -0.008 0.0 0.0 
 188.865   -0.007 0.0 0.0 
 188.895   -0.006 0.0 0.0 
 188.925   -0.005 0.0 0.0 
 188.959   -0.004 0.0 0.0 
 188.986   -0.004 0.0 0.0 
 189.019   -0.002 0.0 0.0 
 189.050   -0.001 0.0 0.0 
 189.077   -0.000 0.0 0.0 
 189.107    0.001 0.0 0.0 
 189.141    0.002 0.0 0.0 
 189.171    0.003 0.0 0.0 
 189.197    0.004 0.0 0.0 
 189.231    0.005 0.0 0.0 
 189.259    0.006 0.0 0.0 
 189.292    0.007 0.0 0.0 
 189.319    0.008 0.0 0.0 
 189.349    0.009 0.0 0.0 
 189.379    0.009 0.0 0.0 
 189.413    0.010 0.0 0.0 
 189.440    0.011 0.0 0.0 
 189.473    0.012 0.0 0.0 
 189.500    0.012 0.0 0.0 
 189.533    0.013 0.0 0.0 
 189.564    0.014 0.0 0.0 
 189.591    0.015 0.0 0.0 
 189.624    0.016 0.0 0.0 
 189.654    0.016 0.0 0.0 
 189.681    0.017 0.0 0.0 
 189.711    0.017 0.0 0.0 
 189.742    0.018 0.0 0.0 
 189.776    0.018 0.0 0.0 
 189.805    0.019 0.0 0.0 
 189.834    0.019 0.0 0.0 
 189.863    0.020 0.0 0.0 
 189.893    0.020 0.0 0.0 
 189.923    0.020 0.0 0.0 
 189.957    0.021 0.0 0.0 
 189.987    0.021 0.0 0.0 
 190.018    0.021 0.0 0.0 
 190.048    0.022 0.0 0.0 
 190.076    0.022 0.0 0.0 
 190.105    0.022 0.0 0.0 
 190.135    0.022 0.0 0.0 
 190.166    0.021 0.0 0.0 
 190.200    0.021 0.0 0.0 
 190.230    0.021 0.0 0.0 
 190.260    0.020 0.0 0.0 
 190.290    0.020 0.0 0.0 
 190.317    0.019 0.0 0.0 
 190.351    0.019 0.0 0.0 
 190.377    0.019 0.0 0.0 
 190.407    0.018 0.0 0.0 
 190.441    0.018 0.0 0.0 
 190.468    0.017 0.0 0.0 
 190.499    0.017 0.0 0.0 
 190.532    0.016 0.0 0.0 
 190.562    0.015 0.0 0.0 
 190.589    0.015 0.0 0.0 
 190.622    0.014 0.0 0.0 
 190.649    0.013 0.0 0.0 
 190.679    0.012 0.0 0.0 
 190.710    0.011 0.0 0.0 
 190.743    0.010 0.0 0.0 
 190.770    0.009 0.0 0.0 
 190.804    0.009 0.0 0.0 
 190.832    0.008 0.0 0.0 
 190.864    0.007 0.0 0.0 
 190.892    0.006 0.0 0.0 
 190.925    0.005 0.0 0.0 
 190.952    0.004 0.0 0.0 
 190.986    0.004 0.0 0.0 
 191.016    0.002 0.0 0.0 
 191.042    0.001 0.0 0.0 
 191.072    0.000 0.0 0.0 
 191.106   -0.001 0.0 0.0 
 191.133   -0.002 0.0 0.0 
 191.163   -0.003 0.0 0.0 
 191.194   -0.004 0.0 0.0 
 191.223   -0.005 0.0 0.0 
 191.258   -0.006 0.0 0.0 
 191.285   -0.008 0.0 0.0 
 191.318   -0.008 0.0 0.0 
 191.346   -0.009 0.0 0.0 
 191.375   -0.010 0.0 0.0 
 191.405   -0.011 0.0 0.0 
 191.435   -0.012 0.0 0.0 
 191.466   -0.012 0.0 0.0 
 191.499   -0.013 0.0 0.0 
 191.529   -0.014 0.0 0.0 
 191.556   -0.015 0.0 0.0 
 191.590   -0.015 0.0 0.0 
 191.617   -0.015 0.0 0.0 
 191.651   -0.016 0.0 0.0 
 191.677   -0.017 0.0 0.0 
 191.708   -0.017 0.0 0.0 
 191.738   -0.018 0.0 0.0 
 191.768   -0.018 0.0 0.0 
 191.798   -0.019 0.0 0.0 
 191.832   -0.019 0.0 0.0 
 191.859   -0.019 0.0 0.0 
 191.890   -0.020 0.0 0.0 
 191.920   -0.020 0.0 0.0 
 191.954   -0.020 0.0 0.0 
 191.984   -0.020 0.0 0.0 
 192.014   -0.020 0.0 0.0 
 192.041   -0.020 0.0 0.0 
 192.072   -0.020 0.0 0.0 
 192.101   -0.020 0.0 0.0 
 192.135   -0.020 0.0 0.0 
 192.162   -0.020 0.0 0.0 
 192.196   -0.020 0.0 0.0 
 192.222   -0.020 0.0 0.0 
 192.256   -0.020 0.0 0.0 
 192.287   -0.020 0.0 0.0 
 192.314   -0.020 0.0 0.0 
 192.346   -0.020 0.0 0.0 
 192.374   -0.020 0.0 0.0 
 192.407   -0.019 0.0 0.0 
 192.435   -0.019 0.0 0.0 
 192.465   -0.018 0.0 0.0 
 192.495   -0.017 0.0 0.0 
 192.525   -0.017 0.0 0.0 
 192.559   -0.016 0.0 0.0 
 192.589   -0.015 0.0 0.0 
 192.620   -0.014 0.0 0.0 
 192.646   -0.013 0.0 0.0 
 192.676   -0.012 0.0 0.0 
 192.707   -0.012 0.0 0.0 
 192.737   -0.010 0.0 0.0 
 192.766   -0.010 0.0 0.0 
 192.800   -0.009 0.0 0.0 
 192.827   -0.008 0.0 0.0 
 192.858   -0.007 0.0 0.0 
 192.892   -0.006 0.0 0.0 
 192.918   -0.006 0.0 0.0 
 192.949   -0.005 0.0 0.0 
 192.978   -0.004 0.0 0.0 
 193.013   -0.003 0.0 0.0 
 193.039   -0.003 0.0 0.0 
 193.073   -0.002 0.0 0.0 
 193.100   -0.001 0.0 0.0 
 193.133   -0.000 0.0 0.0 
 193.160    0.001 0.0 0.0 
 193.194    0.002 0.0 0.0 
 193.221    0.004 0.0 0.0 
 193.251    0.005 0.0 0.0 
 193.281    0.006 0.0 0.0 
 193.315    0.008 0.0 0.0 
 193.343    0.009 0.0 0.0 
 193.373    0.011 0.0 0.0 
 193.405    0.012 0.0 0.0 
 193.436    0.013 0.0 0.0 
 193.463    0.014 0.0 0.0 
 193.493    0.014 0.0 0.0 
 193.527    0.015 0.0 0.0 
 193.554    0.015 0.0 0.0 
 193.584    0.016 0.0 0.0 
 193.615    0.016 0.0 0.0 
 193.644    0.016 0.0 0.0 
 193.675    0.017 0.0 0.0 
 193.705    0.017 0.0 0.0 
 193.738    0.018 0.0 0.0 
 193.766    0.018 0.0 0.0 
 193.799    0.019 0.0 0.0 
 193.829    0.019 0.0 0.0 
 193.860    0.019 0.0 0.0 
 193.887    0.020 0.0 0.0 
 193.917    0.020 0.0 0.0 
 193.947    0.020 0.0 0.0 
 193.978    0.020 0.0 0.0 
 194.011    0.020 0.0 0.0 
 194.037    0.020 0.0 0.0 
 194.070    0.020 0.0 0.0 
 194.099    0.020 0.0 0.0 
 194.132    0.020 0.0 0.0 
 194.159    0.020 0.0 0.0 
 194.193    0.019 0.0 0.0 
 194.219    0.019 0.0 0.0 
 194.251    0.019 0.0 0.0 
 194.281    0.019 0.0 0.0 
 194.310    0.019 0.0 0.0 
 194.340    0.018 0.0 0.0 
 194.371    0.018 0.0 0.0 
 194.404    0.018 0.0 0.0 
 194.431    0.017 0.0 0.0 
 194.462    0.017 0.0 0.0 
 194.493    0.017 0.0 0.0 
 194.522    0.016 0.0 0.0 
 194.556    0.016 0.0 0.0 
 194.583    0.016 0.0 0.0 
 194.617    0.015 0.0 0.0 
 194.647    0.014 0.0 0.0 
 194.677    0.014 0.0 0.0 
 194.703    0.013 0.0 0.0 
 194.733    0.012 0.0 0.0 
 194.764    0.012 0.0 0.0 
 194.798    0.011 0.0 0.0 
 194.825    0.010 0.0 0.0 
 194.855    0.009 0.0 0.0 
 194.885    0.008 0.0 0.0 
 194.918    0.007 0.0 0.0 
 194.945    0.005 0.0 0.0 
 194.976    0.004 0.0 0.0 
 195.006    0.003 0.0 0.0 
 195.036    0.003 0.0 0.0 
 195.066    0.002 0.0 0.0 
 195.100    0.001 0.0 0.0 
 195.131   -0.000 0.0 0.0 
 195.157   -0.002 0.0 0.0 
 195.191   -0.003 0.0 0.0 
 195.218   -0.004 0.0 0.0 
 195.249   -0.005 0.0 0.0 
 195.278   -0.006 0.0 0.0 
 195.308   -0.008 0.0 0.0 
 195.339   -0.009 0.0 0.0 
 195.372   -0.011 0.0 0.0 
 195.399   -0.012 0.0 0.0 
 195.429   -0.013 0.0 0.0 
 195.460   -0.014 0.0 0.0 
 195.490   -0.015 0.0 0.0 
 195.524   -0.015 0.0 0.0 
 195.551   -0.015 0.0 0.0 
 195.581   -0.016 0.0 0.0 
 195.611   -0.016 0.0 0.0 
 195.642   -0.017 0.0 0.0 
 195.672   -0.017 0.0 0.0 
 195.706   -0.017 0.0 0.0 
 195.736   -0.018 0.0 0.0 
 195.763   -0.018 0.0 0.0 
 195.797   -0.018 0.0 0.0 
 195.828   -0.019 0.0 0.0 
 195.853   -0.019 0.0 0.0 
 195.884   -0.019 0.0 0.0 
 195.914   -0.020 0.0 0.0 
 195.947   -0.020 0.0 0.0 
 195.975   -0.020 0.0 0.0 
 196.009   -0.020 0.0 0.0 
 196.035   -0.020 0.0 0.0 
 196.065   -0.020 0.0 0.0 
 196.096   -0.020 0.0 0.0 
 196.127   -0.020 0.0 0.0 
 196.157   -0.020 0.0 0.0 
 196.191   -0.020 0.0 0.0 
 196.221   -0.020 0.0 0.0 
 196.248   -0.020 0.0 0.0 
 196.277   -0.020 0.0 0.0 
 196.311   -0.020 0.0 0.0 
 196.338   -0.019 0.0 0.0 
 196.368   -0.019 0.0 0.0 
 196.402   -0.019 0.0 0.0 
 196.429   -0.018 0.0 0.0 
 196.463   -0.018 0.0 0.0 
 196.490   -0.018 0.0 0.0 
 196.524   -0.017 0.0 0.0 
 196.550   -0.016 0.0 0.0 
 196.580   -0.015 0.0 0.0 
 196.610   -0.015 0.0 0.0 
 196.641   -0.014 0.0 0.0 
 196.672   -0.014 0.0 0.0 
 196.701   -0.013 0.0 0.0 
 196.731   -0.012 0.0 0.0 
 196.762   -0.012 0.0 0.0 
 196.796   -0.011 0.0 0.0 
 196.822   -0.010 0.0 0.0 
 196.857   -0.009 0.0 0.0 
 196.884   -0.009 0.0 0.0 
 196.914   -0.007 0.0 0.0 
 196.947   -0.006 0.0 0.0 
 196.974   -0.005 0.0 0.0 
 197.008   -0.004 0.0 0.0 
 197.037   -0.003 0.0 0.0 
 197.064   -0.002 0.0 0.0 
 197.097   -0.001 0.0 0.0 
 197.125    0.000 0.0 0.0 
 197.155    0.001 0.0 0.0 
 197.186    0.003 0.0 0.0 
 197.216    0.003 0.0 0.0 
 197.249    0.004 0.0 0.0 
 197.280    0.005 0.0 0.0 
 197.307    0.006 0.0 0.0 
 197.337    0.007 0.0 0.0 
 197.371    0.007 0.0 0.0 
 197.397    0.008 0.0 0.0 
 197.427    0.009 0.0 0.0 
 197.461    0.009 0.0 0.0 
 197.488    0.010 0.0 0.0 
 197.522    0.011 0.0 0.0 
 197.548    0.012 0.0 0.0 
 197.579    0.012 0.0 0.0 
 197.608    0.013 0.0 0.0 
 197.639    0.014 0.0 0.0 
 197.669    0.015 0.0 0.0 
 197.699    0.016 0.0 0.0 
 197.730    0.016 0.0 0.0 
 197.760    0.017 0.0 0.0 
 197.790    0.017 0.0 0.0 
 197.825    0.018 0.0 0.0 
 197.851    0.018 0.0 0.0 
 197.881    0.019 0.0 0.0 
 197.914    0.019 0.0 0.0 
 197.942    0.019 0.0 0.0 
 197.972    0.019 0.0 0.0 
 198.002    0.019 0.0 0.0 
 198.036    0.020 0.0 0.0 
 198.062    0.020 0.0 0.0 
 198.093    0.020 0.0 0.0 
 198.123    0.020 0.0 0.0 
 198.157    0.020 0.0 0.0 
 198.187    0.019 0.0 0.0 
 198.217    0.019 0.0 0.0 
 198.244    0.019 0.0 0.0 
 198.274    0.019 0.0 0.0 
 198.308    0.019 0.0 0.0 
 198.335    0.019 0.0 0.0 
 198.365    0.018 0.0 0.0 
 198.395    0.018 0.0 0.0 
 198.429    0.018 0.0 0.0 
 198.456    0.018 0.0 0.0 
 198.486    0.017 0.0 0.0 
 198.516    0.017 0.0 0.0 
 198.550    0.016 0.0 0.0 
 198.580    0.016 0.0 0.0 
 198.611    0.015 0.0 0.0 
 198.638    0.014 0.0 0.0 
 198.668    0.014 0.0 0.0 
 198.698    0.013 0.0 0.0 
 198.728    0.012 0.0 0.0 
 198.762    0.012 0.0 0.0 
 198.789    0.011 0.0 0.0 
 198.819    0.010 0.0 0.0 
 198.850    0.009 0.0 0.0 
 198.880    0.008 0.0 0.0 
 198.910    0.007 0.0 0.0 
 198.945    0.006 0.0 0.0 
 198.971    0.005 0.0 0.0 
 199.000    0.004 0.0 0.0 
 199.030    0.003 0.0 0.0 
 199.061    0.002 0.0 0.0 
 199.164    0.001 0.0 0.0 
 199.197    0.000 0.0 0.0 
 199.219   -0.001 0.0 0.0 
 199.246   -0.002 0.0 0.0 
 199.274   -0.002 0.0 0.0 
 199.307   -0.003 0.0 0.0 
 199.338   -0.004 0.0 0.0 
 199.369   -0.005 0.0 0.0 
 199.396   -0.006 0.0 0.0 
 199.429   -0.007 0.0 0.0 
 199.459   -0.008 0.0 0.0 
 199.487   -0.009 0.0 0.0 
 199.519   -0.010 0.0 0.0 
 199.550   -0.011 0.0 0.0 
 199.577   -0.012 0.0 0.0 
 199.610   -0.013 0.0 0.0 
 199.638   -0.014 0.0 0.0 
 199.668   -0.015 0.0 0.0 
 199.700   -0.016 0.0 0.0 
 199.735   -0.016 0.0 0.0 
 199.766   -0.017 0.0 0.0 
 199.796   -0.017 0.0 0.0 
 199.827   -0.017 0.0 0.0 
 199.919   -0.018 0.0 0.0 
 199.943   -0.018 0.0 0.0 
 199.969   -0.019 0.0 0.0 
 199.999   -0.019 0.0 0.0 
 200.026   -0.019 0.0 0.0 
 200.056   -0.020 0.0 0.0 
 200.087   -0.020 0.0 0.0 
 200.120   -0.020 0.0 0.0 
 200.151   -0.020 0.0 0.0 
 200.178   -0.020 0.0 0.0 
 200.209   -0.020 0.0 0.0 
 200.244   -0.020 0.0 0.0 
 200.273   -0.020 0.0 0.0 
 200.304   -0.020 0.0 0.0 
 200.332   -0.020 0.0 0.0 
 200.365   -0.020 0.0 0.0 
 200.397   -0.020 0.0 0.0 
 200.422   -0.020 0.0 0.0 
 200.453   -0.019 0.0 0.0 
 200.487   -0.019 0.0 0.0 
 200.517   -0.019 0.0 0.0 
 200.547   -0.018 0.0 0.0 
 200.574   -0.018 0.0 0.0 
 200.604   -0.017 0.0 0.0 
 200.638   -0.017 0.0 0.0 
 200.665   -0.016 0.0 0.0 
 200.695   -0.015 0.0 0.0 
 200.726   -0.014 0.0 0.0 
 200.760   -0.013 0.0 0.0 
 200.790   -0.012 0.0 0.0 
 200.816   -0.010 0.0 0.0 
 200.846   -0.009 0.0 0.0 
 200.876   -0.008 0.0 0.0 
 200.911   -0.006 0.0 0.0 
 200.938   -0.005 0.0 0.0 
 200.968   -0.004 0.0 0.0 
 200.998   -0.003 0.0 0.0 
 201.032   -0.003 0.0 0.0 
 201.058   -0.002 0.0 0.0 
 201.089   -0.001 0.0 0.0 
 201.119   -0.001 0.0 0.0 
 201.149    0.000 0.0 0.0 
 201.180    0.001 0.0 0.0 
 201.213    0.001 0.0 0.0 
 201.239    0.002 0.0 0.0 
 201.270    0.002 0.0 0.0 
 201.304    0.003 0.0 0.0 
 201.331    0.004 0.0 0.0 
 201.365    0.004 0.0 0.0 
 201.394    0.005 0.0 0.0 
 201.425    0.006 0.0 0.0 
 201.451    0.007 0.0 0.0 
 201.482    0.008 0.0 0.0 
 201.512    0.009 0.0 0.0 
 201.541    0.010 0.0 0.0 
 201.573    0.011 0.0 0.0 
 201.606    0.012 0.0 0.0 
 201.636    0.012 0.0 0.0 
 201.663    0.013 0.0 0.0 
 201.693    0.013 0.0 0.0 
 201.728    0.014 0.0 0.0 
 201.758    0.015 0.0 0.0 
 201.787    0.016 0.0 0.0 
 201.817    0.016 0.0 0.0 
 201.845    0.017 0.0 0.0 
 201.878    0.017 0.0 0.0 
 201.909    0.017 0.0 0.0 
 201.939    0.018 0.0 0.0 
 201.970    0.018 0.0 0.0 
 201.997    0.019 0.0 0.0 
 202.026    0.019 0.0 0.0 
 202.059    0.019 0.0 0.0 
 202.087    0.019 0.0 0.0 
 202.121    0.019 0.0 0.0 
 202.151    0.019 0.0 0.0 
 202.178    0.019 0.0 0.0 
 202.208    0.019 0.0 0.0 
 202.238    0.019 0.0 0.0 
 202.268    0.019 0.0 0.0 
 202.302    0.019 0.0 0.0 
 202.332    0.019 0.0 0.0 
 202.359    0.019 0.0 0.0 
 202.393    0.019 0.0 0.0 
 202.419    0.018 0.0 0.0 
 202.450    0.018 0.0 0.0 
 202.484    0.018 0.0 0.0 
 202.514    0.017 0.0 0.0 
 202.541    0.017 0.0 0.0 
 202.571    0.016 0.0 0.0 
 202.601    0.015 0.0 0.0 
 202.636    0.014 0.0 0.0 
 202.666    0.013 0.0 0.0 
 202.693    0.012 0.0 0.0 
 202.727    0.011 0.0 0.0 
 202.754    0.010 0.0 0.0 
 202.784    0.008 0.0 0.0 
 202.814    0.007 0.0 0.0 
 202.847    0.006 0.0 0.0 
 202.874    0.005 0.0 0.0 
 202.904    0.005 0.0 0.0 
 202.934    0.004 0.0 0.0 
 202.964    0.004 0.0 0.0 
 202.995    0.003 0.0 0.0 
 203.025    0.002 0.0 0.0 
 203.059    0.002 0.0 0.0 
 203.086    0.001 0.0 0.0 
 203.119    0.001 0.0 0.0 
 203.146    0.000 0.0 0.0 
 203.176   -0.001 0.0 0.0 
 203.206   -0.003 0.0 0.0 
 203.237   -0.004 0.0 0.0 
 203.267   -0.005 0.0 0.0 
 203.297   -0.006 0.0 0.0 
 203.328   -0.008 0.0 0.0 
 203.362   -0.009 0.0 0.0 
 203.388   -0.010 0.0 0.0 
 203.419   -0.011 0.0 0.0 
 203.449   -0.012 0.0 0.0 
 203.479   -0.013 0.0 0.0 
 203.510   -0.014 0.0 0.0 
 203.540   -0.014 0.0 0.0 
 203.573   -0.014 0.0 0.0 
 203.601   -0.015 0.0 0.0 
 203.635   -0.015 0.0 0.0 
 203.667   -0.016 0.0 0.0 
 203.695   -0.016 0.0 0.0 
 203.726   -0.017 0.0 0.0 
 203.755   -0.017 0.0 0.0 
 203.785   -0.018 0.0 0.0 
 203.812   -0.018 0.0 0.0 
 203.842   -0.019 0.0 0.0 
 203.873   -0.019 0.0 0.0 
 203.903   -0.019 0.0 0.0 
 203.934   -0.020 0.0 0.0 
 203.963   -0.020 0.0 0.0 
 203.995   -0.020 0.0 0.0 
 204.024   -0.020 0.0 0.0 
 204.054   -0.020 0.0 0.0 
 204.087   -0.020 0.0 0.0 
 204.115   -0.020 0.0 0.0 
 204.145   -0.020 0.0 0.0 
 204.175   -0.020 0.0 0.0 
 204.208   -0.020 0.0 0.0 
 204.235   -0.020 0.0 0.0 
 204.269   -0.019 0.0 0.0 
 204.299   -0.019 0.0 0.0 
 204.329   -0.019 0.0 0.0 
 204.358   -0.018 0.0 0.0 
 204.387   -0.018 0.0 0.0 
 204.417   -0.017 0.0 0.0 
 204.447   -0.016 0.0 0.0 
 204.481   -0.016 0.0 0.0 
 204.512   -0.015 0.0 0.0 
 204.541   -0.014 0.0 0.0 
 204.568   -0.013 0.0 0.0 
 204.599   -0.012 0.0 0.0 
 204.632   -0.011 0.0 0.0 
 204.659   -0.009 0.0 0.0 
 204.689   -0.008 0.0 0.0 
 204.719   -0.008 0.0 0.0 
 204.751   -0.007 0.0 0.0 
 204.780   -0.006 0.0 0.0 
 204.811   -0.005 0.0 0.0 
 204.845   -0.004 0.0 0.0 
 204.874   -0.004 0.0 0.0 
 204.905   -0.003 0.0 0.0 
 204.932   -0.003 0.0 0.0 
 204.962   -0.002 0.0 0.0 
 204.993   -0.002 0.0 0.0 
 205.026   -0.001 0.0 0.0 
 205.056   -0.000 0.0 0.0 
 205.083    0.001 0.0 0.0 
 205.113    0.001 0.0 0.0 
 205.143    0.002 0.0 0.0 
 205.174    0.002 0.0 0.0 
 205.204    0.003 0.0 0.0 
 205.238    0.004 0.0 0.0 
 205.266    0.005 0.0 0.0 
 205.295    0.005 0.0 0.0 
 205.325    0.006 0.0 0.0 
 205.355    0.007 0.0 0.0 
 205.385    0.007 0.0 0.0 
 205.416    0.008 0.0 0.0 
 205.450    0.009 0.0 0.0 
 205.477    0.009 0.0 0.0 
 205.508    0.010 0.0 0.0 
 205.537    0.011 0.0 0.0 
 205.568    0.012 0.0 0.0 
 205.598    0.013 0.0 0.0 
 205.628    0.014 0.0 0.0 
 205.658    0.015 0.0 0.0 
 205.689    0.016 0.0 0.0 
 205.719    0.016 0.0 0.0 
 205.749    0.017 0.0 0.0 
 205.782    0.018 0.0 0.0 
 205.810    0.018 0.0 0.0 
 205.839    0.018 0.0 0.0 
 205.873    0.018 0.0 0.0 
 205.900    0.018 0.0 0.0 
 205.934    0.019 0.0 0.0 
 205.965    0.019 0.0 0.0 
 205.995    0.019 0.0 0.0 
 206.022    0.019 0.0 0.0 
 206.055    0.019 0.0 0.0 
 206.082    0.019 0.0 0.0 
 206.112    0.019 0.0 0.0 
 206.142    0.019 0.0 0.0 
 206.176    0.019 0.0 0.0 
 206.207    0.019 0.0 0.0 
 206.234    0.019 0.0 0.0 
 206.263    0.019 0.0 0.0 
 206.294    0.019 0.0 0.0 
 206.324    0.019 0.0 0.0 
 206.354    0.019 0.0 0.0 
 206.385    0.018 0.0 0.0 
 206.417    0.018 0.0 0.0 
 206.448    0.018 0.0 0.0 
 206.475    0.017 0.0 0.0 
 206.506    0.017 0.0 0.0 
 206.536    0.016 0.0 0.0 
 206.566    0.015 0.0 0.0 
 206.597    0.015 0.0 0.0 
 206.632    0.014 0.0 0.0 
 206.658    0.013 0.0 0.0 
 206.691    0.013 0.0 0.0 
 206.721    0.012 0.0 0.0 
 206.748    0.011 0.0 0.0 
 206.778    0.011 0.0 0.0 
 206.812    0.010 0.0 0.0 
 206.842    0.009 0.0 0.0 
 206.869    0.009 0.0 0.0 
 206.900    0.008 0.0 0.0 
 206.929    0.007 0.0 0.0 
 206.960    0.007 0.0 0.0 
 206.993    0.006 0.0 0.0 
 207.019    0.005 0.0 0.0 
 207.050    0.004 0.0 0.0 
 207.080    0.003 0.0 0.0 
 207.111    0.002 0.0 0.0 
 207.145    0.001 0.0 0.0 
 207.172   -0.000 0.0 0.0 
 207.205   -0.002 0.0 0.0 
 207.232   -0.003 0.0 0.0 
 207.265   -0.004 0.0 0.0 
 207.296   -0.005 0.0 0.0 
 207.326   -0.006 0.0 0.0 
 207.353   -0.007 0.0 0.0 
 207.383   -0.009 0.0 0.0 
 207.417   -0.009 0.0 0.0 
 207.448   -0.010 0.0 0.0 
 207.478   -0.010 0.0 0.0 
 207.505   -0.011 0.0 0.0 
 207.535   -0.011 0.0 0.0 
 207.569   -0.012 0.0 0.0 
 207.595   -0.012 0.0 0.0 
 207.629   -0.013 0.0 0.0 
 207.655   -0.014 0.0 0.0 
 207.689   -0.014 0.0 0.0 
 207.716   -0.015 0.0 0.0 
 207.750   -0.015 0.0 0.0 
 207.779   -0.016 0.0 0.0 
 207.807   -0.016 0.0 0.0 
 207.838   -0.017 0.0 0.0 
 207.868   -0.017 0.0 0.0 
 207.901   -0.018 0.0 0.0 
 207.928   -0.018 0.0 0.0 
 207.962   -0.018 0.0 0.0 
 207.988   -0.019 0.0 0.0 
 208.019   -0.019 0.0 0.0 
 208.049   -0.019 0.0 0.0 
 208.083   -0.019 0.0 0.0 
 208.110   -0.020 0.0 0.0 
 208.141   -0.020 0.0 0.0 
 208.174   -0.020 0.0 0.0 
 208.200   -0.020 0.0 0.0 
 208.234   -0.020 0.0 0.0 
 208.261   -0.020 0.0 0.0 
 208.295   -0.019 0.0 0.0 
 208.325   -0.019 0.0 0.0 
 208.352   -0.019 0.0 0.0 
 208.382   -0.018 0.0 0.0 
 208.416   -0.018 0.0 0.0 
 208.444   -0.017 0.0 0.0 
 208.476   -0.017 0.0 0.0 
 208.503   -0.017 0.0 0.0 
 208.534   -0.016 0.0 0.0 
 208.567   -0.016 0.0 0.0 
 208.594   -0.015 0.0 0.0 
 208.625   -0.015 0.0 0.0 
 208.657   -0.014 0.0 0.0 
 208.684   -0.013 0.0 0.0 
 208.715   -0.013 0.0 0.0 
 208.749   -0.012 0.0 0.0 
 208.776   -0.011 0.0 0.0 
 208.806   -0.010 0.0 0.0 
 208.837   -0.009 0.0 0.0 
 208.866   -0.009 0.0 0.0 
 208.900   -0.008 0.0 0.0 
 208.927   -0.007 0.0 0.0 
 208.960   -0.006 0.0 0.0 
 208.991   -0.005 0.0 0.0 
 209.019   -0.004 0.0 0.0 
 209.050   -0.003 0.0 0.0 
 209.079   -0.002 0.0 0.0 
 209.109   -0.001 0.0 0.0 
 209.142    0.001 0.0 0.0 
 209.173    0.002 0.0 0.0 
 209.199    0.003 0.0 0.0 
 209.230    0.004 0.0 0.0 
 209.261    0.004 0.0 0.0 
 209.294    0.005 0.0 0.0 
 209.321    0.006 0.0 0.0 
 209.350    0.007 0.0 0.0 
 209.381    0.008 0.0 0.0 
 209.411    0.008 0.0 0.0 
 209.441    0.009 0.0 0.0 
 209.475    0.009 0.0 0.0 
 209.503    0.009 0.0 0.0 
 209.533    0.010 0.0 0.0 
 209.563    0.011 0.0 0.0 
 209.597    0.012 0.0 0.0 
 209.623    0.012 0.0 0.0 
 209.653    0.013 0.0 0.0 
 209.756    0.013 0.0 0.0 
 209.783    0.014 0.0 0.0 
 209.807    0.014 0.0 0.0 
 209.832    0.015 0.0 0.0 
 209.865    0.016 0.0 0.0 
 209.893    0.016 0.0 0.0 
 209.923    0.017 0.0 0.0 
 209.954    0.017 0.0 0.0 
 209.985    0.017 0.0 0.0 
 210.020    0.018 0.0 0.0 
 210.047    0.018 0.0 0.0 
 210.078    0.019 0.0 0.0 
 210.112    0.019 0.0 0.0 
 210.140    0.019 0.0 0.0 
 210.172    0.019 0.0 0.0 
 210.203    0.019 0.0 0.0 
 210.230    0.019 0.0 0.0 
 210.262    0.019 0.0 0.0 
 210.289    0.019 0.0 0.0 
 210.319    0.019 0.0 0.0 
 210.353    0.019 0.0 0.0 
 210.380    0.019 0.0 0.0 
 210.410    0.019 0.0 0.0 
 210.440    0.018 0.0 0.0 
 210.471    0.018 0.0 0.0 
 210.502    0.017 0.0 0.0 
 210.535    0.017 0.0 0.0 
 210.562    0.017 0.0 0.0 
 210.595    0.016 0.0 0.0 
 210.625    0.016 0.0 0.0 
 210.656    0.015 0.0 0.0 
 210.684    0.014 0.0 0.0 
 210.716    0.014 0.0 0.0 
 210.743    0.013 0.0 0.0 
 210.773    0.013 0.0 0.0 
 210.804    0.012 0.0 0.0 
 210.837    0.012 0.0 0.0 
 210.865    0.011 0.0 0.0 
 210.895    0.010 0.0 0.0 
 210.928    0.010 0.0 0.0 
 210.958    0.009 0.0 0.0 
 210.984    0.009 0.0 0.0 
 211.015    0.008 0.0 0.0 
 211.045    0.007 0.0 0.0 
 211.079    0.006 0.0 0.0 
 211.106    0.005 0.0 0.0 
 211.140    0.003 0.0 0.0 
 211.170    0.003 0.0 0.0 
 211.198    0.002 0.0 0.0 
 211.230    0.001 0.0 0.0 
 211.258   -0.000 0.0 0.0 
 211.291   -0.002 0.0 0.0 
 211.321   -0.003 0.0 0.0 
 211.351   -0.003 0.0 0.0 
 211.378   -0.004 0.0 0.0 
 211.412   -0.005 0.0 0.0 
 211.438   -0.006 0.0 0.0 
 211.469   -0.007 0.0 0.0 
 211.499   -0.008 0.0 0.0 
 211.533   -0.008 0.0 0.0 
 211.563   -0.009 0.0 0.0 
 211.590   -0.010 0.0 0.0 
 211.621   -0.010 0.0 0.0 
 211.654   -0.011 0.0 0.0 
 211.681   -0.012 0.0 0.0 
 211.715   -0.013 0.0 0.0 
 211.741   -0.013 0.0 0.0 
 211.771   -0.014 0.0 0.0 
 211.801   -0.015 0.0 0.0 
 211.832   -0.015 0.0 0.0 
 211.865   -0.015 0.0 0.0 
 211.892   -0.016 0.0 0.0 
 211.926   -0.016 0.0 0.0 
 211.956   -0.017 0.0 0.0 
 211.987   -0.017 0.0 0.0 
 212.017   -0.017 0.0 0.0 
 212.045   -0.018 0.0 0.0 
 212.074   -0.018 0.0 0.0 
 212.107   -0.018 0.0 0.0 
 212.134   -0.019 0.0 0.0 
 212.166   -0.019 0.0 0.0 
 212.198   -0.019 0.0 0.0 
 212.225   -0.019 0.0 0.0 
 212.255   -0.019 0.0 0.0 
 212.285   -0.019 0.0 0.0 
 212.319   -0.019 0.0 0.0 
 212.348   -0.018 0.0 0.0 
 212.380   -0.018 0.0 0.0 
 212.406   -0.018 0.0 0.0 
 212.440   -0.017 0.0 0.0 
 212.471   -0.017 0.0 0.0 
 212.501   -0.017 0.0 0.0 
 212.532   -0.016 0.0 0.0 
 212.559   -0.015 0.0 0.0 
 212.588   -0.015 0.0 0.0 
 212.620   -0.014 0.0 0.0 
 212.650   -0.014 0.0 0.0 
 212.680   -0.014 0.0 0.0 
 212.709   -0.013 0.0 0.0 
 212.744   -0.012 0.0 0.0 
 212.774   -0.011 0.0 0.0 
 212.804   -0.011 0.0 0.0 
 212.834   -0.011 0.0 0.0 
 212.865   -0.010 0.0 0.0 
 212.891   -0.009 0.0 0.0 
 212.924   -0.008 0.0 0.0 
 212.952   -0.007 0.0 0.0 
 212.983   -0.006 0.0 0.0 
 213.015   -0.005 0.0 0.0 
 213.046   -0.004 0.0 0.0 
 213.073   -0.004 0.0 0.0 
 213.103   -0.003 0.0 0.0 
 213.133   -0.001 0.0 0.0 
 213.167   -0.001 0.0 0.0 
 213.194    0.000 0.0 0.0 
 213.226    0.002 0.0 0.0 
 213.255    0.003 0.0 0.0 
 213.284    0.003 0.0 0.0 
 213.316    0.004 0.0 0.0 
 213.345    0.005 0.0 0.0 
 213.375    0.006 0.0 0.0 
 213.409    0.007 0.0 0.0 
 213.436    0.008 0.0 0.0 
 213.466    0.009 0.0 0.0 
 213.500    0.010 0.0 0.0 
 213.528    0.010 0.0 0.0 
 213.561    0.011 0.0 0.0 
 213.587    0.012 0.0 0.0 
 213.618    0.013 0.0 0.0 
 213.648    0.013 0.0 0.0 
 213.682    0.014 0.0 0.0 
 213.709    0.014 0.0 0.0 
 213.739    0.015 0.0 0.0 
 213.769    0.015 0.0 0.0 
 213.803    0.016 0.0 0.0 
 213.829    0.016 0.0 0.0 
 213.860    0.016 0.0 0.0 
 213.890    0.017 0.0 0.0 
 213.924    0.017 0.0 0.0 
 213.955    0.018 0.0 0.0 
 213.982    0.018 0.0 0.0 
 214.016    0.018 0.0 0.0 
 214.046    0.018 0.0 0.0 
 214.072    0.018 0.0 0.0 
 214.102    0.018 0.0 0.0 
 214.136    0.018 0.0 0.0 
 214.163    0.018 0.0 0.0 
 214.193    0.018 0.0 0.0 
 214.223    0.018 0.0 0.0 
 214.256    0.018 0.0 0.0 
 214.283    0.018 0.0 0.0 
 214.317    0.018 0.0 0.0 
 214.348    0.018 0.0 0.0 
 214.374    0.018 0.0 0.0 
 214.405    0.018 0.0 0.0 
 214.435    0.017 0.0 0.0 
 214.469    0.017 0.0 0.0 
 214.496    0.017 0.0 0.0 
 214.606    0.016 0.0 0.0 
 214.632    0.016 0.0 0.0 
 214.657    0.015 0.0 0.0 
 214.729    0.014 0.0 0.0 
 214.752    0.014 0.0 0.0 
 214.780    0.013 0.0 0.0 
 214.807    0.013 0.0 0.0 
 214.839    0.012 0.0 0.0 
 214.869    0.012 0.0 0.0 
 214.896    0.011 0.0 0.0 
 214.927    0.010 0.0 0.0 
 214.957    0.009 0.0 0.0 
 214.992    0.009 0.0 0.0 
 215.022    0.008 0.0 0.0 
 215.052    0.008 0.0 0.0 
 215.080    0.006 0.0 0.0 
 215.110    0.005 0.0 0.0 
 215.143    0.004 0.0 0.0 
 215.170    0.003 0.0 0.0 
 215.203    0.002 0.0 0.0 
 215.234    0.001 0.0 0.0 
 215.262   -0.000 0.0 0.0 
 215.294   -0.001 0.0 0.0 
 215.325   -0.002 0.0 0.0 
 215.352   -0.003 0.0 0.0 
 215.382   -0.003 0.0 0.0 
 215.413   -0.004 0.0 0.0 
 215.446   -0.005 0.0 0.0 
 215.473   -0.005 0.0 0.0 
 215.503   -0.006 0.0 0.0 
 215.533   -0.006 0.0 0.0 
 215.565   -0.007 0.0 0.0 
 215.597   -0.007 0.0 0.0 
 215.629   -0.008 0.0 0.0 
 215.656   -0.009 0.0 0.0 
 215.687   -0.010 0.0 0.0 
 215.717   -0.010 0.0 0.0 
 215.751   -0.011 0.0 0.0 
 215.778   -0.012 0.0 0.0 
 215.812   -0.012 0.0 0.0 
 215.841   -0.013 0.0 0.0 
 215.872   -0.014 0.0 0.0 
 215.899   -0.014 0.0 0.0 
 215.933   -0.015 0.0 0.0 
 215.962   -0.015 0.0 0.0 
 215.992   -0.016 0.0 0.0 
 216.023   -0.016 0.0 0.0 
 216.051   -0.016 0.0 0.0 
 216.081   -0.017 0.0 0.0 
 216.110   -0.017 0.0 0.0 
 216.141   -0.017 0.0 0.0 
 216.170   -0.018 0.0 0.0 
 216.201   -0.018 0.0 0.0 
 216.231   -0.018 0.0 0.0 
 216.261   -0.018 0.0 0.0 
 216.292   -0.019 0.0 0.0 
 216.326   -0.019 0.0 0.0 
 216.354   -0.019 0.0 0.0 
 216.384   -0.019 0.0 0.0 
 216.413   -0.018 0.0 0.0 
 216.443   -0.018 0.0 0.0 
 216.473   -0.018 0.0 0.0 
 216.504   -0.018 0.0 0.0 
 216.538   -0.017 0.0 0.0 
 216.565   -0.017 0.0 0.0 
 216.598   -0.017 0.0 0.0 
 216.625   -0.017 0.0 0.0 
 216.659   -0.016 0.0 0.0 
 216.686   -0.016 0.0 0.0 
 216.719   -0.015 0.0 0.0 
 216.746   -0.015 0.0 0.0 
 216.778   -0.015 0.0 0.0 
 216.808   -0.014 0.0 0.0 
 216.837   -0.013 0.0 0.0 
 216.871   -0.012 0.0 0.0 
 216.901   -0.011 0.0 0.0 
 216.928   -0.010 0.0 0.0 
 216.959   -0.009 0.0 0.0 
 216.992   -0.008 0.0 0.0 
 217.021   -0.007 0.0 0.0 
 217.049   -0.006 0.0 0.0 
 217.083   -0.004 0.0 0.0 
 217.113   -0.003 0.0 0.0 
 217.142   -0.003 0.0 0.0 
 217.173   -0.002 0.0 0.0 
 217.204   -0.001 0.0 0.0 
 217.230   -0.000 0.0 0.0 
 217.261    0.000 0.0 0.0 
 217.294    0.001 0.0 0.0 
 217.322    0.002 0.0 0.0 
 217.351    0.003 0.0 0.0 
 217.381    0.004 0.0 0.0 
 217.415    0.005 0.0 0.0 
 217.443    0.006 0.0 0.0 
 217.476    0.006 0.0 0.0 
 217.503    0.007 0.0 0.0 
 217.534    0.008 0.0 0.0 
 217.567    0.009 0.0 0.0 
 217.594    0.010 0.0 0.0 
 217.628    0.011 0.0 0.0 
 217.657    0.012 0.0 0.0 
 217.685    0.012 0.0 0.0 
 217.716    0.013 0.0 0.0 
 217.745    0.013 0.0 0.0 
 217.775    0.014 0.0 0.0 
 217.806    0.014 0.0 0.0 
 217.839    0.015 0.0 0.0 
 217.869    0.016 0.0 0.0 
 217.900    0.016 0.0 0.0 
 217.930    0.016 0.0 0.0 
 217.956    0.017 0.0 0.0 
 217.987    0.017 0.0 0.0 
 218.021    0.017 0.0 0.0 
 218.047    0.018 0.0 0.0 
 218.078    0.018 0.0 0.0 
 218.112    0.018 0.0 0.0 
 218.139    0.019 0.0 0.0 
 218.172    0.019 0.0 0.0 
 218.201    0.019 0.0 0.0 
 218.229    0.019 0.0 0.0 
 218.259    0.019 0.0 0.0 
 218.293    0.019 0.0 0.0 
 218.321    0.018 0.0 0.0 
 218.351    0.018 0.0 0.0 
 218.384    0.018 0.0 0.0 
 218.411    0.017 0.0 0.0 
 218.442    0.017 0.0 0.0 
 218.471    0.017 0.0 0.0 
 218.505    0.016 0.0 0.0 
 218.532    0.016 0.0 0.0 
 218.565    0.015 0.0 0.0 
 218.593    0.015 0.0 0.0 
 218.622    0.014 0.0 0.0 
 218.652    0.014 0.0 0.0 
 218.686    0.013 0.0 0.0 
 218.779    0.013 0.0 0.0 
 218.811    0.013 0.0 0.0 
 218.829    0.012 0.0 0.0 
 218.860    0.012 0.0 0.0 
 218.888    0.011 0.0 0.0 
 218.919    0.010 0.0 0.0 
 218.950    0.010 0.0 0.0 
 218.979    0.009 0.0 0.0 
 219.010    0.008 0.0 0.0 
 219.040    0.008 0.0 0.0 
 219.078    0.007 0.0 0.0 
 219.102    0.006 0.0 0.0 
 219.132    0.005 0.0 0.0 
 219.163    0.004 0.0 0.0 
 219.196    0.003 0.0 0.0 
 219.227    0.002 0.0 0.0 
 219.256    0.001 0.0 0.0 
 219.288    0.000 0.0 0.0 
 219.315   -0.001 0.0 0.0 
 219.344   -0.002 0.0 0.0 
 219.375   -0.002 0.0 0.0 
 219.408   -0.003 0.0 0.0 
 219.435   -0.004 0.0 0.0 
 219.466   -0.005 0.0 0.0 
 219.496   -0.005 0.0 0.0 
 219.530   -0.006 0.0 0.0 
 219.556   -0.007 0.0 0.0 
 219.588   -0.007 0.0 0.0 
 219.618   -0.008 0.0 0.0 
 219.651   -0.009 0.0 0.0 
 219.681   -0.010 0.0 0.0 
 219.708   -0.011 0.0 0.0 
 219.741   -0.012 0.0 0.0 
 219.768   -0.013 0.0 0.0 
 219.798   -0.013 0.0 0.0 
 219.829   -0.014 0.0 0.0 
 219.862   -0.015 0.0 0.0 
 219.889   -0.015 0.0 0.0 
 219.919   -0.016 0.0 0.0 
 219.950   -0.016 0.0 0.0 
 219.983   -0.016 0.0 0.0 
 220.014   -0.016 0.0 0.0 
 220.042   -0.016 0.0 0.0 
 220.071   -0.017 0.0 0.0 
 220.102   -0.017 0.0 0.0 
 220.132   -0.017 0.0 0.0 
 220.165   -0.017 0.0 0.0 
 220.192   -0.017 0.0 0.0 
 220.223   -0.018 0.0 0.0 
 220.253   -0.018 0.0 0.0 
 220.283   -0.018 0.0 0.0 
 220.317   -0.018 0.0 0.0 
 220.343   -0.018 0.0 0.0 
 220.377   -0.018 0.0 0.0 
 220.404   -0.017 0.0 0.0 
 220.434   -0.017 0.0 0.0 
 220.466   -0.017 0.0 0.0 
 220.495   -0.017 0.0 0.0 
 220.525   -0.017 0.0 0.0 
 220.560   -0.016 0.0 0.0 
 220.590   -0.016 0.0 0.0 
 220.616   -0.016 0.0 0.0 
 220.647   -0.016 0.0 0.0 
 220.676   -0.015 0.0 0.0 
 220.710   -0.014 0.0 0.0 
 220.737   -0.013 0.0 0.0 
 220.768   -0.012 0.0 0.0 
 220.797   -0.011 0.0 0.0 
 220.832   -0.010 0.0 0.0 
 220.859   -0.009 0.0 0.0 
 220.893   -0.008 0.0 0.0 
 220.919   -0.007 0.0 0.0 
 220.949   -0.006 0.0 0.0 
 220.982   -0.005 0.0 0.0 
 221.010   -0.004 0.0 0.0 
 221.040   -0.003 0.0 0.0 
 221.070   -0.003 0.0 0.0 
 221.100   -0.002 0.0 0.0 
 221.130   -0.002 0.0 0.0 
 221.164   -0.001 0.0 0.0 
 221.192   -0.001 0.0 0.0 
 221.225    0.000 0.0 0.0 
 221.255    0.001 0.0 0.0 
 221.282    0.002 0.0 0.0 
 221.312    0.002 0.0 0.0 
 221.342    0.003 0.0 0.0 
 221.373    0.004 0.0 0.0 
 221.406    0.005 0.0 0.0 
 221.433    0.005 0.0 0.0 
 221.466    0.006 0.0 0.0 
 221.493    0.007 0.0 0.0 
 221.528    0.008 0.0 0.0 
 221.558    0.009 0.0 0.0 
 221.584    0.010 0.0 0.0 
 221.618    0.011 0.0 0.0 
 221.645    0.012 0.0 0.0 
 221.676    0.012 0.0 0.0 
 221.707    0.013 0.0 0.0 
 221.736    0.014 0.0 0.0 
 221.769    0.014 0.0 0.0 
 221.800    0.015 0.0 0.0 
 221.828    0.015 0.0 0.0 
 221.857    0.015 0.0 0.0 
 221.887    0.016 0.0 0.0 
 221.921    0.016 0.0 0.0 
 221.948    0.016 0.0 0.0 
 221.979    0.017 0.0 0.0 
 222.010    0.017 0.0 0.0 
 222.039    0.017 0.0 0.0 
 222.069    0.018 0.0 0.0 
 222.103    0.018 0.0 0.0 
 222.129    0.018 0.0 0.0 
 222.163    0.019 0.0 0.0 
 222.190    0.019 0.0 0.0 
 222.224    0.019 0.0 0.0 
 222.251    0.019 0.0 0.0 
 222.281    0.018 0.0 0.0 
 222.315    0.018 0.0 0.0 
 222.342    0.018 0.0 0.0 
 222.375    0.018 0.0 0.0 
 222.402    0.018 0.0 0.0 
 222.436    0.018 0.0 0.0 
 222.467    0.017 0.0 0.0 
 222.496    0.017 0.0 0.0 
 222.523    0.016 0.0 0.0 
 222.556    0.016 0.0 0.0 
 222.587    0.015 0.0 0.0 
 222.613    0.014 0.0 0.0 
 222.644    0.014 0.0 0.0 
 222.676    0.013 0.0 0.0 
 222.705    0.012 0.0 0.0 
 222.738    0.012 0.0 0.0 
 222.765    0.011 0.0 0.0 
 222.796    0.011 0.0 0.0 
 222.826    0.010 0.0 0.0 
 222.856    0.010 0.0 0.0 
 222.887    0.009 0.0 0.0 
 222.917    0.008 0.0 0.0 
 222.949    0.008 0.0 0.0 
 222.977    0.007 0.0 0.0 
 223.007    0.006 0.0 0.0 
 223.038    0.005 0.0 0.0 
 223.072    0.005 0.0 0.0 
 223.102    0.004 0.0 0.0 
 223.129    0.003 0.0 0.0 
 223.164    0.003 0.0 0.0 
 223.190    0.002 0.0 0.0 
 223.219    0.001 0.0 0.0 
 223.253    0.000 0.0 0.0 
 223.283   -0.001 0.0 0.0 
 223.310   -0.002 0.0 0.0 
 223.340   -0.002 0.0 0.0 
 223.374   -0.003 0.0 0.0 
 223.401   -0.004 0.0 0.0 
 223.434   -0.005 0.0 0.0 
 223.462   -0.006 0.0 0.0 
 223.493   -0.006 0.0 0.0 
 223.522   -0.007 0.0 0.0 
 223.552   -0.007 0.0 0.0 
 223.583   -0.008 0.0 0.0 
 223.613   -0.009 0.0 0.0 
 223.647   -0.009 0.0 0.0 
 223.674   -0.010 0.0 0.0 
 223.704   -0.011 0.0 0.0 
 223.737   -0.012 0.0 0.0 
 223.768   -0.012 0.0 0.0 
 223.798   -0.013 0.0 0.0 
 223.828   -0.014 0.0 0.0 
 223.856   -0.015 0.0 0.0 
 223.886   -0.015 0.0 0.0 
 223.916   -0.015 0.0 0.0 
 223.950   -0.016 0.0 0.0 
 223.980   -0.016 0.0 0.0 
 224.007   -0.016 0.0 0.0 
 224.037   -0.016 0.0 0.0 
 224.068   -0.017 0.0 0.0 
 224.101   -0.017 0.0 0.0 
 224.131   -0.017 0.0 0.0 
 224.158   -0.017 0.0 0.0 
 224.189   -0.017 0.0 0.0 
 224.222   -0.017 0.0 0.0 
 224.249   -0.017 0.0 0.0 
 224.279   -0.017 0.0 0.0 
 224.309   -0.017 0.0 0.0 
 224.339   -0.017 0.0 0.0 
 224.371   -0.017 0.0 0.0 
 224.403   -0.017 0.0 0.0 
 224.431   -0.016 0.0 0.0 
 224.461   -0.016 0.0 0.0 
 224.491   -0.015 0.0 0.0 
 224.521   -0.015 0.0 0.0 
 224.555   -0.014 0.0 0.0 
 224.585   -0.014 0.0 0.0 
 224.615   -0.013 0.0 0.0 
 224.645   -0.013 0.0 0.0 
 224.673   -0.013 0.0 0.0 
 224.703   -0.012 0.0 0.0 
 224.733   -0.012 0.0 0.0 
 224.763   -0.011 0.0 0.0 
 224.793   -0.011 0.0 0.0 
 224.823   -0.010 0.0 0.0 
 224.853   -0.010 0.0 0.0 
 224.885   -0.009 0.0 0.0 
 224.915   -0.008 0.0 0.0 
 224.944   -0.007 0.0 0.0 
 224.975   -0.006 0.0 0.0 
 225.005   -0.005 0.0 0.0 
 225.039   -0.005 0.0 0.0 
 225.065   -0.004 0.0 0.0 
 225.099   -0.003 0.0 0.0 
 225.130   -0.002 0.0 0.0 
 225.160   -0.001 0.0 0.0 
 225.187   -0.000 0.0 0.0 
 225.217    0.001 0.0 0.0 
 225.251    0.001 0.0 0.0 
 225.278    0.002 0.0 0.0 
 225.311    0.002 0.0 0.0 
 225.341    0.003 0.0 0.0 
 225.368    0.004 0.0 0.0 
 225.402    0.005 0.0 0.0 
 225.429    0.005 0.0 0.0 
 225.460    0.006 0.0 0.0 
 225.489    0.007 0.0 0.0 
 225.519    0.008 0.0 0.0 
 225.550    0.008 0.0 0.0 
 225.581    0.009 0.0 0.0 
 225.611    0.010 0.0 0.0 
 225.641    0.010 0.0 0.0 
 225.671    0.011 0.0 0.0 
 225.702    0.012 0.0 0.0 
 225.732    0.012 0.0 0.0 
 225.765    0.013 0.0 0.0 
 225.792    0.013 0.0 0.0 
 225.823    0.014 0.0 0.0 
 225.856    0.014 0.0 0.0 
 225.884    0.015 0.0 0.0 
 225.917    0.015 0.0 0.0 
 225.947    0.016 0.0 0.0 
 225.974    0.016 0.0 0.0 
 226.004    0.017 0.0 0.0 
 226.035    0.017 0.0 0.0 
 226.065    0.017 0.0 0.0 
 226.095    0.018 0.0 0.0 
 226.129    0.018 0.0 0.0 
 226.155    0.018 0.0 0.0 
 226.189    0.018 0.0 0.0 
 226.216    0.018 0.0 0.0 
 226.247    0.017 0.0 0.0 
 226.280    0.017 0.0 0.0 
 226.306    0.017 0.0 0.0 
 226.337    0.016 0.0 0.0 
 226.371    0.016 0.0 0.0 
 226.402    0.015 0.0 0.0 
 226.428    0.015 0.0 0.0 
 226.459    0.015 0.0 0.0 
 226.489    0.014 0.0 0.0 
 226.523    0.014 0.0 0.0 
 226.549    0.014 0.0 0.0 
 226.580    0.013 0.0 0.0 
 226.610    0.013 0.0 0.0 
 226.639    0.013 0.0 0.0 
 226.671    0.012 0.0 0.0 
 226.700    0.012 0.0 0.0 
 226.734    0.011 0.0 0.0 
 226.761    0.011 0.0 0.0 
 226.791    0.010 0.0 0.0 
 226.821    0.010 0.0 0.0 
 226.852    0.009 0.0 0.0 
 226.882    0.008 0.0 0.0 
 226.916    0.007 0.0 0.0 
 226.942    0.006 0.0 0.0 
 226.976    0.006 0.0 0.0 
 227.003    0.005 0.0 0.0 
 227.037    0.004 0.0 0.0 
 227.066    0.003 0.0 0.0 
 227.094    0.003 0.0 0.0 
 227.128    0.002 0.0 0.0 
 227.158    0.001 0.0 0.0 
 227.188    0.000 0.0 0.0 
 227.218   -0.001 0.0 0.0 
 227.248   -0.001 0.0 0.0 
 227.278   -0.002 0.0 0.0 
 227.309   -0.003 0.0 0.0 
 227.339   -0.004 0.0 0.0 
 227.369   -0.005 0.0 0.0 
 227.400   -0.006 0.0 0.0 
 227.428   -0.007 0.0 0.0 
 227.460   -0.007 0.0 0.0 
 227.488   -0.008 0.0 0.0 
 227.518   -0.008 0.0 0.0 
 227.553   -0.009 0.0 0.0 
 227.579   -0.010 0.0 0.0 
 227.608   -0.010 0.0 0.0 
 227.639   -0.011 0.0 0.0 
 227.673   -0.011 0.0 0.0 
 227.703   -0.012 0.0 0.0 
 227.730   -0.012 0.0 0.0 
 227.763   -0.013 0.0 0.0 
 227.790   -0.014 0.0 0.0 
 227.824   -0.014 0.0 0.0 
 227.855   -0.014 0.0 0.0 
 227.882   -0.015 0.0 0.0 
 227.912   -0.015 0.0 0.0 
 227.943   -0.015 0.0 0.0 
 227.972   -0.016 0.0 0.0 
 228.005   -0.016 0.0 0.0 
 228.035   -0.016 0.0 0.0 
 228.066   -0.016 0.0 0.0 
 228.093   -0.016 0.0 0.0 
 228.126   -0.017 0.0 0.0 
 228.157   -0.017 0.0 0.0 
 228.183   -0.017 0.0 0.0 
 228.213   -0.016 0.0 0.0 
 228.247   -0.016 0.0 0.0 
 228.277   -0.016 0.0 0.0 
 228.304   -0.016 0.0 0.0 
 228.338   -0.016 0.0 0.0 
 228.368   -0.016 0.0 0.0 
 228.400   -0.016 0.0 0.0 
 228.429   -0.016 0.0 0.0 
 228.459   -0.016 0.0 0.0 
 228.489   -0.015 0.0 0.0 
 228.516   -0.015 0.0 0.0 
 228.546   -0.015 0.0 0.0 
 228.576   -0.014 0.0 0.0 
 228.610   -0.014 0.0 0.0 
 228.637   -0.013 0.0 0.0 
 228.667   -0.013 0.0 0.0 
 228.766   -0.013 0.0 0.0 
 228.798   -0.012 0.0 0.0 
 228.820   -0.012 0.0 0.0 
 228.848   -0.012 0.0 0.0 
 228.875   -0.011 0.0 0.0 
 228.908   -0.011 0.0 0.0 
 228.936   -0.010 0.0 0.0 
 228.966   -0.009 0.0 0.0 
 228.999   -0.008 0.0 0.0 
 229.029   -0.008 0.0 0.0 
 229.057   -0.007 0.0 0.0 
 229.090   -0.006 0.0 0.0 
 229.119   -0.005 0.0 0.0 
 229.153   -0.004 0.0 0.0 
 229.179   -0.003 0.0 0.0 
 229.213   -0.002 0.0 0.0 
 229.240   -0.001 0.0 0.0 
 229.270   -0.001 0.0 0.0 
 229.301    0.000 0.0 0.0 
 229.335    0.001 0.0 0.0 
 229.364    0.002 0.0 0.0 
 229.394    0.002 0.0 0.0 
 229.421    0.003 0.0 0.0 
 229.455    0.004 0.0 0.0 
 229.482    0.005 0.0 0.0 
 229.515    0.006 0.0 0.0 
 229.543    0.007 0.0 0.0 
 229.573    0.008 0.0 0.0 
 229.603    0.008 0.0 0.0 
 229.636    0.009 0.0 0.0 
 229.666    0.010 0.0 0.0 
 229.766    0.011 0.0 0.0 
 229.798    0.011 0.0 0.0 
 229.818    0.012 0.0 0.0 
 229.846    0.012 0.0 0.0 
 229.877    0.013 0.0 0.0 
 229.907    0.013 0.0 0.0 
 229.938    0.014 0.0 0.0 
 229.968    0.014 0.0 0.0 
 229.996    0.015 0.0 0.0 
 230.026    0.015 0.0 0.0 
 230.061    0.016 0.0 0.0 
 230.089    0.016 0.0 0.0 
 230.122    0.017 0.0 0.0 
 230.148    0.017 0.0 0.0 
 230.184    0.017 0.0 0.0 
 230.212    0.017 0.0 0.0 
 230.243    0.018 0.0 0.0 
 230.341    0.018 0.0 0.0 
 230.367    0.018 0.0 0.0 
 230.388    0.018 0.0 0.0 
 230.418    0.018 0.0 0.0 
 230.451    0.018 0.0 0.0 
 230.481    0.018 0.0 0.0 
 230.511    0.018 0.0 0.0 
 230.539    0.018 0.0 0.0 
 230.572    0.017 0.0 0.0 
 230.603    0.017 0.0 0.0 
 230.632    0.017 0.0 0.0 
 230.663    0.016 0.0 0.0 
 230.694    0.016 0.0 0.0 
 230.723    0.016 0.0 0.0 
 230.754    0.015 0.0 0.0 
 230.784    0.015 0.0 0.0 
 230.812    0.015 0.0 0.0 
 230.842    0.014 0.0 0.0 
 230.872    0.013 0.0 0.0 
 230.903    0.013 0.0 0.0 
 230.935    0.012 0.0 0.0 
 230.965    0.011 0.0 0.0 
 230.994    0.011 0.0 0.0 
 231.025    0.010 0.0 0.0 
 231.054    0.009 0.0 0.0 
 231.090    0.008 0.0 0.0 
 231.120    0.008 0.0 0.0 
 231.147    0.007 0.0 0.0 
 231.180    0.006 0.0 0.0 
 231.207    0.005 0.0 0.0 
 231.238    0.004 0.0 0.0 
 231.272    0.003 0.0 0.0 
 231.299    0.002 0.0 0.0 
 231.330    0.002 0.0 0.0 
 231.359    0.001 0.0 0.0 
 231.389   -0.000 0.0 0.0 
 231.423   -0.001 0.0 0.0 
 231.449   -0.002 0.0 0.0 
 231.480   -0.002 0.0 0.0 
 231.511   -0.003 0.0 0.0 
 231.541   -0.004 0.0 0.0 
 231.570   -0.005 0.0 0.0 
 231.600   -0.005 0.0 0.0 
 231.631   -0.006 0.0 0.0 
 231.661   -0.007 0.0 0.0 
 231.691   -0.007 0.0 0.0 
 231.721   -0.008 0.0 0.0 
 231.754   -0.009 0.0 0.0 
 231.783   -0.010 0.0 0.0 
 231.816   -0.010 0.0 0.0 
 231.842   -0.011 0.0 0.0 
 231.872   -0.012 0.0 0.0 
 231.903   -0.013 0.0 0.0 
 231.934   -0.013 0.0 0.0 
 231.965   -0.014 0.0 0.0 
 231.994   -0.015 0.0 0.0 
 232.027   -0.015 0.0 0.0 
 232.054   -0.015 0.0 0.0 
 232.085   -0.016 0.0 0.0 
 232.115   -0.016 0.0 0.0 
 232.145   -0.016 0.0 0.0 
 232.176   -0.016 0.0 0.0 
 232.210   -0.016 0.0 0.0 
 232.240   -0.016 0.0 0.0 
 232.270   -0.016 0.0 0.0 
 232.303   -0.016 0.0 0.0 
 232.331   -0.016 0.0 0.0 
 232.361   -0.016 0.0 0.0 
 232.389   -0.016 0.0 0.0 
 232.418   -0.016 0.0 0.0 
 232.448   -0.016 0.0 0.0 
 232.479   -0.016 0.0 0.0 
 232.512   -0.016 0.0 0.0 
 232.540   -0.016 0.0 0.0 
 232.573   -0.015 0.0 0.0 
 232.600   -0.015 0.0 0.0 
 232.630   -0.015 0.0 0.0 
 232.660   -0.014 0.0 0.0 
 232.690   -0.014 0.0 0.0 
 232.720   -0.013 0.0 0.0 
 232.750   -0.013 0.0 0.0 
 232.781   -0.013 0.0 0.0 
 232.812   -0.012 0.0 0.0 
 232.842   -0.011 0.0 0.0 
 232.872   -0.011 0.0 0.0 
 232.906   -0.010 0.0 0.0 
 232.934   -0.010 0.0 0.0 
 232.966   -0.009 0.0 0.0 
 232.993   -0.008 0.0 0.0 
 233.024   -0.007 0.0 0.0 
 233.057   -0.006 0.0 0.0 
 233.087   -0.005 0.0 0.0 
 233.114   -0.004 0.0 0.0 
 233.147   -0.004 0.0 0.0 
 233.175   -0.003 0.0 0.0 
 233.205   -0.002 0.0 0.0 
 233.239   -0.001 0.0 0.0 
 233.265    0.000 0.0 0.0 
 233.299    0.001 0.0 0.0 
 233.326    0.002 0.0 0.0 
 233.356    0.003 0.0 0.0 
 233.386    0.004 0.0 0.0 
 233.417    0.005 0.0 0.0 
 233.447    0.005 0.0 0.0 
 233.477    0.006 0.0 0.0 
 233.507    0.007 0.0 0.0 
 233.541    0.008 0.0 0.0 
 233.572    0.008 0.0 0.0 
 233.598    0.009 0.0 0.0 
 233.630    0.009 0.0 0.0 
 233.659    0.010 0.0 0.0 
 233.689    0.010 0.0 0.0 
 233.719    0.011 0.0 0.0 
 233.749    0.012 0.0 0.0 
 233.779    0.012 0.0 0.0 
 233.810    0.013 0.0 0.0 
 233.841    0.013 0.0 0.0 
 233.870    0.014 0.0 0.0 
 233.904    0.014 0.0 0.0 
 233.931    0.014 0.0 0.0 
 233.966    0.015 0.0 0.0 
 233.995    0.015 0.0 0.0 
 234.023    0.015 0.0 0.0 
 234.056    0.016 0.0 0.0 
 234.085    0.016 0.0 0.0 
 234.113    0.016 0.0 0.0 
 234.143    0.017 0.0 0.0 
 234.173    0.017 0.0 0.0 
 234.203    0.017 0.0 0.0 
 234.233    0.017 0.0 0.0 
 234.266    0.017 0.0 0.0 
 234.297    0.017 0.0 0.0 
 234.324    0.017 0.0 0.0 
 234.354    0.016 0.0 0.0 
 234.388    0.016 0.0 0.0 
 234.419    0.016 0.0 0.0 
 234.445    0.015 0.0 0.0 
 234.475    0.015 0.0 0.0 
 234.506    0.015 0.0 0.0 
 234.536    0.015 0.0 0.0 
 234.566    0.015 0.0 0.0 
 234.599    0.015 0.0 0.0 
 234.627    0.014 0.0 0.0 
 234.658    0.014 0.0 0.0 
 234.691    0.014 0.0 0.0 
 234.721    0.013 0.0 0.0 
 234.748    0.013 0.0 0.0 
 234.779    0.012 0.0 0.0 
 234.808    0.012 0.0 0.0 
 234.839    0.011 0.0 0.0 
 234.872    0.010 0.0 0.0 
 234.900    0.009 0.0 0.0 
 234.931    0.009 0.0 0.0 
 234.961    0.008 0.0 0.0 
 234.994    0.007 0.0 0.0 
 235.021    0.007 0.0 0.0 
 235.055    0.006 0.0 0.0 
 235.081    0.005 0.0 0.0 
 235.113    0.005 0.0 0.0 
 235.142    0.005 0.0 0.0 
 235.172    0.004 0.0 0.0 
 235.203    0.003 0.0 0.0 
 235.233    0.002 0.0 0.0 
 235.267    0.002 0.0 0.0 
 235.294    0.001 0.0 0.0 
 235.324    0.000 0.0 0.0 
 235.358   -0.001 0.0 0.0 
 235.388   -0.002 0.0 0.0 
 235.414   -0.003 0.0 0.0 
 235.445   -0.004 0.0 0.0 
 235.475   -0.005 0.0 0.0 
 235.505   -0.007 0.0 0.0 
 235.535   -0.008 0.0 0.0 
 235.569   -0.009 0.0 0.0 
 235.596   -0.010 0.0 0.0 
 235.628   -0.011 0.0 0.0 
 235.657   -0.011 0.0 0.0 
 235.687   -0.012 0.0 0.0 
 235.721   -0.012 0.0 0.0 
 235.751   -0.013 0.0 0.0 
 235.778   -0.013 0.0 0.0 
 235.812   -0.013 0.0 0.0 
 235.842   -0.014 0.0 0.0 
 235.869   -0.014 0.0 0.0 
 235.899   -0.014 0.0 0.0 
 235.929   -0.015 0.0 0.0 
 235.960   -0.015 0.0 0.0 
 235.994   -0.016 0.0 0.0 
 236.020   -0.016 0.0 0.0 
 236.051   -0.016 0.0 0.0 
 236.084   -0.016 0.0 0.0 
 236.111   -0.016 0.0 0.0 
 236.141   -0.016 0.0 0.0 
 236.175   -0.016 0.0 0.0 
 236.205   -0.016 0.0 0.0 
 236.232   -0.016 0.0 0.0 
 236.263   -0.016 0.0 0.0 
 236.293   -0.016 0.0 0.0 
 236.326   -0.016 0.0 0.0 
 236.353   -0.016 0.0 0.0 
 236.383   -0.016 0.0 0.0 
 236.413   -0.016 0.0 0.0 
 236.443   -0.016 0.0 0.0 
 236.477   -0.016 0.0 0.0 
 236.505   -0.016 0.0 0.0 
 236.538   -0.015 0.0 0.0 
 236.568   -0.015 0.0 0.0 
 236.596   -0.014 0.0 0.0 
 236.628   -0.014 0.0 0.0 
 236.655   -0.013 0.0 0.0 
 236.686   -0.012 0.0 0.0 
 236.715   -0.011 0.0 0.0 
 236.747   -0.011 0.0 0.0 
 236.776   -0.010 0.0 0.0 
 236.806   -0.010 0.0 0.0 
 236.837   -0.009 0.0 0.0 
 236.870   -0.009 0.0 0.0 
 236.898   -0.008 0.0 0.0 
 236.930   -0.008 0.0 0.0 
 236.957   -0.007 0.0 0.0 
 236.991   -0.007 0.0 0.0 
 237.020   -0.006 0.0 0.0 
 237.048   -0.006 0.0 0.0 
 237.082   -0.005 0.0 0.0 
 237.108   -0.004 0.0 0.0 
 237.139   -0.004 0.0 0.0 
 237.169   -0.003 0.0 0.0 
 237.199   -0.002 0.0 0.0 
 237.229   -0.001 0.0 0.0 
 237.264   -0.000 0.0 0.0 
 237.294    0.001 0.0 0.0 
 237.321    0.002 0.0 0.0 
 237.351    0.002 0.0 0.0 
 237.384    0.003 0.0 0.0 
 237.411    0.004 0.0 0.0 
 237.441    0.005 0.0 0.0 
 237.472    0.006 0.0 0.0 
 237.502    0.006 0.0 0.0 
 237.532    0.007 0.0 0.0 
 237.566    0.008 0.0 0.0 
 237.593    0.009 0.0 0.0 
 237.622    0.010 0.0 0.0 
 237.653    0.011 0.0 0.0 
 237.684    0.011 0.0 0.0 
 237.715    0.012 0.0 0.0 
 237.745    0.013 0.0 0.0 
 237.774    0.014 0.0 0.0 
 237.804    0.015 0.0 0.0 
 237.838    0.016 0.0 0.0 
 237.865    0.016 0.0 0.0 
 237.895    0.016 0.0 0.0 
 237.925    0.017 0.0 0.0 
 237.955    0.017 0.0 0.0 
 237.989    0.017 0.0 0.0 
 238.016    0.017 0.0 0.0 
 238.050    0.017 0.0 0.0 
 238.077    0.017 0.0 0.0 
 238.110    0.017 0.0 0.0 
 238.138    0.017 0.0 0.0 
 238.167    0.017 0.0 0.0 
 238.201    0.016 0.0 0.0 
 238.228    0.016 0.0 0.0 
 238.258    0.016 0.0 0.0 
 238.289    0.016 0.0 0.0 
 238.319    0.016 0.0 0.0 
 238.349    0.016 0.0 0.0 
 238.383    0.015 0.0 0.0 
 238.410    0.015 0.0 0.0 
 238.441    0.015 0.0 0.0 
 238.470    0.015 0.0 0.0 
 238.504    0.015 0.0 0.0 
 238.534    0.014 0.0 0.0 
 238.561    0.014 0.0 0.0 
 238.591    0.014 0.0 0.0 
 238.625    0.013 0.0 0.0 
 238.651    0.013 0.0 0.0 
 238.685    0.012 0.0 0.0 
 238.712    0.011 0.0 0.0 
 238.742    0.011 0.0 0.0 
 238.772    0.010 0.0 0.0 
 238.802    0.009 0.0 0.0 
 238.832    0.009 0.0 0.0 
 238.862    0.008 0.0 0.0 
 238.893    0.008 0.0 0.0 
 238.923    0.007 0.0 0.0 
 238.954    0.007 0.0 0.0 
 238.985    0.006 0.0 0.0 
 239.014    0.006 0.0 0.0 
 239.045    0.005 0.0 0.0 
 239.075    0.005 0.0 0.0 
 239.105    0.004 0.0 0.0 
 239.135    0.004 0.0 0.0 
 239.166    0.003 0.0 0.0 
 239.196    0.003 0.0 0.0 
 239.226    0.002 0.0 0.0 
 239.256    0.001 0.0 0.0 
 239.287    0.000 0.0 0.0 
 239.317   -0.001 0.0 0.0 
 239.348   -0.002 0.0 0.0 
 239.378   -0.003 0.0 0.0 
 239.408   -0.004 0.0 0.0 
 239.438   -0.005 0.0 0.0 
 239.472   -0.006 0.0 0.0 
 239.503   -0.006 0.0 0.0 
 239.532   -0.007 0.0 0.0 
 239.559   -0.007 0.0 0.0 
 239.589   -0.008 0.0 0.0 
 239.619   -0.008 0.0 0.0 
 239.650   -0.009 0.0 0.0 
 239.684   -0.009 0.0 0.0 
 239.711   -0.010 0.0 0.0 
 239.741   -0.010 0.0 0.0 
 239.775   -0.011 0.0 0.0 
 239.801   -0.011 0.0 0.0 
 239.832   -0.012 0.0 0.0 
 239.862   -0.012 0.0 0.0 
 239.892   -0.013 0.0 0.0 
 239.923   -0.014 0.0 0.0 
 239.955   -0.014 0.0 0.0 
 239.983   -0.015 0.0 0.0 
 240.013   -0.015 0.0 0.0 
 240.047   -0.015 0.0 0.0 
 240.080   -0.016 0.0 0.0 
 240.106   -0.016 0.0 0.0 
 240.141   -0.016 0.0 0.0 
 240.165   -0.016 0.0 0.0 
 240.195   -0.016 0.0 0.0 
 240.225   -0.016 0.0 0.0 
 240.255   -0.016 0.0 0.0 
 240.286   -0.016 0.0 0.0 
 240.316   -0.016 0.0 0.0 
 240.349   -0.016 0.0 0.0 
 240.380   -0.016 0.0 0.0 
 240.410   -0.016 0.0 0.0 
 240.437   -0.016 0.0 0.0 
 240.471   -0.016 0.0 0.0 
 240.501   -0.016 0.0 0.0 
 240.528   -0.015 0.0 0.0 
 240.557   -0.015 0.0 0.0 
 240.588   -0.015 0.0 0.0 
 240.619   -0.014 0.0 0.0 
 240.649   -0.014 0.0 0.0 
 240.679   -0.013 0.0 0.0 
 240.709   -0.012 0.0 0.0 
 240.739   -0.012 0.0 0.0 
 240.770   -0.011 0.0 0.0 
 240.804   -0.011 0.0 0.0 
 240.834   -0.010 0.0 0.0 
 240.864   -0.010 0.0 0.0 
 240.894   -0.009 0.0 0.0 
 240.921   -0.008 0.0 0.0 
 240.952   -0.008 0.0 0.0 
 240.981   -0.007 0.0 0.0 
 241.012   -0.007 0.0 0.0 
 241.042   -0.006 0.0 0.0 
 241.076   -0.006 0.0 0.0 
 241.103   -0.005 0.0 0.0 
 241.133   -0.004 0.0 0.0 
 241.163   -0.003 0.0 0.0 
 241.194   -0.003 0.0 0.0 
 241.224   -0.002 0.0 0.0 
 241.254   -0.001 0.0 0.0 
 241.284   -0.000 0.0 0.0 
 241.314    0.001 0.0 0.0 
 241.348    0.001 0.0 0.0 
 241.375    0.002 0.0 0.0 
 241.405    0.003 0.0 0.0 
 241.435    0.004 0.0 0.0 
 241.466    0.004 0.0 0.0 
 241.496    0.005 0.0 0.0 
 241.526    0.006 0.0 0.0 
 241.557    0.006 0.0 0.0 
 241.590    0.007 0.0 0.0 
 241.618    0.008 0.0 0.0 
 241.648    0.009 0.0 0.0 
 241.679    0.010 0.0 0.0 
 241.708    0.010 0.0 0.0 
 241.738    0.011 0.0 0.0 
 241.771    0.012 0.0 0.0 
 241.802    0.012 0.0 0.0 
 241.829    0.013 0.0 0.0 
 241.859    0.013 0.0 0.0 
 241.889    0.014 0.0 0.0 
 241.921    0.014 0.0 0.0 
 241.950    0.014 0.0 0.0 
 241.980    0.015 0.0 0.0 
 242.010    0.015 0.0 0.0 
 242.040    0.015 0.0 0.0 
 242.070    0.015 0.0 0.0 
 242.101    0.015 0.0 0.0 
 242.135    0.016 0.0 0.0 
 242.162    0.016 0.0 0.0 
 242.192    0.016 0.0 0.0 
 242.224    0.016 0.0 0.0 
 242.252    0.016 0.0 0.0 
 242.282    0.016 0.0 0.0 
 242.317    0.016 0.0 0.0 
 242.343    0.016 0.0 0.0 
 242.373    0.016 0.0 0.0 
 242.403    0.016 0.0 0.0 
 242.433    0.016 0.0 0.0 
 242.464    0.015 0.0 0.0 
 242.494    0.015 0.0 0.0 
 242.528    0.015 0.0 0.0 
 242.554    0.015 0.0 0.0 
 242.584    0.014 0.0 0.0 
 242.615    0.014 0.0 0.0 
 242.646    0.013 0.0 0.0 
 242.679    0.013 0.0 0.0 
 242.706    0.012 0.0 0.0 
 242.736    0.012 0.0 0.0 
 242.766    0.011 0.0 0.0 
 242.796    0.011 0.0 0.0 
 242.831    0.011 0.0 0.0 
 242.857    0.010 0.0 0.0 
 242.887    0.010 0.0 0.0 
 242.917    0.009 0.0 0.0 
 242.951    0.009 0.0 0.0 
 242.978    0.008 0.0 0.0 
 243.012    0.007 0.0 0.0 
 243.042    0.007 0.0 0.0 
 243.072    0.006 0.0 0.0 
 243.099    0.005 0.0 0.0 
 243.133    0.005 0.0 0.0 
 243.163    0.004 0.0 0.0 
 243.194    0.004 0.0 0.0 
 243.220    0.003 0.0 0.0 
 243.253    0.002 0.0 0.0 
 243.281    0.002 0.0 0.0 
 243.311    0.001 0.0 0.0 
 243.344    0.001 0.0 0.0 
 243.372   -0.000 0.0 0.0 
 243.402   -0.001 0.0 0.0 
 243.435   -0.002 0.0 0.0 
 243.462   -0.003 0.0 0.0 
 243.493   -0.004 0.0 0.0 
 243.527   -0.005 0.0 0.0 
 243.553   -0.006 0.0 0.0 
 243.587   -0.006 0.0 0.0 
 243.614   -0.007 0.0 0.0 
 243.644   -0.008 0.0 0.0 
 243.674   -0.008 0.0 0.0 
 243.704   -0.009 0.0 0.0 
 243.739   -0.010 0.0 0.0 
 243.768   -0.010 0.0 0.0 
 243.795   -0.011 0.0 0.0 
 243.826   -0.011 0.0 0.0 
 243.860   -0.012 0.0 0.0 
 243.887   -0.012 0.0 0.0 
 243.916   -0.013 0.0 0.0 
 243.947   -0.013 0.0 0.0 
 243.977   -0.014 0.0 0.0 
 244.007   -0.014 0.0 0.0 
 244.038   -0.015 0.0 0.0 
 244.072   -0.015 0.0 0.0 
 244.102   -0.015 0.0 0.0 
 244.132   -0.016 0.0 0.0 
 244.159   -0.016 0.0 0.0 
 244.189   -0.016 0.0 0.0 
 244.220   -0.016 0.0 0.0 
 244.249   -0.016 0.0 0.0 
 244.283   -0.016 0.0 0.0 
 244.310   -0.016 0.0 0.0 
 244.340   -0.016 0.0 0.0 
 244.374   -0.016 0.0 0.0 
 244.404   -0.016 0.0 0.0 
 244.434   -0.016 0.0 0.0 
 244.461   -0.016 0.0 0.0 
 244.491   -0.016 0.0 0.0 
 244.525   -0.015 0.0 0.0 
 244.552   -0.015 0.0 0.0 
 244.586   -0.015 0.0 0.0 
 244.616   -0.014 0.0 0.0 
 244.642   -0.014 0.0 0.0 
 244.673   -0.013 0.0 0.0 
 244.708   -0.012 0.0 0.0 
 244.733   -0.012 0.0 0.0 
 244.767   -0.011 0.0 0.0 
 244.794   -0.011 0.0 0.0 
 244.824   -0.010 0.0 0.0 
 244.858   -0.010 0.0 0.0 
 244.888   -0.009 0.0 0.0 
 244.915   -0.009 0.0 0.0 
 244.945   -0.008 0.0 0.0 
 244.975   -0.008 0.0 0.0 
 245.005   -0.007 0.0 0.0 
 245.036   -0.007 0.0 0.0 
 245.069   -0.006 0.0 0.0 
 245.096   -0.005 0.0 0.0 
 245.127   -0.004 0.0 0.0 
 245.157   -0.003 0.0 0.0 
 245.189   -0.003 0.0 0.0 
 245.218   -0.002 0.0 0.0 
 245.248   -0.001 0.0 0.0 
 245.278   -0.000 0.0 0.0 
 245.308    0.001 0.0 0.0 
 245.342    0.001 0.0 0.0 
 245.369    0.002 0.0 0.0 
 245.399    0.003 0.0 0.0 
 245.429    0.003 0.0 0.0 
 245.460    0.004 0.0 0.0 
 245.494    0.005 0.0 0.0 
 245.520    0.006 0.0 0.0 
 245.554    0.006 0.0 0.0 
 245.581    0.007 0.0 0.0 
 245.611    0.008 0.0 0.0 
 245.641    0.008 0.0 0.0 
 245.671    0.009 0.0 0.0 
 245.702    0.009 0.0 0.0 
 245.732    0.009 0.0 0.0 
 245.763    0.010 0.0 0.0 
 245.792    0.010 0.0 0.0 
 245.827    0.011 0.0 0.0 
 245.857    0.012 0.0 0.0 
 245.887    0.012 0.0 0.0 
 245.913    0.012 0.0 0.0 
 245.944    0.013 0.0 0.0 
 245.974    0.013 0.0 0.0 
 246.005    0.014 0.0 0.0 
 246.038    0.014 0.0 0.0 
 246.069    0.014 0.0 0.0 
 246.095    0.015 0.0 0.0 
 246.125    0.015 0.0 0.0 
 246.159    0.015 0.0 0.0 
 246.187    0.015 0.0 0.0 
 246.217    0.015 0.0 0.0 
 246.247    0.015 0.0 0.0 
 246.277    0.015 0.0 0.0 
 246.311    0.015 0.0 0.0 
 246.337    0.015 0.0 0.0 
 246.367    0.015 0.0 0.0 
 246.398    0.015 0.0 0.0 
 246.428    0.015 0.0 0.0 
 246.459    0.015 0.0 0.0 
 246.489    0.015 0.0 0.0 
 246.519    0.015 0.0 0.0 
 246.553    0.015 0.0 0.0 
 246.580    0.014 0.0 0.0 
 246.614    0.014 0.0 0.0 
 246.644    0.014 0.0 0.0 
 246.674    0.013 0.0 0.0 
 246.704    0.013 0.0 0.0 
 246.731    0.013 0.0 0.0 
 246.761    0.012 0.0 0.0 
 246.791    0.012 0.0 0.0 
 246.822    0.011 0.0 0.0 
 246.856    0.011 0.0 0.0 
 246.882    0.010 0.0 0.0 
 246.916    0.010 0.0 0.0 
 246.942    0.009 0.0 0.0 
 246.972    0.008 0.0 0.0 
 247.003    0.008 0.0 0.0 
 247.037    0.007 0.0 0.0 
 247.064    0.006 0.0 0.0 
 247.094    0.005 0.0 0.0 
 247.124    0.004 0.0 0.0 
 247.158    0.004 0.0 0.0 
 247.184    0.003 0.0 0.0 
 247.218    0.002 0.0 0.0 
 247.249    0.001 0.0 0.0 
 247.276    0.001 0.0 0.0 
 247.306    0.001 0.0 0.0 
 247.336   -0.000 0.0 0.0 
 247.366   -0.001 0.0 0.0 
 247.400   -0.002 0.0 0.0 
 247.427   -0.002 0.0 0.0 
 247.457   -0.003 0.0 0.0 
 247.487   -0.004 0.0 0.0 
 247.518   -0.004 0.0 0.0 
 247.548   -0.005 0.0 0.0 
 247.578   -0.006 0.0 0.0 
 247.612   -0.007 0.0 0.0 
 247.639   -0.008 0.0 0.0 
 247.669   -0.009 0.0 0.0 
 247.703   -0.009 0.0 0.0 
 247.729   -0.010 0.0 0.0 
 247.760   -0.011 0.0 0.0 
 247.790   -0.011 0.0 0.0 
 247.824   -0.012 0.0 0.0 
 247.850   -0.012 0.0 0.0 
 247.885   -0.013 0.0 0.0 
 247.914   -0.013 0.0 0.0 
 247.941   -0.013 0.0 0.0 
 247.971   -0.014 0.0 0.0 
 248.003   -0.014 0.0 0.0 
 248.032   -0.014 0.0 0.0 
 248.062   -0.015 0.0 0.0 
 248.092   -0.015 0.0 0.0 
 248.123   -0.015 0.0 0.0 
 248.153   -0.016 0.0 0.0 
 248.187   -0.016 0.0 0.0 
 248.218   -0.016 0.0 0.0 
 248.244   -0.016 0.0 0.0 
 248.275   -0.016 0.0 0.0 
 248.304   -0.016 0.0 0.0 
 248.339   -0.016 0.0 0.0 
 248.366   -0.016 0.0 0.0 
 248.395   -0.016 0.0 0.0 
 248.426   -0.016 0.0 0.0 
 248.456   -0.016 0.0 0.0 
 248.486   -0.016 0.0 0.0 
 248.516   -0.015 0.0 0.0 
 248.547   -0.015 0.0 0.0 
 248.581   -0.015 0.0 0.0 
 248.608   -0.014 0.0 0.0 
 248.641   -0.014 0.0 0.0 
 248.668   -0.013 0.0 0.0 
 248.700   -0.013 0.0 0.0 
 248.728   -0.012 0.0 0.0 
 248.762   -0.012 0.0 0.0 
 248.789   -0.011 0.0 0.0 
 248.823   -0.011 0.0 0.0 
 248.849   -0.011 0.0 0.0 
 248.879   -0.010 0.0 0.0 
 248.910   -0.010 0.0 0.0 
 248.940   -0.009 0.0 0.0 
 248.972   -0.008 0.0 0.0 
 249.005   -0.008 0.0 0.0 
 249.031   -0.007 0.0 0.0 
 249.061   -0.006 0.0 0.0 
 249.157   -0.005 0.0 0.0 
 249.188   -0.004 0.0 0.0 
 249.207   -0.004 0.0 0.0 
 249.234   -0.003 0.0 0.0 
 249.266   -0.002 0.0 0.0 
 249.295   -0.001 0.0 0.0 
 249.325   -0.001 0.0 0.0 
 249.357    0.000 0.0 0.0 
 249.393    0.001 0.0 0.0 
 249.423    0.001 0.0 0.0 
 249.452    0.002 0.0 0.0 
 249.483    0.002 0.0 0.0 
 249.513    0.003 0.0 0.0 
 249.540    0.004 0.0 0.0 
 249.570    0.006 0.0 0.0 
 249.601    0.006 0.0 0.0 
 249.631    0.007 0.0 0.0 
 249.665    0.008 0.0 0.0 
 249.692    0.009 0.0 0.0 
 249.722    0.010 0.0 0.0 
 249.752    0.011 0.0 0.0 
 249.787    0.011 0.0 0.0 
 249.813    0.012 0.0 0.0 
 249.842    0.012 0.0 0.0 
 249.877    0.013 0.0 0.0 
 249.903    0.013 0.0 0.0 
 249.933    0.013 0.0 0.0 
 249.967    0.014 0.0 0.0 
 249.994    0.014 0.0 0.0 
 250.027    0.014 0.0 0.0 
 250.059    0.014 0.0 0.0 
 250.088    0.015 0.0 0.0 
 250.115    0.015 0.0 0.0 
 250.146    0.015 0.0 0.0 
 250.179    0.015 0.0 0.0 
 250.206    0.015 0.0 0.0 
 250.237    0.015 0.0 0.0 
 250.266    0.015 0.0 0.0 
 250.297    0.015 0.0 0.0 
 250.327    0.015 0.0 0.0 
 250.357    0.015 0.0 0.0 
 250.387    0.015 0.0 0.0 
 250.424    0.015 0.0 0.0 
 250.448    0.015 0.0 0.0 
 250.482    0.015 0.0 0.0 
 250.508    0.015 0.0 0.0 
 250.539    0.015 0.0 0.0 
 250.569    0.015 0.0 0.0 
 250.599    0.015 0.0 0.0 
 250.630    0.015 0.0 0.0 
 250.660    0.014 0.0 0.0 
 250.691    0.014 0.0 0.0 
 250.720    0.014 0.0 0.0 
 250.756    0.013 0.0 0.0 
 250.781    0.013 0.0 0.0 
 250.811    0.013 0.0 0.0 
 250.842    0.012 0.0 0.0 
 250.872    0.012 0.0 0.0 
 250.902    0.011 0.0 0.0 
 250.932    0.011 0.0 0.0 
 250.966    0.010 0.0 0.0 
 250.993    0.010 0.0 0.0 
 251.023    0.009 0.0 0.0 
 251.053    0.008 0.0 0.0 
 251.083    0.007 0.0 0.0 
 251.117    0.006 0.0 0.0 
 251.144    0.005 0.0 0.0 
 251.178    0.004 0.0 0.0 
 251.205    0.003 0.0 0.0 
 251.235    0.002 0.0 0.0 
 251.265    0.001 0.0 0.0 
 251.298    0.000 0.0 0.0 
 251.326   -0.001 0.0 0.0 
 251.356   -0.001 0.0 0.0 
 251.386   -0.002 0.0 0.0 
 251.416   -0.002 0.0 0.0 
 251.450   -0.003 0.0 0.0 
 251.480   -0.004 0.0 0.0 
 251.507   -0.005 0.0 0.0 
 251.541   -0.005 0.0 0.0 
 251.572   -0.006 0.0 0.0 
 251.598   -0.007 0.0 0.0 
 251.631   -0.008 0.0 0.0 
 251.658   -0.008 0.0 0.0 
 251.689   -0.009 0.0 0.0 
 251.722   -0.010 0.0 0.0 
 251.750   -0.010 0.0 0.0 
 251.781   -0.010 0.0 0.0 
 251.810   -0.011 0.0 0.0 
 251.840   -0.011 0.0 0.0 
 251.871   -0.012 0.0 0.0 
 251.901   -0.012 0.0 0.0 
 251.935   -0.012 0.0 0.0 
 251.965   -0.012 0.0 0.0 
 251.992   -0.013 0.0 0.0 
 252.022   -0.013 0.0 0.0 
 252.052   -0.013 0.0 0.0 
 252.083   -0.014 0.0 0.0 
 252.112   -0.014 0.0 0.0 
 252.146   -0.014 0.0 0.0 
 252.173   -0.015 0.0 0.0 
 252.210   -0.015 0.0 0.0 
 252.234   -0.015 0.0 0.0 
 252.265   -0.016 0.0 0.0 
 252.295   -0.016 0.0 0.0 
 252.325   -0.016 0.0 0.0 
 252.355   -0.016 0.0 0.0 
 252.386   -0.016 0.0 0.0 
 252.420   -0.016 0.0 0.0 
 252.446   -0.015 0.0 0.0 
 252.480   -0.015 0.0 0.0 
 252.510   -0.015 0.0 0.0 
 252.537   -0.015 0.0 0.0 
 252.572   -0.014 0.0 0.0 
 252.598   -0.014 0.0 0.0 
 252.628   -0.014 0.0 0.0 
 252.658   -0.013 0.0 0.0 
 252.692   -0.013 0.0 0.0 
 252.718   -0.012 0.0 0.0 
 252.748   -0.011 0.0 0.0 
 252.779   -0.011 0.0 0.0 
 252.809   -0.010 0.0 0.0 
 252.843   -0.010 0.0 0.0 
 252.874   -0.009 0.0 0.0 
 252.900   -0.009 0.0 0.0 
 252.930   -0.008 0.0 0.0 
 252.961   -0.008 0.0 0.0 
 252.991   -0.007 0.0 0.0 
 253.021   -0.007 0.0 0.0 
 253.051   -0.006 0.0 0.0 
 253.082   -0.006 0.0 0.0 
 253.111   -0.005 0.0 0.0 
 253.146   -0.004 0.0 0.0 
 253.172   -0.003 0.0 0.0 
 253.204   -0.002 0.0 0.0 
 253.233   -0.001 0.0 0.0 
 253.266   -0.000 0.0 0.0 
 253.293    0.000 0.0 0.0 
 253.326    0.001 0.0 0.0 
 253.358    0.002 0.0 0.0 
 253.384    0.002 0.0 0.0 
 253.414    0.003 0.0 0.0 
 253.449    0.004 0.0 0.0 
 253.475    0.004 0.0 0.0 
 253.505    0.004 0.0 0.0 
 253.535    0.005 0.0 0.0 
 253.565    0.005 0.0 0.0 
 253.596    0.006 0.0 0.0 
 253.630    0.007 0.0 0.0 
 253.656    0.008 0.0 0.0 
 253.690    0.009 0.0 0.0 
 253.717    0.009 0.0 0.0 
 253.750    0.010 0.0 0.0 
 253.777    0.010 0.0 0.0 
 253.807    0.011 0.0 0.0 
 253.838    0.011 0.0 0.0 
 253.868    0.012 0.0 0.0 
 253.899    0.012 0.0 0.0 
 253.932    0.013 0.0 0.0 
 253.962    0.013 0.0 0.0 
 253.989    0.013 0.0 0.0 
 254.020    0.014 0.0 0.0 
 254.054    0.014 0.0 0.0 
 254.080    0.014 0.0 0.0 
 254.110    0.015 0.0 0.0 
 254.140    0.015 0.0 0.0 
 254.171    0.015 0.0 0.0 
 254.200    0.015 0.0 0.0 
 254.231    0.015 0.0 0.0 
 254.261    0.015 0.0 0.0 
 254.292    0.015 0.0 0.0 
 254.326    0.015 0.0 0.0 
 254.353    0.015 0.0 0.0 
 254.385    0.015 0.0 0.0 
 254.413    0.015 0.0 0.0 
 254.443    0.015 0.0 0.0 
 254.475    0.014 0.0 0.0 
 254.504    0.014 0.0 0.0 
 254.535    0.014 0.0 0.0 
 254.569    0.013 0.0 0.0 
 254.595    0.013 0.0 0.0 
 254.625    0.012 0.0 0.0 
 254.659    0.012 0.0 0.0 
 254.686    0.012 0.0 0.0 
 254.720    0.011 0.0 0.0 
 254.746    0.011 0.0 0.0 
 254.776    0.011 0.0 0.0 
 254.807    0.010 0.0 0.0 
 254.841    0.010 0.0 0.0 
 254.867    0.010 0.0 0.0 
 254.897    0.009 0.0 0.0 
 254.927    0.009 0.0 0.0 
 254.958    0.008 0.0 0.0 
 254.992    0.007 0.0 0.0 
 255.018    0.006 0.0 0.0 
 255.050    0.006 0.0 0.0 
 255.079    0.005 0.0 0.0 
 255.109    0.005 0.0 0.0 
 255.143    0.004 0.0 0.0 
 255.171    0.004 0.0 0.0 
 255.200    0.003 0.0 0.0 
 255.233    0.003 0.0 0.0 
 255.260    0.002 0.0 0.0 
 255.294    0.002 0.0 0.0 
 255.321    0.001 0.0 0.0 
 255.351    0.000 0.0 0.0 
 255.381   -0.000 0.0 0.0 
 255.412   -0.001 0.0 0.0 
 255.442   -0.002 0.0 0.0 
 255.472   -0.003 0.0 0.0 
 255.502   -0.003 0.0 0.0 
 255.536   -0.004 0.0 0.0 
 255.563   -0.005 0.0 0.0 
 255.593   -0.006 0.0 0.0 
 255.624   -0.006 0.0 0.0 
 255.655   -0.007 0.0 0.0 
 255.683   -0.007 0.0 0.0 
 255.714   -0.008 0.0 0.0 
 255.744   -0.008 0.0 0.0 
 255.774   -0.009 0.0 0.0 
 255.808   -0.010 0.0 0.0 
 255.835   -0.010 0.0 0.0 
 255.869   -0.011 0.0 0.0 
 255.896   -0.011 0.0 0.0 
 255.926   -0.011 0.0 0.0 
 255.960   -0.012 0.0 0.0 
 255.990   -0.012 0.0 0.0 
 256.017   -0.013 0.0 0.0 
 256.048   -0.013 0.0 0.0 
 256.078   -0.013 0.0 0.0 
 256.108   -0.013 0.0 0.0 
 256.138   -0.014 0.0 0.0 
 256.169   -0.014 0.0 0.0 
 256.198   -0.014 0.0 0.0 
 256.228   -0.015 0.0 0.0 
 256.263   -0.015 0.0 0.0 
 256.289   -0.015 0.0 0.0 
 256.320   -0.016 0.0 0.0 
 256.350   -0.016 0.0 0.0 
 256.380   -0.016 0.0 0.0 
 256.410   -0.015 0.0 0.0 
 256.444   -0.015 0.0 0.0 
 256.471   -0.015 0.0 0.0 
 256.504   -0.015 0.0 0.0 
 256.531   -0.014 0.0 0.0 
 256.562   -0.014 0.0 0.0 
 256.592   -0.014 0.0 0.0 
 256.622   -0.013 0.0 0.0 
 256.657   -0.013 0.0 0.0 
 256.686   -0.013 0.0 0.0 
 256.713   -0.013 0.0 0.0 
 256.742   -0.012 0.0 0.0 
 256.777   -0.012 0.0 0.0 
 256.806   -0.012 0.0 0.0 
 256.834   -0.011 0.0 0.0 
 256.867   -0.011 0.0 0.0 
 256.898   -0.010 0.0 0.0 
 256.928   -0.010 0.0 0.0 
 256.958   -0.009 0.0 0.0 
 256.985   -0.009 0.0 0.0 
 257.015   -0.008 0.0 0.0 
 257.045   -0.007 0.0 0.0 
 257.076   -0.007 0.0 0.0 
 257.106   -0.006 0.0 0.0 
 257.136   -0.005 0.0 0.0 
 257.166   -0.004 0.0 0.0 
 257.197   -0.004 0.0 0.0 
 257.227   -0.003 0.0 0.0 
 257.257   -0.002 0.0 0.0 
 257.287   -0.002 0.0 0.0 
 257.317   -0.001 0.0 0.0 
 257.348   -0.000 0.0 0.0 
 257.378    0.001 0.0 0.0 
 257.408    0.001 0.0 0.0 
 257.442    0.002 0.0 0.0 
 257.469    0.003 0.0 0.0 
 257.502    0.004 0.0 0.0 
 257.530    0.004 0.0 0.0 
 257.563    0.005 0.0 0.0 
 257.590    0.006 0.0 0.0 
 257.621    0.007 0.0 0.0 
 257.654    0.007 0.0 0.0 
 257.681    0.008 0.0 0.0 
 257.711    0.009 0.0 0.0 
 257.741    0.009 0.0 0.0 
 257.775    0.009 0.0 0.0 
 257.802    0.010 0.0 0.0 
 257.835    0.010 0.0 0.0 
 257.866    0.011 0.0 0.0 
 257.892    0.012 0.0 0.0 
 257.922    0.012 0.0 0.0 
 257.953    0.012 0.0 0.0 
 257.982    0.013 0.0 0.0 
 258.012    0.013 0.0 0.0 
 258.043    0.014 0.0 0.0 
 258.077    0.014 0.0 0.0 
 258.103    0.014 0.0 0.0 
 258.138    0.015 0.0 0.0 
 258.165    0.015 0.0 0.0 
 258.195    0.015 0.0 0.0 
 258.225    0.015 0.0 0.0 
 258.258    0.015 0.0 0.0 
 258.285    0.015 0.0 0.0 
 258.315    0.015 0.0 0.0 
 258.346    0.015 0.0 0.0 
 258.376    0.015 0.0 0.0 
 258.407    0.015 0.0 0.0 
 258.437    0.015 0.0 0.0 
 258.467    0.014 0.0 0.0 
 258.497    0.014 0.0 0.0 
 258.528    0.014 0.0 0.0 
 258.561    0.014 0.0 0.0 
 258.588    0.013 0.0 0.0 
 258.618    0.013 0.0 0.0 
 258.652    0.013 0.0 0.0 
 258.680    0.012 0.0 0.0 
 258.712    0.012 0.0 0.0 
 258.739    0.011 0.0 0.0 
 258.769    0.011 0.0 0.0 
 258.800    0.010 0.0 0.0 
 258.830    0.010 0.0 0.0 
 258.860    0.009 0.0 0.0 
 258.894    0.009 0.0 0.0 
 258.921    0.008 0.0 0.0 
 258.952    0.008 0.0 0.0 
 258.985    0.007 0.0 0.0 
 259.012    0.006 0.0 0.0 
 259.045    0.006 0.0 0.0 
 259.072    0.005 0.0 0.0 
 259.103    0.005 0.0 0.0 
 259.132    0.004 0.0 0.0 
 259.163    0.004 0.0 0.0 
 259.193    0.003 0.0 0.0 
 259.224    0.002 0.0 0.0 
 259.254    0.002 0.0 0.0 
 259.284    0.001 0.0 0.0 
 259.314    0.001 0.0 0.0 
 259.345    0.000 0.0 0.0 
 259.378   -0.000 0.0 0.0 
 259.409   -0.001 0.0 0.0 
 259.438   -0.001 0.0 0.0 
 259.469   -0.002 0.0 0.0 
 259.500   -0.003 0.0 0.0 
 259.529   -0.004 0.0 0.0 
 259.556   -0.004 0.0 0.0 
 259.590   -0.005 0.0 0.0 
 259.617   -0.006 0.0 0.0 
 259.647   -0.007 0.0 0.0 
 259.677   -0.008 0.0 0.0 
 259.708   -0.009 0.0 0.0 
 259.739   -0.009 0.0 0.0 
 259.768   -0.010 0.0 0.0 
 259.802   -0.010 0.0 0.0 
 259.829   -0.011 0.0 0.0 
 259.863   -0.011 0.0 0.0 
 259.889   -0.012 0.0 0.0 
 259.919   -0.012 0.0 0.0 
 259.950   -0.012 0.0 0.0 
 259.980   -0.012 0.0 0.0 
 260.010   -0.012 0.0 0.0 
 260.040   -0.013 0.0 0.0 
 260.071   -0.013 0.0 0.0 
 260.102   -0.013 0.0 0.0 
 260.131   -0.013 0.0 0.0 
 260.162   -0.014 0.0 0.0 
 260.192   -0.014 0.0 0.0 
 260.222   -0.014 0.0 0.0 
 260.252   -0.015 0.0 0.0 
 260.283   -0.015 0.0 0.0 
 260.312   -0.015 0.0 0.0 
 260.344   -0.015 0.0 0.0 
 260.374   -0.015 0.0 0.0 
 260.404   -0.015 0.0 0.0 
 260.434   -0.015 0.0 0.0 
 260.464   -0.015 0.0 0.0 
 260.494   -0.015 0.0 0.0 
 260.525   -0.015 0.0 0.0 
 260.555   -0.015 0.0 0.0 
 260.585   -0.014 0.0 0.0 
 260.615   -0.014 0.0 0.0 
 260.646   -0.014 0.0 0.0 
 260.675   -0.013 0.0 0.0 
 260.706   -0.013 0.0 0.0 
 260.738   -0.012 0.0 0.0 
 260.767   -0.012 0.0 0.0 
 260.797   -0.011 0.0 0.0 
 260.827   -0.010 0.0 0.0 
 260.861   -0.010 0.0 0.0 
 260.891   -0.010 0.0 0.0 
 260.921   -0.009 0.0 0.0 
 260.948   -0.009 0.0 0.0 
 260.982   -0.008 0.0 0.0 
 261.014   -0.008 0.0 0.0 
 261.039   -0.007 0.0 0.0 
 261.074   -0.007 0.0 0.0 
 261.104   -0.006 0.0 0.0 
 261.130   -0.006 0.0 0.0 
 261.160   -0.005 0.0 0.0 
 261.194   -0.005 0.0 0.0 
 261.220   -0.004 0.0 0.0 
 261.251   -0.003 0.0 0.0 
 261.282   -0.002 0.0 0.0 
 261.311   -0.002 0.0 0.0 
 261.342   -0.001 0.0 0.0 
 261.373    0.000 0.0 0.0 
 261.403    0.001 0.0 0.0 
 261.433    0.002 0.0 0.0 
 261.464    0.003 0.0 0.0 
 261.492    0.003 0.0 0.0 
 261.522    0.004 0.0 0.0 
 261.553    0.004 0.0 0.0 
 261.583    0.005 0.0 0.0 
 261.617    0.006 0.0 0.0 
 261.643    0.006 0.0 0.0 
 261.673    0.007 0.0 0.0 
 261.704    0.008 0.0 0.0 
 261.734    0.009 0.0 0.0 
 261.764    0.009 0.0 0.0 
 261.798    0.010 0.0 0.0 
 261.825    0.010 0.0 0.0 
 261.855    0.011 0.0 0.0 
 261.885    0.011 0.0 0.0 
 261.915    0.012 0.0 0.0 
 261.949    0.012 0.0 0.0 
 261.976    0.012 0.0 0.0 
 262.007    0.013 0.0 0.0 
 262.037    0.013 0.0 0.0 
 262.071    0.013 0.0 0.0 
 262.097    0.014 0.0 0.0 
 262.130    0.014 0.0 0.0 
 262.161    0.014 0.0 0.0 
 262.189    0.015 0.0 0.0 
 262.218    0.015 0.0 0.0 
 262.248    0.015 0.0 0.0 
 262.279    0.015 0.0 0.0 
 262.312    0.015 0.0 0.0 
 262.339    0.015 0.0 0.0 
 262.370    0.015 0.0 0.0 
 262.400    0.015 0.0 0.0 
 262.430    0.015 0.0 0.0 
 262.464    0.015 0.0 0.0 
 262.491    0.015 0.0 0.0 
 262.521    0.015 0.0 0.0 
 262.554    0.015 0.0 0.0 
 262.581    0.015 0.0 0.0 
 262.612    0.014 0.0 0.0 
 262.642    0.014 0.0 0.0 
 262.678    0.014 0.0 0.0 
 262.703    0.013 0.0 0.0 
 262.733    0.013 0.0 0.0 
 262.763    0.013 0.0 0.0 
 262.793    0.012 0.0 0.0 
 262.823    0.012 0.0 0.0 
 262.853    0.011 0.0 0.0 
 262.884    0.011 0.0 0.0 
 262.914    0.010 0.0 0.0 
 262.944    0.010 0.0 0.0 
 262.976    0.009 0.0 0.0 
 263.006    0.008 0.0 0.0 
 263.035    0.007 0.0 0.0 
 263.065    0.006 0.0 0.0 
 263.095    0.006 0.0 0.0 
 263.126    0.005 0.0 0.0 
 263.156    0.004 0.0 0.0 
 263.190    0.004 0.0 0.0 
 263.216    0.003 0.0 0.0 
 263.247    0.002 0.0 0.0 
 263.277    0.002 0.0 0.0 
 263.307    0.001 0.0 0.0 
 263.341    0.001 0.0 0.0 
 263.368    0.000 0.0 0.0 
 263.398   -0.001 0.0 0.0 
 263.428   -0.001 0.0 0.0 
 263.458   -0.002 0.0 0.0 
 263.490   -0.003 0.0 0.0 
 263.524   -0.003 0.0 0.0 
 263.550   -0.004 0.0 0.0 
 263.583   -0.004 0.0 0.0 
 263.614   -0.005 0.0 0.0 
 263.646   -0.006 0.0 0.0 
 263.676   -0.006 0.0 0.0 
 263.701   -0.006 0.0 0.0 
 263.731   -0.007 0.0 0.0 
 263.764   -0.008 0.0 0.0 
 263.792   -0.008 0.0 0.0 
 263.822   -0.009 0.0 0.0 
 263.852   -0.010 0.0 0.0 
 263.886   -0.010 0.0 0.0 
 263.912   -0.011 0.0 0.0 
 263.946   -0.011 0.0 0.0 
 263.973   -0.012 0.0 0.0 
 264.006   -0.012 0.0 0.0 
 264.038   -0.012 0.0 0.0 
 264.064   -0.013 0.0 0.0 
 264.098   -0.013 0.0 0.0 
 264.128   -0.013 0.0 0.0 
 264.158   -0.014 0.0 0.0 
 264.188   -0.014 0.0 0.0 
 264.219   -0.014 0.0 0.0 
 264.245   -0.014 0.0 0.0 
 264.279   -0.014 0.0 0.0 
 264.310   -0.014 0.0 0.0 
 264.337   -0.015 0.0 0.0 
 264.370   -0.015 0.0 0.0 
 264.397   -0.015 0.0 0.0 
 264.427   -0.015 0.0 0.0 
 264.458   -0.015 0.0 0.0 
 264.491   -0.015 0.0 0.0 
 264.519   -0.014 0.0 0.0 
 264.548   -0.014 0.0 0.0 
 264.579   -0.014 0.0 0.0 
 264.609   -0.014 0.0 0.0 
 264.641   -0.013 0.0 0.0 
 264.669   -0.013 0.0 0.0 
 264.700   -0.012 0.0 0.0 
 264.730   -0.012 0.0 0.0 
 264.764   -0.011 0.0 0.0 
 264.795   -0.011 0.0 0.0 
 264.821   -0.010 0.0 0.0 
 264.852   -0.010 0.0 0.0 
 264.882   -0.010 0.0 0.0 
 264.912   -0.009 0.0 0.0 
 264.942   -0.009 0.0 0.0 
 264.974   -0.008 0.0 0.0 
 265.002   -0.008 0.0 0.0 
 265.033   -0.007 0.0 0.0 
 265.063   -0.007 0.0 0.0 
 265.093   -0.006 0.0 0.0 
 265.125   -0.006 0.0 0.0 
 265.158   -0.005 0.0 0.0 
 265.188   -0.004 0.0 0.0 
 265.216   -0.004 0.0 0.0 
 265.249   -0.003 0.0 0.0 
 265.275   -0.002 0.0 0.0 
 265.305   -0.001 0.0 0.0 
 265.339   -0.000 0.0 0.0 
 265.365    0.000 0.0 0.0 
 265.397    0.001 0.0 0.0 
 265.427    0.002 0.0 0.0 
 265.460    0.002 0.0 0.0 
 265.487    0.003 0.0 0.0 
 265.522    0.004 0.0 0.0 
 265.548    0.004 0.0 0.0 
 265.578    0.004 0.0 0.0 
 265.608    0.005 0.0 0.0 
 265.639    0.005 0.0 0.0 
 265.669    0.006 0.0 0.0 
 265.699    0.006 0.0 0.0 
 265.729    0.007 0.0 0.0 
 265.759    0.008 0.0 0.0 
 265.790    0.008 0.0 0.0 
 265.824    0.009 0.0 0.0 
 265.854    0.009 0.0 0.0 
 265.883    0.010 0.0 0.0 
 265.915    0.010 0.0 0.0 
 265.941    0.011 0.0 0.0 
 265.977    0.011 0.0 0.0 
 266.002    0.011 0.0 0.0 
 266.036    0.012 0.0 0.0 
 266.062    0.012 0.0 0.0 
 266.096    0.012 0.0 0.0 
 266.123    0.013 0.0 0.0 
 266.157    0.013 0.0 0.0 
 266.184    0.014 0.0 0.0 
 266.214    0.014 0.0 0.0 
 266.243    0.014 0.0 0.0 
 266.274    0.014 0.0 0.0 
 266.304    0.015 0.0 0.0 
 266.336    0.015 0.0 0.0 
 266.365    0.015 0.0 0.0 
 266.395    0.015 0.0 0.0 
 266.426    0.015 0.0 0.0 
 266.456    0.015 0.0 0.0 
 266.490    0.015 0.0 0.0 
 266.521    0.015 0.0 0.0 
 266.548    0.014 0.0 0.0 
 266.581    0.014 0.0 0.0 
 266.607    0.014 0.0 0.0 
 266.638    0.013 0.0 0.0 
 266.668    0.013 0.0 0.0 
 266.698    0.013 0.0 0.0 
 266.732    0.012 0.0 0.0 
 266.760    0.012 0.0 0.0 
 266.789    0.012 0.0 0.0 
 266.823    0.011 0.0 0.0 
 266.853    0.011 0.0 0.0 
 266.879    0.011 0.0 0.0 
 266.910    0.010 0.0 0.0 
 266.942    0.010 0.0 0.0 
 266.975    0.009 0.0 0.0 
 267.000    0.009 0.0 0.0 
 267.031    0.008 0.0 0.0 
 267.062    0.007 0.0 0.0 
 267.093    0.007 0.0 0.0 
 267.121    0.006 0.0 0.0 
 267.152    0.005 0.0 0.0 
 267.182    0.004 0.0 0.0 
 267.213    0.004 0.0 0.0 
 267.243    0.003 0.0 0.0 
 267.278    0.002 0.0 0.0 
 267.303    0.002 0.0 0.0 
 267.337    0.001 0.0 0.0 
 267.369    0.001 0.0 0.0 
 267.398   -0.000 0.0 0.0 
 267.424   -0.001 0.0 0.0 
 267.454   -0.002 0.0 0.0 
 267.485   -0.002 0.0 0.0 
 267.515   -0.003 0.0 0.0 
 267.549   -0.003 0.0 0.0 
 267.576   -0.004 0.0 0.0 
 267.606   -0.004 0.0 0.0 
 267.636   -0.005 0.0 0.0 
 267.667   -0.006 0.0 0.0 
 267.701   -0.006 0.0 0.0 
 267.727   -0.006 0.0 0.0 
 267.757   -0.007 0.0 0.0 
 267.787   -0.007 0.0 0.0 
 267.818   -0.008 0.0 0.0 
 267.851   -0.009 0.0 0.0 
 267.879   -0.009 0.0 0.0 
 267.908   -0.010 0.0 0.0 
 267.943   -0.010 0.0 0.0 
 267.972   -0.011 0.0 0.0 
 267.999   -0.011 0.0 0.0 
 268.033   -0.012 0.0 0.0 
 268.063   -0.012 0.0 0.0 
 268.090   -0.012 0.0 0.0 
 268.120   -0.013 0.0 0.0 
 268.151   -0.013 0.0 0.0 
 268.186   -0.013 0.0 0.0 
 268.215   -0.013 0.0 0.0 
 268.241   -0.013 0.0 0.0 
 268.276   -0.013 0.0 0.0 
 268.302   -0.014 0.0 0.0 
 268.332   -0.014 0.0 0.0 
 268.366   -0.014 0.0 0.0 
 268.394   -0.014 0.0 0.0 
 268.427   -0.014 0.0 0.0 
 268.457   -0.014 0.0 0.0 
 268.483   -0.014 0.0 0.0 
 268.517   -0.014 0.0 0.0 
 268.544   -0.014 0.0 0.0 
 268.574   -0.014 0.0 0.0 
 268.604   -0.013 0.0 0.0 
 268.635   -0.013 0.0 0.0 
 268.665   -0.012 0.0 0.0 
 268.695   -0.012 0.0 0.0 
 268.726   -0.011 0.0 0.0 
 268.756   -0.011 0.0 0.0 
 268.786   -0.010 0.0 0.0 
 268.822   -0.010 0.0 0.0 
 268.846   -0.010 0.0 0.0 
 268.881   -0.009 0.0 0.0 
 268.911   -0.009 0.0 0.0 
 268.941   -0.008 0.0 0.0 
 268.968   -0.008 0.0 0.0 
 268.998   -0.008 0.0 0.0 
 269.028   -0.007 0.0 0.0 
 269.063   -0.007 0.0 0.0 
 269.090   -0.006 0.0 0.0 
 269.119   -0.006 0.0 0.0 
 269.149   -0.005 0.0 0.0 
 269.183   -0.005 0.0 0.0 
 269.214   -0.004 0.0 0.0 
 269.244   -0.004 0.0 0.0 
 269.270   -0.003 0.0 0.0 
 269.306   -0.003 0.0 0.0 
 269.330   -0.002 0.0 0.0 
 269.365   -0.002 0.0 0.0 
 269.391   -0.001 0.0 0.0 
 269.421   -0.000 0.0 0.0 
 269.457    0.001 0.0 0.0 
 269.483    0.001 0.0 0.0 
 269.512    0.001 0.0 0.0 
 269.542    0.002 0.0 0.0 
 269.574    0.003 0.0 0.0 
 269.602    0.004 0.0 0.0 
 269.633    0.004 0.0 0.0 
 269.665    0.005 0.0 0.0 
 269.694    0.006 0.0 0.0 
 269.728    0.007 0.0 0.0 
 269.754    0.008 0.0 0.0 
 269.788    0.008 0.0 0.0 
 269.814    0.009 0.0 0.0 
 269.845    0.010 0.0 0.0 
 269.878    0.010 0.0 0.0 
 269.905    0.011 0.0 0.0 
 269.939    0.011 0.0 0.0 
 269.969    0.011 0.0 0.0 
 269.995    0.012 0.0 0.0 
 270.030    0.012 0.0 0.0 
 270.057    0.012 0.0 0.0 
 270.090    0.013 0.0 0.0 
 270.117    0.013 0.0 0.0 
 270.147    0.013 0.0 0.0 
 270.177    0.014 0.0 0.0 
 270.208    0.014 0.0 0.0 
 270.237    0.014 0.0 0.0 
 270.268    0.013 0.0 0.0 
 270.301    0.013 0.0 0.0 
 270.331    0.012 0.0 0.0 
 270.359    0.012 0.0 0.0 
 270.392    0.011 0.0 0.0 
 270.421    0.010 0.0 0.0 
 270.450    0.010 0.0 0.0 
 270.481    0.009 0.0 0.0 
 270.512    0.008 0.0 0.0 
 270.541    0.008 0.0 0.0 
 270.575    0.008 0.0 0.0 
 270.601    0.007 0.0 0.0 
 270.631    0.007 0.0 0.0 
 270.665    0.006 0.0 0.0 
 270.695    0.006 0.0 0.0 
 270.722    0.005 0.0 0.0 
 270.756    0.005 0.0 0.0 
 270.786    0.005 0.0 0.0 
 270.813    0.004 0.0 0.0 
 270.844    0.004 0.0 0.0 
 270.877    0.003 0.0 0.0 
 270.904    0.003 0.0 0.0 
 270.938    0.002 0.0 0.0 
 270.965    0.002 0.0 0.0 
 270.994    0.001 0.0 0.0 
 271.025    0.001 0.0 0.0 
 271.055    0.001 0.0 0.0 
 271.089    0.000 0.0 0.0 
 271.115   -0.000 0.0 0.0 
 271.149   -0.001 0.0 0.0 
 271.177   -0.001 0.0 0.0 
 271.207   -0.002 0.0 0.0 
 271.237   -0.002 0.0 0.0 
 271.267   -0.003 0.0 0.0 
 271.297   -0.003 0.0 0.0 
 271.327   -0.003 0.0 0.0 
 271.357   -0.004 0.0 0.0 
 271.392   -0.004 0.0 0.0 
 271.418   -0.005 0.0 0.0 
 271.448   -0.005 0.0 0.0 
 271.479   -0.006 0.0 0.0 
 271.513   -0.006 0.0 0.0 
 271.544   -0.006 0.0 0.0 
 271.570   -0.007 0.0 0.0 
 271.600   -0.007 0.0 0.0 
 271.631   -0.008 0.0 0.0 
 271.660   -0.008 0.0 0.0 
 271.690   -0.008 0.0 0.0 
 271.720   -0.008 0.0 0.0 
 271.753   -0.009 0.0 0.0 
 271.781   -0.009 0.0 0.0 
 271.811   -0.009 0.0 0.0 
 271.846   -0.010 0.0 0.0 
 271.873   -0.010 0.0 0.0 
 271.902   -0.011 0.0 0.0 
 271.932   -0.011 0.0 0.0 
 271.963   -0.011 0.0 0.0 
 271.997   -0.011 0.0 0.0 
 272.028   -0.012 0.0 0.0 
 272.054   -0.012 0.0 0.0 
