   0.000   -0.000 0.0 0.0 
   0.030   -0.000 0.0 0.0 
   0.060   -0.000 0.0 0.0 
   0.090   -0.000 0.0 0.0 
   0.122   -0.000 0.0 0.0 
   0.151   -0.000 0.0 0.0 
   0.184   -0.000 0.0 0.0 
   0.211   -0.000 0.0 0.0 
   0.240   -0.000 0.0 0.0 
   0.270    0.000 0.0 0.0 
   0.300    0.000 0.0 0.0 
   0.335    0.000 0.0 0.0 
   0.365    0.000 0.0 0.0 
   0.394    0.000 0.0 0.0 
   0.424    0.000 0.0 0.0 
   0.452    0.001 0.0 0.0 
   0.481    0.001 0.0 0.0 
   0.512    0.001 0.0 0.0 
   0.541    0.001 0.0 0.0 
   0.571    0.001 0.0 0.0 
   0.602    0.001 0.0 0.0 
   0.632    0.002 0.0 0.0 
   0.662    0.002 0.0 0.0 
   0.696    0.002 0.0 0.0 
   0.726    0.002 0.0 0.0 
   0.756    0.003 0.0 0.0 
   0.782    0.003 0.0 0.0 
   0.813    0.003 0.0 0.0 
   0.845    0.003 0.0 0.0 
   0.876    0.004 0.0 0.0 
   0.905    0.004 0.0 0.0 
   0.933    0.004 0.0 0.0 
   0.966    0.004 0.0 0.0 
   0.994    0.005 0.0 0.0 
   1.027    0.005 0.0 0.0 
   1.053    0.005 0.0 0.0 
   1.087    0.005 0.0 0.0 
   1.114    0.006 0.0 0.0 
   1.144    0.006 0.0 0.0 
   1.175    0.006 0.0 0.0 
   1.204    0.006 0.0 0.0 
   1.235    0.007 0.0 0.0 
   1.268    0.007 0.0 0.0 
   1.294    0.007 0.0 0.0 
   1.327    0.007 0.0 0.0 
   1.356    0.008 0.0 0.0 
   1.387    0.008 0.0 0.0 
   1.417    0.008 0.0 0.0 
   1.445    0.009 0.0 0.0 
   1.475    0.009 0.0 0.0 
   1.505    0.009 0.0 0.0 
   1.534    0.009 0.0 0.0 
   1.564    0.010 0.0 0.0 
   1.594    0.010 0.0 0.0 
   1.627    0.010 0.0 0.0 
   1.654    0.010 0.0 0.0 
   1.687    0.010 0.0 0.0 
   1.715    0.010 0.0 0.0 
   1.745    0.010 0.0 0.0 
   1.775    0.011 0.0 0.0 
   1.807    0.011 0.0 0.0 
   1.837    0.011 0.0 0.0 
   1.866    0.011 0.0 0.0 
   1.897    0.011 0.0 0.0 
   1.925    0.011 0.0 0.0 
   1.956    0.011 0.0 0.0 
   1.985    0.011 0.0 0.0 
   2.015    0.011 0.0 0.0 
   2.049    0.011 0.0 0.0 
   2.075    0.011 0.0 0.0 
   2.105    0.011 0.0 0.0 
   2.136    0.011 0.0 0.0 
   2.167    0.010 0.0 0.0 
   2.196    0.010 0.0 0.0 
   2.301    0.010 0.0 0.0 
   2.333    0.010 0.0 0.0 
   2.353    0.010 0.0 0.0 
   2.380    0.009 0.0 0.0 
   2.410    0.009 0.0 0.0 
   2.440    0.009 0.0 0.0 
   2.470    0.009 0.0 0.0 
   2.503    0.008 0.0 0.0 
   2.534    0.008 0.0 0.0 
   2.560    0.008 0.0 0.0 
   2.591    0.007 0.0 0.0 
   2.622    0.007 0.0 0.0 
   2.651    0.006 0.0 0.0 
   2.682    0.006 0.0 0.0 
   2.711    0.005 0.0 0.0 
   2.740    0.005 0.0 0.0 
   2.770    0.005 0.0 0.0 
   2.801    0.004 0.0 0.0 
   2.832    0.003 0.0 0.0 
   2.861    0.003 0.0 0.0 
   2.895    0.003 0.0 0.0 
   2.921    0.002 0.0 0.0 
   2.954    0.002 0.0 0.0 
   2.981    0.001 0.0 0.0 
   3.012    0.001 0.0 0.0 
   3.041    0.000 0.0 0.0 
   3.071   -0.001 0.0 0.0 
   3.102   -0.001 0.0 0.0 
   3.136   -0.002 0.0 0.0 
   3.165   -0.002 0.0 0.0 
   3.192   -0.003 0.0 0.0 
   3.222   -0.003 0.0 0.0 
   3.254   -0.004 0.0 0.0 
   3.286   -0.004 0.0 0.0 
   3.383   -0.005 0.0 0.0 
   3.410   -0.005 0.0 0.0 
   3.431   -0.005 0.0 0.0 
   3.460   -0.006 0.0 0.0 
   3.490   -0.006 0.0 0.0 
   3.524   -0.006 0.0 0.0 
   3.552   -0.007 0.0 0.0 
   3.584   -0.007 0.0 0.0 
   3.611   -0.007 0.0 0.0 
   3.640   -0.007 0.0 0.0 
   3.671   -0.008 0.0 0.0 
   3.702   -0.008 0.0 0.0 
   3.732   -0.008 0.0 0.0 
   3.764   -0.009 0.0 0.0 
   3.792   -0.009 0.0 0.0 
   3.822   -0.009 0.0 0.0 
   3.853   -0.009 0.0 0.0 
   3.881   -0.010 0.0 0.0 
   3.913   -0.010 0.0 0.0 
   3.942   -0.010 0.0 0.0 
   3.972   -0.010 0.0 0.0 
   4.001   -0.010 0.0 0.0 
   4.032   -0.010 0.0 0.0 
   4.063   -0.010 0.0 0.0 
   4.092   -0.010 0.0 0.0 
   4.126   -0.010 0.0 0.0 
   4.157   -0.010 0.0 0.0 
   4.184   -0.010 0.0 0.0 
   4.213   -0.009 0.0 0.0 
   4.247   -0.009 0.0 0.0 
   4.273   -0.009 0.0 0.0 
   4.303   -0.009 0.0 0.0 
   4.334   -0.009 0.0 0.0 
   4.365   -0.008 0.0 0.0 
   4.394   -0.008 0.0 0.0 
   4.424   -0.007 0.0 0.0 
   4.454   -0.007 0.0 0.0 
   4.488   -0.007 0.0 0.0 
   4.514   -0.006 0.0 0.0 
   4.548   -0.006 0.0 0.0 
   4.578   -0.005 0.0 0.0 
   4.604   -0.005 0.0 0.0 
   4.635   -0.004 0.0 0.0 
   4.668   -0.003 0.0 0.0 
   4.696   -0.003 0.0 0.0 
   4.725   -0.002 0.0 0.0 
   4.754   -0.001 0.0 0.0 
   4.785   -0.000 0.0 0.0 
   4.815    0.000 0.0 0.0 
   4.845    0.001 0.0 0.0 
   4.879    0.002 0.0 0.0 
   4.906    0.002 0.0 0.0 
   4.935    0.002 0.0 0.0 
   4.966    0.003 0.0 0.0 
   5.000    0.003 0.0 0.0 
   5.030    0.003 0.0 0.0 
   5.057    0.004 0.0 0.0 
   5.087    0.004 0.0 0.0 
   5.117    0.005 0.0 0.0 
   5.146    0.005 0.0 0.0 
   5.176    0.006 0.0 0.0 
   5.207    0.006 0.0 0.0 
   5.237    0.007 0.0 0.0 
   5.268    0.007 0.0 0.0 
   5.369    0.007 0.0 0.0 
   5.401    0.008 0.0 0.0 
   5.424    0.008 0.0 0.0 
   5.449    0.009 0.0 0.0 
   5.479    0.009 0.0 0.0 
   5.508    0.009 0.0 0.0 
   5.538    0.010 0.0 0.0 
   5.569    0.010 0.0 0.0 
   5.600    0.010 0.0 0.0 
   5.629    0.011 0.0 0.0 
   5.660    0.011 0.0 0.0 
   5.689    0.011 0.0 0.0 
   5.719    0.011 0.0 0.0 
   5.749    0.011 0.0 0.0 
   5.779    0.011 0.0 0.0 
   5.810    0.011 0.0 0.0 
   5.841    0.011 0.0 0.0 
   5.869    0.012 0.0 0.0 
   5.900    0.012 0.0 0.0 
   5.930    0.011 0.0 0.0 
   5.960    0.011 0.0 0.0 
   5.989    0.011 0.0 0.0 
   6.023    0.011 0.0 0.0 
   6.050    0.011 0.0 0.0 
   6.084    0.011 0.0 0.0 
   6.114    0.011 0.0 0.0 
   6.142    0.010 0.0 0.0 
   6.170    0.010 0.0 0.0 
   6.202    0.010 0.0 0.0 
   6.232    0.010 0.0 0.0 
   6.261    0.009 0.0 0.0 
   6.294    0.009 0.0 0.0 
   6.322    0.008 0.0 0.0 
   6.353    0.008 0.0 0.0 
   6.381    0.007 0.0 0.0 
   6.411    0.006 0.0 0.0 
   6.441    0.006 0.0 0.0 
   6.472    0.005 0.0 0.0 
   6.502    0.004 0.0 0.0 
   6.532    0.003 0.0 0.0 
   6.562    0.003 0.0 0.0 
   6.593    0.002 0.0 0.0 
   6.622    0.002 0.0 0.0 
   6.652    0.001 0.0 0.0 
   6.682    0.001 0.0 0.0 
   6.714    0.001 0.0 0.0 
   6.743    0.000 0.0 0.0 
   6.856   -0.000 0.0 0.0 
   6.884   -0.001 0.0 0.0 
   6.909   -0.001 0.0 0.0 
   6.932   -0.002 0.0 0.0 
   6.966   -0.003 0.0 0.0 
   6.996   -0.003 0.0 0.0 
   7.024   -0.004 0.0 0.0 
   7.055   -0.005 0.0 0.0 
   7.083   -0.005 0.0 0.0 
   7.113   -0.006 0.0 0.0 
   7.143   -0.006 0.0 0.0 
   7.173   -0.007 0.0 0.0 
   7.207   -0.007 0.0 0.0 
   7.234   -0.008 0.0 0.0 
   7.264   -0.008 0.0 0.0 
   7.295   -0.009 0.0 0.0 
   7.327   -0.009 0.0 0.0 
   7.357   -0.010 0.0 0.0 
   7.385   -0.010 0.0 0.0 
   7.415   -0.010 0.0 0.0 
   7.448   -0.011 0.0 0.0 
   7.479   -0.011 0.0 0.0 
   7.508   -0.012 0.0 0.0 
   7.538   -0.012 0.0 0.0 
   7.565   -0.012 0.0 0.0 
   7.595   -0.012 0.0 0.0 
   7.627   -0.012 0.0 0.0 
   7.656   -0.012 0.0 0.0 
   7.687   -0.012 0.0 0.0 
   7.719   -0.012 0.0 0.0 
   7.745   -0.012 0.0 0.0 
   7.777   -0.012 0.0 0.0 
   7.807   -0.012 0.0 0.0 
   7.836   -0.012 0.0 0.0 
   7.867   -0.012 0.0 0.0 
   7.896   -0.012 0.0 0.0 
   7.926   -0.012 0.0 0.0 
   7.956   -0.012 0.0 0.0 
   7.986   -0.012 0.0 0.0 
   8.018   -0.012 0.0 0.0 
   8.047   -0.011 0.0 0.0 
   8.078   -0.011 0.0 0.0 
   8.107   -0.011 0.0 0.0 
   8.138   -0.010 0.0 0.0 
   8.167   -0.010 0.0 0.0 
   8.197   -0.009 0.0 0.0 
   8.312   -0.009 0.0 0.0 
   8.345   -0.009 0.0 0.0 
   8.365   -0.008 0.0 0.0 
   8.393   -0.008 0.0 0.0 
   8.422   -0.007 0.0 0.0 
   8.452   -0.007 0.0 0.0 
   8.484   -0.006 0.0 0.0 
   8.513   -0.006 0.0 0.0 
   8.546   -0.005 0.0 0.0 
   8.575   -0.005 0.0 0.0 
   8.603   -0.004 0.0 0.0 
   8.635   -0.004 0.0 0.0 
   8.667   -0.003 0.0 0.0 
   8.695   -0.002 0.0 0.0 
   8.725   -0.002 0.0 0.0 
   8.756   -0.001 0.0 0.0 
   8.784   -0.000 0.0 0.0 
   8.813    0.001 0.0 0.0 
   8.844    0.002 0.0 0.0 
   8.877    0.003 0.0 0.0 
   8.907    0.004 0.0 0.0 
   8.935    0.005 0.0 0.0 
   8.965    0.006 0.0 0.0 
   8.995    0.007 0.0 0.0 
   9.025    0.007 0.0 0.0 
   9.055    0.008 0.0 0.0 
   9.085    0.009 0.0 0.0 
   9.115    0.010 0.0 0.0 
   9.145    0.010 0.0 0.0 
   9.179    0.011 0.0 0.0 
   9.205    0.011 0.0 0.0 
   9.239    0.012 0.0 0.0 
   9.269    0.012 0.0 0.0 
   9.299    0.013 0.0 0.0 
   9.327    0.013 0.0 0.0 
   9.359    0.013 0.0 0.0 
   9.390    0.014 0.0 0.0 
   9.420    0.014 0.0 0.0 
   9.449    0.014 0.0 0.0 
   9.480    0.015 0.0 0.0 
   9.507    0.015 0.0 0.0 
   9.540    0.015 0.0 0.0 
   9.569    0.015 0.0 0.0 
   9.597    0.015 0.0 0.0 
   9.707    0.015 0.0 0.0 
   9.741    0.015 0.0 0.0 
   9.763    0.015 0.0 0.0 
   9.788    0.015 0.0 0.0 
   9.819    0.015 0.0 0.0 
   9.852    0.015 0.0 0.0 
   9.882    0.015 0.0 0.0 
   9.912    0.014 0.0 0.0 
   9.943    0.014 0.0 0.0 
   9.973    0.014 0.0 0.0 
  10.003    0.013 0.0 0.0 
  10.030    0.013 0.0 0.0 
  10.059    0.013 0.0 0.0 
  10.093    0.013 0.0 0.0 
  10.121    0.012 0.0 0.0 
  10.150    0.012 0.0 0.0 
  10.180    0.011 0.0 0.0 
  10.211    0.011 0.0 0.0 
  10.241    0.011 0.0 0.0 
  10.271    0.010 0.0 0.0 
  10.302    0.009 0.0 0.0 
  10.334    0.009 0.0 0.0 
  10.362    0.008 0.0 0.0 
  10.391    0.007 0.0 0.0 
  10.423    0.006 0.0 0.0 
  10.451    0.006 0.0 0.0 
  10.549    0.005 0.0 0.0 
  10.579    0.004 0.0 0.0 
  10.600    0.002 0.0 0.0 
  10.627    0.002 0.0 0.0 
  10.657    0.001 0.0 0.0 
  10.686   -0.000 0.0 0.0 
  10.717   -0.001 0.0 0.0 
  10.747   -0.002 0.0 0.0 
  10.777   -0.003 0.0 0.0 
  10.808   -0.004 0.0 0.0 
  10.837   -0.004 0.0 0.0 
  10.867   -0.005 0.0 0.0 
  10.897   -0.006 0.0 0.0 
  10.928   -0.006 0.0 0.0 
  10.961   -0.007 0.0 0.0 
  10.991   -0.008 0.0 0.0 
  11.018   -0.008 0.0 0.0 
  11.048   -0.009 0.0 0.0 
  11.078   -0.010 0.0 0.0 
  11.108   -0.010 0.0 0.0 
  11.138   -0.011 0.0 0.0 
  11.169   -0.012 0.0 0.0 
  11.200   -0.012 0.0 0.0 
  11.229   -0.013 0.0 0.0 
  11.263   -0.013 0.0 0.0 
  11.289   -0.014 0.0 0.0 
  11.319   -0.014 0.0 0.0 
  11.350   -0.014 0.0 0.0 
  11.379   -0.015 0.0 0.0 
  11.413   -0.015 0.0 0.0 
  11.439   -0.015 0.0 0.0 
  11.470   -0.016 0.0 0.0 
  11.503   -0.016 0.0 0.0 
  11.530   -0.016 0.0 0.0 
  11.560   -0.016 0.0 0.0 
  11.591   -0.016 0.0 0.0 
  11.621   -0.016 0.0 0.0 
  11.651   -0.016 0.0 0.0 
  11.681   -0.016 0.0 0.0 
  11.711   -0.016 0.0 0.0 
  11.740   -0.016 0.0 0.0 
  11.771   -0.016 0.0 0.0 
  11.800   -0.016 0.0 0.0 
  11.831   -0.016 0.0 0.0 
  11.861   -0.015 0.0 0.0 
  11.891   -0.015 0.0 0.0 
  11.994   -0.015 0.0 0.0 
  12.026   -0.014 0.0 0.0 
  12.047   -0.014 0.0 0.0 
  12.077   -0.013 0.0 0.0 
  12.103   -0.013 0.0 0.0 
  12.134   -0.012 0.0 0.0 
  12.163   -0.012 0.0 0.0 
  12.195   -0.011 0.0 0.0 
  12.224   -0.011 0.0 0.0 
  12.254   -0.010 0.0 0.0 
  12.284   -0.009 0.0 0.0 
  12.313   -0.008 0.0 0.0 
  12.344   -0.008 0.0 0.0 
  12.374   -0.007 0.0 0.0 
  12.404   -0.006 0.0 0.0 
  12.435   -0.005 0.0 0.0 
  12.465   -0.004 0.0 0.0 
  12.495   -0.004 0.0 0.0 
  12.529   -0.003 0.0 0.0 
  12.558   -0.002 0.0 0.0 
  12.586   -0.001 0.0 0.0 
  12.615    0.001 0.0 0.0 
  12.645    0.002 0.0 0.0 
  12.675    0.003 0.0 0.0 
  12.705    0.004 0.0 0.0 
  12.735    0.005 0.0 0.0 
  12.766    0.007 0.0 0.0 
  12.796    0.008 0.0 0.0 
  12.827    0.009 0.0 0.0 
  12.856    0.010 0.0 0.0 
  12.886    0.010 0.0 0.0 
  12.916    0.011 0.0 0.0 
  12.947    0.011 0.0 0.0 
  12.977    0.012 0.0 0.0 
  13.006    0.013 0.0 0.0 
  13.037    0.014 0.0 0.0 
  13.070    0.015 0.0 0.0 
  13.100    0.015 0.0 0.0 
  13.131    0.016 0.0 0.0 
  13.160    0.017 0.0 0.0 
  13.188    0.017 0.0 0.0 
  13.221    0.018 0.0 0.0 
  13.249    0.018 0.0 0.0 
  13.281    0.019 0.0 0.0 
  13.308    0.019 0.0 0.0 
  13.338    0.019 0.0 0.0 
  13.371    0.019 0.0 0.0 
  13.488    0.019 0.0 0.0 
  13.518    0.019 0.0 0.0 
  13.538    0.019 0.0 0.0 
  13.566    0.019 0.0 0.0 
  13.599    0.020 0.0 0.0 
  13.626    0.020 0.0 0.0 
  13.657    0.020 0.0 0.0 
  13.764    0.020 0.0 0.0 
  13.794    0.019 0.0 0.0 
  13.812    0.019 0.0 0.0 
  13.843    0.019 0.0 0.0 
  13.872    0.019 0.0 0.0 
  13.902    0.019 0.0 0.0 
  13.932    0.018 0.0 0.0 
  13.962    0.017 0.0 0.0 
  13.992    0.017 0.0 0.0 
  14.023    0.016 0.0 0.0 
  14.054    0.016 0.0 0.0 
  14.084    0.015 0.0 0.0 
  14.113    0.014 0.0 0.0 
  14.143    0.013 0.0 0.0 
  14.173    0.013 0.0 0.0 
  14.204    0.012 0.0 0.0 
  14.233    0.012 0.0 0.0 
  14.265    0.011 0.0 0.0 
  14.294    0.011 0.0 0.0 
  14.323    0.010 0.0 0.0 
  14.354    0.009 0.0 0.0 
  14.384    0.008 0.0 0.0 
  14.414    0.007 0.0 0.0 
  14.447    0.006 0.0 0.0 
  14.475    0.005 0.0 0.0 
  14.505    0.004 0.0 0.0 
  14.534    0.003 0.0 0.0 
  14.567    0.001 0.0 0.0 
  14.594    0.000 0.0 0.0 
  14.624   -0.001 0.0 0.0 
  14.654   -0.002 0.0 0.0 
  14.752   -0.002 0.0 0.0 
  14.781   -0.003 0.0 0.0 
  14.802   -0.004 0.0 0.0 
  14.833   -0.005 0.0 0.0 
  14.862   -0.005 0.0 0.0 
  14.891   -0.006 0.0 0.0 
  14.923   -0.007 0.0 0.0 
  14.952   -0.008 0.0 0.0 
  14.983   -0.009 0.0 0.0 
  15.013   -0.010 0.0 0.0 
  15.043   -0.011 0.0 0.0 
  15.072   -0.012 0.0 0.0 
  15.100   -0.013 0.0 0.0 
  15.133   -0.014 0.0 0.0 
  15.162   -0.015 0.0 0.0 
  15.192   -0.015 0.0 0.0 
  15.223   -0.016 0.0 0.0 
  15.253   -0.016 0.0 0.0 
  15.283   -0.017 0.0 0.0 
  15.314   -0.017 0.0 0.0 
  15.344   -0.018 0.0 0.0 
  15.374   -0.018 0.0 0.0 
  15.403   -0.018 0.0 0.0 
  15.434   -0.019 0.0 0.0 
  15.462   -0.019 0.0 0.0 
  15.494   -0.020 0.0 0.0 
  15.525   -0.020 0.0 0.0 
  15.551   -0.020 0.0 0.0 
  15.584   -0.021 0.0 0.0 
  15.614   -0.021 0.0 0.0 
  15.646   -0.021 0.0 0.0 
  15.675   -0.021 0.0 0.0 
  15.702   -0.021 0.0 0.0 
  15.733   -0.021 0.0 0.0 
  15.765   -0.021 0.0 0.0 
  15.795   -0.021 0.0 0.0 
  15.825   -0.020 0.0 0.0 
  15.855   -0.020 0.0 0.0 
  15.883   -0.019 0.0 0.0 
  15.912   -0.019 0.0 0.0 
  15.946   -0.018 0.0 0.0 
  16.041   -0.017 0.0 0.0 
  16.074   -0.016 0.0 0.0 
  16.093   -0.015 0.0 0.0 
  16.121   -0.014 0.0 0.0 
  16.151   -0.014 0.0 0.0 
  16.181   -0.013 0.0 0.0 
  16.211   -0.012 0.0 0.0 
  16.242   -0.012 0.0 0.0 
  16.275   -0.011 0.0 0.0 
  16.304   -0.010 0.0 0.0 
  16.332   -0.010 0.0 0.0 
  16.362   -0.009 0.0 0.0 
  16.392   -0.008 0.0 0.0 
  16.424   -0.007 0.0 0.0 
  16.453   -0.006 0.0 0.0 
  16.483   -0.005 0.0 0.0 
  16.516   -0.004 0.0 0.0 
  16.543   -0.003 0.0 0.0 
  16.575   -0.002 0.0 0.0 
  16.603   -0.001 0.0 0.0 
  16.634    0.000 0.0 0.0 
  16.665    0.001 0.0 0.0 
  16.694    0.003 0.0 0.0 
  16.723    0.004 0.0 0.0 
  16.753    0.005 0.0 0.0 
  16.783    0.007 0.0 0.0 
  16.813    0.009 0.0 0.0 
  16.846    0.010 0.0 0.0 
  16.876    0.012 0.0 0.0 
  16.906    0.014 0.0 0.0 
  16.934    0.015 0.0 0.0 
  16.964    0.017 0.0 0.0 
  16.994    0.018 0.0 0.0 
  17.024    0.018 0.0 0.0 
  17.124    0.019 0.0 0.0 
  17.152    0.020 0.0 0.0 
  17.173    0.020 0.0 0.0 
  17.201    0.021 0.0 0.0 
  17.231    0.021 0.0 0.0 
  17.261    0.021 0.0 0.0 
  17.294    0.022 0.0 0.0 
  17.321    0.022 0.0 0.0 
  17.355    0.023 0.0 0.0 
  17.383    0.023 0.0 0.0 
  17.415    0.023 0.0 0.0 
  17.442    0.024 0.0 0.0 
  17.475    0.024 0.0 0.0 
  17.502    0.024 0.0 0.0 
  17.532    0.024 0.0 0.0 
  17.563    0.024 0.0 0.0 
  17.592    0.025 0.0 0.0 
  17.623    0.025 0.0 0.0 
  17.652    0.025 0.0 0.0 
  17.686    0.025 0.0 0.0 
  17.715    0.025 0.0 0.0 
  17.743    0.024 0.0 0.0 
  17.774    0.024 0.0 0.0 
  17.806    0.024 0.0 0.0 
  17.833    0.024 0.0 0.0 
  17.866    0.023 0.0 0.0 
  17.896    0.023 0.0 0.0 
  17.926    0.022 0.0 0.0 
  17.956    0.022 0.0 0.0 
  17.984    0.022 0.0 0.0 
  18.014    0.021 0.0 0.0 
  18.046    0.020 0.0 0.0 
  18.077    0.018 0.0 0.0 
  18.108    0.017 0.0 0.0 
  18.133    0.016 0.0 0.0 
  18.163    0.015 0.0 0.0 
  18.197    0.013 0.0 0.0 
  18.227    0.012 0.0 0.0 
  18.256    0.011 0.0 0.0 
  18.287    0.009 0.0 0.0 
  18.316    0.008 0.0 0.0 
  18.347    0.007 0.0 0.0 
  18.378    0.007 0.0 0.0 
  18.405    0.006 0.0 0.0 
  18.435    0.005 0.0 0.0 
  18.466    0.004 0.0 0.0 
  18.498    0.003 0.0 0.0 
  18.525    0.003 0.0 0.0 
  18.555    0.002 0.0 0.0 
  18.647    0.001 0.0 0.0 
  18.675   -0.000 0.0 0.0 
  18.696   -0.002 0.0 0.0 
  18.726   -0.004 0.0 0.0 
  18.755   -0.006 0.0 0.0 
  18.785   -0.007 0.0 0.0 
  18.815   -0.009 0.0 0.0 
  18.849   -0.011 0.0 0.0 
  18.876   -0.013 0.0 0.0 
  18.906   -0.015 0.0 0.0 
  18.935   -0.017 0.0 0.0 
  18.967   -0.018 0.0 0.0 
  18.999   -0.019 0.0 0.0 
  19.028   -0.020 0.0 0.0 
  19.058   -0.021 0.0 0.0 
  19.089   -0.021 0.0 0.0 
  19.117   -0.022 0.0 0.0 
  19.146   -0.022 0.0 0.0 
  19.180   -0.023 0.0 0.0 
  19.208   -0.024 0.0 0.0 
  19.239   -0.024 0.0 0.0 
  19.270   -0.025 0.0 0.0 
  19.297   -0.025 0.0 0.0 
  19.326   -0.026 0.0 0.0 
  19.357   -0.026 0.0 0.0 
  19.388   -0.027 0.0 0.0 
  19.417   -0.027 0.0 0.0 
  19.448   -0.027 0.0 0.0 
  19.477   -0.027 0.0 0.0 
  19.511   -0.028 0.0 0.0 
  19.540   -0.028 0.0 0.0 
  19.569   -0.028 0.0 0.0 
  19.600   -0.028 0.0 0.0 
  19.628   -0.027 0.0 0.0 
  19.661   -0.027 0.0 0.0 
  19.758   -0.027 0.0 0.0 
  19.785   -0.027 0.0 0.0 
  19.806   -0.026 0.0 0.0 
  19.838   -0.025 0.0 0.0 
  19.868   -0.025 0.0 0.0 
  19.898   -0.024 0.0 0.0 
  19.929   -0.023 0.0 0.0 
  19.957   -0.022 0.0 0.0 
  19.988   -0.022 0.0 0.0 
  20.019   -0.021 0.0 0.0 
  20.050   -0.020 0.0 0.0 
  20.077   -0.019 0.0 0.0 
  20.107   -0.019 0.0 0.0 
  20.137   -0.018 0.0 0.0 
  20.167   -0.017 0.0 0.0 
  20.197   -0.016 0.0 0.0 
  20.227   -0.015 0.0 0.0 
  20.257   -0.013 0.0 0.0 
  20.287   -0.012 0.0 0.0 
  20.318   -0.011 0.0 0.0 
  20.423   -0.010 0.0 0.0 
  20.456   -0.009 0.0 0.0 
  20.475   -0.008 0.0 0.0 
  20.502   -0.007 0.0 0.0 
  20.536   -0.006 0.0 0.0 
  20.563   -0.005 0.0 0.0 
  20.593   -0.004 0.0 0.0 
  20.623   -0.002 0.0 0.0 
  20.653   -0.001 0.0 0.0 
  20.683    0.001 0.0 0.0 
  20.713    0.003 0.0 0.0 
  20.746    0.004 0.0 0.0 
  20.776    0.006 0.0 0.0 
  20.806    0.007 0.0 0.0 
  20.834    0.009 0.0 0.0 
  20.867    0.010 0.0 0.0 
  20.895    0.012 0.0 0.0 
  20.927    0.013 0.0 0.0 
  20.957    0.015 0.0 0.0 
  21.031    0.016 0.0 0.0 
  21.068    0.017 0.0 0.0 
  21.090    0.018 0.0 0.0 
  21.119    0.019 0.0 0.0 
  21.148    0.020 0.0 0.0 
  21.179    0.021 0.0 0.0 
  21.206    0.022 0.0 0.0 
  21.236    0.022 0.0 0.0 
  21.266    0.023 0.0 0.0 
  21.299    0.023 0.0 0.0 
  21.329    0.023 0.0 0.0 
  21.361    0.024 0.0 0.0 
  21.391    0.024 0.0 0.0 
  21.491    0.024 0.0 0.0 
  21.518    0.025 0.0 0.0 
  21.540    0.025 0.0 0.0 
  21.571    0.025 0.0 0.0 
  21.598    0.025 0.0 0.0 
  21.628    0.025 0.0 0.0 
  21.663    0.025 0.0 0.0 
  21.689    0.025 0.0 0.0 
  21.719    0.025 0.0 0.0 
  21.751    0.024 0.0 0.0 
  21.783    0.024 0.0 0.0 
  21.821    0.024 0.0 0.0 
  21.845    0.024 0.0 0.0 
  21.875    0.023 0.0 0.0 
  21.911    0.022 0.0 0.0 
  21.936    0.021 0.0 0.0 
  21.966    0.020 0.0 0.0 
  22.001    0.019 0.0 0.0 
  22.026    0.019 0.0 0.0 
  22.063    0.017 0.0 0.0 
  22.087    0.016 0.0 0.0 
  22.117    0.015 0.0 0.0 
  22.147    0.014 0.0 0.0 
  22.177    0.013 0.0 0.0 
  22.208    0.013 0.0 0.0 
  22.243    0.012 0.0 0.0 
  22.268    0.011 0.0 0.0 
  22.305    0.010 0.0 0.0 
  22.329    0.008 0.0 0.0 
  22.365    0.007 0.0 0.0 
  22.390    0.006 0.0 0.0 
  22.424    0.004 0.0 0.0 
  22.450    0.003 0.0 0.0 
  22.485    0.001 0.0 0.0 
  22.511   -0.000 0.0 0.0 
  22.541   -0.002 0.0 0.0 
  22.571   -0.004 0.0 0.0 
  22.601   -0.005 0.0 0.0 
  22.631   -0.007 0.0 0.0 
  22.661   -0.008 0.0 0.0 
  22.692   -0.010 0.0 0.0 
  22.723   -0.011 0.0 0.0 
  22.757   -0.013 0.0 0.0 
  22.782   -0.015 0.0 0.0 
  22.813   -0.018 0.0 0.0 
  22.849   -0.020 0.0 0.0 
  22.873   -0.022 0.0 0.0 
  22.904   -0.023 0.0 0.0 
  22.936   -0.025 0.0 0.0 
  22.964   -0.027 0.0 0.0 
  22.995   -0.028 0.0 0.0 
  23.026   -0.030 0.0 0.0 
  23.057   -0.031 0.0 0.0 
  23.085   -0.031 0.0 0.0 
  23.116   -0.032 0.0 0.0 
  23.147   -0.032 0.0 0.0 
  23.181   -0.032 0.0 0.0 
  23.207   -0.032 0.0 0.0 
  23.241   -0.032 0.0 0.0 
  23.267   -0.033 0.0 0.0 
  23.298   -0.033 0.0 0.0 
  23.327   -0.033 0.0 0.0 
  23.358   -0.033 0.0 0.0 
  23.392   -0.033 0.0 0.0 
  23.418   -0.033 0.0 0.0 
  23.453   -0.033 0.0 0.0 
  23.479   -0.033 0.0 0.0 
  23.509   -0.033 0.0 0.0 
  23.543   -0.033 0.0 0.0 
  23.574   -0.032 0.0 0.0 
  23.604   -0.032 0.0 0.0 
  23.630   -0.031 0.0 0.0 
  23.664   -0.030 0.0 0.0 
  23.695   -0.029 0.0 0.0 
  23.721   -0.029 0.0 0.0 
  23.755   -0.028 0.0 0.0 
  23.781   -0.027 0.0 0.0 
  23.816   -0.026 0.0 0.0 
  23.842   -0.025 0.0 0.0 
  23.872   -0.023 0.0 0.0 
  23.907   -0.022 0.0 0.0 
  23.933   -0.021 0.0 0.0 
  23.966   -0.019 0.0 0.0 
  23.993   -0.018 0.0 0.0 
  24.023   -0.017 0.0 0.0 
  24.058   -0.015 0.0 0.0 
  24.088   -0.014 0.0 0.0 
  24.119   -0.012 0.0 0.0 
  24.145   -0.011 0.0 0.0 
  24.174   -0.009 0.0 0.0 
  24.204   -0.008 0.0 0.0 
  24.235   -0.007 0.0 0.0 
  24.266   -0.005 0.0 0.0 
  24.300   -0.004 0.0 0.0 
  24.329   -0.003 0.0 0.0 
  24.356   -0.001 0.0 0.0 
  24.386    0.000 0.0 0.0 
  24.417    0.001 0.0 0.0 
  24.446    0.003 0.0 0.0 
  24.479    0.004 0.0 0.0 
  24.511    0.006 0.0 0.0 
  24.538    0.007 0.0 0.0 
  24.572    0.008 0.0 0.0 
  24.601    0.010 0.0 0.0 
  24.632    0.011 0.0 0.0 
  24.663    0.012 0.0 0.0 
  24.693    0.014 0.0 0.0 
  24.718    0.015 0.0 0.0 
  24.749    0.017 0.0 0.0 
  24.784    0.018 0.0 0.0 
  24.814    0.019 0.0 0.0 
  24.840    0.021 0.0 0.0 
  24.870    0.022 0.0 0.0 
  24.900    0.023 0.0 0.0 
  24.930    0.025 0.0 0.0 
  24.961    0.026 0.0 0.0 
  24.991    0.027 0.0 0.0 
  25.021    0.028 0.0 0.0 
  25.052    0.028 0.0 0.0 
  25.082    0.029 0.0 0.0 
  25.112    0.030 0.0 0.0 
  25.142    0.031 0.0 0.0 
  25.177    0.031 0.0 0.0 
  25.202    0.032 0.0 0.0 
  25.233    0.032 0.0 0.0 
  25.267    0.032 0.0 0.0 
  25.295    0.033 0.0 0.0 
  25.324    0.033 0.0 0.0 
  25.354    0.033 0.0 0.0 
  25.384    0.033 0.0 0.0 
  25.419    0.033 0.0 0.0 
  25.449    0.032 0.0 0.0 
  25.479    0.032 0.0 0.0 
  25.509    0.032 0.0 0.0 
  25.536    0.032 0.0 0.0 
  25.570    0.031 0.0 0.0 
  25.597    0.031 0.0 0.0 
  25.630    0.030 0.0 0.0 
  25.657    0.030 0.0 0.0 
  25.687    0.029 0.0 0.0 
  25.720    0.029 0.0 0.0 
  25.747    0.028 0.0 0.0 
  25.781    0.027 0.0 0.0 
  25.808    0.026 0.0 0.0 
  25.843    0.025 0.0 0.0 
  25.868    0.024 0.0 0.0 
  25.899    0.023 0.0 0.0 
  25.929    0.022 0.0 0.0 
  25.959    0.020 0.0 0.0 
  25.989    0.019 0.0 0.0 
  26.020    0.017 0.0 0.0 
  26.049    0.016 0.0 0.0 
  26.080    0.015 0.0 0.0 
  26.110    0.013 0.0 0.0 
  26.140    0.012 0.0 0.0 
  26.172    0.010 0.0 0.0 
  26.200    0.008 0.0 0.0 
  26.231    0.006 0.0 0.0 
  26.261    0.004 0.0 0.0 
  26.292    0.003 0.0 0.0 
  26.322    0.001 0.0 0.0 
  26.352   -0.001 0.0 0.0 
  26.387   -0.002 0.0 0.0 
  26.417   -0.004 0.0 0.0 
  26.442   -0.006 0.0 0.0 
  26.473   -0.007 0.0 0.0 
  26.504   -0.008 0.0 0.0 
  26.538   -0.009 0.0 0.0 
  26.567   -0.010 0.0 0.0 
  26.593   -0.011 0.0 0.0 
  26.624   -0.012 0.0 0.0 
  26.655   -0.013 0.0 0.0 
  26.684   -0.014 0.0 0.0 
  26.715   -0.016 0.0 0.0 
  26.745   -0.017 0.0 0.0 
  26.776   -0.019 0.0 0.0 
  26.812   -0.020 0.0 0.0 
  26.836   -0.022 0.0 0.0 
  26.866   -0.023 0.0 0.0 
  26.897   -0.024 0.0 0.0 
  26.926   -0.026 0.0 0.0 
  26.959   -0.027 0.0 0.0 
  26.987   -0.028 0.0 0.0 
  27.017   -0.029 0.0 0.0 
  27.048   -0.030 0.0 0.0 
  27.082   -0.030 0.0 0.0 
  27.113   -0.031 0.0 0.0 
  27.139   -0.031 0.0 0.0 
  27.169   -0.031 0.0 0.0 
  27.204   -0.031 0.0 0.0 
  27.234   -0.031 0.0 0.0 
  27.259   -0.031 0.0 0.0 
  27.293   -0.031 0.0 0.0 
  27.324   -0.031 0.0 0.0 
  27.354   -0.031 0.0 0.0 
  27.384   -0.031 0.0 0.0 
  27.411   -0.031 0.0 0.0 
  27.441   -0.031 0.0 0.0 
  27.471   -0.031 0.0 0.0 
  27.506   -0.031 0.0 0.0 
  27.536   -0.030 0.0 0.0 
  27.562   -0.030 0.0 0.0 
  27.592   -0.030 0.0 0.0 
  27.628   -0.029 0.0 0.0 
  27.653   -0.029 0.0 0.0 
  27.687   -0.028 0.0 0.0 
  27.714   -0.028 0.0 0.0 
  27.750   -0.027 0.0 0.0 
  27.774   -0.026 0.0 0.0 
  27.809   -0.025 0.0 0.0 
  27.834   -0.024 0.0 0.0 
  27.869   -0.023 0.0 0.0 
  27.895   -0.022 0.0 0.0 
  27.930   -0.021 0.0 0.0 
  27.960   -0.020 0.0 0.0 
  27.986   -0.018 0.0 0.0 
  28.015   -0.017 0.0 0.0 
  28.047   -0.017 0.0 0.0 
  28.077   -0.016 0.0 0.0 
  28.111   -0.014 0.0 0.0 
  28.141   -0.013 0.0 0.0 
  28.167   -0.011 0.0 0.0 
  28.202   -0.009 0.0 0.0 
  28.232   -0.008 0.0 0.0 
  28.258   -0.006 0.0 0.0 
  28.288   -0.005 0.0 0.0 
  28.318   -0.003 0.0 0.0 
  28.353   -0.002 0.0 0.0 
  28.379   -0.000 0.0 0.0 
  28.409    0.001 0.0 0.0 
  28.439    0.002 0.0 0.0 
  28.470    0.003 0.0 0.0 
  28.500    0.004 0.0 0.0 
  28.535    0.005 0.0 0.0 
  28.565    0.007 0.0 0.0 
  28.591    0.008 0.0 0.0 
  28.623    0.010 0.0 0.0 
  28.652    0.011 0.0 0.0 
  28.687    0.013 0.0 0.0 
  28.716    0.014 0.0 0.0 
  28.742    0.016 0.0 0.0 
  28.773    0.017 0.0 0.0 
  28.804    0.019 0.0 0.0 
  28.833    0.020 0.0 0.0 
  28.863    0.021 0.0 0.0 
  28.893    0.022 0.0 0.0 
  28.924    0.023 0.0 0.0 
  28.954    0.024 0.0 0.0 
  28.984    0.024 0.0 0.0 
  29.015    0.025 0.0 0.0 
  29.049    0.026 0.0 0.0 
  29.076    0.027 0.0 0.0 
  29.105    0.028 0.0 0.0 
  29.135    0.028 0.0 0.0 
  29.170    0.029 0.0 0.0 
  29.196    0.029 0.0 0.0 
  29.231    0.030 0.0 0.0 
  29.256    0.030 0.0 0.0 
  29.291    0.031 0.0 0.0 
  29.317    0.031 0.0 0.0 
  29.347    0.031 0.0 0.0 
  29.377    0.031 0.0 0.0 
  29.408    0.031 0.0 0.0 
  29.438    0.031 0.0 0.0 
  29.470    0.031 0.0 0.0 
  29.499    0.031 0.0 0.0 
  29.533    0.030 0.0 0.0 
  29.563    0.030 0.0 0.0 
  29.590    0.029 0.0 0.0 
  29.619    0.029 0.0 0.0 
  29.650    0.028 0.0 0.0 
  29.684    0.028 0.0 0.0 
  29.714    0.027 0.0 0.0 
  29.740    0.026 0.0 0.0 
  29.776    0.025 0.0 0.0 
  29.801    0.025 0.0 0.0 
  29.831    0.024 0.0 0.0 
  29.866    0.023 0.0 0.0 
  29.896    0.022 0.0 0.0 
  29.922    0.021 0.0 0.0 
  29.952    0.020 0.0 0.0 
  29.982    0.019 0.0 0.0 
  30.017    0.017 0.0 0.0 
  30.044    0.016 0.0 0.0 
  30.078    0.015 0.0 0.0 
  30.103    0.014 0.0 0.0 
  30.134    0.013 0.0 0.0 
  30.169    0.011 0.0 0.0 
  30.199    0.010 0.0 0.0 
  30.225    0.009 0.0 0.0 
  30.255    0.008 0.0 0.0 
  30.285    0.007 0.0 0.0 
  30.315    0.005 0.0 0.0 
  30.345    0.004 0.0 0.0 
  30.376    0.002 0.0 0.0 
  30.406   -0.000 0.0 0.0 
  30.437   -0.002 0.0 0.0 
  30.471   -0.004 0.0 0.0 
  30.501   -0.005 0.0 0.0 
  30.531   -0.007 0.0 0.0 
  30.557   -0.009 0.0 0.0 
  30.588   -0.010 0.0 0.0 
  30.618   -0.012 0.0 0.0 
  30.649   -0.013 0.0 0.0 
  30.679   -0.014 0.0 0.0 
  30.713   -0.015 0.0 0.0 
  30.739   -0.016 0.0 0.0 
  30.773   -0.017 0.0 0.0 
  30.800   -0.018 0.0 0.0 
  30.831   -0.019 0.0 0.0 
  30.864   -0.020 0.0 0.0 
  30.894   -0.021 0.0 0.0 
  30.920   -0.022 0.0 0.0 
  30.956   -0.023 0.0 0.0 
  30.982   -0.024 0.0 0.0 
  31.011   -0.025 0.0 0.0 
  31.046   -0.025 0.0 0.0 
  31.072   -0.026 0.0 0.0 
  31.103   -0.027 0.0 0.0 
  31.132   -0.028 0.0 0.0 
  31.167   -0.029 0.0 0.0 
  31.193   -0.030 0.0 0.0 
  31.223   -0.030 0.0 0.0 
  31.254   -0.030 0.0 0.0 
  31.283   -0.031 0.0 0.0 
  31.318   -0.031 0.0 0.0 
  31.344   -0.031 0.0 0.0 
  31.374   -0.032 0.0 0.0 
  31.409   -0.032 0.0 0.0 
  31.435   -0.032 0.0 0.0 
  31.466   -0.031 0.0 0.0 
  31.500   -0.031 0.0 0.0 
  31.526   -0.031 0.0 0.0 
  31.560   -0.031 0.0 0.0 
  31.591   -0.030 0.0 0.0 
  31.617   -0.030 0.0 0.0 
  31.648   -0.029 0.0 0.0 
  31.678   -0.028 0.0 0.0 
  31.711   -0.027 0.0 0.0 
  31.737   -0.026 0.0 0.0 
  31.768   -0.025 0.0 0.0 
  31.798   -0.024 0.0 0.0 
  31.828   -0.023 0.0 0.0 
  31.859   -0.022 0.0 0.0 
  31.893   -0.021 0.0 0.0 
  31.920   -0.020 0.0 0.0 
  31.953   -0.019 0.0 0.0 
  31.980   -0.019 0.0 0.0 
  32.009   -0.018 0.0 0.0 
  32.040   -0.017 0.0 0.0 
  32.075   -0.016 0.0 0.0 
  32.105   -0.015 0.0 0.0 
  32.132   -0.014 0.0 0.0 
  32.165   -0.013 0.0 0.0 
  32.196   -0.012 0.0 0.0 
  32.227   -0.011 0.0 0.0 
  32.252   -0.009 0.0 0.0 
  32.282   -0.007 0.0 0.0 
  32.317   -0.006 0.0 0.0 
  32.343   -0.004 0.0 0.0 
  32.373   -0.002 0.0 0.0 
  32.407   -0.001 0.0 0.0 
  32.433    0.001 0.0 0.0 
  32.464    0.002 0.0 0.0 
  32.495    0.004 0.0 0.0 
  32.524    0.006 0.0 0.0 
  32.554    0.007 0.0 0.0 
  32.588    0.008 0.0 0.0 
  32.618    0.010 0.0 0.0 
  32.645    0.011 0.0 0.0 
  32.675    0.012 0.0 0.0 
  32.709    0.013 0.0 0.0 
  32.740    0.015 0.0 0.0 
  32.766    0.016 0.0 0.0 
  32.798    0.017 0.0 0.0 
  32.831    0.018 0.0 0.0 
  32.857    0.019 0.0 0.0 
  32.886    0.020 0.0 0.0 
  32.918    0.022 0.0 0.0 
  32.952    0.023 0.0 0.0 
  32.982    0.024 0.0 0.0 
  33.010    0.025 0.0 0.0 
  33.038    0.025 0.0 0.0 
  33.072    0.026 0.0 0.0 
  33.103    0.027 0.0 0.0 
  33.133    0.028 0.0 0.0 
  33.160    0.028 0.0 0.0 
  33.190    0.029 0.0 0.0 
  33.219    0.029 0.0 0.0 
  33.250    0.030 0.0 0.0 
  33.280    0.030 0.0 0.0 
  33.314    0.030 0.0 0.0 
  33.343    0.031 0.0 0.0 
  33.375    0.031 0.0 0.0 
  33.402    0.031 0.0 0.0 
  33.431    0.031 0.0 0.0 
  33.462    0.031 0.0 0.0 
  33.492    0.031 0.0 0.0 
  33.526    0.030 0.0 0.0 
  33.557    0.030 0.0 0.0 
  33.588    0.030 0.0 0.0 
  33.613    0.029 0.0 0.0 
  33.647    0.029 0.0 0.0 
  33.673    0.028 0.0 0.0 
  33.708    0.028 0.0 0.0 
  33.734    0.027 0.0 0.0 
  33.764    0.026 0.0 0.0 
  33.794    0.026 0.0 0.0 
  33.824    0.025 0.0 0.0 
  33.855    0.024 0.0 0.0 
  33.885    0.023 0.0 0.0 
  33.915    0.022 0.0 0.0 
  33.946    0.022 0.0 0.0 
  33.980    0.020 0.0 0.0 
  34.010    0.019 0.0 0.0 
  34.037    0.018 0.0 0.0 
  34.067    0.017 0.0 0.0 
  34.097    0.016 0.0 0.0 
  34.131    0.015 0.0 0.0 
  34.157    0.013 0.0 0.0 
  34.188    0.012 0.0 0.0 
  34.218    0.011 0.0 0.0 
  34.252    0.010 0.0 0.0 
  34.282    0.009 0.0 0.0 
  34.308    0.007 0.0 0.0 
  34.340    0.005 0.0 0.0 
  34.373    0.004 0.0 0.0 
  34.403    0.002 0.0 0.0 
  34.429    0.001 0.0 0.0 
  34.460   -0.001 0.0 0.0 
  34.494   -0.002 0.0 0.0 
  34.525   -0.004 0.0 0.0 
  34.555   -0.006 0.0 0.0 
  34.580   -0.007 0.0 0.0 
  34.615   -0.008 0.0 0.0 
  34.642   -0.009 0.0 0.0 
  34.672   -0.011 0.0 0.0 
  34.702   -0.012 0.0 0.0 
  34.736   -0.013 0.0 0.0 
  34.763   -0.015 0.0 0.0 
  34.796   -0.016 0.0 0.0 
  34.822   -0.017 0.0 0.0 
  34.853   -0.018 0.0 0.0 
  34.883   -0.019 0.0 0.0 
  34.917   -0.021 0.0 0.0 
  34.944   -0.021 0.0 0.0 
  34.978   -0.022 0.0 0.0 
  35.004   -0.023 0.0 0.0 
  35.035   -0.024 0.0 0.0 
  35.065   -0.025 0.0 0.0 
  35.095   -0.026 0.0 0.0 
  35.130   -0.026 0.0 0.0 
  35.160   -0.027 0.0 0.0 
  35.190   -0.028 0.0 0.0 
  35.217   -0.029 0.0 0.0 
  35.246   -0.029 0.0 0.0 
  35.278   -0.030 0.0 0.0 
  35.311   -0.030 0.0 0.0 
  35.341   -0.031 0.0 0.0 
  35.367   -0.031 0.0 0.0 
  35.397   -0.031 0.0 0.0 
  35.430   -0.031 0.0 0.0 
  35.458   -0.031 0.0 0.0 
  35.488   -0.031 0.0 0.0 
  35.518   -0.031 0.0 0.0 
  35.549   -0.031 0.0 0.0 
  35.579   -0.030 0.0 0.0 
  35.609   -0.030 0.0 0.0 
  35.640   -0.030 0.0 0.0 
  35.674   -0.029 0.0 0.0 
  35.703   -0.028 0.0 0.0 
  35.730   -0.027 0.0 0.0 
  35.760   -0.026 0.0 0.0 
  35.795   -0.024 0.0 0.0 
  35.821   -0.023 0.0 0.0 
  35.855   -0.022 0.0 0.0 
  35.881   -0.020 0.0 0.0 
  35.912   -0.019 0.0 0.0 
  35.942   -0.018 0.0 0.0 
  35.976   -0.017 0.0 0.0 
  36.002   -0.016 0.0 0.0 
  36.033   -0.015 0.0 0.0 
  36.063   -0.014 0.0 0.0 
  36.097   -0.013 0.0 0.0 
  36.123   -0.012 0.0 0.0 
  36.153   -0.011 0.0 0.0 
  36.188   -0.010 0.0 0.0 
  36.218   -0.009 0.0 0.0 
  36.244   -0.008 0.0 0.0 
  36.274   -0.007 0.0 0.0 
  36.305   -0.005 0.0 0.0 
  36.339   -0.004 0.0 0.0 
  36.365   -0.003 0.0 0.0 
  36.395   -0.002 0.0 0.0 
  36.425   -0.001 0.0 0.0 
  36.455    0.000 0.0 0.0 
  36.486    0.001 0.0 0.0 
  36.516    0.002 0.0 0.0 
  36.547    0.003 0.0 0.0 
  36.577    0.004 0.0 0.0 
  36.612    0.006 0.0 0.0 
  36.638    0.007 0.0 0.0 
  36.668    0.008 0.0 0.0 
  36.698    0.009 0.0 0.0 
  36.732    0.011 0.0 0.0 
  36.763    0.012 0.0 0.0 
  36.790    0.013 0.0 0.0 
  36.824    0.015 0.0 0.0 
  36.853    0.016 0.0 0.0 
  36.884    0.017 0.0 0.0 
  36.911    0.019 0.0 0.0 
  36.941    0.019 0.0 0.0 
  36.975    0.020 0.0 0.0 
  37.000    0.021 0.0 0.0 
  37.031    0.023 0.0 0.0 
  37.066    0.024 0.0 0.0 
  37.096    0.025 0.0 0.0 
  37.122    0.026 0.0 0.0 
  37.157    0.026 0.0 0.0 
  37.182    0.027 0.0 0.0 
  37.212    0.028 0.0 0.0 
  37.243    0.029 0.0 0.0 
  37.277    0.029 0.0 0.0 
  37.303    0.030 0.0 0.0 
  37.339    0.030 0.0 0.0 
  37.364    0.030 0.0 0.0 
  37.398    0.031 0.0 0.0 
  37.429    0.031 0.0 0.0 
  37.459    0.031 0.0 0.0 
  37.484    0.031 0.0 0.0 
  37.515    0.031 0.0 0.0 
  37.551    0.031 0.0 0.0 
  37.575    0.031 0.0 0.0 
  37.610    0.030 0.0 0.0 
  37.641    0.030 0.0 0.0 
  37.669    0.029 0.0 0.0 
  37.701    0.029 0.0 0.0 
  37.726    0.028 0.0 0.0 
  37.761    0.027 0.0 0.0 
  37.787    0.027 0.0 0.0 
  37.822    0.026 0.0 0.0 
  37.852    0.025 0.0 0.0 
  37.878    0.024 0.0 0.0 
  37.908    0.023 0.0 0.0 
  37.938    0.022 0.0 0.0 
  37.969    0.022 0.0 0.0 
  37.999    0.021 0.0 0.0 
  38.030    0.020 0.0 0.0 
  38.064    0.019 0.0 0.0 
  38.094    0.018 0.0 0.0 
  38.124    0.017 0.0 0.0 
  38.150    0.015 0.0 0.0 
  38.181    0.014 0.0 0.0 
  38.210    0.012 0.0 0.0 
  38.247    0.010 0.0 0.0 
  38.271    0.008 0.0 0.0 
  38.301    0.007 0.0 0.0 
  38.336    0.005 0.0 0.0 
  38.362    0.003 0.0 0.0 
  38.392    0.002 0.0 0.0 
  38.422    0.000 0.0 0.0 
  38.457   -0.001 0.0 0.0 
  38.483   -0.002 0.0 0.0 
  38.513   -0.003 0.0 0.0 
  38.543   -0.004 0.0 0.0 
  38.578   -0.006 0.0 0.0 
  38.605   -0.007 0.0 0.0 
  38.638   -0.009 0.0 0.0 
  38.665   -0.010 0.0 0.0 
  38.695   -0.011 0.0 0.0 
  38.730   -0.013 0.0 0.0 
  38.760   -0.014 0.0 0.0 
  38.785   -0.016 0.0 0.0 
  38.816   -0.017 0.0 0.0 
  38.846   -0.018 0.0 0.0 
  38.877   -0.019 0.0 0.0 
  38.912   -0.020 0.0 0.0 
  38.936   -0.021 0.0 0.0 
  38.967   -0.022 0.0 0.0 
  39.002   -0.023 0.0 0.0 
  39.027   -0.024 0.0 0.0 
  39.062   -0.025 0.0 0.0 
  39.087   -0.026 0.0 0.0 
  39.118   -0.027 0.0 0.0 
  39.154   -0.028 0.0 0.0 
  39.179   -0.028 0.0 0.0 
  39.209   -0.029 0.0 0.0 
  39.244   -0.030 0.0 0.0 
  39.269   -0.031 0.0 0.0 
  39.300   -0.031 0.0 0.0 
  39.330   -0.031 0.0 0.0 
  39.361   -0.031 0.0 0.0 
  39.390   -0.031 0.0 0.0 
  39.421   -0.031 0.0 0.0 
  39.451   -0.031 0.0 0.0 
  39.481   -0.031 0.0 0.0 
  39.516   -0.031 0.0 0.0 
  39.542   -0.031 0.0 0.0 
  39.572   -0.030 0.0 0.0 
  39.608   -0.030 0.0 0.0 
  39.638   -0.029 0.0 0.0 
  39.662   -0.028 0.0 0.0 
  39.692   -0.027 0.0 0.0 
  39.723   -0.026 0.0 0.0 
  39.753   -0.025 0.0 0.0 
  39.788   -0.024 0.0 0.0 
  39.818   -0.023 0.0 0.0 
  39.844   -0.021 0.0 0.0 
  39.873   -0.020 0.0 0.0 
  39.909   -0.019 0.0 0.0 
  39.935   -0.018 0.0 0.0 
  39.965   -0.018 0.0 0.0 
  39.995   -0.017 0.0 0.0 
  40.030   -0.016 0.0 0.0 
  40.056   -0.015 0.0 0.0 
  40.090   -0.014 0.0 0.0 
  40.116   -0.013 0.0 0.0 
  40.147   -0.013 0.0 0.0 
  40.177   -0.012 0.0 0.0 
  40.207   -0.011 0.0 0.0 
  40.237   -0.010 0.0 0.0 
  40.267   -0.009 0.0 0.0 
  40.303   -0.007 0.0 0.0 
  40.332   -0.006 0.0 0.0 
  40.358   -0.005 0.0 0.0 
  40.389   -0.004 0.0 0.0 
  40.419   -0.003 0.0 0.0 
  40.450   -0.001 0.0 0.0 
  40.479    0.001 0.0 0.0 
  40.514    0.003 0.0 0.0 
  40.544    0.004 0.0 0.0 
  40.570    0.006 0.0 0.0 
  40.604    0.008 0.0 0.0 
  40.635    0.009 0.0 0.0 
  40.661    0.011 0.0 0.0 
  40.691    0.012 0.0 0.0 
  40.726    0.014 0.0 0.0 
  40.756    0.015 0.0 0.0 
  40.786    0.016 0.0 0.0 
  40.812    0.017 0.0 0.0 
  40.842    0.018 0.0 0.0 
  40.873    0.019 0.0 0.0 
  40.909    0.020 0.0 0.0 
  40.933    0.021 0.0 0.0 
  40.963    0.022 0.0 0.0 
  40.997    0.023 0.0 0.0 
  41.028    0.024 0.0 0.0 
  41.054    0.025 0.0 0.0 
  41.090    0.025 0.0 0.0 
  41.120    0.026 0.0 0.0 
  41.145    0.027 0.0 0.0 
  41.179    0.028 0.0 0.0 
  41.210    0.029 0.0 0.0 
  41.236    0.029 0.0 0.0 
  41.270    0.029 0.0 0.0 
  41.296    0.030 0.0 0.0 
  41.327    0.030 0.0 0.0 
  41.361    0.030 0.0 0.0 
  41.387    0.030 0.0 0.0 
  41.418    0.031 0.0 0.0 
  41.451    0.031 0.0 0.0 
  41.478    0.030 0.0 0.0 
  41.508    0.030 0.0 0.0 
  41.543    0.030 0.0 0.0 
  41.568    0.030 0.0 0.0 
  41.599    0.030 0.0 0.0 
  41.630    0.029 0.0 0.0 
  41.659    0.029 0.0 0.0 
  41.690    0.028 0.0 0.0 
  41.719    0.027 0.0 0.0 
  41.749    0.027 0.0 0.0 
  41.780    0.026 0.0 0.0 
  41.815    0.025 0.0 0.0 
  41.840    0.024 0.0 0.0 
  41.871    0.023 0.0 0.0 
  41.902    0.022 0.0 0.0 
  41.936    0.021 0.0 0.0 
  41.962    0.020 0.0 0.0 
  41.996    0.019 0.0 0.0 
  42.026    0.018 0.0 0.0 
  42.052    0.017 0.0 0.0 
  42.082    0.016 0.0 0.0 
  42.117    0.016 0.0 0.0 
  42.143    0.014 0.0 0.0 
  42.173    0.013 0.0 0.0 
  42.208    0.011 0.0 0.0 
  42.234    0.009 0.0 0.0 
  42.264    0.008 0.0 0.0 
  42.294    0.006 0.0 0.0 
  42.325    0.005 0.0 0.0 
  42.356    0.003 0.0 0.0 
  42.386    0.001 0.0 0.0 
  42.416   -0.000 0.0 0.0 
  42.446   -0.002 0.0 0.0 
  42.477   -0.003 0.0 0.0 
  42.507   -0.004 0.0 0.0 
  42.537   -0.005 0.0 0.0 
  42.568   -0.006 0.0 0.0 
  42.598   -0.006 0.0 0.0 
  42.628   -0.007 0.0 0.0 
  42.659   -0.009 0.0 0.0 
  42.688   -0.010 0.0 0.0 
  42.719   -0.012 0.0 0.0 
  42.750   -0.013 0.0 0.0 
  42.779   -0.014 0.0 0.0 
  42.810   -0.015 0.0 0.0 
  42.839   -0.017 0.0 0.0 
  42.871   -0.018 0.0 0.0 
  42.900   -0.019 0.0 0.0 
  42.931   -0.020 0.0 0.0 
  42.960   -0.021 0.0 0.0 
  42.991   -0.022 0.0 0.0 
  43.022   -0.022 0.0 0.0 
  43.052   -0.023 0.0 0.0 
  43.082   -0.024 0.0 0.0 
  43.112   -0.025 0.0 0.0 
  43.143   -0.025 0.0 0.0 
  43.173   -0.026 0.0 0.0 
  43.203   -0.027 0.0 0.0 
  43.233   -0.027 0.0 0.0 
  43.265   -0.028 0.0 0.0 
  43.294   -0.028 0.0 0.0 
  43.324   -0.029 0.0 0.0 
  43.354   -0.029 0.0 0.0 
  43.384   -0.029 0.0 0.0 
  43.420   -0.030 0.0 0.0 
  43.444   -0.030 0.0 0.0 
  43.475   -0.030 0.0 0.0 
  43.505   -0.030 0.0 0.0 
  43.537   -0.030 0.0 0.0 
  43.571   -0.029 0.0 0.0 
  43.596   -0.029 0.0 0.0 
  43.626   -0.029 0.0 0.0 
  43.657   -0.028 0.0 0.0 
  43.688   -0.028 0.0 0.0 
  43.718   -0.027 0.0 0.0 
  43.748   -0.027 0.0 0.0 
  43.778   -0.026 0.0 0.0 
  43.809   -0.025 0.0 0.0 
  43.839   -0.024 0.0 0.0 
  43.869   -0.024 0.0 0.0 
  43.899   -0.023 0.0 0.0 
  43.929   -0.022 0.0 0.0 
  43.963   -0.021 0.0 0.0 
  43.990   -0.021 0.0 0.0 
  44.023   -0.020 0.0 0.0 
  44.050   -0.019 0.0 0.0 
  44.086   -0.018 0.0 0.0 
  44.110   -0.017 0.0 0.0 
  44.140   -0.016 0.0 0.0 
  44.170   -0.015 0.0 0.0 
  44.201   -0.014 0.0 0.0 
  44.232   -0.013 0.0 0.0 
  44.262   -0.012 0.0 0.0 
  44.292   -0.010 0.0 0.0 
  44.322   -0.008 0.0 0.0 
  44.352   -0.006 0.0 0.0 
  44.384   -0.005 0.0 0.0 
  44.413   -0.003 0.0 0.0 
  44.444   -0.002 0.0 0.0 
  44.473   -0.000 0.0 0.0 
  44.504    0.001 0.0 0.0 
  44.534    0.003 0.0 0.0 
  44.569    0.004 0.0 0.0 
  44.594    0.006 0.0 0.0 
  44.624    0.007 0.0 0.0 
  44.655    0.008 0.0 0.0 
  44.690    0.008 0.0 0.0 
  44.717    0.010 0.0 0.0 
  44.746    0.011 0.0 0.0 
  44.780    0.012 0.0 0.0 
  44.811    0.013 0.0 0.0 
  44.837    0.014 0.0 0.0 
  44.871    0.015 0.0 0.0 
  44.897    0.016 0.0 0.0 
  44.932    0.017 0.0 0.0 
  44.963    0.018 0.0 0.0 
  44.986    0.019 0.0 0.0 
  45.023    0.020 0.0 0.0 
  45.048    0.022 0.0 0.0 
  45.083    0.023 0.0 0.0 
  45.107    0.024 0.0 0.0 
  45.138    0.024 0.0 0.0 
  45.174    0.025 0.0 0.0 
  45.205    0.026 0.0 0.0 
  45.229    0.027 0.0 0.0 
  45.259    0.028 0.0 0.0 
  45.290    0.028 0.0 0.0 
  45.321    0.029 0.0 0.0 
  45.351    0.029 0.0 0.0 
  45.380    0.029 0.0 0.0 
  45.411    0.030 0.0 0.0 
  45.443    0.030 0.0 0.0 
  45.471    0.030 0.0 0.0 
  45.501    0.030 0.0 0.0 
  45.531    0.030 0.0 0.0 
  45.563    0.029 0.0 0.0 
  45.592    0.029 0.0 0.0 
  45.622    0.029 0.0 0.0 
  45.652    0.028 0.0 0.0 
  45.683    0.028 0.0 0.0 
  45.714    0.028 0.0 0.0 
  45.745    0.027 0.0 0.0 
  45.780    0.027 0.0 0.0 
  45.804    0.026 0.0 0.0 
  45.834    0.025 0.0 0.0 
  45.870    0.025 0.0 0.0 
  45.894    0.024 0.0 0.0 
  45.925    0.023 0.0 0.0 
  45.955    0.022 0.0 0.0 
  45.985    0.021 0.0 0.0 
  46.021    0.020 0.0 0.0 
  46.046    0.019 0.0 0.0 
  46.077    0.018 0.0 0.0 
  46.107    0.016 0.0 0.0 
  46.138    0.015 0.0 0.0 
  46.168    0.013 0.0 0.0 
  46.196    0.012 0.0 0.0 
  46.228    0.010 0.0 0.0 
  46.258    0.009 0.0 0.0 
  46.288    0.007 0.0 0.0 
  46.317    0.005 0.0 0.0 
  46.347    0.004 0.0 0.0 
  46.380    0.003 0.0 0.0 
  46.414    0.002 0.0 0.0 
  46.440    0.001 0.0 0.0 
  46.469   -0.000 0.0 0.0 
  46.499   -0.002 0.0 0.0 
  46.535   -0.003 0.0 0.0 
  46.565   -0.004 0.0 0.0 
  46.590   -0.005 0.0 0.0 
  46.620   -0.007 0.0 0.0 
  46.651   -0.008 0.0 0.0 
  46.686   -0.009 0.0 0.0 
  46.711   -0.011 0.0 0.0 
  46.741   -0.012 0.0 0.0 
  46.771   -0.013 0.0 0.0 
  46.803   -0.014 0.0 0.0 
  46.832   -0.015 0.0 0.0 
  46.864   -0.016 0.0 0.0 
  46.893   -0.017 0.0 0.0 
  46.923   -0.018 0.0 0.0 
  46.953   -0.019 0.0 0.0 
  46.984   -0.020 0.0 0.0 
  47.014   -0.020 0.0 0.0 
  47.044   -0.021 0.0 0.0 
  47.073   -0.022 0.0 0.0 
  47.103   -0.023 0.0 0.0 
  47.134   -0.024 0.0 0.0 
  47.170   -0.025 0.0 0.0 
  47.195   -0.026 0.0 0.0 
  47.225   -0.027 0.0 0.0 
  47.255   -0.028 0.0 0.0 
  47.291   -0.028 0.0 0.0 
  47.316   -0.029 0.0 0.0 
  47.351   -0.029 0.0 0.0 
  47.382   -0.029 0.0 0.0 
  47.406   -0.030 0.0 0.0 
  47.438   -0.030 0.0 0.0 
  47.472   -0.030 0.0 0.0 
  47.498   -0.030 0.0 0.0 
  47.532   -0.030 0.0 0.0 
  47.558   -0.030 0.0 0.0 
  47.587   -0.029 0.0 0.0 
  47.617   -0.029 0.0 0.0 
  47.647   -0.029 0.0 0.0 
  47.678   -0.029 0.0 0.0 
  47.714   -0.028 0.0 0.0 
  47.739   -0.027 0.0 0.0 
  47.774   -0.027 0.0 0.0 
  47.799   -0.026 0.0 0.0 
  47.829   -0.025 0.0 0.0 
  47.859   -0.024 0.0 0.0 
  47.889   -0.023 0.0 0.0 
  47.926   -0.022 0.0 0.0 
  47.950   -0.021 0.0 0.0 
  47.981   -0.020 0.0 0.0 
  48.016   -0.019 0.0 0.0 
  48.041   -0.018 0.0 0.0 
  48.072   -0.017 0.0 0.0 
  48.107   -0.016 0.0 0.0 
  48.132   -0.015 0.0 0.0 
  48.162   -0.014 0.0 0.0 
  48.198   -0.013 0.0 0.0 
  48.228   -0.012 0.0 0.0 
  48.253   -0.011 0.0 0.0 
  48.283   -0.009 0.0 0.0 
  48.314   -0.008 0.0 0.0 
  48.344   -0.007 0.0 0.0 
  48.375   -0.006 0.0 0.0 
  48.410   -0.004 0.0 0.0 
  48.434   -0.003 0.0 0.0 
  48.470   -0.002 0.0 0.0 
  48.496   -0.001 0.0 0.0 
  48.525    0.000 0.0 0.0 
  48.560    0.002 0.0 0.0 
  48.586    0.003 0.0 0.0 
  48.620    0.005 0.0 0.0 
  48.647    0.007 0.0 0.0 
  48.682    0.008 0.0 0.0 
  48.713    0.010 0.0 0.0 
  48.738    0.011 0.0 0.0 
  48.768    0.013 0.0 0.0 
  48.799    0.014 0.0 0.0 
  48.828    0.016 0.0 0.0 
  48.859    0.016 0.0 0.0 
  48.888    0.017 0.0 0.0 
  48.919    0.018 0.0 0.0 
  48.949    0.018 0.0 0.0 
  48.980    0.019 0.0 0.0 
  49.014    0.020 0.0 0.0 
  49.043    0.021 0.0 0.0 
  49.074    0.022 0.0 0.0 
  49.100    0.023 0.0 0.0 
  49.130    0.024 0.0 0.0 
  49.160    0.025 0.0 0.0 
  49.190    0.025 0.0 0.0 
  49.225    0.026 0.0 0.0 
  49.252    0.027 0.0 0.0 
  49.286    0.027 0.0 0.0 
  49.311    0.027 0.0 0.0 
  49.347    0.028 0.0 0.0 
  49.377    0.028 0.0 0.0 
  49.403    0.028 0.0 0.0 
  49.432    0.029 0.0 0.0 
  49.463    0.029 0.0 0.0 
  49.493    0.029 0.0 0.0 
  49.522    0.029 0.0 0.0 
  49.554    0.029 0.0 0.0 
  49.584    0.029 0.0 0.0 
  49.620    0.028 0.0 0.0 
  49.644    0.028 0.0 0.0 
  49.674    0.028 0.0 0.0 
  49.710    0.028 0.0 0.0 
  49.735    0.027 0.0 0.0 
  49.770    0.026 0.0 0.0 
  49.799    0.026 0.0 0.0 
  49.830    0.025 0.0 0.0 
  49.857    0.025 0.0 0.0 
  49.888    0.024 0.0 0.0 
  49.917    0.023 0.0 0.0 
  49.947    0.023 0.0 0.0 
  49.978    0.022 0.0 0.0 
  50.008    0.021 0.0 0.0 
  50.043    0.020 0.0 0.0 
  50.068    0.020 0.0 0.0 
  50.098    0.019 0.0 0.0 
  50.129    0.018 0.0 0.0 
  50.159    0.017 0.0 0.0 
  50.189    0.016 0.0 0.0 
  50.225    0.014 0.0 0.0 
  50.250    0.013 0.0 0.0 
  50.280    0.011 0.0 0.0 
  50.311    0.010 0.0 0.0 
  50.341    0.009 0.0 0.0 
  50.371    0.007 0.0 0.0 
  50.406    0.006 0.0 0.0 
  50.436    0.005 0.0 0.0 
  50.462    0.003 0.0 0.0 
  50.492    0.002 0.0 0.0 
  50.522    0.000 0.0 0.0 
  50.552   -0.001 0.0 0.0 
  50.588   -0.003 0.0 0.0 
  50.613   -0.004 0.0 0.0 
  50.643   -0.006 0.0 0.0 
  50.673   -0.007 0.0 0.0 
  50.703   -0.008 0.0 0.0 
  50.734   -0.010 0.0 0.0 
  50.765   -0.012 0.0 0.0 
  50.796   -0.013 0.0 0.0 
  50.829   -0.013 0.0 0.0 
  50.855   -0.014 0.0 0.0 
  50.885   -0.015 0.0 0.0 
  50.921   -0.016 0.0 0.0 
  50.946   -0.017 0.0 0.0 
  50.976   -0.018 0.0 0.0 
  51.006   -0.019 0.0 0.0 
  51.036   -0.020 0.0 0.0 
  51.067   -0.022 0.0 0.0 
  51.098   -0.023 0.0 0.0 
  51.128   -0.024 0.0 0.0 
  51.158   -0.024 0.0 0.0 
  51.187   -0.025 0.0 0.0 
  51.219   -0.026 0.0 0.0 
  51.249   -0.027 0.0 0.0 
  51.280   -0.027 0.0 0.0 
  51.310   -0.028 0.0 0.0 
  51.340   -0.028 0.0 0.0 
  51.370   -0.028 0.0 0.0 
  51.400   -0.028 0.0 0.0 
  51.431   -0.028 0.0 0.0 
  51.462   -0.028 0.0 0.0 
  51.491   -0.028 0.0 0.0 
  51.521   -0.028 0.0 0.0 
  51.552   -0.028 0.0 0.0 
  51.582   -0.028 0.0 0.0 
  51.612   -0.028 0.0 0.0 
  51.642   -0.028 0.0 0.0 
  51.678   -0.027 0.0 0.0 
  51.704   -0.027 0.0 0.0 
  51.733   -0.026 0.0 0.0 
  51.764   -0.026 0.0 0.0 
  51.794   -0.026 0.0 0.0 
  51.824   -0.025 0.0 0.0 
  51.855   -0.024 0.0 0.0 
  51.884   -0.024 0.0 0.0 
  51.915   -0.023 0.0 0.0 
  51.945   -0.022 0.0 0.0 
  51.975   -0.021 0.0 0.0 
  52.011   -0.020 0.0 0.0 
  52.042   -0.019 0.0 0.0 
  52.066   -0.018 0.0 0.0 
  52.097   -0.017 0.0 0.0 
  52.126   -0.016 0.0 0.0 
  52.157   -0.015 0.0 0.0 
  52.187   -0.014 0.0 0.0 
  52.218   -0.013 0.0 0.0 
  52.247   -0.011 0.0 0.0 
  52.278   -0.009 0.0 0.0 
  52.309   -0.007 0.0 0.0 
  52.338   -0.006 0.0 0.0 
  52.368   -0.004 0.0 0.0 
  52.399   -0.002 0.0 0.0 
  52.429    0.000 0.0 0.0 
  52.459    0.002 0.0 0.0 
  52.494    0.004 0.0 0.0 
  52.519    0.005 0.0 0.0 
  52.550    0.006 0.0 0.0 
  52.580    0.007 0.0 0.0 
  52.610    0.008 0.0 0.0 
  52.641    0.009 0.0 0.0 
  52.671    0.009 0.0 0.0 
  52.701    0.010 0.0 0.0 
  52.732    0.011 0.0 0.0 
  52.761    0.012 0.0 0.0 
  52.792    0.013 0.0 0.0 
  52.823    0.014 0.0 0.0 
  52.852    0.014 0.0 0.0 
  52.882    0.015 0.0 0.0 
  52.914    0.017 0.0 0.0 
  52.943    0.018 0.0 0.0 
  52.974    0.019 0.0 0.0 
  53.003    0.020 0.0 0.0 
  53.033    0.020 0.0 0.0 
  53.064    0.021 0.0 0.0 
  53.096    0.022 0.0 0.0 
  53.125    0.023 0.0 0.0 
  53.154    0.024 0.0 0.0 
  53.185    0.024 0.0 0.0 
  53.216    0.025 0.0 0.0 
  53.246    0.025 0.0 0.0 
  53.276    0.026 0.0 0.0 
  53.311    0.026 0.0 0.0 
  53.336    0.027 0.0 0.0 
  53.367    0.027 0.0 0.0 
  53.397    0.027 0.0 0.0 
  53.427    0.028 0.0 0.0 
  53.457    0.028 0.0 0.0 
  53.489    0.028 0.0 0.0 
  53.519    0.028 0.0 0.0 
  53.548    0.028 0.0 0.0 
  53.578    0.028 0.0 0.0 
  53.608    0.028 0.0 0.0 
  53.639    0.028 0.0 0.0 
  53.670    0.027 0.0 0.0 
  53.699    0.027 0.0 0.0 
  53.729    0.026 0.0 0.0 
  53.760    0.025 0.0 0.0 
  53.790    0.024 0.0 0.0 
  53.821    0.023 0.0 0.0 
  53.851    0.022 0.0 0.0 
  53.882    0.021 0.0 0.0 
  53.911    0.021 0.0 0.0 
  53.942    0.020 0.0 0.0 
  53.971    0.019 0.0 0.0 
  54.002    0.018 0.0 0.0 
  54.032    0.017 0.0 0.0 
  54.062    0.017 0.0 0.0 
  54.093    0.016 0.0 0.0 
  54.123    0.015 0.0 0.0 
  54.155    0.014 0.0 0.0 
  54.185    0.014 0.0 0.0 
  54.214    0.013 0.0 0.0 
  54.244    0.012 0.0 0.0 
  54.274    0.011 0.0 0.0 
  54.305    0.010 0.0 0.0 
  54.335    0.010 0.0 0.0 
  54.366    0.009 0.0 0.0 
  54.397    0.007 0.0 0.0 
  54.426    0.006 0.0 0.0 
  54.456    0.005 0.0 0.0 
  54.486    0.004 0.0 0.0 
  54.517    0.003 0.0 0.0 
  54.547    0.001 0.0 0.0 
  54.577    0.000 0.0 0.0 
  54.607   -0.001 0.0 0.0 
  54.639   -0.003 0.0 0.0 
  54.669   -0.004 0.0 0.0 
  54.699   -0.006 0.0 0.0 
  54.729   -0.007 0.0 0.0 
  54.765   -0.008 0.0 0.0 
  54.789   -0.010 0.0 0.0 
  54.819   -0.011 0.0 0.0 
  54.855   -0.012 0.0 0.0 
  54.880   -0.014 0.0 0.0 
  54.910   -0.015 0.0 0.0 
  54.940   -0.016 0.0 0.0 
  54.970   -0.017 0.0 0.0 
  55.001   -0.018 0.0 0.0 
  55.032   -0.019 0.0 0.0 
  55.061   -0.020 0.0 0.0 
  55.091   -0.021 0.0 0.0 
  55.122   -0.023 0.0 0.0 
  55.151   -0.024 0.0 0.0 
  55.183   -0.025 0.0 0.0 
  55.219   -0.025 0.0 0.0 
  55.249   -0.026 0.0 0.0 
  55.274   -0.027 0.0 0.0 
  55.303   -0.028 0.0 0.0 
  55.334   -0.028 0.0 0.0 
  55.364   -0.028 0.0 0.0 
  55.395   -0.028 0.0 0.0 
  55.430   -0.028 0.0 0.0 
  55.455   -0.028 0.0 0.0 
  55.485   -0.028 0.0 0.0 
  55.515   -0.029 0.0 0.0 
  55.546   -0.028 0.0 0.0 
  55.576   -0.028 0.0 0.0 
  55.606   -0.028 0.0 0.0 
  55.636   -0.028 0.0 0.0 
  55.667   -0.028 0.0 0.0 
  55.697   -0.028 0.0 0.0 
  55.727   -0.028 0.0 0.0 
  55.758   -0.028 0.0 0.0 
  55.788   -0.027 0.0 0.0 
  55.818   -0.027 0.0 0.0 
  55.848   -0.026 0.0 0.0 
  55.879   -0.026 0.0 0.0 
  55.914   -0.025 0.0 0.0 
  55.939   -0.024 0.0 0.0 
  55.975   -0.023 0.0 0.0 
  56.000   -0.022 0.0 0.0 
  56.030   -0.020 0.0 0.0 
  56.060   -0.019 0.0 0.0 
  56.090   -0.017 0.0 0.0 
  56.122   -0.016 0.0 0.0 
  56.151   -0.014 0.0 0.0 
  56.181   -0.013 0.0 0.0 
  56.212   -0.012 0.0 0.0 
  56.242   -0.010 0.0 0.0 
  56.272   -0.010 0.0 0.0 
  56.303   -0.009 0.0 0.0 
  56.334   -0.008 0.0 0.0 
  56.363   -0.007 0.0 0.0 
  56.394   -0.006 0.0 0.0 
  56.424   -0.005 0.0 0.0 
  56.454   -0.003 0.0 0.0 
  56.485   -0.002 0.0 0.0 
  56.515   -0.001 0.0 0.0 
  56.545    0.000 0.0 0.0 
  56.581    0.002 0.0 0.0 
  56.606    0.003 0.0 0.0 
  56.635    0.004 0.0 0.0 
  56.666    0.005 0.0 0.0 
  56.697    0.006 0.0 0.0 
  56.726    0.007 0.0 0.0 
  56.757    0.008 0.0 0.0 
  56.786    0.010 0.0 0.0 
  56.817    0.011 0.0 0.0 
  56.853    0.012 0.0 0.0 
  56.878    0.013 0.0 0.0 
  56.908    0.015 0.0 0.0 
  56.938    0.016 0.0 0.0 
  56.969    0.017 0.0 0.0 
  56.999    0.018 0.0 0.0 
  57.029    0.019 0.0 0.0 
  57.060    0.020 0.0 0.0 
  57.089    0.021 0.0 0.0 
  57.121    0.021 0.0 0.0 
  57.150    0.022 0.0 0.0 
  57.180    0.022 0.0 0.0 
  57.211    0.023 0.0 0.0 
  57.240    0.024 0.0 0.0 
  57.270    0.025 0.0 0.0 
  57.301    0.025 0.0 0.0 
  57.331    0.026 0.0 0.0 
  57.362    0.026 0.0 0.0 
  57.398    0.027 0.0 0.0 
  57.423    0.027 0.0 0.0 
  57.452    0.028 0.0 0.0 
  57.484    0.028 0.0 0.0 
  57.514    0.028 0.0 0.0 
  57.543    0.028 0.0 0.0 
  57.580    0.028 0.0 0.0 
  57.604    0.028 0.0 0.0 
  57.635    0.028 0.0 0.0 
  57.664    0.028 0.0 0.0 
  57.695    0.027 0.0 0.0 
  57.726    0.027 0.0 0.0 
  57.755    0.027 0.0 0.0 
  57.785    0.027 0.0 0.0 
  57.818    0.026 0.0 0.0 
  57.846    0.025 0.0 0.0 
  57.876    0.025 0.0 0.0 
  57.907    0.024 0.0 0.0 
  57.937    0.023 0.0 0.0 
  57.968    0.022 0.0 0.0 
  58.000    0.021 0.0 0.0 
  58.028    0.020 0.0 0.0 
  58.057    0.019 0.0 0.0 
  58.090    0.018 0.0 0.0 
  58.118    0.017 0.0 0.0 
  58.148    0.016 0.0 0.0 
  58.179    0.015 0.0 0.0 
  58.209    0.013 0.0 0.0 
  58.239    0.012 0.0 0.0 
  58.270    0.010 0.0 0.0 
  58.299    0.009 0.0 0.0 
  58.331    0.007 0.0 0.0 
  58.361    0.006 0.0 0.0 
  58.396    0.005 0.0 0.0 
  58.421    0.003 0.0 0.0 
  58.451    0.002 0.0 0.0 
  58.482    0.002 0.0 0.0 
  58.512    0.001 0.0 0.0 
  58.543   -0.000 0.0 0.0 
  58.572   -0.001 0.0 0.0 
  58.607   -0.002 0.0 0.0 
  58.633   -0.003 0.0 0.0 
  58.663   -0.004 0.0 0.0 
  58.693   -0.004 0.0 0.0 
  58.723   -0.005 0.0 0.0 
  58.753   -0.006 0.0 0.0 
  58.784   -0.007 0.0 0.0 
  58.819   -0.009 0.0 0.0 
  58.850   -0.010 0.0 0.0 
  58.880   -0.012 0.0 0.0 
  58.905   -0.013 0.0 0.0 
  58.935   -0.014 0.0 0.0 
  58.965   -0.016 0.0 0.0 
  59.001   -0.017 0.0 0.0 
  59.031   -0.018 0.0 0.0 
  59.057   -0.020 0.0 0.0 
  59.086   -0.021 0.0 0.0 
  59.122   -0.022 0.0 0.0 
  59.146   -0.022 0.0 0.0 
  59.176   -0.023 0.0 0.0 
  59.207   -0.023 0.0 0.0 
  59.237   -0.024 0.0 0.0 
  59.267   -0.025 0.0 0.0 
  59.303   -0.025 0.0 0.0 
  59.328   -0.026 0.0 0.0 
  59.364   -0.026 0.0 0.0 
  59.394   -0.026 0.0 0.0 
  59.419   -0.027 0.0 0.0 
  59.455   -0.027 0.0 0.0 
  59.479   -0.027 0.0 0.0 
  59.509   -0.028 0.0 0.0 
  59.541   -0.028 0.0 0.0 
  59.570   -0.028 0.0 0.0 
  59.599   -0.028 0.0 0.0 
  59.631   -0.028 0.0 0.0 
  59.666   -0.028 0.0 0.0 
  59.691   -0.027 0.0 0.0 
  59.723   -0.027 0.0 0.0 
  59.750   -0.026 0.0 0.0 
  59.781   -0.026 0.0 0.0 
  59.817   -0.026 0.0 0.0 
  59.846   -0.025 0.0 0.0 
  59.877   -0.024 0.0 0.0 
  59.902   -0.024 0.0 0.0 
  59.932   -0.023 0.0 0.0 
  59.962   -0.022 0.0 0.0 
  59.993   -0.022 0.0 0.0 
  60.023   -0.021 0.0 0.0 
  60.053   -0.021 0.0 0.0 
  60.083   -0.020 0.0 0.0 
  60.119   -0.019 0.0 0.0 
  60.144   -0.018 0.0 0.0 
  60.175   -0.017 0.0 0.0 
  60.205   -0.016 0.0 0.0 
  60.234   -0.014 0.0 0.0 
  60.265   -0.013 0.0 0.0 
  60.297   -0.012 0.0 0.0 
  60.326   -0.011 0.0 0.0 
  60.355   -0.009 0.0 0.0 
  60.386   -0.008 0.0 0.0 
  60.421   -0.007 0.0 0.0 
  60.447   -0.006 0.0 0.0 
  60.477   -0.005 0.0 0.0 
  60.512   -0.004 0.0 0.0 
  60.543   -0.003 0.0 0.0 
  60.568   -0.001 0.0 0.0 
  60.598    0.000 0.0 0.0 
  60.628    0.002 0.0 0.0 
  60.658    0.003 0.0 0.0 
  60.688    0.005 0.0 0.0 
  60.720    0.006 0.0 0.0 
  60.749    0.007 0.0 0.0 
  60.779    0.009 0.0 0.0 
  60.809    0.010 0.0 0.0 
  60.839    0.012 0.0 0.0 
  60.870    0.013 0.0 0.0 
  60.900    0.014 0.0 0.0 
  60.932    0.014 0.0 0.0 
  60.961    0.015 0.0 0.0 
  60.996    0.016 0.0 0.0 
  61.022    0.017 0.0 0.0 
  61.052    0.018 0.0 0.0 
  61.082    0.019 0.0 0.0 
  61.112    0.020 0.0 0.0 
  61.142    0.021 0.0 0.0 
  61.173    0.021 0.0 0.0 
  61.208    0.022 0.0 0.0 
  61.234    0.023 0.0 0.0 
  61.264    0.024 0.0 0.0 
  61.294    0.025 0.0 0.0 
  61.323    0.025 0.0 0.0 
  61.354    0.026 0.0 0.0 
  61.384    0.026 0.0 0.0 
  61.420    0.026 0.0 0.0 
  61.446    0.027 0.0 0.0 
  61.475    0.027 0.0 0.0 
  61.511    0.027 0.0 0.0 
  61.536    0.027 0.0 0.0 
  61.566    0.027 0.0 0.0 
  61.597    0.027 0.0 0.0 
  61.626    0.027 0.0 0.0 
  61.656    0.027 0.0 0.0 
  61.687    0.027 0.0 0.0 
  61.718    0.027 0.0 0.0 
  61.748    0.027 0.0 0.0 
  61.783    0.027 0.0 0.0 
  61.808    0.026 0.0 0.0 
  61.838    0.026 0.0 0.0 
  61.869    0.025 0.0 0.0 
  61.899    0.025 0.0 0.0 
  61.928    0.024 0.0 0.0 
  61.960    0.023 0.0 0.0 
  61.990    0.022 0.0 0.0 
  62.020    0.021 0.0 0.0 
  62.050    0.020 0.0 0.0 
  62.080    0.019 0.0 0.0 
  62.111    0.018 0.0 0.0 
  62.141    0.017 0.0 0.0 
  62.171    0.016 0.0 0.0 
  62.207    0.015 0.0 0.0 
  62.232    0.014 0.0 0.0 
  62.262    0.013 0.0 0.0 
  62.292    0.012 0.0 0.0 
  62.322    0.011 0.0 0.0 
  62.352    0.010 0.0 0.0 
  62.388    0.009 0.0 0.0 
  62.413    0.008 0.0 0.0 
  62.442    0.007 0.0 0.0 
  62.473    0.005 0.0 0.0 
  62.503    0.004 0.0 0.0 
  62.539    0.003 0.0 0.0 
  62.569    0.002 0.0 0.0 
  62.595    0.001 0.0 0.0 
  62.630   -0.000 0.0 0.0 
  62.657   -0.001 0.0 0.0 
  62.685   -0.002 0.0 0.0 
  62.720   -0.004 0.0 0.0 
  62.751   -0.005 0.0 0.0 
  62.775   -0.007 0.0 0.0 
  62.806   -0.008 0.0 0.0 
  62.838   -0.010 0.0 0.0 
  62.872   -0.011 0.0 0.0 
  62.897   -0.012 0.0 0.0 
  62.926   -0.013 0.0 0.0 
  62.957   -0.015 0.0 0.0 
  62.987   -0.016 0.0 0.0 
  63.018   -0.017 0.0 0.0 
  63.047   -0.018 0.0 0.0 
  63.078   -0.019 0.0 0.0 
  63.108   -0.020 0.0 0.0 
  63.139   -0.021 0.0 0.0 
  63.174   -0.021 0.0 0.0 
  63.199   -0.022 0.0 0.0 
  63.234   -0.023 0.0 0.0 
  63.260   -0.024 0.0 0.0 
  63.289   -0.024 0.0 0.0 
  63.325   -0.025 0.0 0.0 
  63.350   -0.025 0.0 0.0 
  63.380   -0.026 0.0 0.0 
  63.410   -0.026 0.0 0.0 
  63.445   -0.027 0.0 0.0 
  63.470   -0.027 0.0 0.0 
  63.506   -0.027 0.0 0.0 
  63.531   -0.027 0.0 0.0 
  63.561   -0.027 0.0 0.0 
  63.593   -0.027 0.0 0.0 
  63.623   -0.028 0.0 0.0 
  63.653   -0.027 0.0 0.0 
  63.683   -0.027 0.0 0.0 
  63.712   -0.027 0.0 0.0 
  63.743   -0.027 0.0 0.0 
  63.774   -0.027 0.0 0.0 
  63.804   -0.026 0.0 0.0 
  63.833   -0.026 0.0 0.0 
  63.866   -0.026 0.0 0.0 
  63.895   -0.025 0.0 0.0 
  63.924   -0.024 0.0 0.0 
  63.954   -0.024 0.0 0.0 
  63.985   -0.023 0.0 0.0 
  64.015   -0.022 0.0 0.0 
  64.045   -0.022 0.0 0.0 
  64.075   -0.021 0.0 0.0 
  64.105   -0.020 0.0 0.0 
  64.135   -0.019 0.0 0.0 
  64.166   -0.018 0.0 0.0 
  64.197   -0.017 0.0 0.0 
  64.226   -0.017 0.0 0.0 
  64.257   -0.016 0.0 0.0 
  64.287   -0.015 0.0 0.0 
  64.318   -0.014 0.0 0.0 
  64.348   -0.013 0.0 0.0 
  64.378   -0.011 0.0 0.0 
  64.409   -0.009 0.0 0.0 
  64.439   -0.008 0.0 0.0 
  64.470   -0.006 0.0 0.0 
  64.499   -0.004 0.0 0.0 
  64.529   -0.002 0.0 0.0 
  64.560   -0.001 0.0 0.0 
  64.590    0.001 0.0 0.0 
  64.620    0.002 0.0 0.0 
  64.656    0.004 0.0 0.0 
  64.680    0.004 0.0 0.0 
  64.711    0.005 0.0 0.0 
  64.741    0.006 0.0 0.0 
  64.772    0.007 0.0 0.0 
  64.803    0.008 0.0 0.0 
  64.832    0.009 0.0 0.0 
  64.863    0.010 0.0 0.0 
  64.893    0.011 0.0 0.0 
  64.923    0.013 0.0 0.0 
  64.957    0.014 0.0 0.0 
  64.988    0.015 0.0 0.0 
  65.019    0.017 0.0 0.0 
  65.045    0.018 0.0 0.0 
  65.074    0.019 0.0 0.0 
  65.104    0.021 0.0 0.0 
  65.135    0.021 0.0 0.0 
  65.165    0.022 0.0 0.0 
  65.200    0.023 0.0 0.0 
  65.225    0.023 0.0 0.0 
  65.261    0.024 0.0 0.0 
  65.287    0.024 0.0 0.0 
  65.315    0.025 0.0 0.0 
  65.346    0.025 0.0 0.0 
  65.377    0.025 0.0 0.0 
  65.408    0.026 0.0 0.0 
  65.439    0.026 0.0 0.0 
  65.467    0.026 0.0 0.0 
  65.499    0.027 0.0 0.0 
  65.529    0.027 0.0 0.0 
  65.559    0.027 0.0 0.0 
  65.588    0.027 0.0 0.0 
  65.620    0.027 0.0 0.0 
  65.649    0.027 0.0 0.0 
  65.680    0.027 0.0 0.0 
  65.710    0.027 0.0 0.0 
  65.741    0.026 0.0 0.0 
  65.771    0.026 0.0 0.0 
  65.801    0.026 0.0 0.0 
  65.831    0.025 0.0 0.0 
  65.861    0.025 0.0 0.0 
  65.894    0.024 0.0 0.0 
  65.922    0.024 0.0 0.0 
  65.952    0.023 0.0 0.0 
  65.984    0.022 0.0 0.0 
  66.013    0.022 0.0 0.0 
  66.044    0.021 0.0 0.0 
  66.073    0.020 0.0 0.0 
  66.104    0.019 0.0 0.0 
  66.134    0.018 0.0 0.0 
  66.165    0.017 0.0 0.0 
  66.199    0.016 0.0 0.0 
  66.224    0.015 0.0 0.0 
  66.254    0.014 0.0 0.0 
  66.290    0.013 0.0 0.0 
  66.316    0.012 0.0 0.0 
  66.346    0.011 0.0 0.0 
  66.376    0.010 0.0 0.0 
  66.407    0.009 0.0 0.0 
  66.437    0.008 0.0 0.0 
  66.467    0.006 0.0 0.0 
  66.498    0.005 0.0 0.0 
  66.528    0.002 0.0 0.0 
  66.558    0.000 0.0 0.0 
  66.588   -0.002 0.0 0.0 
  66.619   -0.004 0.0 0.0 
  66.648   -0.006 0.0 0.0 
  66.678   -0.008 0.0 0.0 
  66.709   -0.010 0.0 0.0 
  66.740   -0.011 0.0 0.0 
  66.769   -0.013 0.0 0.0 
  66.799   -0.014 0.0 0.0 
  66.830   -0.014 0.0 0.0 
  66.860   -0.015 0.0 0.0 
  66.891   -0.016 0.0 0.0 
  66.925   -0.016 0.0 0.0 
  66.955   -0.017 0.0 0.0 
  66.981   -0.018 0.0 0.0 
  67.010   -0.018 0.0 0.0 
  67.041   -0.019 0.0 0.0 
  67.071   -0.019 0.0 0.0 
  67.102   -0.020 0.0 0.0 
  67.132   -0.021 0.0 0.0 
  67.162   -0.021 0.0 0.0 
  67.193   -0.022 0.0 0.0 
  67.222   -0.022 0.0 0.0 
  67.253   -0.023 0.0 0.0 
  67.284   -0.023 0.0 0.0 
  67.319   -0.023 0.0 0.0 
  67.344   -0.024 0.0 0.0 
  67.379   -0.024 0.0 0.0 
  67.410   -0.025 0.0 0.0 
  67.435   -0.025 0.0 0.0 
  67.465   -0.025 0.0 0.0 
  67.495   -0.026 0.0 0.0 
  67.526   -0.026 0.0 0.0 
  67.555   -0.026 0.0 0.0 
  67.586   -0.027 0.0 0.0 
  67.616   -0.027 0.0 0.0 
  67.647   -0.027 0.0 0.0 
  67.677   -0.027 0.0 0.0 
  67.712   -0.027 0.0 0.0 
  67.737   -0.027 0.0 0.0 
  67.767   -0.026 0.0 0.0 
  67.802   -0.026 0.0 0.0 
  67.833   -0.026 0.0 0.0 
  67.859   -0.025 0.0 0.0 
  67.894   -0.025 0.0 0.0 
  67.920   -0.024 0.0 0.0 
  67.950   -0.023 0.0 0.0 
  67.985   -0.023 0.0 0.0 
  68.015   -0.022 0.0 0.0 
  68.040   -0.022 0.0 0.0 
  68.070   -0.021 0.0 0.0 
  68.099   -0.021 0.0 0.0 
  68.131   -0.020 0.0 0.0 
  68.161   -0.019 0.0 0.0 
  68.191   -0.018 0.0 0.0 
  68.221   -0.017 0.0 0.0 
  68.257   -0.015 0.0 0.0 
  68.282   -0.014 0.0 0.0 
  68.314   -0.013 0.0 0.0 
  68.343   -0.011 0.0 0.0 
  68.373   -0.010 0.0 0.0 
  68.404   -0.008 0.0 0.0 
  68.434   -0.007 0.0 0.0 
  68.464   -0.006 0.0 0.0 
  68.498   -0.005 0.0 0.0 
  68.525   -0.004 0.0 0.0 
  68.555   -0.003 0.0 0.0 
  68.589   -0.002 0.0 0.0 
  68.615   -0.001 0.0 0.0 
  68.645   -0.000 0.0 0.0 
  68.675    0.001 0.0 0.0 
  68.705    0.002 0.0 0.0 
  68.741    0.003 0.0 0.0 
  68.772    0.005 0.0 0.0 
  68.797    0.006 0.0 0.0 
  68.832    0.007 0.0 0.0 
  68.857    0.008 0.0 0.0 
  68.887    0.009 0.0 0.0 
  68.917    0.011 0.0 0.0 
  68.947    0.012 0.0 0.0 
  68.977    0.014 0.0 0.0 
  69.008    0.015 0.0 0.0 
  69.044    0.017 0.0 0.0 
  69.073    0.018 0.0 0.0 
  69.103    0.020 0.0 0.0 
  69.134    0.021 0.0 0.0 
  69.159    0.022 0.0 0.0 
  69.189    0.023 0.0 0.0 
  69.219    0.024 0.0 0.0 
  69.250    0.024 0.0 0.0 
  69.280    0.024 0.0 0.0 
  69.310    0.025 0.0 0.0 
  69.340    0.025 0.0 0.0 
  69.370    0.025 0.0 0.0 
  69.401    0.026 0.0 0.0 
  69.431    0.026 0.0 0.0 
  69.462    0.026 0.0 0.0 
  69.491    0.026 0.0 0.0 
  69.528    0.027 0.0 0.0 
  69.552    0.027 0.0 0.0 
  69.583    0.027 0.0 0.0 
  69.613    0.027 0.0 0.0 
  69.648    0.027 0.0 0.0 
  69.678    0.027 0.0 0.0 
  69.704    0.027 0.0 0.0 
  69.735    0.027 0.0 0.0 
  69.765    0.026 0.0 0.0 
  69.794    0.026 0.0 0.0 
  69.825    0.026 0.0 0.0 
  69.855    0.026 0.0 0.0 
  69.885    0.025 0.0 0.0 
  69.915    0.025 0.0 0.0 
  69.946    0.024 0.0 0.0 
  69.976    0.024 0.0 0.0 
  70.007    0.023 0.0 0.0 
  70.038    0.022 0.0 0.0 
  70.067    0.021 0.0 0.0 
  70.097    0.020 0.0 0.0 
  70.128    0.019 0.0 0.0 
  70.161    0.018 0.0 0.0 
  70.187    0.017 0.0 0.0 
  70.218    0.016 0.0 0.0 
  70.248    0.015 0.0 0.0 
  70.284    0.014 0.0 0.0 
  70.314    0.013 0.0 0.0 
  70.340    0.012 0.0 0.0 
  70.374    0.011 0.0 0.0 
  70.399    0.011 0.0 0.0 
  70.431    0.009 0.0 0.0 
  70.465    0.008 0.0 0.0 
  70.490    0.006 0.0 0.0 
  70.525    0.005 0.0 0.0 
  70.551    0.003 0.0 0.0 
  70.580    0.002 0.0 0.0 
  70.611    0.000 0.0 0.0 
  70.641   -0.001 0.0 0.0 
  70.677   -0.003 0.0 0.0 
  70.701   -0.004 0.0 0.0 
  70.737   -0.006 0.0 0.0 
  70.762   -0.007 0.0 0.0 
  70.797   -0.008 0.0 0.0 
  70.822   -0.009 0.0 0.0 
  70.852   -0.010 0.0 0.0 
  70.882   -0.011 0.0 0.0 
  70.917   -0.012 0.0 0.0 
  70.945   -0.013 0.0 0.0 
  70.974   -0.014 0.0 0.0 
  71.005   -0.015 0.0 0.0 
  71.035   -0.016 0.0 0.0 
  71.065   -0.017 0.0 0.0 
  71.095   -0.017 0.0 0.0 
  71.126   -0.018 0.0 0.0 
  71.156   -0.019 0.0 0.0 
  71.186   -0.020 0.0 0.0 
  71.216   -0.020 0.0 0.0 
  71.251   -0.021 0.0 0.0 
  71.276   -0.022 0.0 0.0 
  71.306   -0.023 0.0 0.0 
  71.337   -0.024 0.0 0.0 
  71.367   -0.025 0.0 0.0 
  71.397   -0.026 0.0 0.0 
  71.429   -0.026 0.0 0.0 
  71.458   -0.027 0.0 0.0 
  71.489   -0.027 0.0 0.0 
  71.523   -0.027 0.0 0.0 
  71.612   -0.027 0.0 0.0 
  71.646   -0.027 0.0 0.0 
  71.667   -0.027 0.0 0.0 
  71.693   -0.027 0.0 0.0 
  71.723   -0.026 0.0 0.0 
  71.753   -0.026 0.0 0.0 
  71.784   -0.026 0.0 0.0 
  71.814   -0.026 0.0 0.0 
  71.844   -0.025 0.0 0.0 
  71.876   -0.025 0.0 0.0 
  71.907   -0.025 0.0 0.0 
  71.937   -0.024 0.0 0.0 
  71.968   -0.024 0.0 0.0 
  71.998   -0.024 0.0 0.0 
  72.028   -0.023 0.0 0.0 
  72.059   -0.023 0.0 0.0 
  72.089   -0.022 0.0 0.0 
  72.119   -0.021 0.0 0.0 
  72.149   -0.020 0.0 0.0 
  72.180   -0.019 0.0 0.0 
  72.215   -0.018 0.0 0.0 
  72.240   -0.017 0.0 0.0 
  72.271   -0.016 0.0 0.0 
  72.301   -0.015 0.0 0.0 
  72.332   -0.014 0.0 0.0 
  72.362   -0.013 0.0 0.0 
  72.392   -0.011 0.0 0.0 
  72.422   -0.011 0.0 0.0 
  72.453   -0.010 0.0 0.0 
  72.482   -0.009 0.0 0.0 
  72.513   -0.008 0.0 0.0 
  72.544   -0.007 0.0 0.0 
  72.574   -0.006 0.0 0.0 
  72.604   -0.005 0.0 0.0 
  72.634   -0.004 0.0 0.0 
  72.665   -0.003 0.0 0.0 
  72.695   -0.002 0.0 0.0 
  72.725   -0.001 0.0 0.0 
  72.755    0.000 0.0 0.0 
  72.785    0.002 0.0 0.0 
  72.816    0.003 0.0 0.0 
  72.846    0.005 0.0 0.0 
  72.943    0.006 0.0 0.0 
  72.974    0.007 0.0 0.0 
  72.994    0.008 0.0 0.0 
  73.023    0.009 0.0 0.0 
  73.053    0.011 0.0 0.0 
  73.083    0.012 0.0 0.0 
  73.113    0.013 0.0 0.0 
  73.143    0.014 0.0 0.0 
  73.174    0.015 0.0 0.0 
  73.204    0.016 0.0 0.0 
  73.235    0.017 0.0 0.0 
  73.266    0.018 0.0 0.0 
  73.297    0.018 0.0 0.0 
  73.327    0.019 0.0 0.0 
  73.357    0.020 0.0 0.0 
  73.388    0.021 0.0 0.0 
  73.418    0.021 0.0 0.0 
  73.452    0.022 0.0 0.0 
  73.478    0.023 0.0 0.0 
  73.508    0.023 0.0 0.0 
  73.538    0.024 0.0 0.0 
  73.569    0.025 0.0 0.0 
  73.599    0.025 0.0 0.0 
  73.629    0.025 0.0 0.0 
  73.660    0.026 0.0 0.0 
  73.690    0.026 0.0 0.0 
  73.720    0.026 0.0 0.0 
  73.750    0.026 0.0 0.0 
  73.780    0.026 0.0 0.0 
  73.811    0.026 0.0 0.0 
  73.841    0.026 0.0 0.0 
  73.871    0.026 0.0 0.0 
  73.902    0.025 0.0 0.0 
  73.932    0.025 0.0 0.0 
  73.962    0.025 0.0 0.0 
  73.992    0.024 0.0 0.0 
  74.023    0.024 0.0 0.0 
  74.053    0.023 0.0 0.0 
  74.083    0.022 0.0 0.0 
  74.114    0.021 0.0 0.0 
  74.144    0.020 0.0 0.0 
  74.174    0.019 0.0 0.0 
  74.204    0.018 0.0 0.0 
  74.234    0.017 0.0 0.0 
  74.264    0.016 0.0 0.0 
  74.295    0.015 0.0 0.0 
  74.326    0.014 0.0 0.0 
  74.355    0.013 0.0 0.0 
  74.385    0.012 0.0 0.0 
  74.420    0.011 0.0 0.0 
  74.446    0.010 0.0 0.0 
  74.476    0.010 0.0 0.0 
  74.506    0.009 0.0 0.0 
  74.538    0.008 0.0 0.0 
  74.567    0.007 0.0 0.0 
  74.597    0.006 0.0 0.0 
  74.629    0.005 0.0 0.0 
  74.658    0.004 0.0 0.0 
  74.689    0.003 0.0 0.0 
  74.723    0.001 0.0 0.0 
  74.749   -0.001 0.0 0.0 
  74.779   -0.003 0.0 0.0 
  74.809   -0.005 0.0 0.0 
  74.845   -0.007 0.0 0.0 
  74.875   -0.008 0.0 0.0 
  74.901   -0.010 0.0 0.0 
  74.930   -0.012 0.0 0.0 
  74.961   -0.013 0.0 0.0 
  74.991   -0.015 0.0 0.0 
  75.021   -0.015 0.0 0.0 
  75.051   -0.016 0.0 0.0 
  75.082   -0.017 0.0 0.0 
  75.112   -0.017 0.0 0.0 
  75.142   -0.018 0.0 0.0 
  75.172   -0.018 0.0 0.0 
  75.203   -0.019 0.0 0.0 
  75.233   -0.020 0.0 0.0 
  75.263   -0.020 0.0 0.0 
  75.294   -0.021 0.0 0.0 
  75.324   -0.021 0.0 0.0 
  75.354   -0.022 0.0 0.0 
  75.384   -0.022 0.0 0.0 
  75.419   -0.023 0.0 0.0 
  75.445   -0.024 0.0 0.0 
  75.476   -0.024 0.0 0.0 
  75.505   -0.024 0.0 0.0 
  75.536   -0.025 0.0 0.0 
  75.565   -0.025 0.0 0.0 
  75.596   -0.025 0.0 0.0 
  75.627   -0.025 0.0 0.0 
  75.658   -0.025 0.0 0.0 
  75.687   -0.025 0.0 0.0 
  75.718   -0.025 0.0 0.0 
  75.748   -0.025 0.0 0.0 
  75.778   -0.024 0.0 0.0 
  75.808   -0.024 0.0 0.0 
  75.839   -0.024 0.0 0.0 
  75.868   -0.024 0.0 0.0 
  75.899   -0.023 0.0 0.0 
  75.929   -0.023 0.0 0.0 
  75.960   -0.023 0.0 0.0 
  75.990   -0.022 0.0 0.0 
  76.020   -0.021 0.0 0.0 
  76.050   -0.020 0.0 0.0 
  76.081   -0.020 0.0 0.0 
  76.111   -0.019 0.0 0.0 
  76.141   -0.018 0.0 0.0 
  76.172   -0.017 0.0 0.0 
  76.202   -0.016 0.0 0.0 
  76.232   -0.015 0.0 0.0 
  76.262   -0.015 0.0 0.0 
  76.293   -0.014 0.0 0.0 
  76.324   -0.013 0.0 0.0 
  76.353   -0.013 0.0 0.0 
  76.383   -0.011 0.0 0.0 
  76.414   -0.010 0.0 0.0 
  76.444   -0.009 0.0 0.0 
  76.474   -0.008 0.0 0.0 
  76.504   -0.007 0.0 0.0 
  76.535   -0.006 0.0 0.0 
  76.565   -0.005 0.0 0.0 
  76.595   -0.003 0.0 0.0 
  76.626   -0.002 0.0 0.0 
  76.656   -0.001 0.0 0.0 
  76.688   -0.000 0.0 0.0 
  76.717    0.001 0.0 0.0 
  76.747    0.002 0.0 0.0 
  76.777    0.003 0.0 0.0 
  76.807    0.004 0.0 0.0 
  76.838    0.005 0.0 0.0 
  76.868    0.006 0.0 0.0 
  76.898    0.007 0.0 0.0 
  76.929    0.008 0.0 0.0 
  76.959    0.009 0.0 0.0 
  76.989    0.010 0.0 0.0 
  77.019    0.011 0.0 0.0 
  77.050    0.012 0.0 0.0 
  77.080    0.013 0.0 0.0 
  77.110    0.014 0.0 0.0 
  77.140    0.015 0.0 0.0 
  77.171    0.016 0.0 0.0 
  77.202    0.017 0.0 0.0 
  77.231    0.018 0.0 0.0 
  77.261    0.019 0.0 0.0 
  77.291    0.019 0.0 0.0 
  77.322    0.020 0.0 0.0 
  77.353    0.021 0.0 0.0 
  77.383    0.022 0.0 0.0 
  77.413    0.022 0.0 0.0 
  77.443    0.023 0.0 0.0 
  77.473    0.023 0.0 0.0 
  77.504    0.024 0.0 0.0 
  77.534    0.024 0.0 0.0 
  77.565    0.025 0.0 0.0 
  77.595    0.025 0.0 0.0 
  77.625    0.025 0.0 0.0 
  77.655    0.025 0.0 0.0 
  77.686    0.025 0.0 0.0 
  77.717    0.026 0.0 0.0 
  77.746    0.026 0.0 0.0 
  77.776    0.026 0.0 0.0 
  77.807    0.025 0.0 0.0 
  77.837    0.025 0.0 0.0 
  77.867    0.025 0.0 0.0 
  77.897    0.025 0.0 0.0 
  77.928    0.024 0.0 0.0 
  77.962    0.024 0.0 0.0 
  77.988    0.024 0.0 0.0 
  78.018    0.023 0.0 0.0 
  78.048    0.023 0.0 0.0 
  78.080    0.022 0.0 0.0 
  78.114    0.022 0.0 0.0 
  78.139    0.021 0.0 0.0 
  78.170    0.020 0.0 0.0 
  78.200    0.019 0.0 0.0 
  78.230    0.017 0.0 0.0 
  78.261    0.016 0.0 0.0 
  78.291    0.014 0.0 0.0 
  78.321    0.012 0.0 0.0 
  78.352    0.010 0.0 0.0 
  78.382    0.008 0.0 0.0 
  78.411    0.006 0.0 0.0 
  78.443    0.005 0.0 0.0 
  78.472    0.003 0.0 0.0 
  78.504    0.002 0.0 0.0 
  78.533    0.001 0.0 0.0 
  78.563   -0.000 0.0 0.0 
  78.593   -0.001 0.0 0.0 
  78.624   -0.002 0.0 0.0 
  78.654   -0.003 0.0 0.0 
  78.685   -0.003 0.0 0.0 
  78.715   -0.004 0.0 0.0 
  78.746   -0.005 0.0 0.0 
  78.776   -0.006 0.0 0.0 
  78.811   -0.007 0.0 0.0 
  78.835   -0.007 0.0 0.0 
  78.867   -0.008 0.0 0.0 
  78.896   -0.009 0.0 0.0 
  78.927   -0.010 0.0 0.0 
  78.957   -0.011 0.0 0.0 
  78.987   -0.012 0.0 0.0 
  79.018   -0.013 0.0 0.0 
  79.048   -0.014 0.0 0.0 
  79.078   -0.015 0.0 0.0 
  79.110   -0.016 0.0 0.0 
  79.138   -0.017 0.0 0.0 
  79.169   -0.017 0.0 0.0 
  79.199   -0.018 0.0 0.0 
  79.229   -0.019 0.0 0.0 
  79.260   -0.019 0.0 0.0 
  79.289   -0.020 0.0 0.0 
  79.320   -0.020 0.0 0.0 
  79.350   -0.021 0.0 0.0 
  79.381   -0.022 0.0 0.0 
  79.411   -0.022 0.0 0.0 
  79.442   -0.023 0.0 0.0 
  79.471   -0.023 0.0 0.0 
  79.502   -0.024 0.0 0.0 
  79.532   -0.024 0.0 0.0 
  79.562   -0.024 0.0 0.0 
  79.593   -0.025 0.0 0.0 
  79.624   -0.025 0.0 0.0 
  79.653   -0.025 0.0 0.0 
  79.683   -0.025 0.0 0.0 
  79.719   -0.025 0.0 0.0 
  79.744   -0.025 0.0 0.0 
  79.775   -0.025 0.0 0.0 
  79.805   -0.025 0.0 0.0 
  79.835   -0.025 0.0 0.0 
  79.865   -0.024 0.0 0.0 
  79.896   -0.024 0.0 0.0 
  79.925   -0.023 0.0 0.0 
  79.956   -0.023 0.0 0.0 
  79.986   -0.023 0.0 0.0 
  80.017   -0.022 0.0 0.0 
  80.046   -0.021 0.0 0.0 
  80.078   -0.021 0.0 0.0 
  80.107   -0.020 0.0 0.0 
  80.138   -0.019 0.0 0.0 
  80.168   -0.018 0.0 0.0 
  80.198   -0.017 0.0 0.0 
  80.229   -0.016 0.0 0.0 
  80.259   -0.015 0.0 0.0 
  80.289   -0.014 0.0 0.0 
  80.319   -0.013 0.0 0.0 
  80.349   -0.011 0.0 0.0 
  80.380   -0.011 0.0 0.0 
  80.409   -0.010 0.0 0.0 
  80.440   -0.009 0.0 0.0 
  80.470   -0.009 0.0 0.0 
  80.502   -0.007 0.0 0.0 
  80.531   -0.006 0.0 0.0 
  80.562   -0.005 0.0 0.0 
  80.591   -0.004 0.0 0.0 
  80.627   -0.003 0.0 0.0 
  80.652   -0.002 0.0 0.0 
  80.682   -0.001 0.0 0.0 
  80.713    0.001 0.0 0.0 
  80.742    0.002 0.0 0.0 
  80.773    0.003 0.0 0.0 
  80.809    0.004 0.0 0.0 
  80.833    0.005 0.0 0.0 
  80.864    0.007 0.0 0.0 
  80.894    0.008 0.0 0.0 
  80.924    0.009 0.0 0.0 
  80.955    0.011 0.0 0.0 
  80.986    0.012 0.0 0.0 
  81.015    0.014 0.0 0.0 
  81.045    0.015 0.0 0.0 
  81.075    0.016 0.0 0.0 
  81.105    0.017 0.0 0.0 
  81.137    0.018 0.0 0.0 
  81.166    0.019 0.0 0.0 
  81.196    0.019 0.0 0.0 
  81.227    0.020 0.0 0.0 
  81.262    0.020 0.0 0.0 
  81.288    0.021 0.0 0.0 
  81.317    0.021 0.0 0.0 
  81.348    0.022 0.0 0.0 
  81.379    0.022 0.0 0.0 
  81.409    0.022 0.0 0.0 
  81.439    0.023 0.0 0.0 
  81.469    0.023 0.0 0.0 
  81.499    0.024 0.0 0.0 
  81.530    0.024 0.0 0.0 
  81.562    0.024 0.0 0.0 
  81.591    0.024 0.0 0.0 
  81.620    0.024 0.0 0.0 
  81.651    0.024 0.0 0.0 
  81.681    0.025 0.0 0.0 
  81.711    0.025 0.0 0.0 
  81.742    0.025 0.0 0.0 
  81.772    0.025 0.0 0.0 
  81.803    0.024 0.0 0.0 
  81.833    0.024 0.0 0.0 
  81.868    0.024 0.0 0.0 
  81.893    0.024 0.0 0.0 
  81.923    0.024 0.0 0.0 
  81.954    0.024 0.0 0.0 
  81.985    0.023 0.0 0.0 
  82.014    0.023 0.0 0.0 
  82.045    0.023 0.0 0.0 
  82.074    0.022 0.0 0.0 
  82.105    0.022 0.0 0.0 
  82.135    0.021 0.0 0.0 
  82.165    0.020 0.0 0.0 
  82.196    0.019 0.0 0.0 
  82.227    0.018 0.0 0.0 
  82.261    0.017 0.0 0.0 
  82.287    0.016 0.0 0.0 
  82.317    0.015 0.0 0.0 
  82.347    0.014 0.0 0.0 
  82.378    0.013 0.0 0.0 
  82.409    0.012 0.0 0.0 
  82.438    0.011 0.0 0.0 
  82.468    0.010 0.0 0.0 
  82.503    0.009 0.0 0.0 
  82.528    0.008 0.0 0.0 
  82.559    0.007 0.0 0.0 
  82.590    0.006 0.0 0.0 
  82.619    0.005 0.0 0.0 
  82.650    0.004 0.0 0.0 
  82.680    0.003 0.0 0.0 
  82.710    0.002 0.0 0.0 
  82.741    0.001 0.0 0.0 
  82.771   -0.000 0.0 0.0 
  82.801   -0.002 0.0 0.0 
  82.831   -0.003 0.0 0.0 
  82.863   -0.004 0.0 0.0 
  82.892   -0.005 0.0 0.0 
  82.923   -0.006 0.0 0.0 
  82.952   -0.007 0.0 0.0 
  82.984   -0.008 0.0 0.0 
  83.013   -0.010 0.0 0.0 
  83.043   -0.011 0.0 0.0 
  83.074   -0.012 0.0 0.0 
  83.104   -0.013 0.0 0.0 
  83.135   -0.014 0.0 0.0 
  83.164   -0.015 0.0 0.0 
  83.194   -0.016 0.0 0.0 
  83.225   -0.016 0.0 0.0 
  83.260   -0.017 0.0 0.0 
  83.285   -0.018 0.0 0.0 
  83.315   -0.019 0.0 0.0 
  83.346   -0.019 0.0 0.0 
  83.377   -0.020 0.0 0.0 
  83.406   -0.021 0.0 0.0 
  83.436   -0.021 0.0 0.0 
  83.467   -0.022 0.0 0.0 
  83.497   -0.022 0.0 0.0 
  83.528   -0.023 0.0 0.0 
  83.558   -0.023 0.0 0.0 
  83.587   -0.024 0.0 0.0 
  83.618   -0.024 0.0 0.0 
  83.649   -0.024 0.0 0.0 
  83.679   -0.024 0.0 0.0 
  83.709   -0.024 0.0 0.0 
  83.739   -0.024 0.0 0.0 
  83.770   -0.024 0.0 0.0 
  83.800   -0.024 0.0 0.0 
  83.831   -0.024 0.0 0.0 
  83.861   -0.024 0.0 0.0 
  83.890   -0.024 0.0 0.0 
  83.922   -0.024 0.0 0.0 
  83.951   -0.023 0.0 0.0 
  83.987   -0.023 0.0 0.0 
  84.012   -0.023 0.0 0.0 
  84.042   -0.022 0.0 0.0 
  84.072   -0.021 0.0 0.0 
  84.103   -0.021 0.0 0.0 
  84.132   -0.020 0.0 0.0 
  84.168   -0.019 0.0 0.0 
  84.193   -0.018 0.0 0.0 
  84.223   -0.017 0.0 0.0 
  84.258   -0.016 0.0 0.0 
  84.284   -0.015 0.0 0.0 
  84.314   -0.015 0.0 0.0 
  84.344   -0.014 0.0 0.0 
  84.374   -0.013 0.0 0.0 
  84.405   -0.012 0.0 0.0 
  84.436   -0.011 0.0 0.0 
  84.466   -0.010 0.0 0.0 
  84.496   -0.009 0.0 0.0 
  84.526   -0.008 0.0 0.0 
  84.557   -0.007 0.0 0.0 
  84.587   -0.006 0.0 0.0 
  84.622   -0.005 0.0 0.0 
  84.648   -0.004 0.0 0.0 
  84.677   -0.002 0.0 0.0 
  84.708   -0.001 0.0 0.0 
  84.737   -0.001 0.0 0.0 
  84.769    0.001 0.0 0.0 
  84.798    0.002 0.0 0.0 
  84.828    0.003 0.0 0.0 
  84.859    0.004 0.0 0.0 
  84.890    0.006 0.0 0.0 
  84.919    0.007 0.0 0.0 
  84.949    0.008 0.0 0.0 
  84.980    0.009 0.0 0.0 
  85.010    0.010 0.0 0.0 
  85.041    0.012 0.0 0.0 
  85.071    0.013 0.0 0.0 
  85.101    0.014 0.0 0.0 
  85.132    0.014 0.0 0.0 
  85.162    0.015 0.0 0.0 
  85.192    0.016 0.0 0.0 
  85.222    0.017 0.0 0.0 
  85.252    0.018 0.0 0.0 
  85.283    0.019 0.0 0.0 
  85.312    0.019 0.0 0.0 
  85.342    0.020 0.0 0.0 
  85.374    0.021 0.0 0.0 
  85.403    0.021 0.0 0.0 
  85.433    0.021 0.0 0.0 
  85.470    0.022 0.0 0.0 
  85.494    0.022 0.0 0.0 
  85.524    0.023 0.0 0.0 
  85.560    0.023 0.0 0.0 
  85.585    0.023 0.0 0.0 
  85.615    0.023 0.0 0.0 
  85.651    0.024 0.0 0.0 
  85.677    0.024 0.0 0.0 
  85.707    0.024 0.0 0.0 
  85.736    0.024 0.0 0.0 
  85.768    0.024 0.0 0.0 
  85.797    0.024 0.0 0.0 
  85.828    0.023 0.0 0.0 
  85.858    0.023 0.0 0.0 
  85.889    0.023 0.0 0.0 
  85.919    0.023 0.0 0.0 
  85.949    0.023 0.0 0.0 
  85.979    0.022 0.0 0.0 
  86.009    0.022 0.0 0.0 
  86.039    0.021 0.0 0.0 
  86.070    0.021 0.0 0.0 
  86.100    0.021 0.0 0.0 
  86.131    0.020 0.0 0.0 
  86.160    0.020 0.0 0.0 
  86.191    0.019 0.0 0.0 
  86.221    0.018 0.0 0.0 
  86.251    0.017 0.0 0.0 
  86.282    0.016 0.0 0.0 
  86.312    0.014 0.0 0.0 
  86.342    0.013 0.0 0.0 
  86.373    0.012 0.0 0.0 
  86.403    0.010 0.0 0.0 
  86.433    0.009 0.0 0.0 
  86.463    0.007 0.0 0.0 
  86.493    0.005 0.0 0.0 
  86.524    0.004 0.0 0.0 
  86.559    0.003 0.0 0.0 
  86.584    0.002 0.0 0.0 
  86.615    0.002 0.0 0.0 
  86.644    0.001 0.0 0.0 
  86.675    0.000 0.0 0.0 
  86.706   -0.001 0.0 0.0 
  86.735   -0.001 0.0 0.0 
  86.766   -0.002 0.0 0.0 
  86.796   -0.003 0.0 0.0 
  86.826   -0.004 0.0 0.0 
  86.857   -0.004 0.0 0.0 
  86.892   -0.005 0.0 0.0 
  86.917   -0.006 0.0 0.0 
  86.947   -0.007 0.0 0.0 
  86.978   -0.009 0.0 0.0 
  87.008   -0.010 0.0 0.0 
  87.038   -0.011 0.0 0.0 
  87.068   -0.012 0.0 0.0 
  87.098   -0.013 0.0 0.0 
  87.129   -0.015 0.0 0.0 
  87.164   -0.016 0.0 0.0 
  87.189   -0.017 0.0 0.0 
  87.220   -0.018 0.0 0.0 
  87.250   -0.018 0.0 0.0 
  87.280   -0.019 0.0 0.0 
  87.310   -0.019 0.0 0.0 
  87.340   -0.020 0.0 0.0 
  87.371   -0.020 0.0 0.0 
  87.402   -0.021 0.0 0.0 
  87.431   -0.021 0.0 0.0 
  87.461   -0.021 0.0 0.0 
  87.492   -0.022 0.0 0.0 
  87.525   -0.022 0.0 0.0 
  87.553   -0.023 0.0 0.0 
  87.582   -0.023 0.0 0.0 
  87.613   -0.023 0.0 0.0 
  87.644   -0.024 0.0 0.0 
  87.674   -0.024 0.0 0.0 
  87.704   -0.024 0.0 0.0 
  87.735   -0.024 0.0 0.0 
  87.764   -0.024 0.0 0.0 
  87.794   -0.024 0.0 0.0 
  87.825   -0.024 0.0 0.0 
  87.856   -0.024 0.0 0.0 
  87.948   -0.023 0.0 0.0 
  87.978   -0.023 0.0 0.0 
  87.998   -0.023 0.0 0.0 
  88.025   -0.022 0.0 0.0 
  88.055   -0.022 0.0 0.0 
  88.085   -0.022 0.0 0.0 
  88.116   -0.021 0.0 0.0 
  88.146   -0.021 0.0 0.0 
  88.177   -0.020 0.0 0.0 
  88.208   -0.020 0.0 0.0 
  88.239   -0.019 0.0 0.0 
  88.271   -0.019 0.0 0.0 
  88.301   -0.018 0.0 0.0 
  88.332   -0.017 0.0 0.0 
  88.363   -0.017 0.0 0.0 
  88.393   -0.016 0.0 0.0 
  88.422   -0.015 0.0 0.0 
  88.453   -0.014 0.0 0.0 
  88.484   -0.013 0.0 0.0 
  88.514   -0.012 0.0 0.0 
  88.545   -0.011 0.0 0.0 
  88.575   -0.009 0.0 0.0 
  88.605   -0.008 0.0 0.0 
  88.635   -0.007 0.0 0.0 
  88.666   -0.005 0.0 0.0 
  88.696   -0.004 0.0 0.0 
  88.727   -0.002 0.0 0.0 
  88.757   -0.001 0.0 0.0 
  88.787    0.001 0.0 0.0 
  88.818    0.002 0.0 0.0 
  88.847    0.003 0.0 0.0 
  88.878    0.004 0.0 0.0 
  88.908    0.005 0.0 0.0 
  88.938    0.005 0.0 0.0 
  88.968    0.006 0.0 0.0 
  88.999    0.007 0.0 0.0 
  89.030    0.008 0.0 0.0 
  89.059    0.009 0.0 0.0 
  89.089    0.010 0.0 0.0 
  89.119    0.011 0.0 0.0 
  89.151    0.011 0.0 0.0 
  89.180    0.012 0.0 0.0 
  89.211    0.013 0.0 0.0 
  89.241    0.014 0.0 0.0 
  89.272    0.015 0.0 0.0 
  89.302    0.016 0.0 0.0 
  89.334    0.017 0.0 0.0 
  89.362    0.017 0.0 0.0 
  89.394    0.018 0.0 0.0 
  89.423    0.019 0.0 0.0 
  89.453    0.020 0.0 0.0 
  89.483    0.020 0.0 0.0 
  89.513    0.021 0.0 0.0 
  89.544    0.021 0.0 0.0 
  89.574    0.022 0.0 0.0 
  89.604    0.022 0.0 0.0 
  89.634    0.023 0.0 0.0 
  89.664    0.023 0.0 0.0 
  89.695    0.023 0.0 0.0 
  89.725    0.023 0.0 0.0 
  89.756    0.023 0.0 0.0 
  89.846    0.023 0.0 0.0 
  89.875    0.023 0.0 0.0 
  89.895    0.023 0.0 0.0 
  89.923    0.023 0.0 0.0 
  89.953    0.023 0.0 0.0 
  89.987    0.023 0.0 0.0 
  90.013    0.023 0.0 0.0 
  90.044    0.023 0.0 0.0 
  90.076    0.022 0.0 0.0 
  90.107    0.022 0.0 0.0 
  90.140    0.021 0.0 0.0 
  90.170    0.021 0.0 0.0 
  90.204    0.021 0.0 0.0 
  90.233    0.020 0.0 0.0 
  90.261    0.019 0.0 0.0 
  90.290    0.018 0.0 0.0 
  90.324    0.017 0.0 0.0 
  90.354    0.016 0.0 0.0 
  90.384    0.015 0.0 0.0 
  90.412    0.014 0.0 0.0 
  90.443    0.013 0.0 0.0 
  90.472    0.012 0.0 0.0 
  90.502    0.011 0.0 0.0 
  90.534    0.010 0.0 0.0 
  90.562    0.008 0.0 0.0 
  90.593    0.008 0.0 0.0 
  90.625    0.007 0.0 0.0 
  90.654    0.006 0.0 0.0 
  90.683    0.006 0.0 0.0 
  90.719    0.005 0.0 0.0 
  90.750    0.004 0.0 0.0 
  90.774    0.003 0.0 0.0 
  90.805    0.002 0.0 0.0 
  90.840    0.001 0.0 0.0 
  90.867    0.000 0.0 0.0 
  90.895   -0.001 0.0 0.0 
  90.925   -0.002 0.0 0.0 
  90.956   -0.003 0.0 0.0 
  90.986   -0.005 0.0 0.0 
  91.022   -0.006 0.0 0.0 
  91.048   -0.007 0.0 0.0 
  91.078   -0.008 0.0 0.0 
  91.107   -0.009 0.0 0.0 
  91.138   -0.011 0.0 0.0 
  91.167   -0.012 0.0 0.0 
  91.203   -0.013 0.0 0.0 
  91.229   -0.014 0.0 0.0 
  91.258   -0.015 0.0 0.0 
  91.289   -0.016 0.0 0.0 
  91.320   -0.017 0.0 0.0 
  91.354   -0.018 0.0 0.0 
  91.380   -0.019 0.0 0.0 
  91.409   -0.020 0.0 0.0 
  91.440   -0.020 0.0 0.0 
  91.475   -0.021 0.0 0.0 
  91.501   -0.021 0.0 0.0 
  91.533   -0.021 0.0 0.0 
  91.562   -0.022 0.0 0.0 
  91.591   -0.022 0.0 0.0 
  91.622   -0.022 0.0 0.0 
  91.657   -0.023 0.0 0.0 
  91.683   -0.023 0.0 0.0 
  91.713   -0.023 0.0 0.0 
  91.742   -0.024 0.0 0.0 
  91.778   -0.024 0.0 0.0 
  91.809   -0.024 0.0 0.0 
  91.839   -0.024 0.0 0.0 
  91.869   -0.024 0.0 0.0 
  91.894   -0.024 0.0 0.0 
  91.924   -0.024 0.0 0.0 
  91.960   -0.024 0.0 0.0 
  91.990   -0.023 0.0 0.0 
  92.015   -0.023 0.0 0.0 
  92.051   -0.023 0.0 0.0 
  92.076   -0.022 0.0 0.0 
  92.106   -0.022 0.0 0.0 
  92.139   -0.022 0.0 0.0 
  92.166   -0.021 0.0 0.0 
  92.196   -0.020 0.0 0.0 
  92.226   -0.020 0.0 0.0 
  92.258   -0.019 0.0 0.0 
  92.287   -0.018 0.0 0.0 
  92.318   -0.017 0.0 0.0 
  92.348   -0.016 0.0 0.0 
  92.378   -0.016 0.0 0.0 
  92.409   -0.015 0.0 0.0 
  92.440   -0.014 0.0 0.0 
  92.470   -0.013 0.0 0.0 
  92.499   -0.011 0.0 0.0 
  92.531   -0.010 0.0 0.0 
  92.561   -0.009 0.0 0.0 
  92.590   -0.009 0.0 0.0 
  92.621   -0.007 0.0 0.0 
  92.651   -0.006 0.0 0.0 
  92.681   -0.005 0.0 0.0 
  92.711   -0.003 0.0 0.0 
  92.742   -0.002 0.0 0.0 
  92.772   -0.001 0.0 0.0 
  92.803    0.000 0.0 0.0 
  92.832    0.001 0.0 0.0 
  92.863    0.002 0.0 0.0 
  92.894    0.004 0.0 0.0 
  92.924    0.005 0.0 0.0 
  92.959    0.005 0.0 0.0 
  92.984    0.006 0.0 0.0 
  93.014    0.007 0.0 0.0 
  93.045    0.008 0.0 0.0 
  93.074    0.009 0.0 0.0 
  93.105    0.010 0.0 0.0 
  93.135    0.011 0.0 0.0 
  93.165    0.012 0.0 0.0 
  93.196    0.013 0.0 0.0 
  93.226    0.014 0.0 0.0 
  93.256    0.015 0.0 0.0 
  93.286    0.015 0.0 0.0 
  93.317    0.016 0.0 0.0 
  93.348    0.017 0.0 0.0 
  93.379    0.018 0.0 0.0 
  93.408    0.019 0.0 0.0 
  93.438    0.019 0.0 0.0 
  93.469    0.020 0.0 0.0 
  93.503    0.021 0.0 0.0 
  93.528    0.021 0.0 0.0 
  93.559    0.022 0.0 0.0 
  93.589    0.022 0.0 0.0 
  93.619    0.023 0.0 0.0 
  93.650    0.023 0.0 0.0 
  93.680    0.023 0.0 0.0 
  93.711    0.023 0.0 0.0 
  93.746    0.023 0.0 0.0 
  93.770    0.023 0.0 0.0 
  93.801    0.023 0.0 0.0 
  93.831    0.023 0.0 0.0 
  93.862    0.023 0.0 0.0 
  93.895    0.023 0.0 0.0 
  93.927    0.023 0.0 0.0 
  93.953    0.023 0.0 0.0 
  93.982    0.023 0.0 0.0 
  94.013    0.022 0.0 0.0 
  94.043    0.022 0.0 0.0 
  94.078    0.021 0.0 0.0 
  94.108    0.021 0.0 0.0 
  94.138    0.020 0.0 0.0 
  94.163    0.020 0.0 0.0 
  94.194    0.019 0.0 0.0 
  94.224    0.018 0.0 0.0 
  94.260    0.017 0.0 0.0 
  94.291    0.017 0.0 0.0 
  94.315    0.016 0.0 0.0 
  94.346    0.015 0.0 0.0 
  94.376    0.014 0.0 0.0 
  94.407    0.013 0.0 0.0 
  94.436    0.012 0.0 0.0 
  94.466    0.011 0.0 0.0 
  94.498    0.011 0.0 0.0 
  94.532    0.009 0.0 0.0 
  94.557    0.008 0.0 0.0 
  94.587    0.008 0.0 0.0 
  94.617    0.007 0.0 0.0 
  94.648    0.006 0.0 0.0 
  94.678    0.004 0.0 0.0 
  94.708    0.003 0.0 0.0 
  94.744    0.003 0.0 0.0 
  94.774    0.001 0.0 0.0 
  94.800    0.000 0.0 0.0 
  94.835   -0.000 0.0 0.0 
  94.861   -0.001 0.0 0.0 
  94.890   -0.002 0.0 0.0 
  94.920   -0.003 0.0 0.0 
  94.952   -0.004 0.0 0.0 
  94.981   -0.005 0.0 0.0 
  95.011   -0.006 0.0 0.0 
  95.042   -0.007 0.0 0.0 
  95.072   -0.008 0.0 0.0 
  95.107   -0.009 0.0 0.0 
  95.137   -0.011 0.0 0.0 
  95.163   -0.012 0.0 0.0 
  95.192   -0.013 0.0 0.0 
  95.222   -0.014 0.0 0.0 
  95.252   -0.014 0.0 0.0 
  95.283   -0.015 0.0 0.0 
  95.314   -0.016 0.0 0.0 
  95.344   -0.017 0.0 0.0 
  95.375   -0.018 0.0 0.0 
  95.410   -0.018 0.0 0.0 
  95.437   -0.019 0.0 0.0 
  95.465   -0.020 0.0 0.0 
  95.495   -0.020 0.0 0.0 
  95.526   -0.021 0.0 0.0 
  95.555   -0.021 0.0 0.0 
  95.586   -0.022 0.0 0.0 
  95.616   -0.022 0.0 0.0 
  95.647   -0.023 0.0 0.0 
  95.676   -0.023 0.0 0.0 
  95.707   -0.023 0.0 0.0 
  95.738   -0.024 0.0 0.0 
  95.768   -0.024 0.0 0.0 
  95.798   -0.024 0.0 0.0 
  95.834   -0.023 0.0 0.0 
  95.859   -0.023 0.0 0.0 
  95.889   -0.023 0.0 0.0 
  95.919   -0.022 0.0 0.0 
  95.953   -0.022 0.0 0.0 
  95.980   -0.021 0.0 0.0 
  96.009   -0.020 0.0 0.0 
  96.040   -0.020 0.0 0.0 
  96.070   -0.019 0.0 0.0 
  96.105   -0.018 0.0 0.0 
  96.131   -0.017 0.0 0.0 
  96.160   -0.017 0.0 0.0 
  96.190   -0.016 0.0 0.0 
  96.221   -0.015 0.0 0.0 
  96.255   -0.015 0.0 0.0 
  96.282   -0.014 0.0 0.0 
  96.312   -0.014 0.0 0.0 
  96.342   -0.013 0.0 0.0 
  96.372   -0.013 0.0 0.0 
  96.404   -0.012 0.0 0.0 
  96.438   -0.011 0.0 0.0 
  96.468   -0.011 0.0 0.0 
  96.494   -0.010 0.0 0.0 
  96.524   -0.009 0.0 0.0 
  96.554   -0.008 0.0 0.0 
  96.584   -0.008 0.0 0.0 
  96.614   -0.007 0.0 0.0 
  96.649   -0.006 0.0 0.0 
  96.675   -0.005 0.0 0.0 
  96.705   -0.004 0.0 0.0 
  96.735   -0.003 0.0 0.0 
  96.766   -0.002 0.0 0.0 
  96.796   -0.002 0.0 0.0 
  96.831   -0.001 0.0 0.0 
  96.858    0.000 0.0 0.0 
  96.887    0.002 0.0 0.0 
  96.922    0.003 0.0 0.0 
  96.947    0.004 0.0 0.0 
  96.982    0.005 0.0 0.0 
  97.007    0.006 0.0 0.0 
  97.037    0.008 0.0 0.0 
  97.073    0.009 0.0 0.0 
  97.099    0.010 0.0 0.0 
  97.128    0.011 0.0 0.0 
  97.164    0.012 0.0 0.0 
  97.189    0.013 0.0 0.0 
  97.220    0.014 0.0 0.0 
  97.249    0.015 0.0 0.0 
  97.280    0.015 0.0 0.0 
  97.309    0.016 0.0 0.0 
  97.340    0.017 0.0 0.0 
  97.371    0.018 0.0 0.0 
  97.401    0.018 0.0 0.0 
  97.436    0.019 0.0 0.0 
  97.462    0.019 0.0 0.0 
  97.491    0.020 0.0 0.0 
  97.523    0.020 0.0 0.0 
  97.557    0.021 0.0 0.0 
  97.582    0.021 0.0 0.0 
  97.612    0.022 0.0 0.0 
  97.643    0.022 0.0 0.0 
  97.678    0.023 0.0 0.0 
  97.709    0.023 0.0 0.0 
  97.734    0.023 0.0 0.0 
  97.764    0.023 0.0 0.0 
  97.794    0.023 0.0 0.0 
  97.825    0.023 0.0 0.0 
  97.855    0.023 0.0 0.0 
  97.886    0.023 0.0 0.0 
  97.920    0.023 0.0 0.0 
  97.945    0.023 0.0 0.0 
  97.980    0.023 0.0 0.0 
  98.010    0.022 0.0 0.0 
  98.041    0.022 0.0 0.0 
  98.066    0.022 0.0 0.0 
  98.096    0.021 0.0 0.0 
  98.127    0.021 0.0 0.0 
  98.157    0.020 0.0 0.0 
  98.187    0.020 0.0 0.0 
  98.217    0.019 0.0 0.0 
  98.252    0.018 0.0 0.0 
  98.278    0.017 0.0 0.0 
  98.312    0.016 0.0 0.0 
  98.338    0.015 0.0 0.0 
  98.373    0.015 0.0 0.0 
  98.404    0.014 0.0 0.0 
  98.429    0.013 0.0 0.0 
  98.459    0.012 0.0 0.0 
  98.494    0.012 0.0 0.0 
  98.519    0.011 0.0 0.0 
  98.550    0.010 0.0 0.0 
  98.580    0.009 0.0 0.0 
  98.615    0.008 0.0 0.0 
  98.645    0.007 0.0 0.0 
  98.676    0.006 0.0 0.0 
  98.702    0.005 0.0 0.0 
  98.736    0.003 0.0 0.0 
  98.762    0.002 0.0 0.0 
  98.792    0.001 0.0 0.0 
  98.825   -0.000 0.0 0.0 
  98.852   -0.002 0.0 0.0 
  98.887   -0.003 0.0 0.0 
  98.918   -0.004 0.0 0.0 
  98.944   -0.004 0.0 0.0 
  98.974   -0.005 0.0 0.0 
  99.009   -0.006 0.0 0.0 
  99.034   -0.007 0.0 0.0 
  99.064   -0.008 0.0 0.0 
  99.099   -0.009 0.0 0.0 
  99.124   -0.010 0.0 0.0 
  99.155   -0.011 0.0 0.0 
  99.185   -0.012 0.0 0.0 
  99.216   -0.013 0.0 0.0 
  99.246   -0.013 0.0 0.0 
  99.276   -0.014 0.0 0.0 
  99.305   -0.015 0.0 0.0 
  99.336   -0.016 0.0 0.0 
  99.367   -0.017 0.0 0.0 
  99.397   -0.018 0.0 0.0 
  99.432   -0.019 0.0 0.0 
  99.458   -0.019 0.0 0.0 
  99.493   -0.019 0.0 0.0 
  99.523   -0.020 0.0 0.0 
  99.553   -0.020 0.0 0.0 
  99.583   -0.021 0.0 0.0 
  99.613   -0.021 0.0 0.0 
  99.644   -0.021 0.0 0.0 
  99.667   -0.022 0.0 0.0 
  99.697   -0.022 0.0 0.0 
  99.732   -0.023 0.0 0.0 
  99.759   -0.023 0.0 0.0 
  99.793   -0.023 0.0 0.0 
  99.819   -0.023 0.0 0.0 
  99.853   -0.023 0.0 0.0 
  99.884   -0.023 0.0 0.0 
  99.914   -0.023 0.0 0.0 
  99.940   -0.023 0.0 0.0 
  99.974   -0.023 0.0 0.0 
 100.000   -0.023 0.0 0.0 
 100.035   -0.023 0.0 0.0 
 100.061   -0.022 0.0 0.0 
 100.095   -0.022 0.0 0.0 
 100.122   -0.021 0.0 0.0 
 100.156   -0.020 0.0 0.0 
 100.182   -0.020 0.0 0.0 
 100.213   -0.019 0.0 0.0 
 100.243   -0.018 0.0 0.0 
 100.277   -0.017 0.0 0.0 
 100.303   -0.016 0.0 0.0 
 100.337   -0.015 0.0 0.0 
 100.363   -0.015 0.0 0.0 
 100.394   -0.014 0.0 0.0 
 100.424   -0.013 0.0 0.0 
 100.454   -0.012 0.0 0.0 
 100.485   -0.011 0.0 0.0 
 100.515   -0.010 0.0 0.0 
 100.545   -0.010 0.0 0.0 
 100.576   -0.009 0.0 0.0 
 100.606   -0.008 0.0 0.0 
 100.637   -0.007 0.0 0.0 
 100.667   -0.006 0.0 0.0 
 100.696   -0.005 0.0 0.0 
 100.727   -0.004 0.0 0.0 
 100.757   -0.003 0.0 0.0 
 100.791   -0.002 0.0 0.0 
 100.817   -0.001 0.0 0.0 
 100.847   -0.000 0.0 0.0 
 100.877    0.000 0.0 0.0 
 100.908    0.001 0.0 0.0 
 100.943    0.002 0.0 0.0 
 100.968    0.003 0.0 0.0 
 100.999    0.004 0.0 0.0 
 101.033    0.005 0.0 0.0 
 101.060    0.007 0.0 0.0 
 101.089    0.008 0.0 0.0 
 101.120    0.009 0.0 0.0 
 101.150    0.010 0.0 0.0 
 101.180    0.011 0.0 0.0 
 101.212    0.012 0.0 0.0 
 101.245    0.013 0.0 0.0 
 101.271    0.014 0.0 0.0 
 101.301    0.015 0.0 0.0 
 101.333    0.016 0.0 0.0 
 101.362    0.017 0.0 0.0 
 101.393    0.017 0.0 0.0 
 101.423    0.018 0.0 0.0 
 101.453    0.019 0.0 0.0 
 101.483    0.019 0.0 0.0 
 101.513    0.020 0.0 0.0 
 101.548    0.020 0.0 0.0 
 101.574    0.021 0.0 0.0 
 101.604    0.021 0.0 0.0 
 101.635    0.022 0.0 0.0 
 101.665    0.022 0.0 0.0 
 101.695    0.022 0.0 0.0 
 101.725    0.023 0.0 0.0 
 101.755    0.023 0.0 0.0 
 101.785    0.023 0.0 0.0 
 101.816    0.023 0.0 0.0 
 101.850    0.023 0.0 0.0 
 101.876    0.023 0.0 0.0 
 101.907    0.023 0.0 0.0 
 101.937    0.022 0.0 0.0 
 101.967    0.022 0.0 0.0 
 101.998    0.022 0.0 0.0 
 102.028    0.021 0.0 0.0 
 102.058    0.021 0.0 0.0 
 102.088    0.021 0.0 0.0 
 102.119    0.020 0.0 0.0 
 102.150    0.020 0.0 0.0 
 102.182    0.019 0.0 0.0 
 102.209    0.019 0.0 0.0 
 102.243    0.019 0.0 0.0 
 102.274    0.018 0.0 0.0 
 102.305    0.018 0.0 0.0 
 102.330    0.017 0.0 0.0 
 102.361    0.016 0.0 0.0 
 102.396    0.015 0.0 0.0 
 102.421    0.014 0.0 0.0 
 102.455    0.013 0.0 0.0 
 102.482    0.012 0.0 0.0 
 102.517    0.011 0.0 0.0 
 102.542    0.010 0.0 0.0 
 102.573    0.009 0.0 0.0 
 102.604    0.008 0.0 0.0 
 102.633    0.007 0.0 0.0 
 102.663    0.006 0.0 0.0 
 102.694    0.005 0.0 0.0 
 102.724    0.004 0.0 0.0 
 102.754    0.002 0.0 0.0 
 102.785    0.001 0.0 0.0 
 102.819    0.000 0.0 0.0 
 102.845   -0.001 0.0 0.0 
 102.880   -0.002 0.0 0.0 
 102.910   -0.003 0.0 0.0 
 102.936   -0.003 0.0 0.0 
 102.966   -0.004 0.0 0.0 
 103.000   -0.005 0.0 0.0 
 103.026   -0.006 0.0 0.0 
 103.061   -0.008 0.0 0.0 
 103.087   -0.009 0.0 0.0 
 103.118   -0.010 0.0 0.0 
 103.147   -0.011 0.0 0.0 
 103.179   -0.013 0.0 0.0 
 103.209   -0.014 0.0 0.0 
 103.243   -0.015 0.0 0.0 
 103.268   -0.016 0.0 0.0 
 103.303   -0.017 0.0 0.0 
 103.329   -0.018 0.0 0.0 
 103.360   -0.018 0.0 0.0 
 103.394   -0.018 0.0 0.0 
 103.422   -0.019 0.0 0.0 
 103.451   -0.019 0.0 0.0 
 103.481   -0.019 0.0 0.0 
 103.516   -0.020 0.0 0.0 
 103.546   -0.020 0.0 0.0 
 103.572   -0.020 0.0 0.0 
 103.602   -0.021 0.0 0.0 
 103.636   -0.021 0.0 0.0 
 103.662   -0.021 0.0 0.0 
 103.694   -0.022 0.0 0.0 
 103.728   -0.022 0.0 0.0 
 103.753   -0.022 0.0 0.0 
 103.784   -0.022 0.0 0.0 
 103.814   -0.022 0.0 0.0 
 103.845   -0.022 0.0 0.0 
 103.878   -0.022 0.0 0.0 
 103.909   -0.022 0.0 0.0 
 103.939   -0.022 0.0 0.0 
 103.967   -0.022 0.0 0.0 
 104.000   -0.021 0.0 0.0 
 104.027   -0.021 0.0 0.0 
 104.061   -0.021 0.0 0.0 
 104.087   -0.021 0.0 0.0 
 104.117   -0.020 0.0 0.0 
 104.147   -0.020 0.0 0.0 
 104.178   -0.019 0.0 0.0 
 104.209   -0.019 0.0 0.0 
 104.239   -0.018 0.0 0.0 
 104.269   -0.018 0.0 0.0 
 104.300   -0.017 0.0 0.0 
 104.333   -0.017 0.0 0.0 
 104.360   -0.016 0.0 0.0 
 104.394   -0.015 0.0 0.0 
 104.421   -0.015 0.0 0.0 
 104.454   -0.014 0.0 0.0 
 104.480   -0.013 0.0 0.0 
 104.511   -0.013 0.0 0.0 
 104.541   -0.012 0.0 0.0 
 104.571   -0.011 0.0 0.0 
 104.601   -0.010 0.0 0.0 
 104.633   -0.009 0.0 0.0 
 104.667   -0.008 0.0 0.0 
 104.693   -0.007 0.0 0.0 
 104.727   -0.006 0.0 0.0 
 104.752   -0.005 0.0 0.0 
 104.783   -0.003 0.0 0.0 
 104.818   -0.002 0.0 0.0 
 104.844   -0.000 0.0 0.0 
 104.874    0.001 0.0 0.0 
 104.908    0.003 0.0 0.0 
 104.935    0.004 0.0 0.0 
 104.965    0.006 0.0 0.0 
 105.000    0.007 0.0 0.0 
 105.030    0.008 0.0 0.0 
 105.057    0.009 0.0 0.0 
 105.090    0.010 0.0 0.0 
 105.120    0.010 0.0 0.0 
 105.147    0.011 0.0 0.0 
 105.176    0.012 0.0 0.0 
 105.207    0.012 0.0 0.0 
 105.237    0.013 0.0 0.0 
 105.270    0.013 0.0 0.0 
 105.298    0.014 0.0 0.0 
 105.328    0.014 0.0 0.0 
 105.362    0.015 0.0 0.0 
 105.389    0.016 0.0 0.0 
 105.418    0.016 0.0 0.0 
 105.449    0.017 0.0 0.0 
 105.483    0.017 0.0 0.0 
 105.514    0.018 0.0 0.0 
 105.544    0.019 0.0 0.0 
 105.570    0.019 0.0 0.0 
 105.604    0.020 0.0 0.0 
 105.634    0.020 0.0 0.0 
 105.661    0.021 0.0 0.0 
 105.695    0.021 0.0 0.0 
 105.723    0.021 0.0 0.0 
 105.756    0.022 0.0 0.0 
 105.781    0.022 0.0 0.0 
 105.816    0.022 0.0 0.0 
 105.843    0.022 0.0 0.0 
 105.873    0.022 0.0 0.0 
 105.907    0.022 0.0 0.0 
 105.934    0.022 0.0 0.0 
 105.968    0.022 0.0 0.0 
 105.994    0.022 0.0 0.0 
 106.028    0.022 0.0 0.0 
 106.058    0.022 0.0 0.0 
 106.084    0.021 0.0 0.0 
 106.115    0.021 0.0 0.0 
 106.149    0.020 0.0 0.0 
 106.179    0.020 0.0 0.0 
 106.210    0.019 0.0 0.0 
 106.236    0.018 0.0 0.0 
 106.267    0.018 0.0 0.0 
 106.296    0.017 0.0 0.0 
 106.331    0.016 0.0 0.0 
 106.356    0.016 0.0 0.0 
 106.391    0.015 0.0 0.0 
 106.418    0.014 0.0 0.0 
 106.452    0.014 0.0 0.0 
 106.478    0.013 0.0 0.0 
 106.508    0.013 0.0 0.0 
 106.543    0.012 0.0 0.0 
 106.572    0.011 0.0 0.0 
 106.599    0.011 0.0 0.0 
 106.630    0.010 0.0 0.0 
 106.660    0.009 0.0 0.0 
 106.694    0.007 0.0 0.0 
 106.721    0.006 0.0 0.0 
 106.755    0.004 0.0 0.0 
 106.781    0.003 0.0 0.0 
 106.812    0.001 0.0 0.0 
 106.846   -0.000 0.0 0.0 
 106.876   -0.002 0.0 0.0 
 106.902   -0.003 0.0 0.0 
 106.937   -0.004 0.0 0.0 
 106.963   -0.005 0.0 0.0 
 106.993   -0.006 0.0 0.0 
 107.023   -0.007 0.0 0.0 
 107.053   -0.007 0.0 0.0 
 107.084   -0.008 0.0 0.0 
 107.118   -0.009 0.0 0.0 
 107.148   -0.010 0.0 0.0 
 107.175   -0.011 0.0 0.0 
 107.205   -0.012 0.0 0.0 
 107.235   -0.013 0.0 0.0 
 107.266   -0.013 0.0 0.0 
 107.299   -0.014 0.0 0.0 
 107.325   -0.015 0.0 0.0 
 107.357   -0.016 0.0 0.0 
 107.390   -0.016 0.0 0.0 
 107.416   -0.017 0.0 0.0 
 107.451   -0.018 0.0 0.0 
 107.482   -0.018 0.0 0.0 
 107.511   -0.019 0.0 0.0 
 107.542   -0.020 0.0 0.0 
 107.568   -0.020 0.0 0.0 
 107.599   -0.021 0.0 0.0 
 107.633   -0.021 0.0 0.0 
 107.664   -0.022 0.0 0.0 
 107.690   -0.022 0.0 0.0 
 107.720   -0.022 0.0 0.0 
 107.754   -0.022 0.0 0.0 
 107.780   -0.022 0.0 0.0 
 107.812   -0.022 0.0 0.0 
 107.841   -0.022 0.0 0.0 
 107.876   -0.021 0.0 0.0 
 107.901   -0.021 0.0 0.0 
 107.932   -0.021 0.0 0.0 
 107.966   -0.021 0.0 0.0 
 107.997   -0.020 0.0 0.0 
 108.023   -0.020 0.0 0.0 
 108.052   -0.020 0.0 0.0 
 108.083   -0.020 0.0 0.0 
 108.114   -0.019 0.0 0.0 
 108.143   -0.019 0.0 0.0 
 108.179   -0.019 0.0 0.0 
 108.204   -0.018 0.0 0.0 
 108.239   -0.018 0.0 0.0 
 108.269   -0.017 0.0 0.0 
 108.299   -0.017 0.0 0.0 
 108.326   -0.016 0.0 0.0 
 108.356   -0.015 0.0 0.0 
 108.387   -0.015 0.0 0.0 
 108.417   -0.014 0.0 0.0 
 108.447   -0.014 0.0 0.0 
 108.476   -0.013 0.0 0.0 
 108.511   -0.012 0.0 0.0 
 108.537   -0.011 0.0 0.0 
 108.572   -0.010 0.0 0.0 
 108.598   -0.009 0.0 0.0 
 108.628   -0.008 0.0 0.0 
 108.663   -0.008 0.0 0.0 
 108.689   -0.007 0.0 0.0 
 108.719   -0.006 0.0 0.0 
 108.750   -0.005 0.0 0.0 
 108.779   -0.004 0.0 0.0 
 108.810   -0.003 0.0 0.0 
 108.840   -0.002 0.0 0.0 
 108.875   -0.001 0.0 0.0 
 108.900   -0.000 0.0 0.0 
 108.935    0.001 0.0 0.0 
 108.961    0.002 0.0 0.0 
 108.991    0.003 0.0 0.0 
 109.023    0.004 0.0 0.0 
 109.056    0.005 0.0 0.0 
 109.082    0.006 0.0 0.0 
 109.113    0.007 0.0 0.0 
 109.145    0.008 0.0 0.0 
 109.174    0.009 0.0 0.0 
 109.203    0.010 0.0 0.0 
 109.234    0.011 0.0 0.0 
 109.268    0.011 0.0 0.0 
 109.299    0.012 0.0 0.0 
 109.328    0.013 0.0 0.0 
 109.355    0.014 0.0 0.0 
 109.389    0.014 0.0 0.0 
 109.420    0.015 0.0 0.0 
 109.446    0.016 0.0 0.0 
 109.480    0.017 0.0 0.0 
 109.510    0.018 0.0 0.0 
 109.541    0.019 0.0 0.0 
 109.567    0.019 0.0 0.0 
 109.601    0.020 0.0 0.0 
 109.630    0.021 0.0 0.0 
 109.661    0.021 0.0 0.0 
 109.692    0.022 0.0 0.0 
 109.718    0.022 0.0 0.0 
 109.748    0.022 0.0 0.0 
 109.778    0.022 0.0 0.0 
 109.808    0.022 0.0 0.0 
 109.839    0.022 0.0 0.0 
 109.869    0.022 0.0 0.0 
 109.904    0.022 0.0 0.0 
 109.933    0.022 0.0 0.0 
 109.964    0.022 0.0 0.0 
 109.994    0.022 0.0 0.0 
 110.020    0.022 0.0 0.0 
 110.054    0.021 0.0 0.0 
 110.081    0.021 0.0 0.0 
 110.115    0.021 0.0 0.0 
 110.145    0.020 0.0 0.0 
 110.172    0.020 0.0 0.0 
 110.206    0.020 0.0 0.0 
 110.232    0.019 0.0 0.0 
 110.267    0.019 0.0 0.0 
 110.293    0.018 0.0 0.0 
 110.323    0.017 0.0 0.0 
 110.355    0.017 0.0 0.0 
 110.385    0.016 0.0 0.0 
 110.414    0.015 0.0 0.0 
 110.447    0.014 0.0 0.0 
 110.474    0.013 0.0 0.0 
 110.508    0.013 0.0 0.0 
 110.539    0.012 0.0 0.0 
 110.566    0.011 0.0 0.0 
 110.596    0.010 0.0 0.0 
 110.626    0.009 0.0 0.0 
 110.660    0.008 0.0 0.0 
 110.686    0.007 0.0 0.0 
 110.716    0.007 0.0 0.0 
 110.747    0.006 0.0 0.0 
 110.777    0.004 0.0 0.0 
 110.807    0.003 0.0 0.0 
 110.837    0.003 0.0 0.0 
 110.872    0.002 0.0 0.0 
 110.899    0.000 0.0 0.0 
 110.933   -0.001 0.0 0.0 
 110.959   -0.002 0.0 0.0 
 110.993   -0.003 0.0 0.0 
 111.019   -0.004 0.0 0.0 
 111.049   -0.005 0.0 0.0 
 111.080   -0.006 0.0 0.0 
 111.111   -0.007 0.0 0.0 
 111.140   -0.008 0.0 0.0 
 111.170   -0.009 0.0 0.0 
 111.205   -0.010 0.0 0.0 
 111.231   -0.011 0.0 0.0 
 111.266   -0.012 0.0 0.0 
 111.292   -0.012 0.0 0.0 
 111.322   -0.013 0.0 0.0 
 111.354   -0.014 0.0 0.0 
 111.387   -0.015 0.0 0.0 
 111.413   -0.015 0.0 0.0 
 111.443   -0.016 0.0 0.0 
 111.472   -0.017 0.0 0.0 
 111.503   -0.017 0.0 0.0 
 111.538   -0.018 0.0 0.0 
 111.567   -0.018 0.0 0.0 
 111.594   -0.019 0.0 0.0 
 111.625   -0.019 0.0 0.0 
 111.655   -0.020 0.0 0.0 
 111.690   -0.020 0.0 0.0 
 111.719   -0.020 0.0 0.0 
 111.746   -0.021 0.0 0.0 
 111.776   -0.021 0.0 0.0 
 111.810   -0.021 0.0 0.0 
 111.837   -0.021 0.0 0.0 
 111.867   -0.021 0.0 0.0 
 111.897   -0.021 0.0 0.0 
 111.927   -0.021 0.0 0.0 
 111.958   -0.021 0.0 0.0 
 111.992   -0.021 0.0 0.0 
 112.022   -0.021 0.0 0.0 
 112.048   -0.021 0.0 0.0 
 112.079   -0.020 0.0 0.0 
 112.108   -0.020 0.0 0.0 
 112.143   -0.020 0.0 0.0 
 112.169   -0.020 0.0 0.0 
 112.201   -0.019 0.0 0.0 
 112.230   -0.019 0.0 0.0 
 112.261   -0.018 0.0 0.0 
 112.290   -0.018 0.0 0.0 
 112.321   -0.018 0.0 0.0 
 112.351   -0.017 0.0 0.0 
 112.386   -0.017 0.0 0.0 
 112.416   -0.016 0.0 0.0 
 112.446   -0.015 0.0 0.0 
 112.472   -0.014 0.0 0.0 
 112.504   -0.014 0.0 0.0 
 112.533   -0.013 0.0 0.0 
 112.568   -0.012 0.0 0.0 
 112.598   -0.010 0.0 0.0 
 112.627   -0.009 0.0 0.0 
 112.654   -0.008 0.0 0.0 
 112.686   -0.006 0.0 0.0 
 112.720   -0.005 0.0 0.0 
 112.745   -0.004 0.0 0.0 
 112.776   -0.002 0.0 0.0 
 112.805   -0.001 0.0 0.0 
 112.835    0.000 0.0 0.0 
 112.870    0.001 0.0 0.0 
 112.896    0.002 0.0 0.0 
 112.926    0.003 0.0 0.0 
 112.956    0.003 0.0 0.0 
 112.987    0.004 0.0 0.0 
 113.016    0.005 0.0 0.0 
 113.047    0.006 0.0 0.0 
 113.082    0.007 0.0 0.0 
 113.112    0.008 0.0 0.0 
 113.139    0.009 0.0 0.0 
 113.168    0.010 0.0 0.0 
 113.198    0.011 0.0 0.0 
 113.228    0.012 0.0 0.0 
 113.259    0.013 0.0 0.0 
 113.290    0.014 0.0 0.0 
 113.319    0.015 0.0 0.0 
 113.350    0.015 0.0 0.0 
 113.380    0.016 0.0 0.0 
 113.410    0.016 0.0 0.0 
 113.441    0.017 0.0 0.0 
 113.471    0.017 0.0 0.0 
 113.501    0.018 0.0 0.0 
 113.536    0.018 0.0 0.0 
 113.562    0.018 0.0 0.0 
 113.592    0.019 0.0 0.0 
 113.622    0.019 0.0 0.0 
 113.652    0.019 0.0 0.0 
 113.682    0.020 0.0 0.0 
 113.712    0.020 0.0 0.0 
 113.744    0.020 0.0 0.0 
 113.773    0.021 0.0 0.0 
 113.804    0.021 0.0 0.0 
 113.834    0.021 0.0 0.0 
 113.868    0.021 0.0 0.0 
 113.895    0.021 0.0 0.0 
 113.924    0.021 0.0 0.0 
 113.955    0.021 0.0 0.0 
 113.986    0.021 0.0 0.0 
 114.015    0.021 0.0 0.0 
 114.050    0.021 0.0 0.0 
 114.076    0.020 0.0 0.0 
 114.106    0.020 0.0 0.0 
 114.137    0.020 0.0 0.0 
 114.172    0.019 0.0 0.0 
 114.197    0.019 0.0 0.0 
 114.227    0.019 0.0 0.0 
 114.259    0.018 0.0 0.0 
 114.288    0.018 0.0 0.0 
 114.318    0.017 0.0 0.0 
 114.349    0.017 0.0 0.0 
 114.379    0.016 0.0 0.0 
 114.409    0.016 0.0 0.0 
 114.440    0.015 0.0 0.0 
 114.474    0.014 0.0 0.0 
 114.500    0.013 0.0 0.0 
 114.531    0.012 0.0 0.0 
 114.560    0.011 0.0 0.0 
 114.591    0.010 0.0 0.0 
 114.621    0.009 0.0 0.0 
 114.652    0.008 0.0 0.0 
 114.686    0.007 0.0 0.0 
 114.712    0.006 0.0 0.0 
 114.743    0.006 0.0 0.0 
 114.772    0.005 0.0 0.0 
 114.802    0.004 0.0 0.0 
 114.832    0.002 0.0 0.0 
 114.863    0.001 0.0 0.0 
 114.894    0.000 0.0 0.0 
 114.925   -0.001 0.0 0.0 
 114.954   -0.002 0.0 0.0 
 114.984   -0.003 0.0 0.0 
 115.019   -0.005 0.0 0.0 
 115.045   -0.006 0.0 0.0 
 115.075   -0.007 0.0 0.0 
 115.106   -0.007 0.0 0.0 
 115.140   -0.008 0.0 0.0 
 115.170   -0.009 0.0 0.0 
 115.196   -0.010 0.0 0.0 
 115.227   -0.011 0.0 0.0 
 115.256   -0.011 0.0 0.0 
 115.287   -0.012 0.0 0.0 
 115.321   -0.013 0.0 0.0 
 115.347   -0.014 0.0 0.0 
 115.382   -0.015 0.0 0.0 
 115.408   -0.015 0.0 0.0 
 115.439   -0.016 0.0 0.0 
 115.468   -0.017 0.0 0.0 
 115.499   -0.017 0.0 0.0 
 115.529   -0.018 0.0 0.0 
 115.559   -0.018 0.0 0.0 
 115.590   -0.018 0.0 0.0 
 115.620   -0.019 0.0 0.0 
 115.651   -0.019 0.0 0.0 
 115.685   -0.020 0.0 0.0 
 115.711   -0.020 0.0 0.0 
 115.742   -0.020 0.0 0.0 
 115.772   -0.021 0.0 0.0 
 115.806   -0.021 0.0 0.0 
 115.832   -0.021 0.0 0.0 
 115.863   -0.021 0.0 0.0 
 115.893   -0.021 0.0 0.0 
 115.923   -0.021 0.0 0.0 
 115.958   -0.021 0.0 0.0 
 115.985   -0.021 0.0 0.0 
 116.014   -0.021 0.0 0.0 
 116.045   -0.020 0.0 0.0 
 116.075   -0.020 0.0 0.0 
 116.105   -0.020 0.0 0.0 
 116.135   -0.020 0.0 0.0 
 116.171   -0.019 0.0 0.0 
 116.195   -0.019 0.0 0.0 
 116.226   -0.019 0.0 0.0 
 116.256   -0.018 0.0 0.0 
 116.289   -0.017 0.0 0.0 
 116.322   -0.016 0.0 0.0 
 116.348   -0.015 0.0 0.0 
 116.377   -0.014 0.0 0.0 
 116.407   -0.013 0.0 0.0 
 116.439   -0.012 0.0 0.0 
 116.469   -0.011 0.0 0.0 
 116.499   -0.010 0.0 0.0 
 116.530   -0.009 0.0 0.0 
 116.560   -0.008 0.0 0.0 
 116.589   -0.007 0.0 0.0 
 116.620   -0.007 0.0 0.0 
 116.650   -0.006 0.0 0.0 
 116.682   -0.005 0.0 0.0 
 116.711   -0.005 0.0 0.0 
 116.742   -0.004 0.0 0.0 
 116.771   -0.003 0.0 0.0 
 116.802   -0.003 0.0 0.0 
 116.831   -0.002 0.0 0.0 
 116.862   -0.001 0.0 0.0 
 116.893   -0.001 0.0 0.0 
 116.923    0.000 0.0 0.0 
 116.953    0.001 0.0 0.0 
 116.984    0.002 0.0 0.0 
 117.013    0.002 0.0 0.0 
 117.044    0.003 0.0 0.0 
 117.074    0.004 0.0 0.0 
 117.104    0.005 0.0 0.0 
 117.135    0.006 0.0 0.0 
 117.165    0.007 0.0 0.0 
 117.195    0.008 0.0 0.0 
 117.225    0.009 0.0 0.0 
 117.255    0.010 0.0 0.0 
 117.287    0.011 0.0 0.0 
 117.317    0.012 0.0 0.0 
 117.347    0.013 0.0 0.0 
 117.377    0.014 0.0 0.0 
 117.408    0.014 0.0 0.0 
 117.437    0.015 0.0 0.0 
 117.468    0.016 0.0 0.0 
 117.498    0.017 0.0 0.0 
 117.529    0.017 0.0 0.0 
 117.563    0.018 0.0 0.0 
 117.588    0.019 0.0 0.0 
 117.619    0.019 0.0 0.0 
 117.649    0.020 0.0 0.0 
 117.679    0.020 0.0 0.0 
 117.710    0.020 0.0 0.0 
 117.740    0.020 0.0 0.0 
 117.771    0.020 0.0 0.0 
 117.801    0.021 0.0 0.0 
 117.830    0.021 0.0 0.0 
 117.862    0.021 0.0 0.0 
 117.892    0.021 0.0 0.0 
 117.927    0.021 0.0 0.0 
 117.957    0.021 0.0 0.0 
 117.982    0.021 0.0 0.0 
 118.012    0.021 0.0 0.0 
 118.043    0.021 0.0 0.0 
 118.073    0.020 0.0 0.0 
 118.104    0.020 0.0 0.0 
 118.134    0.020 0.0 0.0 
 118.165    0.019 0.0 0.0 
 118.195    0.019 0.0 0.0 
 118.228    0.018 0.0 0.0 
 118.255    0.018 0.0 0.0 
 118.285    0.017 0.0 0.0 
 118.318    0.017 0.0 0.0 
 118.346    0.017 0.0 0.0 
 118.376    0.016 0.0 0.0 
 118.407    0.016 0.0 0.0 
 118.436    0.015 0.0 0.0 
 118.466    0.015 0.0 0.0 
 118.497    0.014 0.0 0.0 
 118.528    0.013 0.0 0.0 
 118.557    0.013 0.0 0.0 
 118.587    0.012 0.0 0.0 
 118.618    0.011 0.0 0.0 
 118.649    0.010 0.0 0.0 
 118.679    0.009 0.0 0.0 
 118.710    0.009 0.0 0.0 
 118.739    0.007 0.0 0.0 
 118.770    0.006 0.0 0.0 
 118.799    0.005 0.0 0.0 
 118.830    0.004 0.0 0.0 
 118.860    0.003 0.0 0.0 
 118.891    0.002 0.0 0.0 
 118.922    0.001 0.0 0.0 
 118.952   -0.000 0.0 0.0 
 118.981   -0.002 0.0 0.0 
 119.012   -0.003 0.0 0.0 
 119.042   -0.004 0.0 0.0 
 119.072   -0.005 0.0 0.0 
 119.103   -0.006 0.0 0.0 
 119.132   -0.007 0.0 0.0 
 119.163   -0.008 0.0 0.0 
 119.194   -0.009 0.0 0.0 
 119.223   -0.010 0.0 0.0 
 119.255   -0.011 0.0 0.0 
 119.290   -0.011 0.0 0.0 
 119.316   -0.012 0.0 0.0 
 119.344   -0.013 0.0 0.0 
 119.375   -0.013 0.0 0.0 
 119.405   -0.014 0.0 0.0 
 119.436   -0.014 0.0 0.0 
 119.466   -0.015 0.0 0.0 
 119.497   -0.016 0.0 0.0 
 119.527   -0.016 0.0 0.0 
 119.557   -0.017 0.0 0.0 
 119.587   -0.017 0.0 0.0 
 119.617   -0.018 0.0 0.0 
 119.648   -0.018 0.0 0.0 
 119.679   -0.019 0.0 0.0 
 119.709   -0.019 0.0 0.0 
 119.740   -0.019 0.0 0.0 
 119.769   -0.020 0.0 0.0 
 119.800   -0.020 0.0 0.0 
 119.830   -0.020 0.0 0.0 
 119.859   -0.020 0.0 0.0 
 119.889   -0.020 0.0 0.0 
 119.920   -0.021 0.0 0.0 
 119.950   -0.021 0.0 0.0 
 119.981   -0.021 0.0 0.0 
 120.015   -0.020 0.0 0.0 
 120.042   -0.020 0.0 0.0 
 120.072   -0.020 0.0 0.0 
 120.102   -0.020 0.0 0.0 
 120.132   -0.020 0.0 0.0 
 120.163   -0.020 0.0 0.0 
 120.194   -0.019 0.0 0.0 
 120.228   -0.019 0.0 0.0 
 120.255   -0.019 0.0 0.0 
 120.284   -0.018 0.0 0.0 
 120.315   -0.018 0.0 0.0 
 120.344   -0.018 0.0 0.0 
 120.374   -0.017 0.0 0.0 
 120.405   -0.016 0.0 0.0 
 120.435   -0.015 0.0 0.0 
 120.465   -0.014 0.0 0.0 
 120.496   -0.013 0.0 0.0 
 120.525   -0.012 0.0 0.0 
 120.556   -0.011 0.0 0.0 
 120.587   -0.010 0.0 0.0 
 120.618   -0.009 0.0 0.0 
 120.647   -0.008 0.0 0.0 
 120.677   -0.007 0.0 0.0 
 120.707   -0.006 0.0 0.0 
 120.737   -0.005 0.0 0.0 
 120.768   -0.005 0.0 0.0 
 120.799   -0.004 0.0 0.0 
 120.828   -0.003 0.0 0.0 
 120.859   -0.002 0.0 0.0 
 120.894   -0.002 0.0 0.0 
 120.918   -0.001 0.0 0.0 
 120.949    0.000 0.0 0.0 
 120.980    0.001 0.0 0.0 
 121.010    0.002 0.0 0.0 
 121.041    0.003 0.0 0.0 
 121.072    0.004 0.0 0.0 
 121.106    0.005 0.0 0.0 
 121.131    0.006 0.0 0.0 
 121.161    0.007 0.0 0.0 
 121.191    0.008 0.0 0.0 
 121.222    0.009 0.0 0.0 
 121.253    0.010 0.0 0.0 
 121.287    0.011 0.0 0.0 
 121.313    0.012 0.0 0.0 
 121.343    0.012 0.0 0.0 
 121.373    0.013 0.0 0.0 
 121.403    0.014 0.0 0.0 
 121.438    0.015 0.0 0.0 
 121.465    0.015 0.0 0.0 
 121.493    0.016 0.0 0.0 
 121.525    0.017 0.0 0.0 
 121.555    0.018 0.0 0.0 
 121.585    0.018 0.0 0.0 
 121.615    0.019 0.0 0.0 
 121.646    0.019 0.0 0.0 
 121.681    0.019 0.0 0.0 
 121.706    0.019 0.0 0.0 
 121.737    0.020 0.0 0.0 
 121.767    0.020 0.0 0.0 
 121.797    0.020 0.0 0.0 
 121.833    0.020 0.0 0.0 
 121.857    0.020 0.0 0.0 
 121.889    0.020 0.0 0.0 
 121.917    0.020 0.0 0.0 
 121.949    0.020 0.0 0.0 
 121.984    0.020 0.0 0.0 
 122.009    0.020 0.0 0.0 
 122.039    0.020 0.0 0.0 
 122.070    0.020 0.0 0.0 
 122.100    0.020 0.0 0.0 
 122.130    0.020 0.0 0.0 
 122.161    0.019 0.0 0.0 
 122.191    0.019 0.0 0.0 
 122.221    0.019 0.0 0.0 
 122.252    0.019 0.0 0.0 
 122.281    0.019 0.0 0.0 
 122.312    0.018 0.0 0.0 
 122.342    0.018 0.0 0.0 
 122.373    0.017 0.0 0.0 
 122.404    0.016 0.0 0.0 
 122.433    0.015 0.0 0.0 
 122.463    0.014 0.0 0.0 
 122.493    0.013 0.0 0.0 
 122.524    0.012 0.0 0.0 
 122.553    0.011 0.0 0.0 
 122.584    0.010 0.0 0.0 
 122.620    0.009 0.0 0.0 
 122.644    0.009 0.0 0.0 
 122.675    0.008 0.0 0.0 
 122.704    0.007 0.0 0.0 
 122.735    0.007 0.0 0.0 
 122.766    0.006 0.0 0.0 
 122.795    0.006 0.0 0.0 
 122.826    0.005 0.0 0.0 
 122.856    0.004 0.0 0.0 
 122.887    0.002 0.0 0.0 
 122.918    0.001 0.0 0.0 
 122.947    0.000 0.0 0.0 
 122.978   -0.001 0.0 0.0 
 123.007   -0.002 0.0 0.0 
 123.039   -0.003 0.0 0.0 
 123.068   -0.004 0.0 0.0 
 123.099   -0.005 0.0 0.0 
 123.129   -0.006 0.0 0.0 
 123.160   -0.006 0.0 0.0 
 123.190   -0.007 0.0 0.0 
 123.225   -0.008 0.0 0.0 
 123.252   -0.009 0.0 0.0 
 123.285   -0.009 0.0 0.0 
 123.311   -0.010 0.0 0.0 
 123.341   -0.011 0.0 0.0 
 123.371   -0.012 0.0 0.0 
 123.401   -0.012 0.0 0.0 
 123.432   -0.013 0.0 0.0 
 123.464   -0.014 0.0 0.0 
 123.493   -0.014 0.0 0.0 
 123.523   -0.015 0.0 0.0 
 123.558   -0.016 0.0 0.0 
 123.583   -0.016 0.0 0.0 
 123.618   -0.017 0.0 0.0 
 123.645   -0.017 0.0 0.0 
 123.674   -0.018 0.0 0.0 
 123.704   -0.018 0.0 0.0 
 123.735   -0.019 0.0 0.0 
 123.766   -0.019 0.0 0.0 
 123.799   -0.019 0.0 0.0 
 123.826   -0.020 0.0 0.0 
 123.856   -0.020 0.0 0.0 
 123.952   -0.020 0.0 0.0 
 123.985   -0.020 0.0 0.0 
 124.010   -0.020 0.0 0.0 
 124.032   -0.020 0.0 0.0 
 124.063   -0.020 0.0 0.0 
 124.097   -0.020 0.0 0.0 
 124.126   -0.019 0.0 0.0 
 124.153   -0.019 0.0 0.0 
 124.187   -0.019 0.0 0.0 
 124.213   -0.018 0.0 0.0 
 124.248   -0.018 0.0 0.0 
 124.278   -0.018 0.0 0.0 
 124.308   -0.017 0.0 0.0 
 124.335   -0.017 0.0 0.0 
 124.365   -0.017 0.0 0.0 
 124.401   -0.016 0.0 0.0 
 124.426   -0.016 0.0 0.0 
 124.458   -0.015 0.0 0.0 
 124.491   -0.015 0.0 0.0 
 124.518   -0.014 0.0 0.0 
 124.551   -0.014 0.0 0.0 
 124.579   -0.013 0.0 0.0 
 124.609   -0.012 0.0 0.0 
 124.643   -0.012 0.0 0.0 
 124.669   -0.011 0.0 0.0 
 124.699   -0.010 0.0 0.0 
 124.734   -0.009 0.0 0.0 
 124.765   -0.008 0.0 0.0 
 124.792   -0.007 0.0 0.0 
 124.825   -0.005 0.0 0.0 
 124.856   -0.004 0.0 0.0 
 124.881   -0.003 0.0 0.0 
 124.911   -0.002 0.0 0.0 
 124.942   -0.001 0.0 0.0 
 124.976   -0.001 0.0 0.0 
 125.004   -0.000 0.0 0.0 
 125.033    0.001 0.0 0.0 
 125.063    0.002 0.0 0.0 
 125.093    0.003 0.0 0.0 
 125.123    0.004 0.0 0.0 
 125.154    0.005 0.0 0.0 
 125.184    0.006 0.0 0.0 
 125.218    0.007 0.0 0.0 
 125.248    0.008 0.0 0.0 
 125.277    0.009 0.0 0.0 
 125.307    0.010 0.0 0.0 
 125.337    0.011 0.0 0.0 
 125.368    0.011 0.0 0.0 
 125.399    0.012 0.0 0.0 
 125.433    0.013 0.0 0.0 
 125.458    0.013 0.0 0.0 
 125.489    0.014 0.0 0.0 
 125.520    0.014 0.0 0.0 
 125.554    0.015 0.0 0.0 
 125.584    0.016 0.0 0.0 
 125.609    0.016 0.0 0.0 
 125.640    0.017 0.0 0.0 
 125.670    0.017 0.0 0.0 
 125.705    0.018 0.0 0.0 
 125.732    0.018 0.0 0.0 
 125.761    0.018 0.0 0.0 
 125.791    0.019 0.0 0.0 
 125.822    0.019 0.0 0.0 
 125.851    0.019 0.0 0.0 
 125.881    0.019 0.0 0.0 
 125.912    0.020 0.0 0.0 
 125.942    0.020 0.0 0.0 
 125.977    0.020 0.0 0.0 
 126.003    0.020 0.0 0.0 
 126.037    0.020 0.0 0.0 
 126.063    0.020 0.0 0.0 
 126.093    0.019 0.0 0.0 
 126.124    0.019 0.0 0.0 
 126.154    0.019 0.0 0.0 
 126.189    0.019 0.0 0.0 
 126.214    0.019 0.0 0.0 
 126.250    0.018 0.0 0.0 
 126.275    0.018 0.0 0.0 
 126.305    0.017 0.0 0.0 
 126.336    0.017 0.0 0.0 
 126.370    0.016 0.0 0.0 
 126.400    0.016 0.0 0.0 
 126.426    0.015 0.0 0.0 
 126.460    0.015 0.0 0.0 
 126.487    0.014 0.0 0.0 
 126.517    0.013 0.0 0.0 
 126.547    0.013 0.0 0.0 
 126.577    0.012 0.0 0.0 
 126.607    0.011 0.0 0.0 
 126.639    0.010 0.0 0.0 
 126.673    0.009 0.0 0.0 
 126.699    0.008 0.0 0.0 
 126.728    0.007 0.0 0.0 
 126.759    0.006 0.0 0.0 
 126.789    0.005 0.0 0.0 
 126.819    0.004 0.0 0.0 
 126.850    0.003 0.0 0.0 
 126.880    0.002 0.0 0.0 
 126.910    0.002 0.0 0.0 
 126.945    0.001 0.0 0.0 
 126.971   -0.000 0.0 0.0 
 127.001   -0.001 0.0 0.0 
 127.031   -0.002 0.0 0.0 
 127.060   -0.003 0.0 0.0 
 127.091   -0.004 0.0 0.0 
 127.122   -0.005 0.0 0.0 
 127.152   -0.006 0.0 0.0 
 127.183   -0.007 0.0 0.0 
 127.213   -0.008 0.0 0.0 
 127.243   -0.009 0.0 0.0 
 127.273   -0.010 0.0 0.0 
 127.304   -0.010 0.0 0.0 
 127.335   -0.011 0.0 0.0 
 127.365   -0.011 0.0 0.0 
 127.395   -0.012 0.0 0.0 
 127.425   -0.013 0.0 0.0 
 127.455   -0.013 0.0 0.0 
 127.486   -0.014 0.0 0.0 
 127.516   -0.015 0.0 0.0 
 127.545   -0.015 0.0 0.0 
 127.581   -0.016 0.0 0.0 
 127.607   -0.016 0.0 0.0 
 127.637   -0.017 0.0 0.0 
 127.667   -0.017 0.0 0.0 
 127.697   -0.018 0.0 0.0 
 127.728   -0.018 0.0 0.0 
 127.758   -0.019 0.0 0.0 
 127.788   -0.019 0.0 0.0 
 127.819   -0.019 0.0 0.0 
 127.849   -0.019 0.0 0.0 
 127.880   -0.020 0.0 0.0 
 127.910   -0.020 0.0 0.0 
 127.940   -0.020 0.0 0.0 
 127.973   -0.020 0.0 0.0 
 128.000   -0.020 0.0 0.0 
 128.032   -0.020 0.0 0.0 
 128.062   -0.019 0.0 0.0 
 128.093   -0.019 0.0 0.0 
 128.122   -0.019 0.0 0.0 
 128.153   -0.019 0.0 0.0 
 128.182   -0.019 0.0 0.0 
 128.217   -0.018 0.0 0.0 
 128.243   -0.018 0.0 0.0 
 128.273   -0.017 0.0 0.0 
 128.303   -0.017 0.0 0.0 
 128.334   -0.016 0.0 0.0 
 128.364   -0.016 0.0 0.0 
 128.396   -0.015 0.0 0.0 
 128.425   -0.015 0.0 0.0 
 128.456   -0.014 0.0 0.0 
 128.485   -0.013 0.0 0.0 
 128.516   -0.013 0.0 0.0 
 128.546   -0.012 0.0 0.0 
 128.576   -0.011 0.0 0.0 
 128.606   -0.011 0.0 0.0 
 128.636   -0.010 0.0 0.0 
 128.667   -0.009 0.0 0.0 
 128.698   -0.008 0.0 0.0 
 128.727   -0.007 0.0 0.0 
 128.758   -0.006 0.0 0.0 
 128.793   -0.005 0.0 0.0 
 128.823   -0.005 0.0 0.0 
 128.853   -0.004 0.0 0.0 
 128.878   -0.003 0.0 0.0 
 128.908   -0.002 0.0 0.0 
 128.944   -0.001 0.0 0.0 
 128.974    0.000 0.0 0.0 
 129.000    0.001 0.0 0.0 
 129.030    0.002 0.0 0.0 
 129.065    0.003 0.0 0.0 
 129.090    0.005 0.0 0.0 
 129.120    0.006 0.0 0.0 
 129.151    0.007 0.0 0.0 
 129.181    0.008 0.0 0.0 
 129.211    0.009 0.0 0.0 
 129.241    0.010 0.0 0.0 
 129.271    0.010 0.0 0.0 
 129.303    0.011 0.0 0.0 
 129.333    0.012 0.0 0.0 
 129.364    0.012 0.0 0.0 
 129.393    0.013 0.0 0.0 
 129.424    0.013 0.0 0.0 
 129.458    0.014 0.0 0.0 
 129.488    0.014 0.0 0.0 
 129.514    0.015 0.0 0.0 
 129.549    0.015 0.0 0.0 
 129.574    0.016 0.0 0.0 
 129.605    0.016 0.0 0.0 
 129.635    0.017 0.0 0.0 
 129.665    0.017 0.0 0.0 
 129.700    0.018 0.0 0.0 
 129.730    0.018 0.0 0.0 
 129.756    0.018 0.0 0.0 
 129.786    0.019 0.0 0.0 
 129.816    0.019 0.0 0.0 
 129.847    0.019 0.0 0.0 
 129.878    0.019 0.0 0.0 
 129.907    0.019 0.0 0.0 
 129.942    0.019 0.0 0.0 
 129.967    0.019 0.0 0.0 
 130.002    0.019 0.0 0.0 
 130.028    0.019 0.0 0.0 
 130.058    0.019 0.0 0.0 
 130.088    0.019 0.0 0.0 
 130.119    0.019 0.0 0.0 
 130.149    0.019 0.0 0.0 
 130.184    0.019 0.0 0.0 
 130.214    0.018 0.0 0.0 
 130.240    0.018 0.0 0.0 
 130.270    0.017 0.0 0.0 
 130.305    0.017 0.0 0.0 
 130.331    0.017 0.0 0.0 
 130.361    0.016 0.0 0.0 
 130.391    0.016 0.0 0.0 
 130.422    0.015 0.0 0.0 
 130.452    0.015 0.0 0.0 
 130.482    0.014 0.0 0.0 
 130.512    0.013 0.0 0.0 
 130.543    0.013 0.0 0.0 
 130.573    0.012 0.0 0.0 
 130.603    0.011 0.0 0.0 
 130.638    0.010 0.0 0.0 
 130.664    0.010 0.0 0.0 
 130.693    0.009 0.0 0.0 
 130.723    0.008 0.0 0.0 
 130.755    0.007 0.0 0.0 
 130.785    0.006 0.0 0.0 
 130.820    0.005 0.0 0.0 
 130.848    0.004 0.0 0.0 
 130.876    0.003 0.0 0.0 
 130.906    0.002 0.0 0.0 
 130.936    0.001 0.0 0.0 
 130.967    0.000 0.0 0.0 
 130.997   -0.001 0.0 0.0 
 131.032   -0.002 0.0 0.0 
 131.057   -0.003 0.0 0.0 
 131.088   -0.004 0.0 0.0 
 131.118   -0.005 0.0 0.0 
 131.148   -0.006 0.0 0.0 
 131.178   -0.007 0.0 0.0 
 131.209   -0.009 0.0 0.0 
 131.239   -0.009 0.0 0.0 
 131.270   -0.010 0.0 0.0 
 131.300   -0.011 0.0 0.0 
 131.330   -0.011 0.0 0.0 
 131.360   -0.012 0.0 0.0 
 131.391   -0.013 0.0 0.0 
 131.425   -0.013 0.0 0.0 
 131.452   -0.014 0.0 0.0 
 131.481   -0.015 0.0 0.0 
 131.511   -0.015 0.0 0.0 
 131.542   -0.016 0.0 0.0 
 131.572   -0.017 0.0 0.0 
 131.606   -0.017 0.0 0.0 
 131.632   -0.018 0.0 0.0 
 131.663   -0.018 0.0 0.0 
 131.698   -0.018 0.0 0.0 
 131.728   -0.019 0.0 0.0 
 131.754   -0.019 0.0 0.0 
 131.784   -0.019 0.0 0.0 
 131.819   -0.019 0.0 0.0 
 131.844   -0.019 0.0 0.0 
 131.876   -0.020 0.0 0.0 
 131.906   -0.020 0.0 0.0 
 131.936   -0.020 0.0 0.0 
 131.965   -0.020 0.0 0.0 
 131.996   -0.020 0.0 0.0 
 132.027   -0.020 0.0 0.0 
 132.061   -0.020 0.0 0.0 
 132.087   -0.020 0.0 0.0 
 132.117   -0.020 0.0 0.0 
 132.152   -0.019 0.0 0.0 
 132.182   -0.019 0.0 0.0 
 132.208   -0.019 0.0 0.0 
 132.242   -0.018 0.0 0.0 
 132.273   -0.018 0.0 0.0 
 132.303   -0.017 0.0 0.0 
 132.328   -0.017 0.0 0.0 
 132.364   -0.016 0.0 0.0 
 132.388   -0.016 0.0 0.0 
 132.420   -0.015 0.0 0.0 
 132.450   -0.015 0.0 0.0 
 132.480   -0.014 0.0 0.0 
 132.510   -0.013 0.0 0.0 
 132.541   -0.012 0.0 0.0 
 132.572   -0.011 0.0 0.0 
 132.602   -0.010 0.0 0.0 
 132.632   -0.008 0.0 0.0 
 132.661   -0.007 0.0 0.0 
 132.697   -0.006 0.0 0.0 
 132.727   -0.005 0.0 0.0 
 132.753   -0.004 0.0 0.0 
 132.783   -0.003 0.0 0.0 
 132.812   -0.002 0.0 0.0 
 132.844   -0.001 0.0 0.0 
 132.875   -0.001 0.0 0.0 
 132.904   -0.000 0.0 0.0 
 132.939    0.001 0.0 0.0 
 132.964    0.001 0.0 0.0 
 132.995    0.002 0.0 0.0 
 133.026    0.003 0.0 0.0 
 133.055    0.004 0.0 0.0 
 133.090    0.004 0.0 0.0 
 133.116    0.005 0.0 0.0 
 133.145    0.006 0.0 0.0 
 133.181    0.007 0.0 0.0 
 133.207    0.008 0.0 0.0 
 133.237    0.008 0.0 0.0 
 133.272    0.009 0.0 0.0 
 133.297    0.010 0.0 0.0 
 133.327    0.010 0.0 0.0 
 133.357    0.011 0.0 0.0 
 133.388    0.011 0.0 0.0 
 133.422    0.012 0.0 0.0 
 133.449    0.013 0.0 0.0 
 133.479    0.013 0.0 0.0 
 133.510    0.014 0.0 0.0 
 133.540    0.014 0.0 0.0 
 133.574    0.015 0.0 0.0 
 133.601    0.016 0.0 0.0 
 133.631    0.016 0.0 0.0 
 133.661    0.017 0.0 0.0 
 133.692    0.017 0.0 0.0 
 133.722    0.018 0.0 0.0 
 133.756    0.018 0.0 0.0 
 133.782    0.018 0.0 0.0 
 133.812    0.019 0.0 0.0 
 133.847    0.019 0.0 0.0 
 133.872    0.019 0.0 0.0 
 133.902    0.019 0.0 0.0 
 133.933    0.019 0.0 0.0 
 133.964    0.019 0.0 0.0 
 133.994    0.019 0.0 0.0 
 134.023    0.019 0.0 0.0 
 134.054    0.019 0.0 0.0 
 134.085    0.019 0.0 0.0 
 134.115    0.019 0.0 0.0 
 134.144    0.019 0.0 0.0 
 134.175    0.019 0.0 0.0 
 134.206    0.019 0.0 0.0 
 134.237    0.018 0.0 0.0 
 134.267    0.018 0.0 0.0 
 134.297    0.017 0.0 0.0 
 134.328    0.017 0.0 0.0 
 134.361    0.016 0.0 0.0 
 134.387    0.015 0.0 0.0 
 134.417    0.015 0.0 0.0 
 134.451    0.014 0.0 0.0 
 134.477    0.013 0.0 0.0 
 134.512    0.012 0.0 0.0 
 134.538    0.012 0.0 0.0 
 134.568    0.011 0.0 0.0 
 134.598    0.010 0.0 0.0 
 134.628    0.010 0.0 0.0 
 134.664    0.009 0.0 0.0 
 134.690    0.008 0.0 0.0 
 134.724    0.007 0.0 0.0 
 134.749    0.007 0.0 0.0 
 134.785    0.006 0.0 0.0 
 134.810    0.005 0.0 0.0 
 134.845    0.004 0.0 0.0 
 134.875    0.003 0.0 0.0 
 134.906    0.003 0.0 0.0 
 134.932    0.002 0.0 0.0 
 134.966    0.001 0.0 0.0 
 134.993    0.000 0.0 0.0 
 135.027   -0.001 0.0 0.0 
 135.053   -0.002 0.0 0.0 
 135.083   -0.003 0.0 0.0 
 135.113   -0.004 0.0 0.0 
 135.143   -0.005 0.0 0.0 
 135.173   -0.006 0.0 0.0 
 135.204   -0.007 0.0 0.0 
 135.234   -0.008 0.0 0.0 
 135.269   -0.008 0.0 0.0 
 135.299   -0.009 0.0 0.0 
 135.325   -0.010 0.0 0.0 
 135.360   -0.010 0.0 0.0 
 135.385   -0.011 0.0 0.0 
 135.420   -0.011 0.0 0.0 
 135.445   -0.012 0.0 0.0 
 135.481   -0.013 0.0 0.0 
 135.506   -0.014 0.0 0.0 
 135.537   -0.014 0.0 0.0 
 135.567   -0.015 0.0 0.0 
 135.598   -0.015 0.0 0.0 
 135.630   -0.016 0.0 0.0 
 135.658   -0.016 0.0 0.0 
 135.689   -0.017 0.0 0.0 
 135.717   -0.017 0.0 0.0 
 135.749   -0.018 0.0 0.0 
 135.779   -0.018 0.0 0.0 
 135.808   -0.018 0.0 0.0 
 135.839   -0.019 0.0 0.0 
 135.872   -0.019 0.0 0.0 
 135.900   -0.019 0.0 0.0 
 135.930   -0.019 0.0 0.0 
 135.960   -0.019 0.0 0.0 
 135.995   -0.019 0.0 0.0 
 136.020   -0.019 0.0 0.0 
 136.056   -0.019 0.0 0.0 
 136.082   -0.019 0.0 0.0 
 136.116   -0.019 0.0 0.0 
 136.141   -0.019 0.0 0.0 
 136.173   -0.018 0.0 0.0 
 136.202   -0.018 0.0 0.0 
 136.233   -0.018 0.0 0.0 
 136.263   -0.017 0.0 0.0 
 136.293   -0.017 0.0 0.0 
 136.324   -0.017 0.0 0.0 
 136.354   -0.016 0.0 0.0 
 136.384   -0.016 0.0 0.0 
 136.414   -0.015 0.0 0.0 
 136.445   -0.015 0.0 0.0 
 136.475   -0.014 0.0 0.0 
 136.509   -0.013 0.0 0.0 
 136.536   -0.013 0.0 0.0 
 136.570   -0.012 0.0 0.0 
 136.600   -0.011 0.0 0.0 
 136.625   -0.010 0.0 0.0 
 136.656   -0.009 0.0 0.0 
 136.690   -0.009 0.0 0.0 
 136.716   -0.008 0.0 0.0 
 136.752   -0.007 0.0 0.0 
 136.777   -0.006 0.0 0.0 
 136.807   -0.006 0.0 0.0 
 136.838   -0.005 0.0 0.0 
 136.867   -0.004 0.0 0.0 
 136.898   -0.003 0.0 0.0 
 136.928   -0.002 0.0 0.0 
 136.959   -0.002 0.0 0.0 
 136.991   -0.001 0.0 0.0 
 137.024   -0.000 0.0 0.0 
 137.054    0.000 0.0 0.0 
 137.080    0.001 0.0 0.0 
 137.109    0.002 0.0 0.0 
 137.140    0.003 0.0 0.0 
 137.170    0.004 0.0 0.0 
 137.205    0.005 0.0 0.0 
 137.236    0.006 0.0 0.0 
 137.261    0.008 0.0 0.0 
 137.291    0.009 0.0 0.0 
 137.327    0.010 0.0 0.0 
 137.352    0.011 0.0 0.0 
 137.384    0.012 0.0 0.0 
 137.413    0.013 0.0 0.0 
 137.443    0.014 0.0 0.0 
 137.478    0.015 0.0 0.0 
 137.504    0.016 0.0 0.0 
 137.534    0.016 0.0 0.0 
 137.569    0.016 0.0 0.0 
 137.595    0.017 0.0 0.0 
 137.625    0.017 0.0 0.0 
 137.655    0.017 0.0 0.0 
 137.685    0.018 0.0 0.0 
 137.715    0.018 0.0 0.0 
 137.745    0.018 0.0 0.0 
 137.775    0.018 0.0 0.0 
 137.807    0.019 0.0 0.0 
 137.836    0.019 0.0 0.0 
 137.866    0.019 0.0 0.0 
 137.901    0.019 0.0 0.0 
 137.927    0.019 0.0 0.0 
 137.959    0.019 0.0 0.0 
 137.988    0.019 0.0 0.0 
 138.018    0.019 0.0 0.0 
 138.048    0.019 0.0 0.0 
 138.082    0.019 0.0 0.0 
 138.109    0.019 0.0 0.0 
 138.139    0.019 0.0 0.0 
 138.174    0.018 0.0 0.0 
 138.199    0.018 0.0 0.0 
 138.230    0.017 0.0 0.0 
 138.259    0.017 0.0 0.0 
 138.289    0.017 0.0 0.0 
 138.321    0.016 0.0 0.0 
 138.350    0.015 0.0 0.0 
 138.381    0.015 0.0 0.0 
 138.411    0.014 0.0 0.0 
 138.441    0.014 0.0 0.0 
 138.472    0.013 0.0 0.0 
 138.502    0.013 0.0 0.0 
 138.534    0.012 0.0 0.0 
 138.563    0.011 0.0 0.0 
 138.593    0.010 0.0 0.0 
 138.623    0.009 0.0 0.0 
 138.653    0.008 0.0 0.0 
 138.684    0.007 0.0 0.0 
 138.714    0.006 0.0 0.0 
 138.744    0.005 0.0 0.0 
 138.774    0.003 0.0 0.0 
 138.805    0.002 0.0 0.0 
 138.836    0.001 0.0 0.0 
 138.865    0.000 0.0 0.0 
 138.895   -0.000 0.0 0.0 
 138.925   -0.001 0.0 0.0 
 138.956   -0.001 0.0 0.0 
 138.991   -0.002 0.0 0.0 
 139.016   -0.003 0.0 0.0 
 139.046   -0.003 0.0 0.0 
 139.077   -0.004 0.0 0.0 
 139.107   -0.004 0.0 0.0 
 139.138   -0.005 0.0 0.0 
 139.169   -0.006 0.0 0.0 
 139.198   -0.006 0.0 0.0 
 139.229   -0.007 0.0 0.0 
 139.258   -0.008 0.0 0.0 
 139.288   -0.008 0.0 0.0 
 139.319   -0.009 0.0 0.0 
 139.351   -0.010 0.0 0.0 
 139.381   -0.010 0.0 0.0 
 139.410   -0.011 0.0 0.0 
 139.440   -0.012 0.0 0.0 
 139.471   -0.012 0.0 0.0 
 139.501   -0.013 0.0 0.0 
 139.532   -0.014 0.0 0.0 
 139.562   -0.014 0.0 0.0 
 139.592   -0.015 0.0 0.0 
 139.623   -0.015 0.0 0.0 
 139.653   -0.016 0.0 0.0 
 139.683   -0.016 0.0 0.0 
 139.714   -0.017 0.0 0.0 
 139.743   -0.017 0.0 0.0 
 139.774   -0.018 0.0 0.0 
 139.804   -0.018 0.0 0.0 
 139.834   -0.018 0.0 0.0 
 139.864   -0.018 0.0 0.0 
 139.895   -0.019 0.0 0.0 
 139.926   -0.019 0.0 0.0 
 139.956   -0.019 0.0 0.0 
 139.985   -0.019 0.0 0.0 
 140.016   -0.019 0.0 0.0 
 140.046   -0.019 0.0 0.0 
 140.076   -0.019 0.0 0.0 
 140.107   -0.019 0.0 0.0 
 140.137   -0.019 0.0 0.0 
 140.167   -0.019 0.0 0.0 
 140.198   -0.018 0.0 0.0 
 140.228   -0.018 0.0 0.0 
 140.258   -0.018 0.0 0.0 
 140.288   -0.017 0.0 0.0 
 140.319   -0.017 0.0 0.0 
 140.349   -0.016 0.0 0.0 
 140.380   -0.015 0.0 0.0 
 140.411   -0.015 0.0 0.0 
 140.440   -0.014 0.0 0.0 
 140.470   -0.014 0.0 0.0 
 140.500   -0.014 0.0 0.0 
 140.531   -0.013 0.0 0.0 
 140.561   -0.012 0.0 0.0 
 140.592   -0.012 0.0 0.0 
 140.622   -0.011 0.0 0.0 
 140.652   -0.010 0.0 0.0 
 140.682   -0.009 0.0 0.0 
 140.714   -0.009 0.0 0.0 
 140.743   -0.008 0.0 0.0 
 140.776   -0.007 0.0 0.0 
 140.804   -0.006 0.0 0.0 
 140.833   -0.005 0.0 0.0 
 140.863   -0.005 0.0 0.0 
 140.894   -0.004 0.0 0.0 
 140.930   -0.003 0.0 0.0 
 140.955   -0.002 0.0 0.0 
 140.985   -0.001 0.0 0.0 
 141.016   -0.000 0.0 0.0 
 141.046    0.001 0.0 0.0 
 141.076    0.001 0.0 0.0 
 141.106    0.002 0.0 0.0 
 141.137    0.003 0.0 0.0 
 141.168    0.004 0.0 0.0 
 141.198    0.005 0.0 0.0 
 141.227    0.006 0.0 0.0 
 141.258    0.006 0.0 0.0 
 141.288    0.007 0.0 0.0 
 141.317    0.008 0.0 0.0 
 141.354    0.009 0.0 0.0 
 141.380    0.010 0.0 0.0 
 141.409    0.011 0.0 0.0 
 141.439    0.012 0.0 0.0 
 141.470    0.012 0.0 0.0 
 141.500    0.013 0.0 0.0 
 141.531    0.014 0.0 0.0 
 141.561    0.014 0.0 0.0 
 141.590    0.015 0.0 0.0 
 141.621    0.016 0.0 0.0 
 141.652    0.016 0.0 0.0 
 141.682    0.017 0.0 0.0 
 141.712    0.017 0.0 0.0 
 141.741    0.017 0.0 0.0 
 141.774    0.017 0.0 0.0 
 141.803    0.018 0.0 0.0 
 141.833    0.018 0.0 0.0 
 141.863    0.018 0.0 0.0 
 141.893    0.018 0.0 0.0 
 141.923    0.019 0.0 0.0 
 141.953    0.019 0.0 0.0 
 141.984    0.019 0.0 0.0 
 142.015    0.019 0.0 0.0 
 142.045    0.019 0.0 0.0 
 142.075    0.019 0.0 0.0 
 142.106    0.019 0.0 0.0 
 142.136    0.019 0.0 0.0 
 142.166    0.019 0.0 0.0 
 142.196    0.018 0.0 0.0 
 142.227    0.018 0.0 0.0 
 142.256    0.018 0.0 0.0 
 142.290    0.017 0.0 0.0 
 142.320    0.017 0.0 0.0 
 142.348    0.017 0.0 0.0 
 142.381    0.016 0.0 0.0 
 142.408    0.016 0.0 0.0 
 142.442    0.015 0.0 0.0 
 142.469    0.014 0.0 0.0 
 142.502    0.014 0.0 0.0 
 142.533    0.013 0.0 0.0 
 142.559    0.013 0.0 0.0 
 142.589    0.012 0.0 0.0 
 142.620    0.012 0.0 0.0 
 142.651    0.011 0.0 0.0 
 142.681    0.010 0.0 0.0 
 142.711    0.010 0.0 0.0 
 142.740    0.009 0.0 0.0 
 142.771    0.008 0.0 0.0 
 142.802    0.007 0.0 0.0 
 142.831    0.007 0.0 0.0 
 142.862    0.006 0.0 0.0 
 142.893    0.005 0.0 0.0 
 142.922    0.004 0.0 0.0 
 142.952    0.003 0.0 0.0 
 142.983    0.002 0.0 0.0 
 143.014    0.001 0.0 0.0 
 143.043   -0.000 0.0 0.0 
 143.073   -0.001 0.0 0.0 
 143.104   -0.002 0.0 0.0 
 143.138   -0.003 0.0 0.0 
 143.168   -0.004 0.0 0.0 
 143.195   -0.005 0.0 0.0 
 143.225   -0.006 0.0 0.0 
 143.261   -0.006 0.0 0.0 
 143.285   -0.007 0.0 0.0 
 143.316   -0.008 0.0 0.0 
 143.346   -0.008 0.0 0.0 
 143.377   -0.009 0.0 0.0 
 143.406   -0.010 0.0 0.0 
 143.437   -0.011 0.0 0.0 
 143.467   -0.012 0.0 0.0 
 143.498   -0.012 0.0 0.0 
 143.530   -0.013 0.0 0.0 
 143.558   -0.014 0.0 0.0 
 143.590   -0.014 0.0 0.0 
 143.619   -0.015 0.0 0.0 
 143.649   -0.015 0.0 0.0 
 143.679   -0.016 0.0 0.0 
 143.710   -0.016 0.0 0.0 
 143.740   -0.016 0.0 0.0 
 143.769   -0.017 0.0 0.0 
 143.800   -0.017 0.0 0.0 
 143.830   -0.017 0.0 0.0 
 143.861   -0.017 0.0 0.0 
 143.891   -0.018 0.0 0.0 
 143.921   -0.018 0.0 0.0 
 143.952   -0.018 0.0 0.0 
 143.982   -0.018 0.0 0.0 
 144.013   -0.019 0.0 0.0 
 144.042   -0.019 0.0 0.0 
 144.073   -0.019 0.0 0.0 
 144.103   -0.019 0.0 0.0 
 144.133   -0.019 0.0 0.0 
 144.163   -0.018 0.0 0.0 
 144.193   -0.018 0.0 0.0 
 144.224   -0.018 0.0 0.0 
 144.254   -0.017 0.0 0.0 
 144.284   -0.016 0.0 0.0 
 144.315   -0.016 0.0 0.0 
 144.345   -0.015 0.0 0.0 
 144.376   -0.015 0.0 0.0 
 144.406   -0.014 0.0 0.0 
 144.436   -0.013 0.0 0.0 
 144.466   -0.012 0.0 0.0 
 144.497   -0.012 0.0 0.0 
 144.527   -0.011 0.0 0.0 
 144.558   -0.010 0.0 0.0 
 144.587   -0.010 0.0 0.0 
 144.617   -0.010 0.0 0.0 
 144.649   -0.009 0.0 0.0 
 144.678   -0.008 0.0 0.0 
 144.709   -0.008 0.0 0.0 
 144.739   -0.007 0.0 0.0 
 144.770   -0.007 0.0 0.0 
 144.800   -0.006 0.0 0.0 
 144.829   -0.005 0.0 0.0 
 144.860   -0.004 0.0 0.0 
 144.890   -0.003 0.0 0.0 
 144.921   -0.002 0.0 0.0 
 144.950   -0.001 0.0 0.0 
 144.981   -0.000 0.0 0.0 
 145.012    0.001 0.0 0.0 
 145.041    0.001 0.0 0.0 
 145.071    0.002 0.0 0.0 
 145.102    0.003 0.0 0.0 
 145.133    0.003 0.0 0.0 
 145.163    0.004 0.0 0.0 
 145.193    0.005 0.0 0.0 
 145.223    0.005 0.0 0.0 
 145.253    0.006 0.0 0.0 
 145.284    0.006 0.0 0.0 
 145.314    0.007 0.0 0.0 
 145.345    0.008 0.0 0.0 
 145.375    0.009 0.0 0.0 
 145.405    0.010 0.0 0.0 
 145.435    0.011 0.0 0.0 
 145.466    0.011 0.0 0.0 
 145.495    0.012 0.0 0.0 
 145.525    0.013 0.0 0.0 
 145.556    0.014 0.0 0.0 
 145.586    0.014 0.0 0.0 
 145.617    0.015 0.0 0.0 
 145.647    0.015 0.0 0.0 
 145.677    0.016 0.0 0.0 
 145.708    0.016 0.0 0.0 
 145.738    0.017 0.0 0.0 
 145.768    0.017 0.0 0.0 
 145.798    0.018 0.0 0.0 
 145.828    0.018 0.0 0.0 
 145.859    0.018 0.0 0.0 
 145.889    0.019 0.0 0.0 
 145.919    0.019 0.0 0.0 
 145.949    0.019 0.0 0.0 
 145.979    0.019 0.0 0.0 
 146.011    0.019 0.0 0.0 
 146.040    0.019 0.0 0.0 
 146.070    0.019 0.0 0.0 
 146.101    0.019 0.0 0.0 
 146.131    0.019 0.0 0.0 
 146.161    0.018 0.0 0.0 
 146.192    0.018 0.0 0.0 
 146.223    0.018 0.0 0.0 
 146.252    0.018 0.0 0.0 
 146.282    0.017 0.0 0.0 
 146.314    0.017 0.0 0.0 
 146.344    0.017 0.0 0.0 
 146.373    0.016 0.0 0.0 
 146.404    0.016 0.0 0.0 
 146.434    0.016 0.0 0.0 
 146.464    0.015 0.0 0.0 
 146.495    0.015 0.0 0.0 
 146.524    0.014 0.0 0.0 
 146.555    0.014 0.0 0.0 
 146.585    0.013 0.0 0.0 
 146.615    0.013 0.0 0.0 
 146.646    0.012 0.0 0.0 
 146.677    0.011 0.0 0.0 
 146.706    0.011 0.0 0.0 
 146.737    0.010 0.0 0.0 
 146.766    0.009 0.0 0.0 
 146.797    0.007 0.0 0.0 
 146.827    0.007 0.0 0.0 
 146.858    0.006 0.0 0.0 
 146.888    0.005 0.0 0.0 
 146.918    0.004 0.0 0.0 
 146.948    0.003 0.0 0.0 
 146.979    0.002 0.0 0.0 
 147.010    0.001 0.0 0.0 
 147.040    0.000 0.0 0.0 
 147.070   -0.000 0.0 0.0 
 147.100   -0.001 0.0 0.0 
 147.130   -0.002 0.0 0.0 
 147.160   -0.002 0.0 0.0 
 147.191   -0.003 0.0 0.0 
 147.221   -0.004 0.0 0.0 
 147.252   -0.005 0.0 0.0 
 147.282   -0.005 0.0 0.0 
 147.313   -0.006 0.0 0.0 
 147.343   -0.007 0.0 0.0 
 147.373   -0.008 0.0 0.0 
 147.403   -0.008 0.0 0.0 
 147.433   -0.009 0.0 0.0 
 147.463   -0.010 0.0 0.0 
 147.493   -0.011 0.0 0.0 
 147.525   -0.012 0.0 0.0 
 147.555   -0.013 0.0 0.0 
 147.585   -0.014 0.0 0.0 
 147.615   -0.014 0.0 0.0 
 147.645   -0.015 0.0 0.0 
 147.676   -0.016 0.0 0.0 
 147.705   -0.016 0.0 0.0 
 147.736   -0.017 0.0 0.0 
 147.767   -0.017 0.0 0.0 
 147.797   -0.017 0.0 0.0 
 147.828   -0.018 0.0 0.0 
 147.857   -0.018 0.0 0.0 
 147.888   -0.018 0.0 0.0 
 147.917   -0.018 0.0 0.0 
 147.948   -0.018 0.0 0.0 
 147.980   -0.018 0.0 0.0 
 148.008   -0.018 0.0 0.0 
 148.039   -0.018 0.0 0.0 
 148.069   -0.018 0.0 0.0 
 148.099   -0.018 0.0 0.0 
 148.129   -0.018 0.0 0.0 
 148.160   -0.018 0.0 0.0 
 148.191   -0.017 0.0 0.0 
 148.220   -0.017 0.0 0.0 
 148.251   -0.017 0.0 0.0 
 148.280   -0.017 0.0 0.0 
 148.311   -0.016 0.0 0.0 
 148.341   -0.016 0.0 0.0 
 148.372   -0.015 0.0 0.0 
 148.404   -0.015 0.0 0.0 
 148.432   -0.014 0.0 0.0 
 148.464   -0.014 0.0 0.0 
 148.493   -0.013 0.0 0.0 
 148.523   -0.013 0.0 0.0 
 148.554   -0.012 0.0 0.0 
 148.583   -0.011 0.0 0.0 
 148.614   -0.011 0.0 0.0 
 148.645   -0.010 0.0 0.0 
 148.675   -0.010 0.0 0.0 
 148.705   -0.009 0.0 0.0 
 148.736   -0.008 0.0 0.0 
 148.766   -0.007 0.0 0.0 
 148.796   -0.007 0.0 0.0 
 148.826   -0.006 0.0 0.0 
 148.856   -0.005 0.0 0.0 
 148.887   -0.004 0.0 0.0 
 148.916   -0.003 0.0 0.0 
 148.947   -0.002 0.0 0.0 
 148.977   -0.002 0.0 0.0 
 149.008   -0.001 0.0 0.0 
 149.038   -0.000 0.0 0.0 
 149.068    0.001 0.0 0.0 
 149.098    0.001 0.0 0.0 
 149.128    0.002 0.0 0.0 
 149.159    0.003 0.0 0.0 
 149.189    0.004 0.0 0.0 
 149.219    0.005 0.0 0.0 
 149.250    0.005 0.0 0.0 
 149.280    0.006 0.0 0.0 
 149.311    0.007 0.0 0.0 
 149.340    0.008 0.0 0.0 
 149.371    0.008 0.0 0.0 
 149.401    0.009 0.0 0.0 
 149.431    0.010 0.0 0.0 
 149.462    0.010 0.0 0.0 
 149.492    0.011 0.0 0.0 
 149.522    0.011 0.0 0.0 
 149.553    0.012 0.0 0.0 
 149.583    0.013 0.0 0.0 
 149.613    0.014 0.0 0.0 
 149.643    0.014 0.0 0.0 
 149.674    0.015 0.0 0.0 
 149.704    0.015 0.0 0.0 
 149.735    0.016 0.0 0.0 
 149.765    0.016 0.0 0.0 
 149.795    0.017 0.0 0.0 
 149.824    0.017 0.0 0.0 
 149.856    0.017 0.0 0.0 
 149.886    0.017 0.0 0.0 
 149.916    0.018 0.0 0.0 
 149.946    0.018 0.0 0.0 
 149.977    0.018 0.0 0.0 
 150.007    0.018 0.0 0.0 
 150.037    0.018 0.0 0.0 
 150.068    0.018 0.0 0.0 
 150.097    0.018 0.0 0.0 
 150.128    0.018 0.0 0.0 
 150.159    0.018 0.0 0.0 
 150.188    0.018 0.0 0.0 
 150.219    0.018 0.0 0.0 
 150.249    0.017 0.0 0.0 
 150.280    0.017 0.0 0.0 
 150.310    0.016 0.0 0.0 
 150.340    0.016 0.0 0.0 
 150.370    0.015 0.0 0.0 
 150.400    0.014 0.0 0.0 
 150.431    0.014 0.0 0.0 
 150.461    0.013 0.0 0.0 
 150.491    0.013 0.0 0.0 
 150.526    0.012 0.0 0.0 
 150.553    0.012 0.0 0.0 
 150.581    0.011 0.0 0.0 
 150.612    0.011 0.0 0.0 
 150.643    0.010 0.0 0.0 
 150.673    0.010 0.0 0.0 
 150.703    0.009 0.0 0.0 
 150.733    0.009 0.0 0.0 
 150.763    0.008 0.0 0.0 
 150.793    0.007 0.0 0.0 
 150.824    0.006 0.0 0.0 
 150.855    0.005 0.0 0.0 
 150.885    0.004 0.0 0.0 
 150.915    0.003 0.0 0.0 
 150.945    0.001 0.0 0.0 
 150.976    0.000 0.0 0.0 
 151.006   -0.001 0.0 0.0 
 151.037   -0.002 0.0 0.0 
 151.067   -0.004 0.0 0.0 
 151.097   -0.005 0.0 0.0 
 151.127   -0.005 0.0 0.0 
 151.158   -0.006 0.0 0.0 
 151.188   -0.006 0.0 0.0 
 151.218   -0.007 0.0 0.0 
 151.248   -0.007 0.0 0.0 
 151.279   -0.008 0.0 0.0 
 151.309   -0.008 0.0 0.0 
 151.339   -0.009 0.0 0.0 
 151.369   -0.009 0.0 0.0 
 151.400   -0.010 0.0 0.0 
 151.430   -0.010 0.0 0.0 
 151.460   -0.011 0.0 0.0 
 151.491   -0.011 0.0 0.0 
 151.522   -0.012 0.0 0.0 
 151.552   -0.013 0.0 0.0 
 151.581   -0.013 0.0 0.0 
 151.611   -0.014 0.0 0.0 
 151.643   -0.014 0.0 0.0 
 151.673   -0.015 0.0 0.0 
 151.702   -0.015 0.0 0.0 
 151.733   -0.016 0.0 0.0 
 151.768   -0.016 0.0 0.0 
 151.795   -0.016 0.0 0.0 
 151.823   -0.016 0.0 0.0 
 151.859   -0.017 0.0 0.0 
 151.885   -0.017 0.0 0.0 
 151.916   -0.017 0.0 0.0 
 151.944   -0.017 0.0 0.0 
 151.975   -0.017 0.0 0.0 
 152.010   -0.017 0.0 0.0 
 152.036   -0.018 0.0 0.0 
 152.071   -0.018 0.0 0.0 
 152.097   -0.018 0.0 0.0 
 152.131   -0.018 0.0 0.0 
 152.157   -0.017 0.0 0.0 
 152.188   -0.017 0.0 0.0 
 152.218   -0.017 0.0 0.0 
 152.248   -0.017 0.0 0.0 
 152.278   -0.017 0.0 0.0 
 152.313   -0.016 0.0 0.0 
 152.343   -0.016 0.0 0.0 
 152.368   -0.016 0.0 0.0 
 152.399   -0.015 0.0 0.0 
 152.429   -0.015 0.0 0.0 
 152.460   -0.014 0.0 0.0 
 152.495   -0.014 0.0 0.0 
 152.520   -0.013 0.0 0.0 
 152.551   -0.013 0.0 0.0 
 152.581   -0.012 0.0 0.0 
 152.612   -0.012 0.0 0.0 
 152.642   -0.011 0.0 0.0 
 152.671   -0.011 0.0 0.0 
 152.702   -0.010 0.0 0.0 
 152.737   -0.010 0.0 0.0 
 152.762   -0.009 0.0 0.0 
 152.798   -0.008 0.0 0.0 
 152.823   -0.007 0.0 0.0 
 152.853   -0.005 0.0 0.0 
 152.884   -0.004 0.0 0.0 
 152.914   -0.003 0.0 0.0 
 152.949   -0.002 0.0 0.0 
 152.975   -0.001 0.0 0.0 
 153.004    0.000 0.0 0.0 
 153.039    0.001 0.0 0.0 
 153.065    0.002 0.0 0.0 
 153.095    0.002 0.0 0.0 
 153.125    0.003 0.0 0.0 
 153.160    0.003 0.0 0.0 
 153.187    0.004 0.0 0.0 
 153.216    0.004 0.0 0.0 
 153.251    0.005 0.0 0.0 
 153.276    0.006 0.0 0.0 
 153.307    0.006 0.0 0.0 
 153.337    0.007 0.0 0.0 
 153.368    0.008 0.0 0.0 
 153.398    0.008 0.0 0.0 
 153.428    0.009 0.0 0.0 
 153.459    0.010 0.0 0.0 
 153.489    0.011 0.0 0.0 
 153.519    0.011 0.0 0.0 
 153.550    0.012 0.0 0.0 
 153.584    0.012 0.0 0.0 
 153.610    0.013 0.0 0.0 
 153.645    0.013 0.0 0.0 
 153.674    0.014 0.0 0.0 
 153.700    0.014 0.0 0.0 
 153.730    0.015 0.0 0.0 
 153.761    0.016 0.0 0.0 
 153.792    0.016 0.0 0.0 
 153.822    0.016 0.0 0.0 
 153.853    0.017 0.0 0.0 
 153.883    0.017 0.0 0.0 
 153.913    0.017 0.0 0.0 
 153.943    0.018 0.0 0.0 
 153.974    0.018 0.0 0.0 
 154.007    0.018 0.0 0.0 
 154.034    0.018 0.0 0.0 
 154.065    0.018 0.0 0.0 
 154.095    0.018 0.0 0.0 
 154.125    0.018 0.0 0.0 
 154.155    0.018 0.0 0.0 
 154.185    0.018 0.0 0.0 
 154.216    0.017 0.0 0.0 
 154.246    0.017 0.0 0.0 
 154.280    0.017 0.0 0.0 
 154.307    0.017 0.0 0.0 
 154.337    0.016 0.0 0.0 
 154.368    0.016 0.0 0.0 
 154.399    0.016 0.0 0.0 
 154.428    0.015 0.0 0.0 
 154.458    0.015 0.0 0.0 
 154.488    0.014 0.0 0.0 
 154.519    0.014 0.0 0.0 
 154.549    0.013 0.0 0.0 
 154.579    0.013 0.0 0.0 
 154.609    0.012 0.0 0.0 
 154.640    0.012 0.0 0.0 
 154.671    0.011 0.0 0.0 
 154.700    0.010 0.0 0.0 
 154.731    0.009 0.0 0.0 
 154.765    0.008 0.0 0.0 
 154.795    0.007 0.0 0.0 
 154.823    0.006 0.0 0.0 
 154.853    0.005 0.0 0.0 
 154.882    0.004 0.0 0.0 
 154.913    0.004 0.0 0.0 
 154.948    0.003 0.0 0.0 
 154.974    0.002 0.0 0.0 
 155.008    0.002 0.0 0.0 
 155.035    0.001 0.0 0.0 
 155.064    0.001 0.0 0.0 
 155.095   -0.000 0.0 0.0 
 155.126   -0.001 0.0 0.0 
 155.156   -0.002 0.0 0.0 
 155.186   -0.002 0.0 0.0 
 155.216   -0.003 0.0 0.0 
 155.251   -0.004 0.0 0.0 
 155.277   -0.005 0.0 0.0 
 155.307   -0.006 0.0 0.0 
 155.337   -0.006 0.0 0.0 
 155.367   -0.007 0.0 0.0 
 155.402   -0.008 0.0 0.0 
 155.428   -0.009 0.0 0.0 
 155.457   -0.009 0.0 0.0 
 155.489   -0.010 0.0 0.0 
 155.523   -0.011 0.0 0.0 
 155.548   -0.011 0.0 0.0 
 155.578   -0.012 0.0 0.0 
 155.608   -0.013 0.0 0.0 
 155.639   -0.013 0.0 0.0 
 155.670   -0.014 0.0 0.0 
 155.705   -0.014 0.0 0.0 
 155.731   -0.015 0.0 0.0 
 155.761   -0.015 0.0 0.0 
 155.791   -0.016 0.0 0.0 
 155.821   -0.016 0.0 0.0 
 155.852   -0.016 0.0 0.0 
 155.881   -0.017 0.0 0.0 
 155.916   -0.017 0.0 0.0 
 155.942   -0.017 0.0 0.0 
 155.972   -0.017 0.0 0.0 
 156.004   -0.017 0.0 0.0 
 156.038   -0.017 0.0 0.0 
 156.063   -0.017 0.0 0.0 
 156.093   -0.017 0.0 0.0 
 156.125   -0.017 0.0 0.0 
 156.158   -0.016 0.0 0.0 
 156.184   -0.016 0.0 0.0 
 156.214   -0.016 0.0 0.0 
 156.244   -0.016 0.0 0.0 
 156.275   -0.015 0.0 0.0 
 156.306   -0.015 0.0 0.0 
 156.340   -0.015 0.0 0.0 
 156.370   -0.015 0.0 0.0 
 156.401   -0.014 0.0 0.0 
 156.426   -0.014 0.0 0.0 
 156.456   -0.013 0.0 0.0 
 156.488   -0.013 0.0 0.0 
 156.522   -0.013 0.0 0.0 
 156.548   -0.012 0.0 0.0 
 156.578   -0.012 0.0 0.0 
 156.608   -0.012 0.0 0.0 
 156.639   -0.011 0.0 0.0 
 156.669   -0.011 0.0 0.0 
 156.704   -0.010 0.0 0.0 
 156.730   -0.009 0.0 0.0 
 156.764   -0.008 0.0 0.0 
 156.795   -0.008 0.0 0.0 
 156.819   -0.007 0.0 0.0 
 156.850   -0.006 0.0 0.0 
 156.885   -0.005 0.0 0.0 
 156.911   -0.004 0.0 0.0 
 156.941   -0.003 0.0 0.0 
 156.972   -0.002 0.0 0.0 
 157.002   -0.001 0.0 0.0 
 157.036   -0.001 0.0 0.0 
 157.062   -0.000 0.0 0.0 
 157.093    0.001 0.0 0.0 
 157.123    0.001 0.0 0.0 
 157.152    0.002 0.0 0.0 
 157.183    0.002 0.0 0.0 
 157.213    0.003 0.0 0.0 
 157.244    0.004 0.0 0.0 
 157.274    0.005 0.0 0.0 
 157.304    0.006 0.0 0.0 
 157.334    0.007 0.0 0.0 
 157.369    0.008 0.0 0.0 
 157.395    0.008 0.0 0.0 
 157.426    0.009 0.0 0.0 
 157.457    0.010 0.0 0.0 
 157.485    0.011 0.0 0.0 
 157.516    0.012 0.0 0.0 
 157.547    0.012 0.0 0.0 
 157.577    0.013 0.0 0.0 
 157.607    0.013 0.0 0.0 
 157.637    0.013 0.0 0.0 
 157.672    0.014 0.0 0.0 
 157.698    0.014 0.0 0.0 
 157.732    0.015 0.0 0.0 
 157.757    0.015 0.0 0.0 
 157.788    0.015 0.0 0.0 
 157.819    0.016 0.0 0.0 
 157.853    0.016 0.0 0.0 
 157.879    0.016 0.0 0.0 
 157.914    0.017 0.0 0.0 
 157.940    0.017 0.0 0.0 
 157.975    0.017 0.0 0.0 
 158.001    0.017 0.0 0.0 
 158.035    0.018 0.0 0.0 
 158.061    0.018 0.0 0.0 
 158.095    0.018 0.0 0.0 
 158.121    0.018 0.0 0.0 
 158.151    0.017 0.0 0.0 
 158.186    0.017 0.0 0.0 
 158.213    0.017 0.0 0.0 
 158.247    0.017 0.0 0.0 
 158.272    0.016 0.0 0.0 
 158.302    0.016 0.0 0.0 
 158.338    0.016 0.0 0.0 
 158.363    0.016 0.0 0.0 
 158.394    0.015 0.0 0.0 
 158.424    0.015 0.0 0.0 
 158.454    0.014 0.0 0.0 
 158.485    0.014 0.0 0.0 
 158.520    0.014 0.0 0.0 
 158.545    0.013 0.0 0.0 
 158.575    0.012 0.0 0.0 
 158.609    0.012 0.0 0.0 
 158.637    0.011 0.0 0.0 
 158.666    0.010 0.0 0.0 
 158.701    0.010 0.0 0.0 
 158.726    0.009 0.0 0.0 
 158.758    0.009 0.0 0.0 
 158.791    0.008 0.0 0.0 
 158.817    0.007 0.0 0.0 
 158.852    0.007 0.0 0.0 
 158.878    0.006 0.0 0.0 
 158.909    0.005 0.0 0.0 
 158.938    0.005 0.0 0.0 
 158.970    0.004 0.0 0.0 
 158.999    0.003 0.0 0.0 
 159.029    0.002 0.0 0.0 
 159.064    0.002 0.0 0.0 
 159.090    0.001 0.0 0.0 
 159.119   -0.000 0.0 0.0 
 159.155   -0.002 0.0 0.0 
 159.180   -0.003 0.0 0.0 
 159.215   -0.004 0.0 0.0 
 159.241   -0.004 0.0 0.0 
 159.272   -0.005 0.0 0.0 
 159.307   -0.006 0.0 0.0 
 159.331   -0.007 0.0 0.0 
 159.362   -0.008 0.0 0.0 
 159.393   -0.009 0.0 0.0 
 159.428   -0.009 0.0 0.0 
 159.453   -0.010 0.0 0.0 
 159.483   -0.010 0.0 0.0 
 159.515   -0.010 0.0 0.0 
 159.549   -0.011 0.0 0.0 
 159.574   -0.011 0.0 0.0 
 159.609   -0.012 0.0 0.0 
 159.635   -0.013 0.0 0.0 
 159.666   -0.013 0.0 0.0 
 159.696   -0.014 0.0 0.0 
 159.730   -0.014 0.0 0.0 
 159.756   -0.015 0.0 0.0 
 159.786   -0.015 0.0 0.0 
 159.817   -0.016 0.0 0.0 
 159.847   -0.016 0.0 0.0 
 159.877   -0.017 0.0 0.0 
 159.907   -0.017 0.0 0.0 
 159.939   -0.017 0.0 0.0 
 159.968   -0.017 0.0 0.0 
 159.998   -0.017 0.0 0.0 
 160.029   -0.017 0.0 0.0 
 160.059   -0.017 0.0 0.0 
 160.090   -0.017 0.0 0.0 
 160.119   -0.017 0.0 0.0 
 160.152   -0.017 0.0 0.0 
 160.185   -0.017 0.0 0.0 
 160.212   -0.017 0.0 0.0 
 160.245   -0.017 0.0 0.0 
 160.272   -0.017 0.0 0.0 
 160.306   -0.017 0.0 0.0 
 160.332   -0.016 0.0 0.0 
 160.367   -0.016 0.0 0.0 
 160.397   -0.015 0.0 0.0 
 160.426   -0.015 0.0 0.0 
 160.456   -0.014 0.0 0.0 
 160.484   -0.014 0.0 0.0 
 160.518   -0.013 0.0 0.0 
 160.549   -0.013 0.0 0.0 
 160.574   -0.012 0.0 0.0 
 160.605   -0.012 0.0 0.0 
 160.635   -0.011 0.0 0.0 
 160.666   -0.011 0.0 0.0 
 160.701   -0.010 0.0 0.0 
 160.725   -0.010 0.0 0.0 
 160.756   -0.009 0.0 0.0 
 160.792   -0.009 0.0 0.0 
 160.821   -0.008 0.0 0.0 
 160.849   -0.007 0.0 0.0 
 160.877   -0.006 0.0 0.0 
 160.911   -0.005 0.0 0.0 
 160.943   -0.004 0.0 0.0 
 160.968   -0.004 0.0 0.0 
 161.000   -0.003 0.0 0.0 
 161.034   -0.002 0.0 0.0 
 161.059   -0.001 0.0 0.0 
 161.089    0.000 0.0 0.0 
 161.119    0.001 0.0 0.0 
 161.149    0.002 0.0 0.0 
 161.180    0.003 0.0 0.0 
 161.210    0.004 0.0 0.0 
 161.241    0.005 0.0 0.0 
 161.276    0.006 0.0 0.0 
 161.306    0.007 0.0 0.0 
 161.332    0.007 0.0 0.0 
 161.361    0.008 0.0 0.0 
 161.392    0.008 0.0 0.0 
 161.422    0.009 0.0 0.0 
 161.452    0.009 0.0 0.0 
 161.484    0.010 0.0 0.0 
 161.518    0.011 0.0 0.0 
 161.543    0.011 0.0 0.0 
 161.574    0.012 0.0 0.0 
 161.603    0.013 0.0 0.0 
 161.634    0.013 0.0 0.0 
 161.664    0.014 0.0 0.0 
 161.695    0.014 0.0 0.0 
 161.726    0.015 0.0 0.0 
 161.755    0.015 0.0 0.0 
 161.785    0.016 0.0 0.0 
 161.815    0.016 0.0 0.0 
 161.851    0.016 0.0 0.0 
 161.881    0.016 0.0 0.0 
 161.907    0.016 0.0 0.0 
 161.937    0.017 0.0 0.0 
 161.967    0.017 0.0 0.0 
 162.002    0.017 0.0 0.0 
 162.028    0.017 0.0 0.0 
 162.058    0.017 0.0 0.0 
 162.093    0.017 0.0 0.0 
 162.118    0.017 0.0 0.0 
 162.154    0.017 0.0 0.0 
 162.184    0.017 0.0 0.0 
 162.210    0.017 0.0 0.0 
 162.240    0.017 0.0 0.0 
 162.270    0.017 0.0 0.0 
 162.305    0.017 0.0 0.0 
 162.331    0.016 0.0 0.0 
 162.362    0.016 0.0 0.0 
 162.391    0.016 0.0 0.0 
 162.425    0.015 0.0 0.0 
 162.452    0.015 0.0 0.0 
 162.486    0.014 0.0 0.0 
 162.512    0.013 0.0 0.0 
 162.547    0.013 0.0 0.0 
 162.573    0.012 0.0 0.0 
 162.608    0.011 0.0 0.0 
 162.633    0.010 0.0 0.0 
 162.664    0.009 0.0 0.0 
 162.694    0.009 0.0 0.0 
 162.724    0.008 0.0 0.0 
 162.754    0.008 0.0 0.0 
 162.789    0.007 0.0 0.0 
 162.815    0.007 0.0 0.0 
 162.845    0.006 0.0 0.0 
 162.876    0.006 0.0 0.0 
 162.906    0.005 0.0 0.0 
 162.941    0.005 0.0 0.0 
 162.972    0.004 0.0 0.0 
 162.998    0.003 0.0 0.0 
 163.032    0.002 0.0 0.0 
 163.057    0.002 0.0 0.0 
 163.092    0.001 0.0 0.0 
 163.118    0.000 0.0 0.0 
 163.147   -0.001 0.0 0.0 
 163.183   -0.001 0.0 0.0 
 163.214   -0.002 0.0 0.0 
 163.239   -0.003 0.0 0.0 
 163.269   -0.004 0.0 0.0 
 163.300   -0.005 0.0 0.0 
 163.330   -0.005 0.0 0.0 
 163.365   -0.006 0.0 0.0 
 163.391   -0.007 0.0 0.0 
 163.420   -0.007 0.0 0.0 
 163.451   -0.008 0.0 0.0 
 163.487   -0.009 0.0 0.0 
 163.512   -0.010 0.0 0.0 
 163.542   -0.010 0.0 0.0 
 163.573   -0.011 0.0 0.0 
 163.604   -0.011 0.0 0.0 
 163.633   -0.012 0.0 0.0 
 163.668   -0.012 0.0 0.0 
 163.694   -0.013 0.0 0.0 
 163.724   -0.013 0.0 0.0 
 163.758   -0.014 0.0 0.0 
 163.785   -0.014 0.0 0.0 
 163.820   -0.015 0.0 0.0 
 163.850   -0.015 0.0 0.0 
 163.880   -0.015 0.0 0.0 
 163.906   -0.016 0.0 0.0 
 163.936   -0.016 0.0 0.0 
 163.966   -0.016 0.0 0.0 
 163.996   -0.016 0.0 0.0 
 164.027   -0.016 0.0 0.0 
 164.057   -0.017 0.0 0.0 
 164.089   -0.017 0.0 0.0 
 164.118   -0.017 0.0 0.0 
 164.151   -0.017 0.0 0.0 
 164.179   -0.017 0.0 0.0 
 164.213   -0.016 0.0 0.0 
 164.243   -0.016 0.0 0.0 
 164.273   -0.016 0.0 0.0 
 164.300   -0.016 0.0 0.0 
 164.335   -0.016 0.0 0.0 
 164.364   -0.015 0.0 0.0 
 164.395   -0.015 0.0 0.0 
 164.420   -0.015 0.0 0.0 
 164.456   -0.014 0.0 0.0 
 164.481   -0.014 0.0 0.0 
 164.511   -0.013 0.0 0.0 
 164.541   -0.012 0.0 0.0 
 164.572   -0.012 0.0 0.0 
 164.607   -0.011 0.0 0.0 
 164.633   -0.010 0.0 0.0 
 164.662   -0.009 0.0 0.0 
 164.698   -0.008 0.0 0.0 
 164.728   -0.007 0.0 0.0 
 164.752   -0.007 0.0 0.0 
 164.788   -0.006 0.0 0.0 
 164.813   -0.005 0.0 0.0 
 164.843   -0.004 0.0 0.0 
 164.874   -0.004 0.0 0.0 
 164.905   -0.003 0.0 0.0 
 164.938   -0.003 0.0 0.0 
 164.969   -0.002 0.0 0.0 
 164.996   -0.002 0.0 0.0 
 165.025   -0.001 0.0 0.0 
 165.061   -0.000 0.0 0.0 
 165.086    0.001 0.0 0.0 
 165.116    0.001 0.0 0.0 
 165.147    0.002 0.0 0.0 
 165.181    0.003 0.0 0.0 
 165.211    0.004 0.0 0.0 
 165.241    0.005 0.0 0.0 
 165.272    0.005 0.0 0.0 
 165.297    0.006 0.0 0.0 
 165.332    0.007 0.0 0.0 
 165.358    0.008 0.0 0.0 
 165.388    0.008 0.0 0.0 
 165.420    0.009 0.0 0.0 
 165.449    0.009 0.0 0.0 
 165.484    0.010 0.0 0.0 
 165.514    0.010 0.0 0.0 
 165.540    0.011 0.0 0.0 
 165.574    0.011 0.0 0.0 
 165.605    0.012 0.0 0.0 
 165.631    0.012 0.0 0.0 
 165.665    0.012 0.0 0.0 
 165.691    0.013 0.0 0.0 
 165.722    0.013 0.0 0.0 
 165.751    0.014 0.0 0.0 
 165.781    0.014 0.0 0.0 
 165.816    0.015 0.0 0.0 
 165.847    0.015 0.0 0.0 
 165.873    0.015 0.0 0.0 
 165.906    0.016 0.0 0.0 
 165.933    0.016 0.0 0.0 
 165.964    0.016 0.0 0.0 
 165.998    0.016 0.0 0.0 
 166.024    0.016 0.0 0.0 
 166.054    0.016 0.0 0.0 
 166.088    0.017 0.0 0.0 
 166.114    0.017 0.0 0.0 
 166.145    0.017 0.0 0.0 
 166.175    0.017 0.0 0.0 
 166.210    0.017 0.0 0.0 
 166.240    0.016 0.0 0.0 
 166.268    0.016 0.0 0.0 
 166.296    0.016 0.0 0.0 
 166.331    0.016 0.0 0.0 
 166.357    0.016 0.0 0.0 
 166.391    0.015 0.0 0.0 
 166.422    0.015 0.0 0.0 
 166.449    0.015 0.0 0.0 
 166.479    0.014 0.0 0.0 
 166.509    0.014 0.0 0.0 
 166.540    0.013 0.0 0.0 
 166.569    0.013 0.0 0.0 
 166.604    0.012 0.0 0.0 
 166.630    0.012 0.0 0.0 
 166.660    0.011 0.0 0.0 
 166.690    0.010 0.0 0.0 
 166.721    0.010 0.0 0.0 
 166.755    0.009 0.0 0.0 
 166.782    0.008 0.0 0.0 
 166.812    0.008 0.0 0.0 
 166.846    0.007 0.0 0.0 
 166.872    0.006 0.0 0.0 
 166.907    0.006 0.0 0.0 
 166.937    0.005 0.0 0.0 
 166.962    0.004 0.0 0.0 
 166.992    0.003 0.0 0.0 
 167.023    0.003 0.0 0.0 
 167.053    0.002 0.0 0.0 
 167.088    0.001 0.0 0.0 
 167.118    0.000 0.0 0.0 
 167.149   -0.001 0.0 0.0 
 167.179   -0.002 0.0 0.0 
 167.209   -0.002 0.0 0.0 
 167.239   -0.003 0.0 0.0 
 167.265   -0.004 0.0 0.0 
 167.297   -0.004 0.0 0.0 
 167.330   -0.005 0.0 0.0 
 167.360   -0.006 0.0 0.0 
 167.386   -0.006 0.0 0.0 
 167.421   -0.007 0.0 0.0 
 167.447   -0.008 0.0 0.0 
 167.477   -0.009 0.0 0.0 
 167.511   -0.009 0.0 0.0 
 167.542   -0.010 0.0 0.0 
 167.567   -0.011 0.0 0.0 
 167.602   -0.011 0.0 0.0 
 167.628   -0.012 0.0 0.0 
 167.659   -0.013 0.0 0.0 
 167.689   -0.013 0.0 0.0 
 167.719   -0.014 0.0 0.0 
 167.754   -0.014 0.0 0.0 
 167.781   -0.015 0.0 0.0 
 167.809   -0.015 0.0 0.0 
 167.844   -0.015 0.0 0.0 
 167.870   -0.016 0.0 0.0 
 167.905   -0.016 0.0 0.0 
 167.930   -0.016 0.0 0.0 
 167.965   -0.016 0.0 0.0 
 167.991   -0.016 0.0 0.0 
 168.021   -0.016 0.0 0.0 
 168.053   -0.016 0.0 0.0 
 168.082   -0.016 0.0 0.0 
 168.116   -0.016 0.0 0.0 
 168.142   -0.016 0.0 0.0 
 168.177   -0.016 0.0 0.0 
 168.203   -0.016 0.0 0.0 
 168.238   -0.016 0.0 0.0 
 168.268   -0.016 0.0 0.0 
 168.294   -0.015 0.0 0.0 
 168.324   -0.015 0.0 0.0 
 168.359   -0.015 0.0 0.0 
 168.385   -0.014 0.0 0.0 
 168.420   -0.014 0.0 0.0 
 168.450   -0.014 0.0 0.0 
 168.475   -0.013 0.0 0.0 
 168.505   -0.013 0.0 0.0 
 168.540   -0.013 0.0 0.0 
 168.566   -0.012 0.0 0.0 
 168.597   -0.012 0.0 0.0 
 168.627   -0.011 0.0 0.0 
 168.657   -0.011 0.0 0.0 
 168.692   -0.010 0.0 0.0 
 168.722   -0.010 0.0 0.0 
 168.748   -0.010 0.0 0.0 
 168.778   -0.009 0.0 0.0 
 168.812   -0.008 0.0 0.0 
 168.843   -0.008 0.0 0.0 
 168.874   -0.007 0.0 0.0 
 168.900   -0.006 0.0 0.0 
 168.930   -0.006 0.0 0.0 
 168.960   -0.005 0.0 0.0 
 168.990   -0.004 0.0 0.0 
 169.025   -0.003 0.0 0.0 
 169.052   -0.002 0.0 0.0 
 169.087   -0.001 0.0 0.0 
 169.113    0.000 0.0 0.0 
 169.142    0.001 0.0 0.0 
 169.172    0.002 0.0 0.0 
 169.202    0.003 0.0 0.0 
 169.232    0.003 0.0 0.0 
 169.262    0.004 0.0 0.0 
 169.293    0.005 0.0 0.0 
 169.324    0.005 0.0 0.0 
 169.353    0.006 0.0 0.0 
 169.383    0.007 0.0 0.0 
 169.419    0.008 0.0 0.0 
 169.445    0.009 0.0 0.0 
 169.475    0.010 0.0 0.0 
 169.510    0.010 0.0 0.0 
 169.536    0.011 0.0 0.0 
 169.566    0.012 0.0 0.0 
 169.600    0.013 0.0 0.0 
 169.626    0.014 0.0 0.0 
 169.656    0.014 0.0 0.0 
 169.687    0.014 0.0 0.0 
 169.718    0.015 0.0 0.0 
 169.752    0.015 0.0 0.0 
 169.777    0.015 0.0 0.0 
 169.808    0.015 0.0 0.0 
 169.839    0.015 0.0 0.0 
 169.873    0.015 0.0 0.0 
 169.899    0.016 0.0 0.0 
 169.933    0.016 0.0 0.0 
 169.960    0.016 0.0 0.0 
 169.989    0.016 0.0 0.0 
 170.020    0.016 0.0 0.0 
 170.049    0.016 0.0 0.0 
 170.080    0.016 0.0 0.0 
 170.115    0.016 0.0 0.0 
 170.141    0.016 0.0 0.0 
 170.175    0.016 0.0 0.0 
 170.202    0.016 0.0 0.0 
 170.236    0.016 0.0 0.0 
 170.266    0.016 0.0 0.0 
 170.292    0.016 0.0 0.0 
 170.323    0.015 0.0 0.0 
 170.353    0.015 0.0 0.0 
 170.387    0.015 0.0 0.0 
 170.414    0.014 0.0 0.0 
 170.449    0.014 0.0 0.0 
 170.478    0.014 0.0 0.0 
 170.504    0.013 0.0 0.0 
 170.534    0.013 0.0 0.0 
 170.564    0.012 0.0 0.0 
 170.595    0.012 0.0 0.0 
 170.626    0.011 0.0 0.0 
 170.655    0.011 0.0 0.0 
 170.690    0.010 0.0 0.0 
 170.721    0.010 0.0 0.0 
 170.747    0.009 0.0 0.0 
 170.781    0.009 0.0 0.0 
 170.806    0.008 0.0 0.0 
 170.839    0.007 0.0 0.0 
 170.872    0.006 0.0 0.0 
 170.897    0.006 0.0 0.0 
 170.931    0.005 0.0 0.0 
 170.958    0.004 0.0 0.0 
 170.988    0.004 0.0 0.0 
 171.018    0.003 0.0 0.0 
 171.049    0.002 0.0 0.0 
 171.079    0.001 0.0 0.0 
 171.114   -0.000 0.0 0.0 
 171.144   -0.001 0.0 0.0 
 171.170   -0.002 0.0 0.0 
 171.200   -0.003 0.0 0.0 
 171.235   -0.004 0.0 0.0 
 171.261   -0.005 0.0 0.0 
 171.292   -0.006 0.0 0.0 
 171.326   -0.007 0.0 0.0 
 171.351   -0.008 0.0 0.0 
 171.382   -0.008 0.0 0.0 
 171.412   -0.008 0.0 0.0 
 171.442   -0.009 0.0 0.0 
 171.472   -0.009 0.0 0.0 
 171.503   -0.010 0.0 0.0 
 171.533   -0.010 0.0 0.0 
 171.566   -0.011 0.0 0.0 
 171.594   -0.011 0.0 0.0 
 171.624   -0.011 0.0 0.0 
 171.659   -0.012 0.0 0.0 
 171.684   -0.012 0.0 0.0 
 171.720   -0.013 0.0 0.0 
 171.745   -0.013 0.0 0.0 
 171.776   -0.013 0.0 0.0 
 171.805   -0.014 0.0 0.0 
 171.836   -0.014 0.0 0.0 
 171.866   -0.015 0.0 0.0 
 171.896   -0.015 0.0 0.0 
 171.927   -0.015 0.0 0.0 
 171.957   -0.016 0.0 0.0 
 171.987   -0.016 0.0 0.0 
 172.017   -0.016 0.0 0.0 
 172.048   -0.016 0.0 0.0 
 172.078   -0.016 0.0 0.0 
 172.113   -0.016 0.0 0.0 
 172.143   -0.016 0.0 0.0 
 172.173   -0.016 0.0 0.0 
 172.199   -0.016 0.0 0.0 
 172.234   -0.015 0.0 0.0 
 172.260   -0.015 0.0 0.0 
 172.290   -0.015 0.0 0.0 
 172.320   -0.014 0.0 0.0 
 172.350   -0.014 0.0 0.0 
 172.385   -0.013 0.0 0.0 
 172.412   -0.013 0.0 0.0 
 172.446   -0.012 0.0 0.0 
 172.472   -0.012 0.0 0.0 
 172.502   -0.012 0.0 0.0 
 172.533   -0.011 0.0 0.0 
 172.568   -0.011 0.0 0.0 
 172.593   -0.010 0.0 0.0 
 172.623   -0.010 0.0 0.0 
 172.653   -0.010 0.0 0.0 
 172.683   -0.009 0.0 0.0 
 172.718   -0.009 0.0 0.0 
 172.743   -0.008 0.0 0.0 
 172.779   -0.007 0.0 0.0 
 172.805   -0.007 0.0 0.0 
 172.836   -0.006 0.0 0.0 
 172.865   -0.006 0.0 0.0 
 172.895   -0.005 0.0 0.0 
 172.925   -0.005 0.0 0.0 
 172.957   -0.004 0.0 0.0 
 172.991   -0.003 0.0 0.0 
 173.021   -0.002 0.0 0.0 
 173.046   -0.002 0.0 0.0 
 173.076   -0.001 0.0 0.0 
 173.110   -0.000 0.0 0.0 
 173.138    0.000 0.0 0.0 
 173.173    0.001 0.0 0.0 
 173.199    0.002 0.0 0.0 
 173.227    0.003 0.0 0.0 
 173.257    0.003 0.0 0.0 
 173.293    0.004 0.0 0.0 
 173.319    0.005 0.0 0.0 
 173.349    0.005 0.0 0.0 
 173.379    0.006 0.0 0.0 
 173.414    0.006 0.0 0.0 
 173.444    0.007 0.0 0.0 
 173.474    0.008 0.0 0.0 
 173.501    0.008 0.0 0.0 
 173.535    0.009 0.0 0.0 
 173.565    0.010 0.0 0.0 
 173.591    0.010 0.0 0.0 
 173.621    0.011 0.0 0.0 
 173.651    0.011 0.0 0.0 
 173.681    0.012 0.0 0.0 
 173.716    0.012 0.0 0.0 
 173.742    0.013 0.0 0.0 
 173.773    0.013 0.0 0.0 
 173.803    0.014 0.0 0.0 
 173.833    0.014 0.0 0.0 
 173.863    0.015 0.0 0.0 
 173.893    0.015 0.0 0.0 
 173.924    0.015 0.0 0.0 
 173.958    0.015 0.0 0.0 
 173.985    0.016 0.0 0.0 
 174.020    0.016 0.0 0.0 
 174.045    0.016 0.0 0.0 
 174.075    0.016 0.0 0.0 
 174.106    0.016 0.0 0.0 
 174.137    0.016 0.0 0.0 
 174.167    0.016 0.0 0.0 
 174.201    0.016 0.0 0.0 
 174.227    0.015 0.0 0.0 
 174.257    0.015 0.0 0.0 
 174.286    0.015 0.0 0.0 
 174.317    0.015 0.0 0.0 
 174.349    0.015 0.0 0.0 
 174.377    0.015 0.0 0.0 
 174.408    0.014 0.0 0.0 
 174.443    0.014 0.0 0.0 
 174.473    0.013 0.0 0.0 
 174.499    0.013 0.0 0.0 
 174.534    0.013 0.0 0.0 
 174.560    0.012 0.0 0.0 
 174.589    0.012 0.0 0.0 
 174.625    0.011 0.0 0.0 
 174.655    0.011 0.0 0.0 
 174.681    0.010 0.0 0.0 
 174.711    0.010 0.0 0.0 
 174.741    0.009 0.0 0.0 
 174.773    0.009 0.0 0.0 
 174.802    0.008 0.0 0.0 
 174.832    0.007 0.0 0.0 
 174.867    0.007 0.0 0.0 
 174.892    0.006 0.0 0.0 
 174.928    0.005 0.0 0.0 
 174.953    0.005 0.0 0.0 
 174.983    0.004 0.0 0.0 
 175.014    0.003 0.0 0.0 
 175.044    0.002 0.0 0.0 
 175.074    0.002 0.0 0.0 
 175.105    0.001 0.0 0.0 
 175.135   -0.000 0.0 0.0 
 175.165   -0.001 0.0 0.0 
 175.194   -0.002 0.0 0.0 
 175.226   -0.003 0.0 0.0 
 175.255   -0.004 0.0 0.0 
 175.291   -0.005 0.0 0.0 
 175.316   -0.005 0.0 0.0 
 175.346   -0.006 0.0 0.0 
 175.377   -0.007 0.0 0.0 
 175.407   -0.008 0.0 0.0 
 175.437   -0.008 0.0 0.0 
 175.468   -0.009 0.0 0.0 
 175.498   -0.009 0.0 0.0 
 175.533   -0.010 0.0 0.0 
 175.559   -0.010 0.0 0.0 
 175.589   -0.011 0.0 0.0 
 175.620   -0.011 0.0 0.0 
 175.649   -0.012 0.0 0.0 
 175.680   -0.012 0.0 0.0 
 175.710   -0.012 0.0 0.0 
 175.740   -0.013 0.0 0.0 
 175.771   -0.013 0.0 0.0 
 175.801   -0.014 0.0 0.0 
 175.836   -0.014 0.0 0.0 
 175.861   -0.014 0.0 0.0 
 175.896   -0.015 0.0 0.0 
 175.927   -0.015 0.0 0.0 
 175.952   -0.015 0.0 0.0 
 175.982   -0.016 0.0 0.0 
 176.019   -0.016 0.0 0.0 
 176.043   -0.016 0.0 0.0 
 176.073   -0.016 0.0 0.0 
 176.103   -0.016 0.0 0.0 
 176.134   -0.016 0.0 0.0 
 176.164   -0.016 0.0 0.0 
 176.199   -0.016 0.0 0.0 
 176.225   -0.016 0.0 0.0 
 176.255   -0.016 0.0 0.0 
 176.286   -0.016 0.0 0.0 
 176.316   -0.016 0.0 0.0 
 176.346   -0.015 0.0 0.0 
 176.376   -0.015 0.0 0.0 
 176.411   -0.015 0.0 0.0 
 176.442   -0.014 0.0 0.0 
 176.467   -0.014 0.0 0.0 
 176.497   -0.013 0.0 0.0 
 176.528   -0.013 0.0 0.0 
 176.563   -0.012 0.0 0.0 
 176.588   -0.012 0.0 0.0 
 176.618   -0.011 0.0 0.0 
 176.649   -0.011 0.0 0.0 
 176.679   -0.010 0.0 0.0 
 176.710   -0.010 0.0 0.0 
 176.744   -0.009 0.0 0.0 
 176.771   -0.008 0.0 0.0 
 176.804   -0.008 0.0 0.0 
 176.835   -0.007 0.0 0.0 
 176.861   -0.006 0.0 0.0 
 176.896   -0.005 0.0 0.0 
 176.925   -0.004 0.0 0.0 
 176.952   -0.004 0.0 0.0 
 176.986   -0.003 0.0 0.0 
 177.012   -0.002 0.0 0.0 
 177.042   -0.002 0.0 0.0 
 177.073   -0.001 0.0 0.0 
 177.102   -0.001 0.0 0.0 
 177.132   -0.000 0.0 0.0 
 177.163    0.000 0.0 0.0 
 177.192    0.001 0.0 0.0 
 177.224    0.001 0.0 0.0 
 177.259    0.002 0.0 0.0 
 177.288    0.003 0.0 0.0 
 177.314    0.004 0.0 0.0 
 177.345    0.005 0.0 0.0 
 177.375    0.006 0.0 0.0 
 177.405    0.006 0.0 0.0 
 177.436    0.007 0.0 0.0 
 177.466    0.008 0.0 0.0 
 177.496    0.009 0.0 0.0 
 177.526    0.010 0.0 0.0 
 177.556    0.010 0.0 0.0 
 177.592    0.010 0.0 0.0 
 177.616    0.011 0.0 0.0 
 177.648    0.011 0.0 0.0 
 177.678    0.012 0.0 0.0 
 177.707    0.012 0.0 0.0 
 177.738    0.013 0.0 0.0 
 177.769    0.013 0.0 0.0 
 177.798    0.014 0.0 0.0 
 177.832    0.014 0.0 0.0 
 177.859    0.014 0.0 0.0 
 177.889    0.015 0.0 0.0 
 177.924    0.015 0.0 0.0 
 177.954    0.015 0.0 0.0 
 177.984    0.015 0.0 0.0 
 178.015    0.015 0.0 0.0 
 178.041    0.015 0.0 0.0 
 178.071    0.015 0.0 0.0 
 178.101    0.015 0.0 0.0 
 178.136    0.015 0.0 0.0 
 178.163    0.015 0.0 0.0 
 178.192    0.015 0.0 0.0 
 178.222    0.015 0.0 0.0 
 178.257    0.015 0.0 0.0 
 178.282    0.015 0.0 0.0 
 178.313    0.015 0.0 0.0 
 178.347    0.015 0.0 0.0 
 178.373    0.015 0.0 0.0 
 178.404    0.015 0.0 0.0 
 178.434    0.014 0.0 0.0 
 178.464    0.014 0.0 0.0 
 178.499    0.013 0.0 0.0 
 178.524    0.013 0.0 0.0 
 178.555    0.012 0.0 0.0 
 178.590    0.011 0.0 0.0 
 178.616    0.011 0.0 0.0 
 178.649    0.010 0.0 0.0 
 178.681    0.010 0.0 0.0 
 178.706    0.009 0.0 0.0 
 178.736    0.008 0.0 0.0 
 178.767    0.008 0.0 0.0 
 178.797    0.007 0.0 0.0 
 178.826    0.007 0.0 0.0 
 178.857    0.007 0.0 0.0 
 178.892    0.006 0.0 0.0 
 178.918    0.006 0.0 0.0 
 178.948    0.005 0.0 0.0 
 178.979    0.004 0.0 0.0 
 179.009    0.004 0.0 0.0 
 179.038    0.003 0.0 0.0 
 179.074    0.002 0.0 0.0 
 179.100    0.001 0.0 0.0 
 179.130    0.001 0.0 0.0 
 179.161   -0.000 0.0 0.0 
 179.195   -0.001 0.0 0.0 
 179.221   -0.002 0.0 0.0 
 179.251   -0.003 0.0 0.0 
 179.282   -0.003 0.0 0.0 
 179.312   -0.004 0.0 0.0 
 179.347   -0.005 0.0 0.0 
 179.378   -0.005 0.0 0.0 
 179.407   -0.006 0.0 0.0 
 179.433   -0.006 0.0 0.0 
 179.464   -0.007 0.0 0.0 
 179.494   -0.008 0.0 0.0 
 179.524   -0.008 0.0 0.0 
 179.555   -0.009 0.0 0.0 
 179.589   -0.010 0.0 0.0 
 179.620   -0.010 0.0 0.0 
 179.645   -0.011 0.0 0.0 
 179.675   -0.011 0.0 0.0 
 179.706   -0.012 0.0 0.0 
 179.735   -0.012 0.0 0.0 
 179.766   -0.012 0.0 0.0 
 179.796   -0.013 0.0 0.0 
 179.827   -0.013 0.0 0.0 
 179.857   -0.014 0.0 0.0 
 179.888   -0.014 0.0 0.0 
 179.918   -0.015 0.0 0.0 
 179.948   -0.015 0.0 0.0 
 179.977   -0.015 0.0 0.0 
 180.008   -0.015 0.0 0.0 
 180.038   -0.016 0.0 0.0 
 180.069   -0.016 0.0 0.0 
 180.099   -0.016 0.0 0.0 
 180.134   -0.016 0.0 0.0 
 180.159   -0.016 0.0 0.0 
 180.190   -0.016 0.0 0.0 
 180.220   -0.016 0.0 0.0 
 180.255   -0.016 0.0 0.0 
 180.282   -0.016 0.0 0.0 
 180.310   -0.015 0.0 0.0 
 180.346   -0.015 0.0 0.0 
 180.371   -0.015 0.0 0.0 
 180.401   -0.015 0.0 0.0 
 180.433   -0.014 0.0 0.0 
 180.467   -0.014 0.0 0.0 
 180.492   -0.013 0.0 0.0 
 180.523   -0.013 0.0 0.0 
 180.556   -0.012 0.0 0.0 
 180.585   -0.012 0.0 0.0 
 180.616   -0.011 0.0 0.0 
 180.648   -0.011 0.0 0.0 
 180.675   -0.010 0.0 0.0 
 180.704   -0.009 0.0 0.0 
 180.734   -0.009 0.0 0.0 
 180.764   -0.008 0.0 0.0 
 180.795   -0.008 0.0 0.0 
 180.826   -0.007 0.0 0.0 
 180.857   -0.007 0.0 0.0 
 180.890   -0.006 0.0 0.0 
 180.917   -0.006 0.0 0.0 
 180.947   -0.005 0.0 0.0 
 180.977   -0.005 0.0 0.0 
 181.006   -0.004 0.0 0.0 
 181.037   -0.003 0.0 0.0 
 181.068   -0.002 0.0 0.0 
 181.098   -0.002 0.0 0.0 
 181.128   -0.001 0.0 0.0 
 181.159    0.000 0.0 0.0 
 181.194    0.001 0.0 0.0 
 181.224    0.002 0.0 0.0 
 181.249    0.003 0.0 0.0 
 181.279    0.004 0.0 0.0 
 181.310    0.005 0.0 0.0 
 181.340    0.006 0.0 0.0 
 181.370    0.007 0.0 0.0 
 181.400    0.007 0.0 0.0 
 181.432    0.008 0.0 0.0 
 181.461    0.008 0.0 0.0 
 181.492    0.009 0.0 0.0 
 181.526    0.009 0.0 0.0 
 181.557    0.010 0.0 0.0 
 181.582    0.010 0.0 0.0 
 181.613    0.011 0.0 0.0 
 181.642    0.011 0.0 0.0 
 181.677    0.012 0.0 0.0 
 181.703    0.012 0.0 0.0 
 181.734    0.013 0.0 0.0 
 181.768    0.013 0.0 0.0 
 181.793    0.013 0.0 0.0 
 181.824    0.014 0.0 0.0 
 181.855    0.014 0.0 0.0 
 181.889    0.014 0.0 0.0 
 181.915    0.015 0.0 0.0 
 181.946    0.015 0.0 0.0 
 181.980    0.015 0.0 0.0 
 182.011    0.015 0.0 0.0 
 182.039    0.015 0.0 0.0 
 182.071    0.015 0.0 0.0 
 182.102    0.015 0.0 0.0 
 182.127    0.015 0.0 0.0 
 182.157    0.015 0.0 0.0 
 182.193    0.015 0.0 0.0 
 182.218    0.015 0.0 0.0 
 182.253    0.015 0.0 0.0 
 182.279    0.015 0.0 0.0 
 182.308    0.015 0.0 0.0 
 182.339    0.015 0.0 0.0 
 182.369    0.015 0.0 0.0 
 182.399    0.015 0.0 0.0 
 182.435    0.014 0.0 0.0 
 182.461    0.014 0.0 0.0 
 182.491    0.014 0.0 0.0 
 182.521    0.013 0.0 0.0 
 182.552    0.013 0.0 0.0 
 182.582    0.012 0.0 0.0 
 182.611    0.012 0.0 0.0 
 182.646    0.011 0.0 0.0 
 182.672    0.011 0.0 0.0 
 182.707    0.010 0.0 0.0 
 182.733    0.010 0.0 0.0 
 182.763    0.009 0.0 0.0 
 182.797    0.008 0.0 0.0 
 182.828    0.008 0.0 0.0 
 182.854    0.007 0.0 0.0 
 182.884    0.006 0.0 0.0 
 182.914    0.005 0.0 0.0 
 182.945    0.005 0.0 0.0 
 182.974    0.004 0.0 0.0 
 183.005    0.003 0.0 0.0 
 183.040    0.002 0.0 0.0 
 183.071    0.002 0.0 0.0 
 183.096    0.001 0.0 0.0 
 183.127    0.000 0.0 0.0 
 183.156   -0.001 0.0 0.0 
 183.186   -0.001 0.0 0.0 
 183.217   -0.002 0.0 0.0 
 183.247   -0.003 0.0 0.0 
 183.278   -0.004 0.0 0.0 
 183.308   -0.005 0.0 0.0 
 183.339   -0.006 0.0 0.0 
 183.369   -0.006 0.0 0.0 
 183.398   -0.007 0.0 0.0 
 183.429   -0.008 0.0 0.0 
 183.464   -0.008 0.0 0.0 
 183.490   -0.008 0.0 0.0 
 183.525   -0.009 0.0 0.0 
 183.549   -0.009 0.0 0.0 
 183.580   -0.010 0.0 0.0 
 183.611   -0.010 0.0 0.0 
 183.645   -0.010 0.0 0.0 
 183.672   -0.011 0.0 0.0 
 183.702   -0.011 0.0 0.0 
 183.732   -0.012 0.0 0.0 
 183.762   -0.012 0.0 0.0 
 183.794   -0.013 0.0 0.0 
 183.823   -0.013 0.0 0.0 
 183.853   -0.014 0.0 0.0 
 183.888   -0.014 0.0 0.0 
 183.914   -0.015 0.0 0.0 
 183.944   -0.015 0.0 0.0 
 183.975   -0.015 0.0 0.0 
 184.006   -0.016 0.0 0.0 
 184.034   -0.016 0.0 0.0 
 184.065   -0.016 0.0 0.0 
 184.100   -0.016 0.0 0.0 
 184.130   -0.016 0.0 0.0 
 184.156   -0.016 0.0 0.0 
 184.186   -0.016 0.0 0.0 
 184.221   -0.016 0.0 0.0 
 184.247   -0.016 0.0 0.0 
 184.277   -0.015 0.0 0.0 
 184.312   -0.015 0.0 0.0 
 184.339   -0.015 0.0 0.0 
 184.372   -0.015 0.0 0.0 
 184.398   -0.014 0.0 0.0 
 184.432   -0.014 0.0 0.0 
 184.458   -0.014 0.0 0.0 
 184.493   -0.013 0.0 0.0 
 184.519   -0.013 0.0 0.0 
 184.549   -0.012 0.0 0.0 
 184.580   -0.012 0.0 0.0 
 184.614   -0.011 0.0 0.0 
 184.641   -0.011 0.0 0.0 
 184.671   -0.010 0.0 0.0 
 184.705   -0.010 0.0 0.0 
 184.731   -0.009 0.0 0.0 
 184.766   -0.008 0.0 0.0 
 184.791   -0.008 0.0 0.0 
 184.822   -0.007 0.0 0.0 
 184.856   -0.007 0.0 0.0 
 184.883   -0.006 0.0 0.0 
 184.912   -0.006 0.0 0.0 
 184.942   -0.005 0.0 0.0 
 184.972   -0.005 0.0 0.0 
 185.004   -0.004 0.0 0.0 
 185.033   -0.003 0.0 0.0 
 185.063   -0.002 0.0 0.0 
 185.094   -0.002 0.0 0.0 
 185.124   -0.001 0.0 0.0 
 185.159    0.000 0.0 0.0 
 185.185    0.001 0.0 0.0 
 185.218    0.002 0.0 0.0 
 185.244    0.002 0.0 0.0 
 185.276    0.003 0.0 0.0 
 185.306    0.004 0.0 0.0 
 185.341    0.004 0.0 0.0 
 185.366    0.005 0.0 0.0 
 185.396    0.005 0.0 0.0 
 185.426    0.006 0.0 0.0 
 185.456    0.006 0.0 0.0 
 185.492    0.006 0.0 0.0 
 185.517    0.007 0.0 0.0 
 185.547    0.008 0.0 0.0 
 185.582    0.008 0.0 0.0 
 185.608    0.009 0.0 0.0 
 185.639    0.009 0.0 0.0 
 185.673    0.010 0.0 0.0 
 185.699    0.010 0.0 0.0 
 185.728    0.011 0.0 0.0 
 185.764    0.011 0.0 0.0 
 185.789    0.012 0.0 0.0 
 185.820    0.012 0.0 0.0 
 185.855    0.013 0.0 0.0 
 185.881    0.013 0.0 0.0 
 185.911    0.014 0.0 0.0 
 185.941    0.014 0.0 0.0 
 185.971    0.014 0.0 0.0 
 186.000    0.015 0.0 0.0 
 186.031    0.015 0.0 0.0 
 186.066    0.015 0.0 0.0 
 186.096    0.015 0.0 0.0 
 186.122    0.015 0.0 0.0 
 186.157    0.015 0.0 0.0 
 186.187    0.015 0.0 0.0 
 186.213    0.015 0.0 0.0 
 186.243    0.015 0.0 0.0 
 186.278    0.015 0.0 0.0 
 186.309    0.015 0.0 0.0 
 186.339    0.015 0.0 0.0 
 186.365    0.014 0.0 0.0 
 186.395    0.014 0.0 0.0 
 186.425    0.014 0.0 0.0 
 186.456    0.013 0.0 0.0 
 186.485    0.013 0.0 0.0 
 186.516    0.013 0.0 0.0 
 186.550    0.012 0.0 0.0 
 186.576    0.012 0.0 0.0 
 186.606    0.011 0.0 0.0 
 186.636    0.011 0.0 0.0 
 186.666    0.011 0.0 0.0 
 186.697    0.011 0.0 0.0 
 186.732    0.010 0.0 0.0 
 186.758    0.010 0.0 0.0 
 186.788    0.009 0.0 0.0 
 186.821    0.008 0.0 0.0 
 186.853    0.008 0.0 0.0 
 186.884    0.007 0.0 0.0 
 186.909    0.006 0.0 0.0 
 186.939    0.006 0.0 0.0 
 186.974    0.005 0.0 0.0 
 187.000    0.004 0.0 0.0 
 187.030    0.003 0.0 0.0 
 187.065    0.003 0.0 0.0 
 187.091    0.002 0.0 0.0 
 187.121    0.001 0.0 0.0 
 187.151    0.000 0.0 0.0 
 187.182   -0.000 0.0 0.0 
 187.217   -0.001 0.0 0.0 
 187.242   -0.002 0.0 0.0 
 187.273   -0.003 0.0 0.0 
 187.307   -0.003 0.0 0.0 
 187.333   -0.004 0.0 0.0 
 187.363   -0.005 0.0 0.0 
 187.394   -0.005 0.0 0.0 
 187.424   -0.006 0.0 0.0 
 187.459   -0.007 0.0 0.0 
 187.489   -0.007 0.0 0.0 
 187.515   -0.008 0.0 0.0 
 187.545   -0.009 0.0 0.0 
 187.579   -0.009 0.0 0.0 
 187.605   -0.010 0.0 0.0 
 187.640   -0.010 0.0 0.0 
 187.665   -0.011 0.0 0.0 
 187.696   -0.011 0.0 0.0 
 187.731   -0.011 0.0 0.0 
 187.757   -0.012 0.0 0.0 
 187.786   -0.012 0.0 0.0 
 187.817   -0.012 0.0 0.0 
 187.852   -0.013 0.0 0.0 
 187.880   -0.013 0.0 0.0 
 187.913   -0.013 0.0 0.0 
 187.938   -0.014 0.0 0.0 
 187.968   -0.014 0.0 0.0 
 187.999   -0.014 0.0 0.0 
 188.034   -0.015 0.0 0.0 
 188.064   -0.015 0.0 0.0 
 188.092   -0.015 0.0 0.0 
 188.120   -0.015 0.0 0.0 
 188.150   -0.015 0.0 0.0 
 188.180   -0.015 0.0 0.0 
 188.210   -0.015 0.0 0.0 
 188.241   -0.015 0.0 0.0 
 188.276   -0.015 0.0 0.0 
 188.305   -0.014 0.0 0.0 
 188.333   -0.014 0.0 0.0 
 188.366   -0.014 0.0 0.0 
 188.397   -0.014 0.0 0.0 
 188.423   -0.013 0.0 0.0 
 188.453   -0.013 0.0 0.0 
 188.489   -0.013 0.0 0.0 
 188.514   -0.013 0.0 0.0 
 188.544   -0.013 0.0 0.0 
 188.574   -0.012 0.0 0.0 
 188.605   -0.012 0.0 0.0 
 188.635   -0.011 0.0 0.0 
 188.665   -0.011 0.0 0.0 
 188.696   -0.011 0.0 0.0 
 188.726   -0.010 0.0 0.0 
 188.757   -0.010 0.0 0.0 
 188.789   -0.009 0.0 0.0 
 188.817   -0.009 0.0 0.0 
 188.847   -0.008 0.0 0.0 
 188.882   -0.008 0.0 0.0 
 188.908   -0.007 0.0 0.0 
 188.941   -0.006 0.0 0.0 
 188.968   -0.006 0.0 0.0 
 188.998   -0.005 0.0 0.0 
 189.029   -0.004 0.0 0.0 
 189.064   -0.003 0.0 0.0 
 189.090   -0.003 0.0 0.0 
 189.125   -0.002 0.0 0.0 
 189.152   -0.001 0.0 0.0 
 189.180   -0.000 0.0 0.0 
 189.211    0.001 0.0 0.0 
 189.245    0.001 0.0 0.0 
 189.272    0.002 0.0 0.0 
 189.301    0.002 0.0 0.0 
 189.332    0.003 0.0 0.0 
 189.364    0.004 0.0 0.0 
 189.393    0.005 0.0 0.0 
 189.423    0.005 0.0 0.0 
 189.453    0.006 0.0 0.0 
 189.483    0.007 0.0 0.0 
 189.518    0.007 0.0 0.0 
 189.548    0.008 0.0 0.0 
 189.573    0.008 0.0 0.0 
 189.609    0.009 0.0 0.0 
 189.639    0.010 0.0 0.0 
 189.664    0.010 0.0 0.0 
 189.695    0.010 0.0 0.0 
 189.725    0.011 0.0 0.0 
 189.760    0.011 0.0 0.0 
 189.786    0.012 0.0 0.0 
 189.816    0.012 0.0 0.0 
 189.851    0.012 0.0 0.0 
 189.876    0.013 0.0 0.0 
 189.912    0.013 0.0 0.0 
 189.938    0.013 0.0 0.0 
 189.967    0.014 0.0 0.0 
 190.003    0.014 0.0 0.0 
 190.033    0.014 0.0 0.0 
 190.058    0.015 0.0 0.0 
 190.089    0.015 0.0 0.0 
 190.119    0.015 0.0 0.0 
 190.152    0.015 0.0 0.0 
 190.184    0.015 0.0 0.0 
 190.210    0.015 0.0 0.0 
 190.241    0.015 0.0 0.0 
 190.271    0.015 0.0 0.0 
 190.300    0.015 0.0 0.0 
 190.330    0.014 0.0 0.0 
 190.362    0.014 0.0 0.0 
 190.391    0.014 0.0 0.0 
 190.421    0.014 0.0 0.0 
 190.452    0.013 0.0 0.0 
 190.487    0.013 0.0 0.0 
 190.517    0.013 0.0 0.0 
 190.543    0.012 0.0 0.0 
 190.574    0.012 0.0 0.0 
 190.603    0.011 0.0 0.0 
 190.633    0.011 0.0 0.0 
 190.664    0.010 0.0 0.0 
 190.694    0.010 0.0 0.0 
 190.730    0.009 0.0 0.0 
 190.754    0.009 0.0 0.0 
 190.790    0.009 0.0 0.0 
 190.816    0.008 0.0 0.0 
 190.850    0.007 0.0 0.0 
 190.876    0.007 0.0 0.0 
 190.907    0.006 0.0 0.0 
 190.941    0.005 0.0 0.0 
 190.967    0.005 0.0 0.0 
 190.997    0.004 0.0 0.0 
 191.028    0.003 0.0 0.0 
 191.058    0.003 0.0 0.0 
 191.087    0.002 0.0 0.0 
 191.119    0.001 0.0 0.0 
 191.149    0.001 0.0 0.0 
 191.183    0.000 0.0 0.0 
 191.208   -0.000 0.0 0.0 
 191.239   -0.001 0.0 0.0 
 191.269   -0.002 0.0 0.0 
 191.300   -0.002 0.0 0.0 
 191.330   -0.003 0.0 0.0 
 191.365   -0.003 0.0 0.0 
 191.395   -0.004 0.0 0.0 
 191.426   -0.004 0.0 0.0 
 191.456   -0.005 0.0 0.0 
 191.484   -0.006 0.0 0.0 
 191.511   -0.007 0.0 0.0 
 191.542   -0.007 0.0 0.0 
 191.572   -0.008 0.0 0.0 
 191.607   -0.009 0.0 0.0 
 191.633   -0.010 0.0 0.0 
 191.662   -0.010 0.0 0.0 
 191.698   -0.011 0.0 0.0 
 191.728   -0.011 0.0 0.0 
 191.754   -0.012 0.0 0.0 
 191.789   -0.012 0.0 0.0 
 191.815   -0.012 0.0 0.0 
 191.844   -0.012 0.0 0.0 
 191.875   -0.013 0.0 0.0 
 191.905   -0.013 0.0 0.0 
 191.940   -0.013 0.0 0.0 
 191.965   -0.013 0.0 0.0 
 191.996   -0.014 0.0 0.0 
 192.029   -0.014 0.0 0.0 
 192.057   -0.014 0.0 0.0 
 192.087   -0.014 0.0 0.0 
 192.118   -0.015 0.0 0.0 
 192.152   -0.015 0.0 0.0 
 192.177   -0.015 0.0 0.0 
 192.208   -0.015 0.0 0.0 
 192.238   -0.015 0.0 0.0 
 192.267   -0.015 0.0 0.0 
 192.298   -0.015 0.0 0.0 
 192.329   -0.014 0.0 0.0 
 192.364   -0.014 0.0 0.0 
 192.394   -0.014 0.0 0.0 
 192.420   -0.014 0.0 0.0 
 192.450   -0.013 0.0 0.0 
 192.481   -0.013 0.0 0.0 
 192.510   -0.013 0.0 0.0 
 192.546   -0.012 0.0 0.0 
 192.571   -0.012 0.0 0.0 
 192.606   -0.012 0.0 0.0 
 192.632   -0.011 0.0 0.0 
 192.661   -0.011 0.0 0.0 
 192.692   -0.010 0.0 0.0 
 192.722   -0.010 0.0 0.0 
 192.752   -0.009 0.0 0.0 
 192.783   -0.009 0.0 0.0 
 192.817   -0.008 0.0 0.0 
 192.843   -0.008 0.0 0.0 
 192.874   -0.007 0.0 0.0 
 192.904   -0.007 0.0 0.0 
 192.933   -0.006 0.0 0.0 
 192.965   -0.006 0.0 0.0 
 192.999   -0.005 0.0 0.0 
 193.024   -0.004 0.0 0.0 
 193.055   -0.003 0.0 0.0 
 193.089   -0.002 0.0 0.0 
 193.115   -0.001 0.0 0.0 
 193.146    0.000 0.0 0.0 
 193.176    0.001 0.0 0.0 
 193.206    0.002 0.0 0.0 
 193.237    0.003 0.0 0.0 
 193.268    0.003 0.0 0.0 
 193.301    0.004 0.0 0.0 
 193.327    0.004 0.0 0.0 
 193.357    0.005 0.0 0.0 
 193.387    0.005 0.0 0.0 
 193.418    0.006 0.0 0.0 
 193.450    0.006 0.0 0.0 
 193.478    0.007 0.0 0.0 
 193.513    0.007 0.0 0.0 
 193.539    0.008 0.0 0.0 
 193.569    0.009 0.0 0.0 
 193.604    0.009 0.0 0.0 
 193.630    0.010 0.0 0.0 
 193.665    0.010 0.0 0.0 
 193.690    0.011 0.0 0.0 
 193.720    0.011 0.0 0.0 
 193.751    0.012 0.0 0.0 
 193.781    0.012 0.0 0.0 
 193.811    0.012 0.0 0.0 
 193.846    0.012 0.0 0.0 
 193.872    0.013 0.0 0.0 
 193.901    0.013 0.0 0.0 
 193.932    0.013 0.0 0.0 
 193.963    0.014 0.0 0.0 
 193.992    0.014 0.0 0.0 
 194.023    0.014 0.0 0.0 
 194.053    0.014 0.0 0.0 
 194.088    0.015 0.0 0.0 
 194.114    0.015 0.0 0.0 
 194.147    0.015 0.0 0.0 
 194.174    0.015 0.0 0.0 
 194.204    0.015 0.0 0.0 
 194.235    0.015 0.0 0.0 
 194.266    0.015 0.0 0.0 
 194.295    0.015 0.0 0.0 
 194.326    0.015 0.0 0.0 
 194.360    0.014 0.0 0.0 
 194.386    0.014 0.0 0.0 
 194.416    0.014 0.0 0.0 
 194.451    0.014 0.0 0.0 
 194.477    0.014 0.0 0.0 
 194.507    0.013 0.0 0.0 
 194.537    0.013 0.0 0.0 
 194.567    0.012 0.0 0.0 
 194.598    0.012 0.0 0.0 
 194.629    0.011 0.0 0.0 
 194.659    0.011 0.0 0.0 
 194.693    0.010 0.0 0.0 
 194.724    0.010 0.0 0.0 
 194.749    0.009 0.0 0.0 
 194.779    0.009 0.0 0.0 
 194.809    0.008 0.0 0.0 
 194.840    0.007 0.0 0.0 
 194.870    0.007 0.0 0.0 
 194.905    0.006 0.0 0.0 
 194.931    0.006 0.0 0.0 
 194.961    0.005 0.0 0.0 
 194.991    0.004 0.0 0.0 
 195.026    0.004 0.0 0.0 
 195.052    0.003 0.0 0.0 
 195.083    0.002 0.0 0.0 
 195.116    0.002 0.0 0.0 
 195.143    0.001 0.0 0.0 
 195.178    0.001 0.0 0.0 
 195.208   -0.000 0.0 0.0 
 195.239   -0.001 0.0 0.0 
 195.267   -0.001 0.0 0.0 
 195.294   -0.002 0.0 0.0 
 195.330   -0.002 0.0 0.0 
 195.359   -0.003 0.0 0.0 
 195.385   -0.003 0.0 0.0 
 195.415   -0.004 0.0 0.0 
 195.446   -0.004 0.0 0.0 
 195.476   -0.005 0.0 0.0 
 195.507   -0.006 0.0 0.0 
 195.542   -0.006 0.0 0.0 
 195.571   -0.007 0.0 0.0 
 195.597   -0.007 0.0 0.0 
 195.627   -0.008 0.0 0.0 
 195.658   -0.009 0.0 0.0 
 195.688   -0.009 0.0 0.0 
 195.718   -0.010 0.0 0.0 
 195.753   -0.010 0.0 0.0 
 195.784   -0.011 0.0 0.0 
 195.810   -0.011 0.0 0.0 
 195.844   -0.012 0.0 0.0 
 195.875   -0.012 0.0 0.0 
 195.901   -0.012 0.0 0.0 
 195.930   -0.013 0.0 0.0 
 195.961   -0.013 0.0 0.0 
 195.992   -0.013 0.0 0.0 
 196.026   -0.013 0.0 0.0 
 196.057   -0.014 0.0 0.0 
 196.082   -0.014 0.0 0.0 
 196.113   -0.014 0.0 0.0 
 196.147   -0.014 0.0 0.0 
 196.173   -0.014 0.0 0.0 
 196.208   -0.015 0.0 0.0 
 196.238   -0.014 0.0 0.0 
 196.268   -0.014 0.0 0.0 
 196.295   -0.014 0.0 0.0 
 196.324   -0.014 0.0 0.0 
 196.354   -0.014 0.0 0.0 
 196.385   -0.013 0.0 0.0 
 196.415   -0.013 0.0 0.0 
 196.445   -0.013 0.0 0.0 
 196.476   -0.012 0.0 0.0 
 196.511   -0.012 0.0 0.0 
 196.541   -0.012 0.0 0.0 
 196.567   -0.012 0.0 0.0 
 196.597   -0.011 0.0 0.0 
 196.632   -0.011 0.0 0.0 
 196.657   -0.011 0.0 0.0 
 196.688   -0.010 0.0 0.0 
 196.723   -0.010 0.0 0.0 
 196.749   -0.009 0.0 0.0 
 196.782   -0.009 0.0 0.0 
 196.814   -0.008 0.0 0.0 
 196.844   -0.008 0.0 0.0 
 196.869   -0.007 0.0 0.0 
 196.903   -0.007 0.0 0.0 
 196.930   -0.006 0.0 0.0 
 196.960   -0.005 0.0 0.0 
 196.991   -0.004 0.0 0.0 
 197.021   -0.004 0.0 0.0 
 197.051   -0.003 0.0 0.0 
 197.081   -0.002 0.0 0.0 
 197.117   -0.002 0.0 0.0 
 197.142   -0.001 0.0 0.0 
 197.172   -0.000 0.0 0.0 
 197.203    0.000 0.0 0.0 
 197.235    0.001 0.0 0.0 
 197.263    0.001 0.0 0.0 
 197.298    0.002 0.0 0.0 
 197.323    0.002 0.0 0.0 
 197.354    0.003 0.0 0.0 
 197.385    0.004 0.0 0.0 
 197.417    0.005 0.0 0.0 
 197.444    0.005 0.0 0.0 
 197.476    0.006 0.0 0.0 
 197.505    0.006 0.0 0.0 
 197.534    0.007 0.0 0.0 
 197.566    0.007 0.0 0.0 
 197.601    0.008 0.0 0.0 
 197.626    0.008 0.0 0.0 
 197.657    0.009 0.0 0.0 
 197.687    0.009 0.0 0.0 
 197.717    0.010 0.0 0.0 
 197.748    0.010 0.0 0.0 
 197.782    0.011 0.0 0.0 
 197.812    0.011 0.0 0.0 
 197.838    0.012 0.0 0.0 
 197.868    0.012 0.0 0.0 
 197.898    0.013 0.0 0.0 
 197.933    0.013 0.0 0.0 
 197.963    0.013 0.0 0.0 
 197.991    0.013 0.0 0.0 
 198.019    0.014 0.0 0.0 
 198.054    0.014 0.0 0.0 
 198.080    0.014 0.0 0.0 
 198.111    0.014 0.0 0.0 
 198.140    0.014 0.0 0.0 
 198.175    0.014 0.0 0.0 
 198.201    0.014 0.0 0.0 
 198.231    0.014 0.0 0.0 
 198.262    0.014 0.0 0.0 
 198.293    0.014 0.0 0.0 
 198.322    0.014 0.0 0.0 
 198.356    0.014 0.0 0.0 
 198.382    0.014 0.0 0.0 
 198.412    0.014 0.0 0.0 
 198.448    0.014 0.0 0.0 
 198.473    0.013 0.0 0.0 
 198.504    0.013 0.0 0.0 
 198.535    0.013 0.0 0.0 
 198.569    0.012 0.0 0.0 
 198.594    0.012 0.0 0.0 
 198.627    0.012 0.0 0.0 
 198.659    0.012 0.0 0.0 
 198.685    0.011 0.0 0.0 
 198.720    0.011 0.0 0.0 
 198.746    0.010 0.0 0.0 
 198.780    0.009 0.0 0.0 
 198.810    0.009 0.0 0.0 
 198.840    0.008 0.0 0.0 
 198.870    0.007 0.0 0.0 
 198.896    0.006 0.0 0.0 
 198.926    0.006 0.0 0.0 
 198.961    0.005 0.0 0.0 
 198.992    0.004 0.0 0.0 
 199.018    0.004 0.0 0.0 
 199.047    0.003 0.0 0.0 
 199.083    0.003 0.0 0.0 
 199.109    0.002 0.0 0.0 
 199.139    0.002 0.0 0.0 
 199.168    0.001 0.0 0.0 
 199.199    0.001 0.0 0.0 
 199.229   -0.000 0.0 0.0 
 199.260   -0.001 0.0 0.0 
 199.289   -0.001 0.0 0.0 
 199.325   -0.002 0.0 0.0 
 199.351   -0.002 0.0 0.0 
 199.381   -0.003 0.0 0.0 
 199.411   -0.004 0.0 0.0 
 199.446   -0.004 0.0 0.0 
 199.475   -0.005 0.0 0.0 
 199.502   -0.006 0.0 0.0 
 199.532   -0.006 0.0 0.0 
 199.562   -0.007 0.0 0.0 
 199.593   -0.008 0.0 0.0 
 199.628   -0.009 0.0 0.0 
 199.653   -0.009 0.0 0.0 
 199.683   -0.010 0.0 0.0 
 199.714   -0.010 0.0 0.0 
 199.747   -0.011 0.0 0.0 
 199.775   -0.011 0.0 0.0 
 199.805   -0.012 0.0 0.0 
 199.836   -0.012 0.0 0.0 
 199.865   -0.012 0.0 0.0 
 199.896   -0.013 0.0 0.0 
 199.929   -0.013 0.0 0.0 
 199.961   -0.013 0.0 0.0 
 199.992   -0.013 0.0 0.0 
 200.022   -0.013 0.0 0.0 
 200.049   -0.013 0.0 0.0 
 200.077   -0.014 0.0 0.0 
 200.108   -0.014 0.0 0.0 
 200.138   -0.014 0.0 0.0 
 200.169   -0.014 0.0 0.0 
 200.199   -0.014 0.0 0.0 
 200.234   -0.014 0.0 0.0 
 200.260   -0.014 0.0 0.0 
 200.289   -0.014 0.0 0.0 
 200.320   -0.014 0.0 0.0 
 200.351   -0.014 0.0 0.0 
 200.386   -0.014 0.0 0.0 
 200.411   -0.013 0.0 0.0 
 200.441   -0.013 0.0 0.0 
 200.476   -0.013 0.0 0.0 
 200.502   -0.013 0.0 0.0 
 200.532   -0.012 0.0 0.0 
 200.563   -0.012 0.0 0.0 
 200.598   -0.012 0.0 0.0 
 200.623   -0.012 0.0 0.0 
 200.654   -0.011 0.0 0.0 
 200.684   -0.011 0.0 0.0 
 200.714   -0.011 0.0 0.0 
 200.743   -0.010 0.0 0.0 
 200.775   -0.009 0.0 0.0 
 200.809   -0.009 0.0 0.0 
 200.835   -0.008 0.0 0.0 
 200.865   -0.007 0.0 0.0 
 200.895   -0.007 0.0 0.0 
 200.926   -0.006 0.0 0.0 
 200.956   -0.005 0.0 0.0 
 200.986   -0.004 0.0 0.0 
 201.021   -0.004 0.0 0.0 
 201.046   -0.003 0.0 0.0 
 201.077   -0.002 0.0 0.0 
 201.108   -0.001 0.0 0.0 
 201.137   -0.001 0.0 0.0 
 201.168    0.000 0.0 0.0 
 201.200    0.001 0.0 0.0 
 201.233    0.002 0.0 0.0 
 201.259    0.002 0.0 0.0 
 201.289    0.003 0.0 0.0 
 201.324    0.003 0.0 0.0 
 201.355    0.004 0.0 0.0 
 201.380    0.004 0.0 0.0 
 201.411    0.005 0.0 0.0 
 201.440    0.005 0.0 0.0 
 201.471    0.005 0.0 0.0 
 201.505    0.006 0.0 0.0 
 201.531    0.006 0.0 0.0 
 201.561    0.007 0.0 0.0 
 201.592    0.008 0.0 0.0 
 201.622    0.008 0.0 0.0 
 201.652    0.009 0.0 0.0 
 201.684    0.010 0.0 0.0 
 201.713    0.010 0.0 0.0 
 201.743    0.011 0.0 0.0 
 201.774    0.011 0.0 0.0 
 201.804    0.012 0.0 0.0 
 201.834    0.012 0.0 0.0 
 201.864    0.012 0.0 0.0 
 201.898    0.013 0.0 0.0 
 201.927    0.013 0.0 0.0 
 201.958    0.013 0.0 0.0 
 201.985    0.013 0.0 0.0 
 202.014    0.014 0.0 0.0 
 202.046    0.014 0.0 0.0 
 202.081    0.014 0.0 0.0 
 202.106    0.014 0.0 0.0 
 202.136    0.014 0.0 0.0 
 202.165    0.014 0.0 0.0 
 202.196    0.014 0.0 0.0 
 202.227    0.014 0.0 0.0 
 202.257    0.014 0.0 0.0 
 202.287    0.014 0.0 0.0 
 202.318    0.014 0.0 0.0 
 202.348    0.014 0.0 0.0 
 202.378    0.014 0.0 0.0 
 202.414    0.013 0.0 0.0 
 202.439    0.013 0.0 0.0 
 202.469    0.013 0.0 0.0 
 202.499    0.013 0.0 0.0 
 202.529    0.012 0.0 0.0 
 202.560    0.012 0.0 0.0 
 202.593    0.012 0.0 0.0 
 202.621    0.012 0.0 0.0 
 202.651    0.011 0.0 0.0 
 202.686    0.011 0.0 0.0 
 202.712    0.010 0.0 0.0 
 202.741    0.010 0.0 0.0 
 202.771    0.009 0.0 0.0 
 202.801    0.009 0.0 0.0 
 202.832    0.008 0.0 0.0 
 202.863    0.007 0.0 0.0 
 202.892    0.007 0.0 0.0 
 202.923    0.006 0.0 0.0 
 202.953    0.005 0.0 0.0 
 202.983    0.005 0.0 0.0 
 203.013    0.004 0.0 0.0 
 203.043    0.004 0.0 0.0 
 203.074    0.003 0.0 0.0 
 203.106    0.002 0.0 0.0 
 203.136    0.002 0.0 0.0 
 203.165    0.001 0.0 0.0 
 203.200    0.001 0.0 0.0 
 203.226    0.000 0.0 0.0 
 203.256   -0.000 0.0 0.0 
 203.286   -0.001 0.0 0.0 
 203.316   -0.002 0.0 0.0 
 203.346   -0.003 0.0 0.0 
 203.377   -0.003 0.0 0.0 
 203.407   -0.004 0.0 0.0 
 203.437   -0.004 0.0 0.0 
 203.468   -0.005 0.0 0.0 
 203.498   -0.005 0.0 0.0 
 203.529   -0.006 0.0 0.0 
 203.559   -0.007 0.0 0.0 
 203.590   -0.008 0.0 0.0 
 203.620   -0.008 0.0 0.0 
 203.651   -0.009 0.0 0.0 
 203.680   -0.009 0.0 0.0 
 203.711   -0.010 0.0 0.0 
 203.742   -0.011 0.0 0.0 
 203.771   -0.011 0.0 0.0 
 203.801   -0.011 0.0 0.0 
 203.832   -0.012 0.0 0.0 
 203.867   -0.012 0.0 0.0 
 203.897   -0.012 0.0 0.0 
 203.927   -0.012 0.0 0.0 
 203.953   -0.012 0.0 0.0 
 203.982   -0.013 0.0 0.0 
 204.013   -0.013 0.0 0.0 
 204.043   -0.013 0.0 0.0 
 204.073   -0.013 0.0 0.0 
 204.105   -0.013 0.0 0.0 
 204.134   -0.013 0.0 0.0 
 204.165   -0.014 0.0 0.0 
 204.195   -0.014 0.0 0.0 
 204.225   -0.014 0.0 0.0 
 204.255   -0.014 0.0 0.0 
 204.286   -0.014 0.0 0.0 
 204.315   -0.014 0.0 0.0 
 204.346   -0.013 0.0 0.0 
 204.377   -0.013 0.0 0.0 
 204.407   -0.013 0.0 0.0 
 204.437   -0.013 0.0 0.0 
 204.467   -0.013 0.0 0.0 
 204.498   -0.012 0.0 0.0 
 204.528   -0.012 0.0 0.0 
 204.558   -0.012 0.0 0.0 
 204.593   -0.012 0.0 0.0 
 204.619   -0.011 0.0 0.0 
 204.650   -0.011 0.0 0.0 
 204.680   -0.011 0.0 0.0 
 204.709   -0.010 0.0 0.0 
 204.739   -0.010 0.0 0.0 
 204.771   -0.010 0.0 0.0 
 204.801   -0.009 0.0 0.0 
 204.832   -0.008 0.0 0.0 
 204.861   -0.007 0.0 0.0 
 204.892   -0.007 0.0 0.0 
 204.921   -0.006 0.0 0.0 
 204.952   -0.005 0.0 0.0 
 204.983   -0.005 0.0 0.0 
 205.012   -0.004 0.0 0.0 
 205.043   -0.003 0.0 0.0 
 205.073   -0.003 0.0 0.0 
 205.103   -0.002 0.0 0.0 
 205.134   -0.002 0.0 0.0 
 205.165   -0.001 0.0 0.0 
 205.194   -0.001 0.0 0.0 
 205.224    0.000 0.0 0.0 
 205.254    0.001 0.0 0.0 
 205.284    0.001 0.0 0.0 
 205.315    0.002 0.0 0.0 
 205.345    0.003 0.0 0.0 
 205.375    0.003 0.0 0.0 
 205.407    0.004 0.0 0.0 
 205.436    0.005 0.0 0.0 
 205.467    0.005 0.0 0.0 
 205.496    0.006 0.0 0.0 
 205.527    0.006 0.0 0.0 
 205.558    0.007 0.0 0.0 
 205.592    0.007 0.0 0.0 
 205.620    0.008 0.0 0.0 
 205.649    0.008 0.0 0.0 
 205.681    0.009 0.0 0.0 
 205.713    0.010 0.0 0.0 
 205.740    0.010 0.0 0.0 
 205.769    0.010 0.0 0.0 
 205.798    0.011 0.0 0.0 
 205.829    0.011 0.0 0.0 
 205.859    0.012 0.0 0.0 
 205.895    0.012 0.0 0.0 
 205.920    0.012 0.0 0.0 
 205.955    0.012 0.0 0.0 
 205.980    0.013 0.0 0.0 
 206.010    0.013 0.0 0.0 
 206.041    0.013 0.0 0.0 
 206.072    0.013 0.0 0.0 
 206.102    0.014 0.0 0.0 
 206.132    0.014 0.0 0.0 
 206.162    0.014 0.0 0.0 
 206.192    0.014 0.0 0.0 
 206.223    0.014 0.0 0.0 
 206.252    0.013 0.0 0.0 
 206.285    0.013 0.0 0.0 
 206.314    0.013 0.0 0.0 
 206.344    0.013 0.0 0.0 
 206.374    0.013 0.0 0.0 
 206.404    0.012 0.0 0.0 
 206.440    0.012 0.0 0.0 
 206.465    0.012 0.0 0.0 
 206.500    0.012 0.0 0.0 
 206.525    0.012 0.0 0.0 
 206.556    0.011 0.0 0.0 
 206.586    0.011 0.0 0.0 
 206.616    0.011 0.0 0.0 
 206.647    0.011 0.0 0.0 
 206.677    0.010 0.0 0.0 
 206.707    0.010 0.0 0.0 
 206.738    0.010 0.0 0.0 
 206.767    0.009 0.0 0.0 
 206.798    0.009 0.0 0.0 
 206.828    0.008 0.0 0.0 
 206.858    0.007 0.0 0.0 
 206.888    0.007 0.0 0.0 
 206.919    0.006 0.0 0.0 
 206.948    0.006 0.0 0.0 
 206.979    0.005 0.0 0.0 
 207.009    0.005 0.0 0.0 
 207.041    0.004 0.0 0.0 
 207.071    0.004 0.0 0.0 
 207.101    0.003 0.0 0.0 
 207.130    0.002 0.0 0.0 
 207.161    0.002 0.0 0.0 
 207.191    0.001 0.0 0.0 
 207.222    0.000 0.0 0.0 
 207.253   -0.000 0.0 0.0 
 207.282   -0.001 0.0 0.0 
 207.312   -0.002 0.0 0.0 
 207.342   -0.002 0.0 0.0 
 207.372   -0.003 0.0 0.0 
 207.403   -0.004 0.0 0.0 
 207.434   -0.004 0.0 0.0 
 207.464   -0.005 0.0 0.0 
 207.495   -0.005 0.0 0.0 
 207.525   -0.006 0.0 0.0 
 207.555   -0.006 0.0 0.0 
 207.591   -0.006 0.0 0.0 
 207.620   -0.007 0.0 0.0 
 207.645   -0.008 0.0 0.0 
 207.676   -0.008 0.0 0.0 
 207.706   -0.009 0.0 0.0 
 207.741   -0.010 0.0 0.0 
 207.766   -0.010 0.0 0.0 
 207.797   -0.011 0.0 0.0 
 207.827   -0.011 0.0 0.0 
 207.857   -0.011 0.0 0.0 
 207.892   -0.012 0.0 0.0 
 207.922   -0.012 0.0 0.0 
 207.953   -0.012 0.0 0.0 
 207.978   -0.012 0.0 0.0 
 208.008   -0.012 0.0 0.0 
 208.039   -0.013 0.0 0.0 
 208.072   -0.013 0.0 0.0 
 208.101   -0.013 0.0 0.0 
 208.131   -0.013 0.0 0.0 
 208.161   -0.013 0.0 0.0 
 208.190   -0.013 0.0 0.0 
 208.221   -0.013 0.0 0.0 
 208.252   -0.014 0.0 0.0 
 208.286   -0.014 0.0 0.0 
 208.312   -0.014 0.0 0.0 
 208.343   -0.013 0.0 0.0 
 208.373   -0.013 0.0 0.0 
 208.403   -0.013 0.0 0.0 
 208.438   -0.013 0.0 0.0 
 208.464   -0.013 0.0 0.0 
 208.498   -0.013 0.0 0.0 
 208.529   -0.012 0.0 0.0 
 208.559   -0.012 0.0 0.0 
 208.585   -0.011 0.0 0.0 
 208.619   -0.011 0.0 0.0 
 208.650   -0.011 0.0 0.0 
 208.680   -0.010 0.0 0.0 
 208.706   -0.010 0.0 0.0 
 208.741   -0.010 0.0 0.0 
 208.767   -0.009 0.0 0.0 
 208.797   -0.009 0.0 0.0 
 208.829   -0.008 0.0 0.0 
 208.859   -0.007 0.0 0.0 
 208.888   -0.007 0.0 0.0 
 208.918   -0.006 0.0 0.0 
 208.948   -0.006 0.0 0.0 
 208.979   -0.006 0.0 0.0 
 209.015   -0.005 0.0 0.0 
 209.040   -0.004 0.0 0.0 
 209.070   -0.004 0.0 0.0 
 209.100   -0.003 0.0 0.0 
 209.130   -0.003 0.0 0.0 
 209.161   -0.002 0.0 0.0 
 209.196   -0.001 0.0 0.0 
 209.226   -0.001 0.0 0.0 
 209.252   -0.000 0.0 0.0 
 209.282    0.001 0.0 0.0 
 209.313    0.001 0.0 0.0 
 209.347    0.002 0.0 0.0 
 209.377    0.002 0.0 0.0 
 209.408    0.003 0.0 0.0 
 209.433    0.003 0.0 0.0 
 209.469    0.004 0.0 0.0 
 209.494    0.005 0.0 0.0 
 209.524    0.005 0.0 0.0 
 209.554    0.006 0.0 0.0 
 209.589    0.007 0.0 0.0 
 209.615    0.007 0.0 0.0 
 209.645    0.008 0.0 0.0 
 209.680    0.009 0.0 0.0 
 209.706    0.009 0.0 0.0 
 209.736    0.010 0.0 0.0 
 209.766    0.011 0.0 0.0 
 209.797    0.011 0.0 0.0 
 209.831    0.011 0.0 0.0 
 209.857    0.011 0.0 0.0 
 209.888    0.012 0.0 0.0 
 209.924    0.012 0.0 0.0 
 209.948    0.012 0.0 0.0 
 209.983    0.012 0.0 0.0 
 210.014    0.012 0.0 0.0 
 210.039    0.012 0.0 0.0 
 210.069    0.012 0.0 0.0 
 210.099    0.013 0.0 0.0 
 210.130    0.013 0.0 0.0 
 210.160    0.013 0.0 0.0 
 210.191    0.013 0.0 0.0 
 210.221    0.013 0.0 0.0 
 210.250    0.013 0.0 0.0 
 210.281    0.013 0.0 0.0 
 210.311    0.013 0.0 0.0 
 210.341    0.013 0.0 0.0 
 210.371    0.013 0.0 0.0 
 210.401    0.013 0.0 0.0 
 210.433    0.013 0.0 0.0 
 210.463    0.013 0.0 0.0 
 210.493    0.012 0.0 0.0 
 210.529    0.012 0.0 0.0 
 210.553    0.012 0.0 0.0 
 210.583    0.012 0.0 0.0 
 210.614    0.011 0.0 0.0 
 210.644    0.011 0.0 0.0 
 210.675    0.010 0.0 0.0 
 210.705    0.010 0.0 0.0 
 210.735    0.009 0.0 0.0 
 210.765    0.009 0.0 0.0 
 210.795    0.009 0.0 0.0 
 210.829    0.008 0.0 0.0 
 210.856    0.008 0.0 0.0 
 210.888    0.007 0.0 0.0 
 210.921    0.007 0.0 0.0 
 210.947    0.007 0.0 0.0 
 210.977    0.006 0.0 0.0 
 211.008    0.006 0.0 0.0 
 211.038    0.005 0.0 0.0 
 211.068    0.005 0.0 0.0 
 211.098    0.004 0.0 0.0 
 211.128    0.004 0.0 0.0 
 211.159    0.003 0.0 0.0 
 211.190    0.002 0.0 0.0 
 211.220    0.001 0.0 0.0 
 211.249    0.000 0.0 0.0 
 211.285   -0.000 0.0 0.0 
 211.310   -0.001 0.0 0.0 
 211.340   -0.002 0.0 0.0 
 211.371   -0.003 0.0 0.0 
 211.401   -0.003 0.0 0.0 
 211.431   -0.004 0.0 0.0 
 211.461   -0.005 0.0 0.0 
 211.492   -0.005 0.0 0.0 
 211.523   -0.005 0.0 0.0 
 211.554   -0.006 0.0 0.0 
 211.588   -0.006 0.0 0.0 
 211.613   -0.007 0.0 0.0 
 211.643   -0.008 0.0 0.0 
 211.679   -0.008 0.0 0.0 
 211.705   -0.009 0.0 0.0 
 211.734   -0.010 0.0 0.0 
 211.765   -0.010 0.0 0.0 
 211.794   -0.011 0.0 0.0 
 211.825   -0.011 0.0 0.0 
 211.856   -0.012 0.0 0.0 
 211.887   -0.012 0.0 0.0 
 211.916   -0.012 0.0 0.0 
 211.951   -0.012 0.0 0.0 
 211.977   -0.012 0.0 0.0 
 212.007   -0.012 0.0 0.0 
 212.043   -0.012 0.0 0.0 
 212.069   -0.012 0.0 0.0 
 212.098   -0.013 0.0 0.0 
 212.128   -0.013 0.0 0.0 
 212.158   -0.013 0.0 0.0 
 212.188   -0.013 0.0 0.0 
 212.219   -0.013 0.0 0.0 
 212.249   -0.013 0.0 0.0 
 212.280   -0.013 0.0 0.0 
 212.311   -0.013 0.0 0.0 
 212.340   -0.013 0.0 0.0 
 212.371   -0.013 0.0 0.0 
 212.401   -0.013 0.0 0.0 
 212.431   -0.013 0.0 0.0 
 212.461   -0.013 0.0 0.0 
 212.491   -0.012 0.0 0.0 
 212.527   -0.012 0.0 0.0 
 212.553   -0.012 0.0 0.0 
 212.583   -0.012 0.0 0.0 
 212.618   -0.012 0.0 0.0 
 212.644   -0.011 0.0 0.0 
 212.674   -0.011 0.0 0.0 
 212.704   -0.010 0.0 0.0 
 212.734   -0.010 0.0 0.0 
 212.765   -0.010 0.0 0.0 
 212.795   -0.009 0.0 0.0 
 212.826   -0.009 0.0 0.0 
 212.860   -0.008 0.0 0.0 
 212.887   -0.008 0.0 0.0 
 212.920   -0.007 0.0 0.0 
 212.946   -0.007 0.0 0.0 
 212.981   -0.006 0.0 0.0 
 213.007   -0.005 0.0 0.0 
 213.036   -0.005 0.0 0.0 
 213.067   -0.004 0.0 0.0 
 213.098   -0.004 0.0 0.0 
 213.128   -0.003 0.0 0.0 
 213.158   -0.002 0.0 0.0 
 213.188   -0.002 0.0 0.0 
 213.219   -0.001 0.0 0.0 
 213.249   -0.001 0.0 0.0 
 213.282    0.000 0.0 0.0 
 213.310    0.001 0.0 0.0 
 213.344    0.001 0.0 0.0 
 213.370    0.002 0.0 0.0 
 213.400    0.003 0.0 0.0 
 213.430    0.003 0.0 0.0 
 213.465    0.004 0.0 0.0 
 213.490    0.005 0.0 0.0 
 213.526    0.005 0.0 0.0 
 213.552    0.006 0.0 0.0 
 213.582    0.006 0.0 0.0 
 213.612    0.007 0.0 0.0 
 213.642    0.007 0.0 0.0 
 213.673    0.008 0.0 0.0 
 213.707    0.009 0.0 0.0 
 213.733    0.009 0.0 0.0 
 213.763    0.010 0.0 0.0 
 213.793    0.010 0.0 0.0 
 213.824    0.010 0.0 0.0 
 213.855    0.011 0.0 0.0 
 213.885    0.011 0.0 0.0 
 213.915    0.011 0.0 0.0 
 213.950    0.012 0.0 0.0 
 213.980    0.012 0.0 0.0 
 214.010    0.012 0.0 0.0 
 214.041    0.012 0.0 0.0 
 214.070    0.012 0.0 0.0 
 214.096    0.012 0.0 0.0 
 214.127    0.012 0.0 0.0 
 214.162    0.013 0.0 0.0 
 214.187    0.013 0.0 0.0 
 214.218    0.013 0.0 0.0 
 214.253    0.013 0.0 0.0 
 214.279    0.013 0.0 0.0 
 214.308    0.013 0.0 0.0 
 214.343    0.013 0.0 0.0 
 214.369    0.013 0.0 0.0 
 214.399    0.013 0.0 0.0 
 214.429    0.012 0.0 0.0 
 214.461    0.012 0.0 0.0 
 214.491    0.012 0.0 0.0 
 214.523    0.012 0.0 0.0 
 214.550    0.011 0.0 0.0 
 214.586    0.011 0.0 0.0 
 214.611    0.011 0.0 0.0 
 214.646    0.010 0.0 0.0 
 214.672    0.010 0.0 0.0 
 214.702    0.009 0.0 0.0 
 214.732    0.009 0.0 0.0 
 214.762    0.009 0.0 0.0 
 214.792    0.008 0.0 0.0 
 214.823    0.008 0.0 0.0 
 214.853    0.007 0.0 0.0 
 214.885    0.007 0.0 0.0 
 214.915    0.006 0.0 0.0 
 214.947    0.005 0.0 0.0 
 214.978    0.005 0.0 0.0 
 215.005    0.004 0.0 0.0 
 215.035    0.003 0.0 0.0 
 215.064    0.002 0.0 0.0 
 215.096    0.002 0.0 0.0 
 215.125    0.001 0.0 0.0 
 215.156    0.000 0.0 0.0 
 215.191   -0.000 0.0 0.0 
 215.221   -0.001 0.0 0.0 
 215.250   -0.001 0.0 0.0 
 215.280   -0.002 0.0 0.0 
 215.311   -0.002 0.0 0.0 
 215.338   -0.002 0.0 0.0 
 215.371   -0.003 0.0 0.0 
 215.399   -0.003 0.0 0.0 
 215.430   -0.004 0.0 0.0 
 215.463   -0.004 0.0 0.0 
 215.493   -0.005 0.0 0.0 
 215.520   -0.006 0.0 0.0 
 215.550   -0.006 0.0 0.0 
 215.580   -0.007 0.0 0.0 
 215.610   -0.007 0.0 0.0 
 215.640   -0.008 0.0 0.0 
 215.671   -0.009 0.0 0.0 
 215.701   -0.009 0.0 0.0 
 215.732   -0.010 0.0 0.0 
 215.762   -0.010 0.0 0.0 
 215.792   -0.011 0.0 0.0 
 215.822   -0.011 0.0 0.0 
 215.852   -0.011 0.0 0.0 
 215.883   -0.011 0.0 0.0 
 215.913   -0.012 0.0 0.0 
 215.944   -0.012 0.0 0.0 
 215.973   -0.012 0.0 0.0 
 216.004   -0.012 0.0 0.0 
 216.034   -0.012 0.0 0.0 
 216.065   -0.012 0.0 0.0 
 216.100   -0.012 0.0 0.0 
 216.125   -0.013 0.0 0.0 
 216.156   -0.013 0.0 0.0 
 216.186   -0.013 0.0 0.0 
 216.216   -0.013 0.0 0.0 
 216.247   -0.013 0.0 0.0 
 216.276   -0.013 0.0 0.0 
 216.307   -0.013 0.0 0.0 
 216.337   -0.013 0.0 0.0 
 216.367   -0.013 0.0 0.0 
 216.397   -0.013 0.0 0.0 
 216.429   -0.012 0.0 0.0 
 216.458   -0.012 0.0 0.0 
 216.489   -0.012 0.0 0.0 
 216.519   -0.011 0.0 0.0 
 216.549   -0.011 0.0 0.0 
 216.579   -0.011 0.0 0.0 
 216.609   -0.010 0.0 0.0 
 216.640   -0.010 0.0 0.0 
 216.670   -0.009 0.0 0.0 
 216.706   -0.009 0.0 0.0 
 216.731   -0.008 0.0 0.0 
 216.762   -0.008 0.0 0.0 
 216.791   -0.007 0.0 0.0 
 216.821   -0.007 0.0 0.0 
 216.852   -0.007 0.0 0.0 
 216.882   -0.006 0.0 0.0 
 216.917   -0.006 0.0 0.0 
 216.943   -0.005 0.0 0.0 
 216.973   -0.005 0.0 0.0 
 217.003   -0.005 0.0 0.0 
 217.033   -0.004 0.0 0.0 
 217.064   -0.004 0.0 0.0 
 217.094   -0.003 0.0 0.0 
 217.124   -0.003 0.0 0.0 
 217.154   -0.002 0.0 0.0 
 217.185   -0.002 0.0 0.0 
 217.216   -0.001 0.0 0.0 
 217.246   -0.000 0.0 0.0 
 217.276    0.001 0.0 0.0 
 217.306    0.001 0.0 0.0 
 217.336    0.002 0.0 0.0 
 217.366    0.003 0.0 0.0 
 217.397    0.004 0.0 0.0 
 217.427    0.005 0.0 0.0 
 217.458    0.005 0.0 0.0 
 217.487    0.006 0.0 0.0 
 217.518    0.006 0.0 0.0 
 217.550    0.007 0.0 0.0 
 217.580    0.007 0.0 0.0 
 217.610    0.007 0.0 0.0 
 217.639    0.008 0.0 0.0 
 217.670    0.008 0.0 0.0 
 217.700    0.008 0.0 0.0 
 217.730    0.009 0.0 0.0 
 217.760    0.009 0.0 0.0 
 217.790    0.010 0.0 0.0 
 217.821    0.010 0.0 0.0 
 217.851    0.010 0.0 0.0 
 217.882    0.011 0.0 0.0 
 217.912    0.011 0.0 0.0 
 217.942    0.011 0.0 0.0 
 217.972    0.012 0.0 0.0 
 218.003    0.012 0.0 0.0 
 218.032    0.012 0.0 0.0 
 218.063    0.012 0.0 0.0 
 218.094    0.012 0.0 0.0 
 218.124    0.012 0.0 0.0 
 218.154    0.012 0.0 0.0 
 218.189    0.012 0.0 0.0 
 218.214    0.012 0.0 0.0 
 218.245    0.013 0.0 0.0 
 218.275    0.013 0.0 0.0 
 218.305    0.013 0.0 0.0 
 218.335    0.012 0.0 0.0 
 218.366    0.012 0.0 0.0 
 218.401    0.012 0.0 0.0 
 218.427    0.012 0.0 0.0 
 218.457    0.012 0.0 0.0 
 218.487    0.012 0.0 0.0 
 218.518    0.012 0.0 0.0 
 218.549    0.012 0.0 0.0 
 218.578    0.011 0.0 0.0 
 218.609    0.011 0.0 0.0 
 218.639    0.010 0.0 0.0 
 218.669    0.010 0.0 0.0 
 218.700    0.009 0.0 0.0 
 218.730    0.009 0.0 0.0 
 218.760    0.008 0.0 0.0 
 218.790    0.008 0.0 0.0 
 218.820    0.007 0.0 0.0 
 218.851    0.007 0.0 0.0 
 218.881    0.006 0.0 0.0 
 218.912    0.006 0.0 0.0 
 218.942    0.005 0.0 0.0 
 218.972    0.005 0.0 0.0 
 219.002    0.005 0.0 0.0 
 219.032    0.004 0.0 0.0 
 219.068    0.003 0.0 0.0 
 219.093    0.003 0.0 0.0 
 219.123    0.002 0.0 0.0 
 219.154    0.001 0.0 0.0 
 219.184    0.001 0.0 0.0 
 219.214    0.000 0.0 0.0 
 219.245   -0.001 0.0 0.0 
 219.275   -0.001 0.0 0.0 
 219.305   -0.002 0.0 0.0 
 219.337   -0.002 0.0 0.0 
 219.366   -0.003 0.0 0.0 
 219.396   -0.003 0.0 0.0 
 219.426   -0.004 0.0 0.0 
 219.457   -0.005 0.0 0.0 
 219.487   -0.005 0.0 0.0 
 219.517   -0.006 0.0 0.0 
 219.548   -0.006 0.0 0.0 
 219.579   -0.007 0.0 0.0 
 219.613   -0.008 0.0 0.0 
 219.638   -0.008 0.0 0.0 
 219.669   -0.009 0.0 0.0 
 219.699   -0.010 0.0 0.0 
 219.730   -0.010 0.0 0.0 
 219.760   -0.011 0.0 0.0 
 219.790   -0.011 0.0 0.0 
 219.820   -0.011 0.0 0.0 
 219.852   -0.011 0.0 0.0 
 219.881   -0.012 0.0 0.0 
 219.974   -0.012 0.0 0.0 
 220.006   -0.012 0.0 0.0 
 220.026   -0.012 0.0 0.0 
 220.053   -0.012 0.0 0.0 
 220.083   -0.012 0.0 0.0 
 220.113   -0.012 0.0 0.0 
 220.144   -0.012 0.0 0.0 
 220.176   -0.012 0.0 0.0 
 220.206   -0.012 0.0 0.0 
 220.236   -0.012 0.0 0.0 
 220.268   -0.012 0.0 0.0 
 220.298   -0.012 0.0 0.0 
 220.329   -0.012 0.0 0.0 
 220.360   -0.012 0.0 0.0 
 220.389   -0.012 0.0 0.0 
 220.420   -0.012 0.0 0.0 
 220.450   -0.012 0.0 0.0 
 220.479   -0.012 0.0 0.0 
 220.510   -0.012 0.0 0.0 
 220.541   -0.012 0.0 0.0 
 220.571   -0.012 0.0 0.0 
 220.600   -0.012 0.0 0.0 
 220.631   -0.011 0.0 0.0 
 220.661   -0.011 0.0 0.0 
 220.692   -0.011 0.0 0.0 
 220.722   -0.010 0.0 0.0 
 220.752   -0.010 0.0 0.0 
 220.783   -0.010 0.0 0.0 
 220.813   -0.009 0.0 0.0 
 220.844   -0.009 0.0 0.0 
 220.877   -0.008 0.0 0.0 
 220.904   -0.008 0.0 0.0 
 220.935   -0.007 0.0 0.0 
 220.969   -0.007 0.0 0.0 
 220.995   -0.006 0.0 0.0 
 221.025   -0.005 0.0 0.0 
 221.055   -0.004 0.0 0.0 
 221.086   -0.004 0.0 0.0 
 221.116   -0.003 0.0 0.0 
 221.146   -0.002 0.0 0.0 
 221.177   -0.001 0.0 0.0 
 221.208   -0.001 0.0 0.0 
 221.238    0.000 0.0 0.0 
 221.267    0.001 0.0 0.0 
 221.298    0.001 0.0 0.0 
 221.328    0.002 0.0 0.0 
 221.359    0.002 0.0 0.0 
 221.388    0.002 0.0 0.0 
 221.419    0.003 0.0 0.0 
 221.454    0.003 0.0 0.0 
 221.479    0.004 0.0 0.0 
 221.511    0.004 0.0 0.0 
 221.540    0.005 0.0 0.0 
 221.571    0.005 0.0 0.0 
 221.600    0.005 0.0 0.0 
 221.631    0.006 0.0 0.0 
 221.661    0.007 0.0 0.0 
 221.691    0.008 0.0 0.0 
 221.722    0.008 0.0 0.0 
 221.751    0.009 0.0 0.0 
 221.782    0.010 0.0 0.0 
 221.812    0.010 0.0 0.0 
 221.842    0.011 0.0 0.0 
 221.874    0.011 0.0 0.0 
 221.903    0.012 0.0 0.0 
 221.993    0.012 0.0 0.0 
 222.025    0.012 0.0 0.0 
 222.044    0.012 0.0 0.0 
 222.072    0.012 0.0 0.0 
 222.101    0.012 0.0 0.0 
 222.132    0.012 0.0 0.0 
 222.162    0.012 0.0 0.0 
 222.193    0.012 0.0 0.0 
 222.225    0.012 0.0 0.0 
 222.256    0.012 0.0 0.0 
 222.285    0.012 0.0 0.0 
 222.315    0.012 0.0 0.0 
 222.346    0.012 0.0 0.0 
 222.381    0.012 0.0 0.0 
 222.407    0.012 0.0 0.0 
 222.438    0.012 0.0 0.0 
 222.467    0.012 0.0 0.0 
 222.497    0.012 0.0 0.0 
 222.529    0.012 0.0 0.0 
 222.558    0.011 0.0 0.0 
 222.588    0.011 0.0 0.0 
 222.619    0.011 0.0 0.0 
 222.649    0.010 0.0 0.0 
 222.680    0.010 0.0 0.0 
 222.714    0.010 0.0 0.0 
 222.740    0.009 0.0 0.0 
 222.771    0.009 0.0 0.0 
 222.801    0.008 0.0 0.0 
 222.831    0.008 0.0 0.0 
 222.861    0.007 0.0 0.0 
 222.896    0.007 0.0 0.0 
 222.921    0.007 0.0 0.0 
 222.952    0.006 0.0 0.0 
 222.981    0.006 0.0 0.0 
 223.012    0.005 0.0 0.0 
 223.042    0.005 0.0 0.0 
 223.073    0.004 0.0 0.0 
 223.103    0.003 0.0 0.0 
 223.133    0.003 0.0 0.0 
 223.163    0.002 0.0 0.0 
 223.193    0.002 0.0 0.0 
 223.224    0.001 0.0 0.0 
 223.254    0.001 0.0 0.0 
 223.285   -0.000 0.0 0.0 
 223.315   -0.001 0.0 0.0 
 223.345   -0.001 0.0 0.0 
 223.376   -0.002 0.0 0.0 
 223.405   -0.002 0.0 0.0 
 223.436   -0.003 0.0 0.0 
 223.467   -0.003 0.0 0.0 
 223.497   -0.004 0.0 0.0 
 223.527   -0.005 0.0 0.0 
 223.557   -0.005 0.0 0.0 
 223.587   -0.006 0.0 0.0 
 223.618   -0.006 0.0 0.0 
 223.648   -0.006 0.0 0.0 
 223.678   -0.007 0.0 0.0 
 223.709   -0.008 0.0 0.0 
 223.738   -0.009 0.0 0.0 
 223.769   -0.009 0.0 0.0 
 223.800   -0.010 0.0 0.0 
 223.830   -0.010 0.0 0.0 
 223.860   -0.011 0.0 0.0 
 223.891   -0.011 0.0 0.0 
 223.921   -0.012 0.0 0.0 
 223.951   -0.012 0.0 0.0 
 223.982   -0.012 0.0 0.0 
 224.011   -0.012 0.0 0.0 
 224.041   -0.012 0.0 0.0 
 224.072   -0.012 0.0 0.0 
 224.102   -0.012 0.0 0.0 
 224.133   -0.012 0.0 0.0 
 224.163   -0.012 0.0 0.0 
 224.198   -0.012 0.0 0.0 
 224.224   -0.012 0.0 0.0 
 224.254   -0.012 0.0 0.0 
 224.285   -0.012 0.0 0.0 
 224.315   -0.012 0.0 0.0 
 224.344   -0.012 0.0 0.0 
 224.375   -0.012 0.0 0.0 
 224.405   -0.012 0.0 0.0 
 224.435   -0.012 0.0 0.0 
 224.465   -0.012 0.0 0.0 
 224.496   -0.012 0.0 0.0 
 224.526   -0.012 0.0 0.0 
 224.557   -0.011 0.0 0.0 
 224.587   -0.011 0.0 0.0 
 224.617   -0.011 0.0 0.0 
 224.652   -0.010 0.0 0.0 
 224.678   -0.010 0.0 0.0 
 224.708   -0.009 0.0 0.0 
 224.739   -0.009 0.0 0.0 
 224.774   -0.008 0.0 0.0 
 224.799   -0.007 0.0 0.0 
 224.830   -0.007 0.0 0.0 
 224.861   -0.006 0.0 0.0 
 224.890   -0.006 0.0 0.0 
 224.920   -0.005 0.0 0.0 
 224.954   -0.005 0.0 0.0 
 224.984   -0.005 0.0 0.0 
 225.012   -0.004 0.0 0.0 
 225.041   -0.004 0.0 0.0 
 225.071   -0.003 0.0 0.0 
 225.106   -0.003 0.0 0.0 
 225.133   -0.002 0.0 0.0 
 225.162   -0.002 0.0 0.0 
 225.192   -0.001 0.0 0.0 
 225.223   -0.001 0.0 0.0 
 225.253   -0.000 0.0 0.0 
 225.283    0.000 0.0 0.0 
 225.313    0.001 0.0 0.0 
 225.344    0.001 0.0 0.0 
 225.374    0.002 0.0 0.0 
 225.405    0.003 0.0 0.0 
 225.434    0.003 0.0 0.0 
 225.466    0.004 0.0 0.0 
 225.496    0.005 0.0 0.0 
 225.531    0.005 0.0 0.0 
 225.556    0.006 0.0 0.0 
 225.591    0.006 0.0 0.0 
 225.617    0.007 0.0 0.0 
 225.647    0.008 0.0 0.0 
 225.677    0.008 0.0 0.0 
 225.708    0.009 0.0 0.0 
 225.742    0.009 0.0 0.0 
 225.768    0.010 0.0 0.0 
 225.798    0.010 0.0 0.0 
 225.833    0.010 0.0 0.0 
 225.859    0.011 0.0 0.0 
 225.889    0.011 0.0 0.0 
 225.919    0.011 0.0 0.0 
 225.949    0.011 0.0 0.0 
 225.980    0.012 0.0 0.0 
 226.015    0.012 0.0 0.0 
 226.042    0.012 0.0 0.0 
 226.070    0.012 0.0 0.0 
 226.104    0.012 0.0 0.0 
 226.131    0.012 0.0 0.0 
 226.161    0.012 0.0 0.0 
 226.192    0.012 0.0 0.0 
 226.227    0.012 0.0 0.0 
 226.256    0.012 0.0 0.0 
 226.286    0.012 0.0 0.0 
 226.313    0.012 0.0 0.0 
 226.343    0.012 0.0 0.0 
 226.374    0.012 0.0 0.0 
 226.404    0.012 0.0 0.0 
 226.439    0.012 0.0 0.0 
 226.469    0.011 0.0 0.0 
 226.499    0.011 0.0 0.0 
 226.529    0.011 0.0 0.0 
 226.555    0.010 0.0 0.0 
 226.585    0.010 0.0 0.0 
 226.620    0.010 0.0 0.0 
 226.650    0.009 0.0 0.0 
 226.676    0.009 0.0 0.0 
 226.710    0.009 0.0 0.0 
 226.741    0.008 0.0 0.0 
 226.766    0.008 0.0 0.0 
 226.797    0.007 0.0 0.0 
 226.828    0.007 0.0 0.0 
 226.857    0.006 0.0 0.0 
 226.889    0.006 0.0 0.0 
 226.919    0.005 0.0 0.0 
 226.948    0.005 0.0 0.0 
 226.978    0.004 0.0 0.0 
 227.013    0.004 0.0 0.0 
 227.039    0.003 0.0 0.0 
 227.069    0.002 0.0 0.0 
 227.104    0.002 0.0 0.0 
 227.130    0.001 0.0 0.0 
 227.161    0.000 0.0 0.0 
 227.190   -0.000 0.0 0.0 
 227.221   -0.001 0.0 0.0 
 227.251   -0.002 0.0 0.0 
 227.286   -0.002 0.0 0.0 
 227.316   -0.003 0.0 0.0 
 227.342   -0.003 0.0 0.0 
 227.373   -0.004 0.0 0.0 
 227.403   -0.004 0.0 0.0 
 227.436   -0.004 0.0 0.0 
 227.464   -0.005 0.0 0.0 
 227.494   -0.005 0.0 0.0 
 227.524   -0.006 0.0 0.0 
 227.554   -0.006 0.0 0.0 
 227.584   -0.007 0.0 0.0 
 227.618   -0.008 0.0 0.0 
 227.645   -0.008 0.0 0.0 
 227.675   -0.009 0.0 0.0 
 227.705   -0.009 0.0 0.0 
 227.737   -0.010 0.0 0.0 
 227.771   -0.011 0.0 0.0 
 227.797   -0.011 0.0 0.0 
 227.826   -0.011 0.0 0.0 
 227.856   -0.011 0.0 0.0 
 227.887   -0.012 0.0 0.0 
 227.918   -0.012 0.0 0.0 
 227.953   -0.012 0.0 0.0 
 227.978   -0.012 0.0 0.0 
 228.008   -0.012 0.0 0.0 
 228.038   -0.012 0.0 0.0 
 228.069   -0.012 0.0 0.0 
 228.099   -0.012 0.0 0.0 
 228.130   -0.012 0.0 0.0 
 228.159   -0.012 0.0 0.0 
 228.190   -0.012 0.0 0.0 
 228.221   -0.012 0.0 0.0 
 228.250   -0.012 0.0 0.0 
 228.286   -0.012 0.0 0.0 
 228.311   -0.012 0.0 0.0 
 228.346   -0.012 0.0 0.0 
 228.377   -0.012 0.0 0.0 
 228.403   -0.012 0.0 0.0 
 228.432   -0.012 0.0 0.0 
 228.467   -0.012 0.0 0.0 
 228.493   -0.012 0.0 0.0 
 228.523   -0.011 0.0 0.0 
 228.554   -0.011 0.0 0.0 
 228.585   -0.011 0.0 0.0 
 228.613   -0.010 0.0 0.0 
 228.645   -0.010 0.0 0.0 
 228.675   -0.010 0.0 0.0 
 228.705   -0.009 0.0 0.0 
 228.740   -0.009 0.0 0.0 
 228.765   -0.009 0.0 0.0 
 228.795   -0.008 0.0 0.0 
 228.826   -0.008 0.0 0.0 
 228.861   -0.007 0.0 0.0 
 228.891   -0.007 0.0 0.0 
 228.917   -0.006 0.0 0.0 
 228.950   -0.005 0.0 0.0 
 228.982   -0.004 0.0 0.0 
 229.008   -0.004 0.0 0.0 
 229.042   -0.003 0.0 0.0 
 229.068   -0.002 0.0 0.0 
 229.098   -0.002 0.0 0.0 
 229.129   -0.001 0.0 0.0 
 229.160   -0.000 0.0 0.0 
 229.190    0.000 0.0 0.0 
 229.225    0.001 0.0 0.0 
 229.250    0.001 0.0 0.0 
 229.281    0.002 0.0 0.0 
 229.311    0.002 0.0 0.0 
 229.341    0.002 0.0 0.0 
 229.371    0.003 0.0 0.0 
 229.401    0.003 0.0 0.0 
 229.432    0.004 0.0 0.0 
 229.463    0.005 0.0 0.0 
 229.492    0.005 0.0 0.0 
 229.523    0.005 0.0 0.0 
 229.557    0.006 0.0 0.0 
 229.588    0.006 0.0 0.0 
 229.614    0.007 0.0 0.0 
 229.643    0.007 0.0 0.0 
 229.673    0.008 0.0 0.0 
 229.709    0.008 0.0 0.0 
 229.739    0.009 0.0 0.0 
 229.767    0.009 0.0 0.0 
 229.795    0.009 0.0 0.0 
 229.824    0.010 0.0 0.0 
 229.855    0.010 0.0 0.0 
 229.885    0.010 0.0 0.0 
 229.915    0.011 0.0 0.0 
 229.945    0.011 0.0 0.0 
 229.981    0.011 0.0 0.0 
 230.007    0.012 0.0 0.0 
 230.036    0.012 0.0 0.0 
 230.067    0.012 0.0 0.0 
 230.098    0.012 0.0 0.0 
 230.127    0.012 0.0 0.0 
 230.158    0.012 0.0 0.0 
 230.188    0.012 0.0 0.0 
 230.218    0.012 0.0 0.0 
 230.249    0.012 0.0 0.0 
 230.279    0.012 0.0 0.0 
 230.310    0.012 0.0 0.0 
 230.343    0.012 0.0 0.0 
 230.373    0.012 0.0 0.0 
 230.400    0.012 0.0 0.0 
 230.431    0.012 0.0 0.0 
 230.464    0.011 0.0 0.0 
 230.494    0.011 0.0 0.0 
 230.521    0.011 0.0 0.0 
 230.552    0.011 0.0 0.0 
 230.582    0.011 0.0 0.0 
 230.614    0.010 0.0 0.0 
 230.643    0.010 0.0 0.0 
 230.673    0.009 0.0 0.0 
 230.703    0.009 0.0 0.0 
 230.733    0.009 0.0 0.0 
 230.764    0.008 0.0 0.0 
 230.797    0.008 0.0 0.0 
 230.824    0.007 0.0 0.0 
 230.854    0.006 0.0 0.0 
 230.884    0.006 0.0 0.0 
 230.913    0.005 0.0 0.0 
 230.945    0.005 0.0 0.0 
 230.975    0.004 0.0 0.0 
 231.005    0.004 0.0 0.0 
 231.035    0.003 0.0 0.0 
 231.069    0.003 0.0 0.0 
 231.101    0.002 0.0 0.0 
 231.126    0.002 0.0 0.0 
 231.155    0.001 0.0 0.0 
 231.186    0.001 0.0 0.0 
 231.217    0.000 0.0 0.0 
 231.247   -0.001 0.0 0.0 
 231.276   -0.001 0.0 0.0 
 231.307   -0.002 0.0 0.0 
 231.342   -0.002 0.0 0.0 
 231.372   -0.003 0.0 0.0 
 231.397   -0.003 0.0 0.0 
 231.429   -0.003 0.0 0.0 
 231.463   -0.004 0.0 0.0 
 231.488   -0.004 0.0 0.0 
 231.519   -0.005 0.0 0.0 
 231.549   -0.005 0.0 0.0 
 231.580   -0.006 0.0 0.0 
 231.610   -0.006 0.0 0.0 
 231.645   -0.007 0.0 0.0 
 231.671   -0.007 0.0 0.0 
 231.701   -0.008 0.0 0.0 
 231.732   -0.008 0.0 0.0 
 231.762   -0.009 0.0 0.0 
 231.791   -0.009 0.0 0.0 
 231.822   -0.010 0.0 0.0 
 231.853   -0.010 0.0 0.0 
 231.882   -0.011 0.0 0.0 
 231.913   -0.011 0.0 0.0 
 231.944   -0.011 0.0 0.0 
 231.973   -0.011 0.0 0.0 
 232.005   -0.012 0.0 0.0 
 232.035   -0.012 0.0 0.0 
 232.064   -0.012 0.0 0.0 
 232.094   -0.012 0.0 0.0 
 232.129   -0.012 0.0 0.0 
 232.156   -0.012 0.0 0.0 
 232.185   -0.012 0.0 0.0 
 232.216   -0.012 0.0 0.0 
 232.246   -0.012 0.0 0.0 
 232.281   -0.012 0.0 0.0 
 232.311   -0.012 0.0 0.0 
 232.338   -0.012 0.0 0.0 
 232.371   -0.012 0.0 0.0 
 232.402   -0.012 0.0 0.0 
 232.428   -0.012 0.0 0.0 
 232.462   -0.012 0.0 0.0 
 232.489   -0.011 0.0 0.0 
 232.518   -0.011 0.0 0.0 
 232.549   -0.011 0.0 0.0 
 232.579   -0.010 0.0 0.0 
 232.613   -0.010 0.0 0.0 
 232.644   -0.009 0.0 0.0 
 232.671   -0.009 0.0 0.0 
 232.701   -0.008 0.0 0.0 
 232.731   -0.008 0.0 0.0 
 232.761   -0.007 0.0 0.0 
 232.791   -0.007 0.0 0.0 
 232.821   -0.006 0.0 0.0 
 232.851   -0.006 0.0 0.0 
 232.882   -0.006 0.0 0.0 
 232.912   -0.005 0.0 0.0 
 232.942   -0.005 0.0 0.0 
 232.974   -0.004 0.0 0.0 
 233.003   -0.004 0.0 0.0 
 233.033   -0.003 0.0 0.0 
 233.063   -0.003 0.0 0.0 
 233.094   -0.002 0.0 0.0 
 233.124   -0.002 0.0 0.0 
 233.154   -0.001 0.0 0.0 
 233.185   -0.001 0.0 0.0 
 233.218   -0.000 0.0 0.0 
 233.245    0.000 0.0 0.0 
 233.278    0.000 0.0 0.0 
 233.310    0.001 0.0 0.0 
 233.336    0.001 0.0 0.0 
 233.366    0.002 0.0 0.0 
 233.401    0.002 0.0 0.0 
 233.427    0.003 0.0 0.0 
 233.457    0.003 0.0 0.0 
 233.487    0.004 0.0 0.0 
 233.517    0.004 0.0 0.0 
 233.548    0.005 0.0 0.0 
 233.578    0.006 0.0 0.0 
 233.608    0.006 0.0 0.0 
 233.638    0.007 0.0 0.0 
 233.669    0.007 0.0 0.0 
 233.699    0.008 0.0 0.0 
 233.730    0.008 0.0 0.0 
 233.761    0.009 0.0 0.0 
 233.790    0.009 0.0 0.0 
 233.820    0.010 0.0 0.0 
 233.850    0.010 0.0 0.0 
 233.881    0.010 0.0 0.0 
 233.911    0.011 0.0 0.0 
 233.941    0.011 0.0 0.0 
 233.973    0.011 0.0 0.0 
 234.002    0.011 0.0 0.0 
 234.032    0.011 0.0 0.0 
 234.062    0.011 0.0 0.0 
 234.092    0.012 0.0 0.0 
 234.123    0.012 0.0 0.0 
 234.153    0.012 0.0 0.0 
 234.184    0.012 0.0 0.0 
 234.214    0.012 0.0 0.0 
 234.244    0.012 0.0 0.0 
 234.274    0.012 0.0 0.0 
 234.304    0.012 0.0 0.0 
 234.335    0.012 0.0 0.0 
 234.366    0.012 0.0 0.0 
 234.395    0.012 0.0 0.0 
 234.425    0.011 0.0 0.0 
 234.456    0.011 0.0 0.0 
 234.487    0.011 0.0 0.0 
 234.516    0.011 0.0 0.0 
 234.547    0.011 0.0 0.0 
 234.577    0.010 0.0 0.0 
 234.607    0.010 0.0 0.0 
 234.637    0.009 0.0 0.0 
 234.673    0.009 0.0 0.0 
 234.698    0.008 0.0 0.0 
 234.728    0.008 0.0 0.0 
 234.763    0.008 0.0 0.0 
 234.789    0.007 0.0 0.0 
 234.819    0.007 0.0 0.0 
 234.849    0.006 0.0 0.0 
 234.882    0.006 0.0 0.0 
 234.911    0.005 0.0 0.0 
 234.940    0.005 0.0 0.0 
 234.970    0.004 0.0 0.0 
 235.001    0.004 0.0 0.0 
 235.031    0.003 0.0 0.0 
 235.061    0.002 0.0 0.0 
 235.091    0.002 0.0 0.0 
 235.121    0.001 0.0 0.0 
 235.152    0.001 0.0 0.0 
 235.182    0.000 0.0 0.0 
 235.212   -0.000 0.0 0.0 
 235.242   -0.000 0.0 0.0 
 235.273   -0.001 0.0 0.0 
 235.303   -0.001 0.0 0.0 
 235.338   -0.002 0.0 0.0 
 235.364   -0.002 0.0 0.0 
 235.394   -0.003 0.0 0.0 
 235.424   -0.004 0.0 0.0 
 235.455   -0.004 0.0 0.0 
 235.485   -0.005 0.0 0.0 
 235.520   -0.006 0.0 0.0 
 235.546   -0.006 0.0 0.0 
 235.576   -0.007 0.0 0.0 
 235.606   -0.008 0.0 0.0 
 235.637   -0.008 0.0 0.0 
 235.667   -0.008 0.0 0.0 
 235.698   -0.009 0.0 0.0 
 235.727   -0.009 0.0 0.0 
 235.762   -0.009 0.0 0.0 
 235.788   -0.009 0.0 0.0 
 235.818   -0.010 0.0 0.0 
 235.848   -0.010 0.0 0.0 
 235.879   -0.010 0.0 0.0 
 235.983   -0.011 0.0 0.0 
 236.017   -0.011 0.0 0.0 
 236.035   -0.011 0.0 0.0 
 236.064   -0.012 0.0 0.0 
 236.095   -0.012 0.0 0.0 
 236.124   -0.012 0.0 0.0 
 236.157   -0.012 0.0 0.0 
 236.187   -0.012 0.0 0.0 
 236.218   -0.012 0.0 0.0 
 236.248   -0.012 0.0 0.0 
 236.277   -0.012 0.0 0.0 
 236.309   -0.012 0.0 0.0 
 236.340   -0.012 0.0 0.0 
 236.370   -0.012 0.0 0.0 
 236.400   -0.012 0.0 0.0 
 236.431   -0.012 0.0 0.0 
 236.460   -0.011 0.0 0.0 
 236.491   -0.011 0.0 0.0 
 236.521   -0.011 0.0 0.0 
 236.556   -0.011 0.0 0.0 
 236.581   -0.011 0.0 0.0 
 236.612   -0.010 0.0 0.0 
 236.643   -0.010 0.0 0.0 
 236.673   -0.010 0.0 0.0 
 236.703   -0.009 0.0 0.0 
 236.733   -0.009 0.0 0.0 
 236.763   -0.009 0.0 0.0 
 236.793   -0.008 0.0 0.0 
 236.824   -0.008 0.0 0.0 
 236.854   -0.007 0.0 0.0 
 236.884   -0.007 0.0 0.0 
 236.915   -0.006 0.0 0.0 
 236.946   -0.006 0.0 0.0 
 236.975   -0.005 0.0 0.0 
 237.005   -0.005 0.0 0.0 
 237.036   -0.004 0.0 0.0 
 237.071   -0.004 0.0 0.0 
 237.097   -0.003 0.0 0.0 
 237.127   -0.003 0.0 0.0 
 237.162   -0.002 0.0 0.0 
 237.188   -0.002 0.0 0.0 
 237.219   -0.001 0.0 0.0 
 237.248   -0.001 0.0 0.0 
 237.278   -0.000 0.0 0.0 
 237.309    0.000 0.0 0.0 
 237.340    0.001 0.0 0.0 
 237.369    0.001 0.0 0.0 
 237.400    0.002 0.0 0.0 
 237.429    0.002 0.0 0.0 
 237.465    0.003 0.0 0.0 
 237.494    0.003 0.0 0.0 
 237.520    0.004 0.0 0.0 
 237.556    0.005 0.0 0.0 
 237.582    0.005 0.0 0.0 
 237.611    0.006 0.0 0.0 
 237.642    0.006 0.0 0.0 
 237.676    0.006 0.0 0.0 
 237.702    0.007 0.0 0.0 
 237.732    0.008 0.0 0.0 
 237.763    0.008 0.0 0.0 
 237.793    0.009 0.0 0.0 
 237.823    0.009 0.0 0.0 
 237.854    0.010 0.0 0.0 
 237.887    0.010 0.0 0.0 
 237.919    0.011 0.0 0.0 
 237.944    0.011 0.0 0.0 
 237.980    0.011 0.0 0.0 
 238.010    0.011 0.0 0.0 
 238.035    0.012 0.0 0.0 
 238.066    0.012 0.0 0.0 
 238.097    0.012 0.0 0.0 
 238.126    0.012 0.0 0.0 
 238.161    0.012 0.0 0.0 
 238.187    0.012 0.0 0.0 
 238.222    0.012 0.0 0.0 
 238.252    0.011 0.0 0.0 
 238.279    0.011 0.0 0.0 
 238.313    0.011 0.0 0.0 
 238.339    0.011 0.0 0.0 
 238.373    0.011 0.0 0.0 
 238.399    0.011 0.0 0.0 
 238.430    0.010 0.0 0.0 
 238.463    0.010 0.0 0.0 
 238.490    0.010 0.0 0.0 
 238.520    0.010 0.0 0.0 
 238.550    0.009 0.0 0.0 
 238.580    0.009 0.0 0.0 
 238.611    0.009 0.0 0.0 
 238.641    0.009 0.0 0.0 
 238.671    0.008 0.0 0.0 
 238.706    0.008 0.0 0.0 
 238.736    0.008 0.0 0.0 
 238.767    0.008 0.0 0.0 
 238.792    0.007 0.0 0.0 
 238.823    0.007 0.0 0.0 
 238.858    0.007 0.0 0.0 
 238.885    0.006 0.0 0.0 
 238.914    0.006 0.0 0.0 
 238.943    0.005 0.0 0.0 
 238.974    0.005 0.0 0.0 
 239.005    0.005 0.0 0.0 
 239.035    0.004 0.0 0.0 
 239.065    0.004 0.0 0.0 
 239.095    0.003 0.0 0.0 
 239.126    0.002 0.0 0.0 
 239.157    0.002 0.0 0.0 
 239.187    0.001 0.0 0.0 
 239.217    0.001 0.0 0.0 
 239.248    0.000 0.0 0.0 
 239.277   -0.000 0.0 0.0 
 239.307   -0.001 0.0 0.0 
 239.337   -0.002 0.0 0.0 
 239.368   -0.002 0.0 0.0 
 239.403   -0.003 0.0 0.0 
 239.429   -0.003 0.0 0.0 
 239.459   -0.004 0.0 0.0 
 239.489   -0.004 0.0 0.0 
 239.524   -0.005 0.0 0.0 
 239.550   -0.005 0.0 0.0 
 239.580   -0.006 0.0 0.0 
 239.610   -0.006 0.0 0.0 
 239.640   -0.007 0.0 0.0 
 239.671   -0.007 0.0 0.0 
 239.702   -0.007 0.0 0.0 
 239.731   -0.008 0.0 0.0 
 239.761   -0.008 0.0 0.0 
 239.795   -0.008 0.0 0.0 
 239.822   -0.009 0.0 0.0 
 239.853   -0.009 0.0 0.0 
 239.882   -0.009 0.0 0.0 
 239.913   -0.010 0.0 0.0 
 239.943   -0.010 0.0 0.0 
 239.974   -0.010 0.0 0.0 
 240.004   -0.011 0.0 0.0 
 240.038   -0.011 0.0 0.0 
 240.065   -0.011 0.0 0.0 
 240.096   -0.012 0.0 0.0 
 240.126   -0.012 0.0 0.0 
 240.155   -0.012 0.0 0.0 
 240.186   -0.012 0.0 0.0 
 240.216   -0.012 0.0 0.0 
 240.246   -0.012 0.0 0.0 
 240.276   -0.012 0.0 0.0 
 240.308   -0.012 0.0 0.0 
 240.342   -0.012 0.0 0.0 
 240.367   -0.012 0.0 0.0 
 240.398   -0.012 0.0 0.0 
 240.427   -0.011 0.0 0.0 
 240.458   -0.011 0.0 0.0 
 240.488   -0.011 0.0 0.0 
 240.518   -0.011 0.0 0.0 
 240.548   -0.010 0.0 0.0 
 240.578   -0.010 0.0 0.0 
 240.609   -0.010 0.0 0.0 
 240.644   -0.009 0.0 0.0 
 240.669   -0.009 0.0 0.0 
 240.700   -0.009 0.0 0.0 
 240.730   -0.009 0.0 0.0 
 240.760   -0.008 0.0 0.0 
 240.791   -0.008 0.0 0.0 
 240.821   -0.007 0.0 0.0 
 240.851   -0.007 0.0 0.0 
 240.882   -0.006 0.0 0.0 
 240.913   -0.006 0.0 0.0 
 240.943   -0.005 0.0 0.0 
 240.978   -0.005 0.0 0.0 
 241.003   -0.004 0.0 0.0 
 241.033   -0.003 0.0 0.0 
 241.063   -0.003 0.0 0.0 
 241.093   -0.002 0.0 0.0 
 241.125   -0.002 0.0 0.0 
 241.154   -0.001 0.0 0.0 
 241.184   -0.001 0.0 0.0 
 241.215   -0.001 0.0 0.0 
 241.245   -0.000 0.0 0.0 
 241.274    0.000 0.0 0.0 
 241.305    0.001 0.0 0.0 
 241.337    0.001 0.0 0.0 
 241.367    0.002 0.0 0.0 
 241.396    0.002 0.0 0.0 
 241.426    0.003 0.0 0.0 
 241.456    0.003 0.0 0.0 
 241.487    0.004 0.0 0.0 
 241.517    0.005 0.0 0.0 
 241.548    0.005 0.0 0.0 
 241.579    0.006 0.0 0.0 
 241.608    0.006 0.0 0.0 
 241.638    0.007 0.0 0.0 
 241.668    0.007 0.0 0.0 
 241.700    0.007 0.0 0.0 
 241.734    0.008 0.0 0.0 
 241.759    0.008 0.0 0.0 
 241.789    0.009 0.0 0.0 
 241.820    0.009 0.0 0.0 
 241.850    0.010 0.0 0.0 
 241.881    0.010 0.0 0.0 
 241.915    0.010 0.0 0.0 
 241.940    0.010 0.0 0.0 
 241.970    0.011 0.0 0.0 
 242.001    0.011 0.0 0.0 
 242.032    0.011 0.0 0.0 
 242.062    0.011 0.0 0.0 
 242.092    0.011 0.0 0.0 
 242.122    0.011 0.0 0.0 
 242.152    0.011 0.0 0.0 
 242.183    0.012 0.0 0.0 
 242.214    0.012 0.0 0.0 
 242.244    0.011 0.0 0.0 
 242.279    0.011 0.0 0.0 
 242.304    0.011 0.0 0.0 
 242.334    0.011 0.0 0.0 
 242.364    0.011 0.0 0.0 
 242.394    0.011 0.0 0.0 
 242.425    0.011 0.0 0.0 
 242.459    0.011 0.0 0.0 
 242.486    0.011 0.0 0.0 
 242.521    0.011 0.0 0.0 
 242.546    0.010 0.0 0.0 
 242.577    0.010 0.0 0.0 
 242.607    0.010 0.0 0.0 
 242.638    0.009 0.0 0.0 
 242.667    0.009 0.0 0.0 
 242.698    0.009 0.0 0.0 
 242.728    0.008 0.0 0.0 
 242.758    0.008 0.0 0.0 
 242.788    0.008 0.0 0.0 
 242.818    0.007 0.0 0.0 
 242.849    0.007 0.0 0.0 
 242.880    0.006 0.0 0.0 
 242.909    0.006 0.0 0.0 
 242.941    0.006 0.0 0.0 
 242.970    0.005 0.0 0.0 
 243.001    0.005 0.0 0.0 
 243.031    0.004 0.0 0.0 
 243.060    0.004 0.0 0.0 
 243.092    0.003 0.0 0.0 
 243.121    0.003 0.0 0.0 
 243.155    0.002 0.0 0.0 
 243.182    0.002 0.0 0.0 
 243.213    0.001 0.0 0.0 
 243.243    0.000 0.0 0.0 
 243.273   -0.000 0.0 0.0 
 243.304   -0.001 0.0 0.0 
 243.333   -0.001 0.0 0.0 
 243.363   -0.002 0.0 0.0 
 243.398   -0.002 0.0 0.0 
 243.425   -0.003 0.0 0.0 
 243.454   -0.003 0.0 0.0 
 243.484   -0.004 0.0 0.0 
 243.516   -0.005 0.0 0.0 
 243.549   -0.005 0.0 0.0 
 243.576   -0.006 0.0 0.0 
 243.606   -0.006 0.0 0.0 
 243.636   -0.006 0.0 0.0 
 243.666   -0.007 0.0 0.0 
 243.697   -0.007 0.0 0.0 
 243.727   -0.008 0.0 0.0 
 243.758   -0.008 0.0 0.0 
 243.787   -0.009 0.0 0.0 
 243.817   -0.009 0.0 0.0 
 243.848   -0.009 0.0 0.0 
 243.878   -0.009 0.0 0.0 
 243.909   -0.010 0.0 0.0 
 243.939   -0.010 0.0 0.0 
 243.968   -0.010 0.0 0.0 
 243.999   -0.011 0.0 0.0 
 244.029   -0.011 0.0 0.0 
 244.060   -0.011 0.0 0.0 
 244.090   -0.011 0.0 0.0 
 244.120   -0.012 0.0 0.0 
 244.150   -0.012 0.0 0.0 
 244.181   -0.012 0.0 0.0 
 244.211   -0.012 0.0 0.0 
 244.241   -0.012 0.0 0.0 
 244.272   -0.012 0.0 0.0 
 244.302   -0.012 0.0 0.0 
 244.332   -0.012 0.0 0.0 
 244.363   -0.012 0.0 0.0 
 244.393   -0.012 0.0 0.0 
 244.424   -0.012 0.0 0.0 
 244.453   -0.011 0.0 0.0 
 244.483   -0.011 0.0 0.0 
 244.514   -0.011 0.0 0.0 
 244.544   -0.010 0.0 0.0 
 244.574   -0.010 0.0 0.0 
 244.604   -0.009 0.0 0.0 
 244.635   -0.009 0.0 0.0 
 244.665   -0.008 0.0 0.0 
 244.695   -0.008 0.0 0.0 
 244.725   -0.008 0.0 0.0 
 244.755   -0.007 0.0 0.0 
 244.787   -0.007 0.0 0.0 
 244.817   -0.006 0.0 0.0 
 244.846   -0.006 0.0 0.0 
 244.877   -0.006 0.0 0.0 
 244.907   -0.005 0.0 0.0 
 244.938   -0.005 0.0 0.0 
 244.967   -0.005 0.0 0.0 
 244.999   -0.004 0.0 0.0 
 245.029   -0.004 0.0 0.0 
 245.059   -0.003 0.0 0.0 
 245.088   -0.003 0.0 0.0 
 245.119   -0.002 0.0 0.0 
 245.149   -0.002 0.0 0.0 
 245.181   -0.001 0.0 0.0 
 245.211   -0.001 0.0 0.0 
 245.240   -0.000 0.0 0.0 
 245.270    0.000 0.0 0.0 
 245.301    0.001 0.0 0.0 
 245.331    0.001 0.0 0.0 
 245.361    0.002 0.0 0.0 
 245.391    0.002 0.0 0.0 
 245.421    0.003 0.0 0.0 
 245.452    0.003 0.0 0.0 
 245.482    0.004 0.0 0.0 
 245.513    0.004 0.0 0.0 
 245.544    0.005 0.0 0.0 
 245.573    0.005 0.0 0.0 
 245.604    0.006 0.0 0.0 
 245.634    0.006 0.0 0.0 
 245.664    0.006 0.0 0.0 
 245.695    0.007 0.0 0.0 
 245.725    0.007 0.0 0.0 
 245.755    0.008 0.0 0.0 
 245.785    0.008 0.0 0.0 
 245.816    0.008 0.0 0.0 
 245.845    0.009 0.0 0.0 
 245.877    0.009 0.0 0.0 
 245.907    0.009 0.0 0.0 
 245.936    0.010 0.0 0.0 
 245.968    0.010 0.0 0.0 
 245.998    0.010 0.0 0.0 
 246.027    0.011 0.0 0.0 
 246.057    0.011 0.0 0.0 
 246.088    0.011 0.0 0.0 
 246.119    0.011 0.0 0.0 
 246.150    0.011 0.0 0.0 
 246.180    0.011 0.0 0.0 
 246.210    0.011 0.0 0.0 
 246.239    0.011 0.0 0.0 
 246.270    0.011 0.0 0.0 
 246.299    0.011 0.0 0.0 
 246.330    0.011 0.0 0.0 
 246.360    0.011 0.0 0.0 
 246.391    0.011 0.0 0.0 
 246.426    0.011 0.0 0.0 
 246.451    0.011 0.0 0.0 
 246.482    0.011 0.0 0.0 
 246.518    0.011 0.0 0.0 
 246.543    0.010 0.0 0.0 
 246.572    0.010 0.0 0.0 
 246.603    0.010 0.0 0.0 
 246.634    0.009 0.0 0.0 
 246.664    0.009 0.0 0.0 
 246.693    0.009 0.0 0.0 
 246.724    0.008 0.0 0.0 
 246.754    0.008 0.0 0.0 
 246.785    0.008 0.0 0.0 
 246.818    0.007 0.0 0.0 
 246.850    0.007 0.0 0.0 
 246.876    0.007 0.0 0.0 
 246.905    0.006 0.0 0.0 
 246.941    0.006 0.0 0.0 
 246.966    0.005 0.0 0.0 
 246.996    0.005 0.0 0.0 
 247.026    0.004 0.0 0.0 
 247.056    0.004 0.0 0.0 
 247.088    0.003 0.0 0.0 
 247.119    0.003 0.0 0.0 
 247.148    0.002 0.0 0.0 
 247.178    0.002 0.0 0.0 
 247.208    0.001 0.0 0.0 
 247.238    0.001 0.0 0.0 
 247.269    0.000 0.0 0.0 
 247.300   -0.001 0.0 0.0 
 247.329   -0.001 0.0 0.0 
 247.360   -0.002 0.0 0.0 
 247.390   -0.003 0.0 0.0 
 247.421   -0.003 0.0 0.0 
 247.456   -0.004 0.0 0.0 
 247.481   -0.005 0.0 0.0 
 247.516   -0.005 0.0 0.0 
 247.541   -0.006 0.0 0.0 
 247.572   -0.006 0.0 0.0 
 247.602   -0.007 0.0 0.0 
 247.632   -0.007 0.0 0.0 
 247.662   -0.007 0.0 0.0 
 247.693   -0.008 0.0 0.0 
 247.723   -0.008 0.0 0.0 
 247.753   -0.008 0.0 0.0 
 247.783   -0.008 0.0 0.0 
 247.813   -0.009 0.0 0.0 
 247.844   -0.009 0.0 0.0 
 247.874   -0.009 0.0 0.0 
 247.905   -0.009 0.0 0.0 
 247.935   -0.010 0.0 0.0 
 247.969   -0.010 0.0 0.0 
 247.996   -0.010 0.0 0.0 
 248.031   -0.011 0.0 0.0 
 248.056   -0.011 0.0 0.0 
 248.085   -0.011 0.0 0.0 
 248.116   -0.011 0.0 0.0 
 248.146   -0.011 0.0 0.0 
 248.177   -0.012 0.0 0.0 
 248.210   -0.012 0.0 0.0 
 248.238   -0.012 0.0 0.0 
 248.267   -0.012 0.0 0.0 
 248.298   -0.012 0.0 0.0 
 248.328   -0.012 0.0 0.0 
 248.359   -0.012 0.0 0.0 
 248.389   -0.012 0.0 0.0 
 248.420   -0.011 0.0 0.0 
 248.449   -0.011 0.0 0.0 
 248.479   -0.011 0.0 0.0 
 248.510   -0.011 0.0 0.0 
 248.540   -0.010 0.0 0.0 
 248.571   -0.010 0.0 0.0 
 248.601   -0.010 0.0 0.0 
 248.631   -0.009 0.0 0.0 
 248.661   -0.009 0.0 0.0 
 248.692   -0.009 0.0 0.0 
 248.722   -0.008 0.0 0.0 
 248.752   -0.008 0.0 0.0 
 248.782   -0.007 0.0 0.0 
 248.812   -0.007 0.0 0.0 
 248.844   -0.006 0.0 0.0 
 248.873   -0.006 0.0 0.0 
 248.903   -0.005 0.0 0.0 
 248.935   -0.005 0.0 0.0 
 248.964   -0.005 0.0 0.0 
 248.994   -0.004 0.0 0.0 
 249.024   -0.004 0.0 0.0 
 249.055   -0.003 0.0 0.0 
 249.085   -0.003 0.0 0.0 
 249.115   -0.002 0.0 0.0 
 249.145   -0.002 0.0 0.0 
 249.180   -0.002 0.0 0.0 
 249.211   -0.001 0.0 0.0 
 249.242   -0.000 0.0 0.0 
 249.268    0.000 0.0 0.0 
 249.297    0.001 0.0 0.0 
 249.327    0.001 0.0 0.0 
 249.361    0.002 0.0 0.0 
 249.388    0.002 0.0 0.0 
 249.418    0.003 0.0 0.0 
 249.448    0.003 0.0 0.0 
 249.479    0.003 0.0 0.0 
 249.513    0.004 0.0 0.0 
 249.539    0.004 0.0 0.0 
 249.570    0.005 0.0 0.0 
 249.601    0.005 0.0 0.0 
 249.629    0.006 0.0 0.0 
 249.660    0.006 0.0 0.0 
 249.691    0.007 0.0 0.0 
 249.721    0.007 0.0 0.0 
 249.750    0.008 0.0 0.0 
 249.780    0.008 0.0 0.0 
 249.811    0.008 0.0 0.0 
 249.842    0.009 0.0 0.0 
 249.877    0.009 0.0 0.0 
 249.905    0.009 0.0 0.0 
 249.932    0.010 0.0 0.0 
 249.962    0.010 0.0 0.0 
 249.992    0.010 0.0 0.0 
 250.023    0.010 0.0 0.0 
 250.053    0.011 0.0 0.0 
 250.084    0.011 0.0 0.0 
 250.115    0.011 0.0 0.0 
 250.144    0.011 0.0 0.0 
 250.176    0.011 0.0 0.0 
 250.206    0.011 0.0 0.0 
 250.235    0.011 0.0 0.0 
 250.265    0.011 0.0 0.0 
 250.296    0.011 0.0 0.0 
 250.326    0.011 0.0 0.0 
 250.356    0.011 0.0 0.0 
 250.387    0.011 0.0 0.0 
 250.416    0.011 0.0 0.0 
 250.447    0.011 0.0 0.0 
 250.478    0.011 0.0 0.0 
 250.507    0.011 0.0 0.0 
 250.537    0.010 0.0 0.0 
 250.568    0.010 0.0 0.0 
 250.598    0.010 0.0 0.0 
 250.628    0.009 0.0 0.0 
 250.659    0.009 0.0 0.0 
 250.689    0.008 0.0 0.0 
 250.719    0.008 0.0 0.0 
 250.749    0.008 0.0 0.0 
 250.780    0.007 0.0 0.0 
 250.809    0.007 0.0 0.0 
 250.840    0.007 0.0 0.0 
 250.871    0.006 0.0 0.0 
 250.900    0.006 0.0 0.0 
 250.931    0.005 0.0 0.0 
 250.962    0.005 0.0 0.0 
 250.991    0.005 0.0 0.0 
 251.021    0.004 0.0 0.0 
 251.052    0.004 0.0 0.0 
 251.082    0.003 0.0 0.0 
 251.113    0.003 0.0 0.0 
 251.143    0.002 0.0 0.0 
 251.174    0.002 0.0 0.0 
 251.203    0.001 0.0 0.0 
 251.233    0.001 0.0 0.0 
 251.264    0.000 0.0 0.0 
 251.294   -0.000 0.0 0.0 
 251.324   -0.001 0.0 0.0 
 251.354   -0.002 0.0 0.0 
 251.384   -0.002 0.0 0.0 
 251.415   -0.003 0.0 0.0 
 251.445   -0.003 0.0 0.0 
 251.475   -0.004 0.0 0.0 
 251.505   -0.005 0.0 0.0 
 251.537   -0.005 0.0 0.0 
 251.567   -0.006 0.0 0.0 
 251.597   -0.006 0.0 0.0 
 251.628   -0.007 0.0 0.0 
 251.657   -0.007 0.0 0.0 
 251.688   -0.008 0.0 0.0 
 251.718   -0.008 0.0 0.0 
 251.749   -0.008 0.0 0.0 
 251.780   -0.008 0.0 0.0 
 251.810   -0.008 0.0 0.0 
 251.839   -0.009 0.0 0.0 
 251.870   -0.009 0.0 0.0 
 251.900   -0.009 0.0 0.0 
 251.931   -0.010 0.0 0.0 
 251.960   -0.010 0.0 0.0 
 251.992   -0.010 0.0 0.0 
 252.022   -0.010 0.0 0.0 
 252.052   -0.011 0.0 0.0 
 252.082   -0.011 0.0 0.0 
 252.112   -0.011 0.0 0.0 
 252.143   -0.011 0.0 0.0 
 252.173   -0.011 0.0 0.0 
 252.202   -0.011 0.0 0.0 
 252.233   -0.012 0.0 0.0 
 252.263   -0.012 0.0 0.0 
 252.293   -0.012 0.0 0.0 
 252.325   -0.012 0.0 0.0 
 252.355   -0.011 0.0 0.0 
 252.385   -0.011 0.0 0.0 
 252.414   -0.011 0.0 0.0 
 252.450   -0.011 0.0 0.0 
 252.480   -0.011 0.0 0.0 
 252.506   -0.011 0.0 0.0 
 252.538   -0.011 0.0 0.0 
 252.566   -0.010 0.0 0.0 
 252.597   -0.010 0.0 0.0 
 252.629   -0.010 0.0 0.0 
 252.658   -0.009 0.0 0.0 
 252.687   -0.009 0.0 0.0 
 252.718   -0.008 0.0 0.0 
 252.752   -0.007 0.0 0.0 
 252.779   -0.007 0.0 0.0 
 252.812   -0.006 0.0 0.0 
 252.838   -0.006 0.0 0.0 
 252.870   -0.005 0.0 0.0 
 252.900   -0.005 0.0 0.0 
 252.930   -0.005 0.0 0.0 
 252.960   -0.004 0.0 0.0 
 252.991   -0.004 0.0 0.0 
 253.020   -0.003 0.0 0.0 
 253.050   -0.003 0.0 0.0 
 253.081   -0.003 0.0 0.0 
 253.111   -0.002 0.0 0.0 
 253.141   -0.002 0.0 0.0 
 253.172   -0.001 0.0 0.0 
 253.201   -0.001 0.0 0.0 
 253.233    0.000 0.0 0.0 
 253.262    0.001 0.0 0.0 
 253.293    0.002 0.0 0.0 
 253.323    0.002 0.0 0.0 
 253.354    0.003 0.0 0.0 
 253.383    0.004 0.0 0.0 
 253.414    0.004 0.0 0.0 
 253.444    0.005 0.0 0.0 
 253.474    0.006 0.0 0.0 
 253.505    0.006 0.0 0.0 
 253.535    0.006 0.0 0.0 
 253.565    0.007 0.0 0.0 
 253.595    0.007 0.0 0.0 
 253.626    0.007 0.0 0.0 
 253.662    0.007 0.0 0.0 
 253.687    0.008 0.0 0.0 
 253.717    0.008 0.0 0.0 
 253.748    0.008 0.0 0.0 
 253.778    0.008 0.0 0.0 
 253.812    0.008 0.0 0.0 
 253.838    0.009 0.0 0.0 
 253.870    0.009 0.0 0.0 
 253.899    0.009 0.0 0.0 
 253.929    0.009 0.0 0.0 
 253.959    0.009 0.0 0.0 
 253.990    0.010 0.0 0.0 
 254.021    0.010 0.0 0.0 
 254.051    0.010 0.0 0.0 
 254.085    0.010 0.0 0.0 
 254.111    0.011 0.0 0.0 
 254.143    0.011 0.0 0.0 
 254.176    0.011 0.0 0.0 
 254.202    0.011 0.0 0.0 
 254.232    0.011 0.0 0.0 
 254.263    0.011 0.0 0.0 
 254.293    0.011 0.0 0.0 
 254.323    0.011 0.0 0.0 
 254.353    0.011 0.0 0.0 
 254.383    0.011 0.0 0.0 
 254.414    0.011 0.0 0.0 
 254.444    0.011 0.0 0.0 
 254.479    0.011 0.0 0.0 
 254.505    0.010 0.0 0.0 
 254.536    0.010 0.0 0.0 
 254.566    0.010 0.0 0.0 
 254.596    0.009 0.0 0.0 
 254.630    0.009 0.0 0.0 
 254.656    0.009 0.0 0.0 
 254.687    0.008 0.0 0.0 
 254.721    0.008 0.0 0.0 
 254.747    0.008 0.0 0.0 
 254.781    0.007 0.0 0.0 
 254.808    0.007 0.0 0.0 
 254.838    0.006 0.0 0.0 
 254.868    0.006 0.0 0.0 
 254.899    0.005 0.0 0.0 
 254.929    0.005 0.0 0.0 
 254.959    0.005 0.0 0.0 
 254.989    0.004 0.0 0.0 
 255.019    0.003 0.0 0.0 
 255.054    0.003 0.0 0.0 
 255.080    0.002 0.0 0.0 
 255.109    0.002 0.0 0.0 
 255.139    0.002 0.0 0.0 
 255.171    0.001 0.0 0.0 
 255.201    0.001 0.0 0.0 
 255.230    0.000 0.0 0.0 
 255.262   -0.000 0.0 0.0 
 255.296   -0.001 0.0 0.0 
 255.322   -0.001 0.0 0.0 
 255.352   -0.002 0.0 0.0 
 255.383   -0.002 0.0 0.0 
 255.417   -0.003 0.0 0.0 
 255.442   -0.003 0.0 0.0 
 255.474   -0.004 0.0 0.0 
 255.503   -0.004 0.0 0.0 
 255.535   -0.005 0.0 0.0 
 255.564   -0.005 0.0 0.0 
 255.594   -0.005 0.0 0.0 
 255.625   -0.006 0.0 0.0 
 255.654   -0.006 0.0 0.0 
 255.685   -0.007 0.0 0.0 
 255.715   -0.007 0.0 0.0 
 255.745   -0.007 0.0 0.0 
 255.780   -0.008 0.0 0.0 
 255.806   -0.008 0.0 0.0 
 255.841   -0.008 0.0 0.0 
 255.871   -0.008 0.0 0.0 
 255.897   -0.009 0.0 0.0 
 255.932   -0.009 0.0 0.0 
 255.958   -0.009 0.0 0.0 
 255.992   -0.010 0.0 0.0 
 256.018   -0.010 0.0 0.0 
 256.048   -0.010 0.0 0.0 
 256.078   -0.010 0.0 0.0 
 256.108   -0.011 0.0 0.0 
 256.144   -0.011 0.0 0.0 
 256.169   -0.011 0.0 0.0 
 256.199   -0.011 0.0 0.0 
 256.230   -0.011 0.0 0.0 
 256.260   -0.011 0.0 0.0 
 256.291   -0.011 0.0 0.0 
 256.320   -0.011 0.0 0.0 
 256.351   -0.011 0.0 0.0 
 256.380   -0.011 0.0 0.0 
 256.412   -0.010 0.0 0.0 
 256.442   -0.010 0.0 0.0 
 256.472   -0.010 0.0 0.0 
 256.502   -0.010 0.0 0.0 
 256.533   -0.009 0.0 0.0 
 256.563   -0.009 0.0 0.0 
 256.593   -0.009 0.0 0.0 
 256.623   -0.008 0.0 0.0 
 256.654   -0.008 0.0 0.0 
 256.684   -0.008 0.0 0.0 
 256.714   -0.008 0.0 0.0 
 256.750   -0.008 0.0 0.0 
 256.775   -0.007 0.0 0.0 
 256.805   -0.007 0.0 0.0 
 256.837   -0.007 0.0 0.0 
 256.866   -0.006 0.0 0.0 
 256.896   -0.006 0.0 0.0 
 256.931   -0.006 0.0 0.0 
 256.957   -0.005 0.0 0.0 
 256.988   -0.005 0.0 0.0 
 257.018   -0.004 0.0 0.0 
 257.048   -0.004 0.0 0.0 
 257.082   -0.003 0.0 0.0 
 257.113   -0.003 0.0 0.0 
 257.138   -0.002 0.0 0.0 
 257.173   -0.002 0.0 0.0 
 257.203   -0.001 0.0 0.0 
 257.230   -0.001 0.0 0.0 
 257.265   -0.000 0.0 0.0 
 257.290    0.000 0.0 0.0 
 257.320    0.001 0.0 0.0 
 257.350    0.002 0.0 0.0 
 257.380    0.002 0.0 0.0 
 257.415    0.002 0.0 0.0 
 257.440    0.003 0.0 0.0 
 257.471    0.003 0.0 0.0 
 257.502    0.004 0.0 0.0 
 257.532    0.004 0.0 0.0 
 257.562    0.004 0.0 0.0 
 257.592    0.004 0.0 0.0 
 257.622    0.005 0.0 0.0 
 257.653    0.005 0.0 0.0 
 257.683    0.006 0.0 0.0 
 257.713    0.006 0.0 0.0 
 257.744    0.007 0.0 0.0 
 257.774    0.007 0.0 0.0 
 257.804    0.007 0.0 0.0 
 257.835    0.008 0.0 0.0 
 257.865    0.008 0.0 0.0 
 257.895    0.009 0.0 0.0 
 257.926    0.009 0.0 0.0 
 257.956    0.009 0.0 0.0 
 257.986    0.009 0.0 0.0 
 258.021    0.010 0.0 0.0 
 258.047    0.010 0.0 0.0 
 258.077    0.010 0.0 0.0 
 258.107    0.011 0.0 0.0 
 258.138    0.011 0.0 0.0 
 258.168    0.011 0.0 0.0 
 258.198    0.011 0.0 0.0 
 258.229    0.011 0.0 0.0 
 258.262    0.011 0.0 0.0 
 258.289    0.011 0.0 0.0 
 258.319    0.011 0.0 0.0 
 258.349    0.011 0.0 0.0 
 258.383    0.011 0.0 0.0 
 258.411    0.011 0.0 0.0 
 258.441    0.010 0.0 0.0 
 258.470    0.010 0.0 0.0 
 258.500    0.010 0.0 0.0 
 258.531    0.010 0.0 0.0 
 258.561    0.010 0.0 0.0 
 258.591    0.009 0.0 0.0 
 258.622    0.009 0.0 0.0 
 258.653    0.009 0.0 0.0 
 258.682    0.008 0.0 0.0 
 258.717    0.008 0.0 0.0 
 258.742    0.008 0.0 0.0 
 258.778    0.007 0.0 0.0 
 258.803    0.007 0.0 0.0 
 258.834    0.006 0.0 0.0 
 258.864    0.006 0.0 0.0 
 258.895    0.006 0.0 0.0 
 258.930    0.005 0.0 0.0 
 258.959    0.005 0.0 0.0 
 258.990    0.004 0.0 0.0 
 259.016    0.004 0.0 0.0 
 259.045    0.003 0.0 0.0 
 259.075    0.002 0.0 0.0 
 259.107    0.002 0.0 0.0 
 259.137    0.001 0.0 0.0 
 259.171    0.001 0.0 0.0 
 259.198    0.000 0.0 0.0 
 259.227   -0.000 0.0 0.0 
 259.262   -0.001 0.0 0.0 
 259.293   -0.001 0.0 0.0 
 259.319   -0.002 0.0 0.0 
 259.348   -0.002 0.0 0.0 
 259.379   -0.002 0.0 0.0 
 259.414   -0.003 0.0 0.0 
 259.439   -0.003 0.0 0.0 
 259.469   -0.003 0.0 0.0 
 259.500   -0.004 0.0 0.0 
 259.530   -0.004 0.0 0.0 
 259.560   -0.004 0.0 0.0 
 259.594   -0.005 0.0 0.0 
 259.620   -0.005 0.0 0.0 
 259.651   -0.005 0.0 0.0 
 259.686   -0.006 0.0 0.0 
 259.711   -0.006 0.0 0.0 
 259.742   -0.006 0.0 0.0 
 259.772   -0.007 0.0 0.0 
 259.802   -0.007 0.0 0.0 
 259.833   -0.008 0.0 0.0 
 259.864   -0.008 0.0 0.0 
 259.894   -0.008 0.0 0.0 
 259.924   -0.009 0.0 0.0 
 259.954   -0.009 0.0 0.0 
 259.984   -0.009 0.0 0.0 
 260.014   -0.009 0.0 0.0 
 260.045   -0.010 0.0 0.0 
 260.075   -0.010 0.0 0.0 
 260.105   -0.010 0.0 0.0 
 260.135   -0.010 0.0 0.0 
 260.166   -0.011 0.0 0.0 
 260.195   -0.011 0.0 0.0 
 260.225   -0.011 0.0 0.0 
 260.256   -0.011 0.0 0.0 
 260.286   -0.011 0.0 0.0 
 260.317   -0.011 0.0 0.0 
 260.347   -0.011 0.0 0.0 
 260.378   -0.011 0.0 0.0 
 260.408   -0.011 0.0 0.0 
 260.438   -0.010 0.0 0.0 
 260.468   -0.010 0.0 0.0 
 260.499   -0.010 0.0 0.0 
 260.528   -0.010 0.0 0.0 
 260.559   -0.009 0.0 0.0 
 260.589   -0.009 0.0 0.0 
 260.619   -0.009 0.0 0.0 
 260.650   -0.009 0.0 0.0 
 260.681   -0.008 0.0 0.0 
 260.714   -0.008 0.0 0.0 
 260.741   -0.007 0.0 0.0 
 260.771   -0.007 0.0 0.0 
 260.802   -0.007 0.0 0.0 
 260.832   -0.006 0.0 0.0 
 260.862   -0.006 0.0 0.0 
 260.893   -0.005 0.0 0.0 
 260.923   -0.005 0.0 0.0 
 260.953   -0.005 0.0 0.0 
 260.984   -0.004 0.0 0.0 
 261.019   -0.004 0.0 0.0 
 261.044   -0.004 0.0 0.0 
 261.075   -0.003 0.0 0.0 
 261.104   -0.003 0.0 0.0 
 261.134   -0.002 0.0 0.0 
 261.166   -0.002 0.0 0.0 
 261.196   -0.001 0.0 0.0 
 261.226   -0.001 0.0 0.0 
 261.256   -0.000 0.0 0.0 
 261.286    0.000 0.0 0.0 
 261.317    0.001 0.0 0.0 
 261.352    0.002 0.0 0.0 
 261.377    0.002 0.0 0.0 
 261.471    0.002 0.0 0.0 
 261.501    0.003 0.0 0.0 
 261.521    0.003 0.0 0.0 
 261.549    0.004 0.0 0.0 
 261.577    0.004 0.0 0.0 
 261.609    0.004 0.0 0.0 
 261.638    0.005 0.0 0.0 
 261.669    0.005 0.0 0.0 
 261.701    0.005 0.0 0.0 
 261.731    0.006 0.0 0.0 
 261.763    0.006 0.0 0.0 
 261.794    0.007 0.0 0.0 
 261.823    0.007 0.0 0.0 
 261.853    0.007 0.0 0.0 
 261.884    0.008 0.0 0.0 
 261.913    0.008 0.0 0.0 
 261.945    0.008 0.0 0.0 
 261.974    0.009 0.0 0.0 
 262.004    0.009 0.0 0.0 
 262.034    0.009 0.0 0.0 
 262.070    0.009 0.0 0.0 
 262.100    0.010 0.0 0.0 
 262.125    0.010 0.0 0.0 
 262.155    0.010 0.0 0.0 
 262.186    0.010 0.0 0.0 
 262.222    0.010 0.0 0.0 
 262.247    0.010 0.0 0.0 
 262.282    0.011 0.0 0.0 
 262.312    0.011 0.0 0.0 
 262.338    0.011 0.0 0.0 
 262.368    0.010 0.0 0.0 
 262.403    0.010 0.0 0.0 
 262.428    0.010 0.0 0.0 
 262.458    0.010 0.0 0.0 
 262.489    0.010 0.0 0.0 
 262.520    0.010 0.0 0.0 
 262.550    0.009 0.0 0.0 
 262.580    0.009 0.0 0.0 
 262.610    0.009 0.0 0.0 
 262.641    0.009 0.0 0.0 
 262.671    0.008 0.0 0.0 
 262.702    0.008 0.0 0.0 
 262.731    0.008 0.0 0.0 
 262.762    0.007 0.0 0.0 
 262.792    0.007 0.0 0.0 
 262.821    0.007 0.0 0.0 
 262.852    0.006 0.0 0.0 
 262.883    0.006 0.0 0.0 
 262.913    0.006 0.0 0.0 
 262.942    0.005 0.0 0.0 
 262.973    0.005 0.0 0.0 
 263.004    0.005 0.0 0.0 
 263.034    0.004 0.0 0.0 
 263.063    0.004 0.0 0.0 
 263.094    0.004 0.0 0.0 
 263.124    0.003 0.0 0.0 
 263.155    0.003 0.0 0.0 
 263.186    0.002 0.0 0.0 
 263.216    0.002 0.0 0.0 
 263.251    0.002 0.0 0.0 
 263.276    0.001 0.0 0.0 
 263.307    0.000 0.0 0.0 
 263.338   -0.000 0.0 0.0 
 263.367   -0.001 0.0 0.0 
 263.398   -0.001 0.0 0.0 
 263.428   -0.002 0.0 0.0 
 263.458   -0.003 0.0 0.0 
 263.489   -0.003 0.0 0.0 
 263.518   -0.004 0.0 0.0 
 263.549   -0.004 0.0 0.0 
 263.579   -0.005 0.0 0.0 
 263.609   -0.005 0.0 0.0 
 263.639   -0.006 0.0 0.0 
 263.675   -0.006 0.0 0.0 
 263.705   -0.007 0.0 0.0 
 263.729   -0.007 0.0 0.0 
 263.761   -0.007 0.0 0.0 
 263.791   -0.008 0.0 0.0 
 263.820   -0.008 0.0 0.0 
 263.851   -0.008 0.0 0.0 
 263.881   -0.009 0.0 0.0 
 263.982   -0.009 0.0 0.0 
 264.012   -0.009 0.0 0.0 
 264.032   -0.010 0.0 0.0 
 264.059   -0.010 0.0 0.0 
 264.090   -0.010 0.0 0.0 
 264.121   -0.010 0.0 0.0 
 264.150   -0.010 0.0 0.0 
 264.180   -0.010 0.0 0.0 
 264.212   -0.011 0.0 0.0 
 264.243   -0.011 0.0 0.0 
 264.273   -0.011 0.0 0.0 
 264.304   -0.011 0.0 0.0 
 264.334   -0.011 0.0 0.0 
 264.365   -0.011 0.0 0.0 
 264.395   -0.011 0.0 0.0 
 264.430   -0.011 0.0 0.0 
 264.456   -0.010 0.0 0.0 
 264.491   -0.010 0.0 0.0 
 264.515   -0.010 0.0 0.0 
 264.546   -0.010 0.0 0.0 
 264.577   -0.010 0.0 0.0 
 264.606   -0.009 0.0 0.0 
 264.637   -0.009 0.0 0.0 
 264.668   -0.009 0.0 0.0 
 264.699   -0.009 0.0 0.0 
 264.729   -0.008 0.0 0.0 
 264.762   -0.008 0.0 0.0 
 264.789   -0.008 0.0 0.0 
 264.819   -0.008 0.0 0.0 
 264.849   -0.007 0.0 0.0 
 264.880   -0.007 0.0 0.0 
 264.909   -0.007 0.0 0.0 
 264.939   -0.006 0.0 0.0 
 264.970   -0.006 0.0 0.0 
 265.001   -0.005 0.0 0.0 
 265.030   -0.005 0.0 0.0 
 265.061   -0.004 0.0 0.0 
 265.091   -0.003 0.0 0.0 
 265.121   -0.003 0.0 0.0 
 265.152   -0.002 0.0 0.0 
 265.181   -0.001 0.0 0.0 
 265.214   -0.001 0.0 0.0 
 265.243   -0.000 0.0 0.0 
 265.272    0.000 0.0 0.0 
 265.303    0.001 0.0 0.0 
 265.333    0.001 0.0 0.0 
 265.364    0.002 0.0 0.0 
 265.394    0.002 0.0 0.0 
 265.424    0.002 0.0 0.0 
 265.455    0.003 0.0 0.0 
 265.485    0.003 0.0 0.0 
 265.515    0.003 0.0 0.0 
 265.546    0.004 0.0 0.0 
 265.575    0.004 0.0 0.0 
 265.606    0.004 0.0 0.0 
 265.637    0.004 0.0 0.0 
 265.666    0.005 0.0 0.0 
 265.697    0.005 0.0 0.0 
 265.728    0.005 0.0 0.0 
 265.757    0.006 0.0 0.0 
 265.788    0.006 0.0 0.0 
 265.821    0.007 0.0 0.0 
 265.852    0.007 0.0 0.0 
 265.878    0.008 0.0 0.0 
 265.908    0.008 0.0 0.0 
 265.939    0.009 0.0 0.0 
 265.972    0.009 0.0 0.0 
 265.999    0.009 0.0 0.0 
 266.034    0.009 0.0 0.0 
 266.060    0.010 0.0 0.0 
 266.089    0.010 0.0 0.0 
 266.121    0.010 0.0 0.0 
 266.151    0.010 0.0 0.0 
 266.181    0.010 0.0 0.0 
 266.217    0.010 0.0 0.0 
 266.241    0.010 0.0 0.0 
 266.272    0.010 0.0 0.0 
 266.303    0.010 0.0 0.0 
 266.332    0.010 0.0 0.0 
 266.363    0.010 0.0 0.0 
 266.393    0.010 0.0 0.0 
 266.423    0.010 0.0 0.0 
 266.452    0.010 0.0 0.0 
 266.488    0.009 0.0 0.0 
 266.513    0.009 0.0 0.0 
 266.544    0.009 0.0 0.0 
 266.574    0.009 0.0 0.0 
 266.610    0.009 0.0 0.0 
 266.636    0.008 0.0 0.0 
 266.666    0.008 0.0 0.0 
 266.695    0.008 0.0 0.0 
 266.725    0.007 0.0 0.0 
 266.756    0.007 0.0 0.0 
 266.786    0.007 0.0 0.0 
 266.818    0.006 0.0 0.0 
 266.852    0.006 0.0 0.0 
 266.879    0.006 0.0 0.0 
 266.907    0.005 0.0 0.0 
 266.938    0.005 0.0 0.0 
 266.968    0.005 0.0 0.0 
 267.004    0.004 0.0 0.0 
 267.028    0.004 0.0 0.0 
 267.059    0.004 0.0 0.0 
 267.089    0.003 0.0 0.0 
 267.120    0.003 0.0 0.0 
 267.151    0.002 0.0 0.0 
 267.180    0.002 0.0 0.0 
 267.210    0.001 0.0 0.0 
 267.241    0.001 0.0 0.0 
 267.272    0.000 0.0 0.0 
 267.301   -0.000 0.0 0.0 
 267.331   -0.001 0.0 0.0 
 267.362   -0.001 0.0 0.0 
 267.392   -0.001 0.0 0.0 
 267.423   -0.002 0.0 0.0 
 267.457   -0.003 0.0 0.0 
 267.482   -0.003 0.0 0.0 
 267.513   -0.004 0.0 0.0 
 267.542   -0.005 0.0 0.0 
 267.573   -0.005 0.0 0.0 
 267.605   -0.006 0.0 0.0 
 267.635   -0.007 0.0 0.0 
 267.665   -0.007 0.0 0.0 
 267.694   -0.007 0.0 0.0 
 267.725   -0.007 0.0 0.0 
 267.756   -0.008 0.0 0.0 
 267.786   -0.008 0.0 0.0 
 267.821   -0.008 0.0 0.0 
 267.847   -0.008 0.0 0.0 
 267.877   -0.008 0.0 0.0 
 267.907   -0.008 0.0 0.0 
 267.942   -0.009 0.0 0.0 
 267.967   -0.009 0.0 0.0 
 267.997   -0.009 0.0 0.0 
 268.028   -0.009 0.0 0.0 
 268.059   -0.010 0.0 0.0 
 268.088   -0.010 0.0 0.0 
 268.118   -0.010 0.0 0.0 
 268.148   -0.010 0.0 0.0 
 268.180   -0.010 0.0 0.0 
 268.210   -0.010 0.0 0.0 
 268.239   -0.010 0.0 0.0 
 268.270   -0.010 0.0 0.0 
 268.302   -0.010 0.0 0.0 
 268.334   -0.010 0.0 0.0 
 268.360   -0.010 0.0 0.0 
 268.391   -0.010 0.0 0.0 
 268.421   -0.010 0.0 0.0 
 268.452   -0.010 0.0 0.0 
 268.483   -0.009 0.0 0.0 
 268.513   -0.009 0.0 0.0 
 268.548   -0.009 0.0 0.0 
 268.573   -0.009 0.0 0.0 
 268.604   -0.009 0.0 0.0 
 268.638   -0.009 0.0 0.0 
 268.664   -0.008 0.0 0.0 
 268.694   -0.008 0.0 0.0 
 268.725   -0.008 0.0 0.0 
 268.756   -0.008 0.0 0.0 
 268.789   -0.007 0.0 0.0 
 268.816   -0.007 0.0 0.0 
 268.846   -0.007 0.0 0.0 
 268.876   -0.006 0.0 0.0 
 268.907   -0.006 0.0 0.0 
 268.937   -0.006 0.0 0.0 
 268.966   -0.005 0.0 0.0 
 268.997   -0.005 0.0 0.0 
 269.027   -0.004 0.0 0.0 
 269.058   -0.004 0.0 0.0 
 269.087   -0.003 0.0 0.0 
 269.118   -0.003 0.0 0.0 
 269.149   -0.002 0.0 0.0 
 269.179   -0.002 0.0 0.0 
 269.209   -0.002 0.0 0.0 
 269.239   -0.001 0.0 0.0 
 269.269   -0.001 0.0 0.0 
 269.299   -0.000 0.0 0.0 
 269.329    0.000 0.0 0.0 
 269.360    0.001 0.0 0.0 
 269.390    0.001 0.0 0.0 
 269.421    0.002 0.0 0.0 
 269.451    0.002 0.0 0.0 
 269.481    0.003 0.0 0.0 
 269.512    0.003 0.0 0.0 
 269.542    0.004 0.0 0.0 
 269.572    0.004 0.0 0.0 
 269.603    0.004 0.0 0.0 
 269.633    0.005 0.0 0.0 
 269.666    0.005 0.0 0.0 
 269.698    0.005 0.0 0.0 
 269.725    0.006 0.0 0.0 
 269.758    0.006 0.0 0.0 
 269.788    0.007 0.0 0.0 
 269.814    0.007 0.0 0.0 
 269.844    0.007 0.0 0.0 
 269.875    0.008 0.0 0.0 
 269.905    0.008 0.0 0.0 
 269.935    0.008 0.0 0.0 
 269.965    0.008 0.0 0.0 
 269.996    0.009 0.0 0.0 
 270.026    0.009 0.0 0.0 
 270.057    0.009 0.0 0.0 
 270.087    0.009 0.0 0.0 
 270.117    0.009 0.0 0.0 
 270.147    0.010 0.0 0.0 
 270.177    0.010 0.0 0.0 
 270.208    0.010 0.0 0.0 
 270.238    0.010 0.0 0.0 
 270.273    0.010 0.0 0.0 
 270.298    0.010 0.0 0.0 
 270.329    0.010 0.0 0.0 
 270.358    0.010 0.0 0.0 
 270.389    0.010 0.0 0.0 
 270.420    0.010 0.0 0.0 
 270.450    0.009 0.0 0.0 
 270.479    0.009 0.0 0.0 
 270.511    0.009 0.0 0.0 
 270.546    0.009 0.0 0.0 
 270.571    0.009 0.0 0.0 
 270.602    0.008 0.0 0.0 
 270.631    0.008 0.0 0.0 
 270.662    0.008 0.0 0.0 
 270.692    0.007 0.0 0.0 
 270.722    0.007 0.0 0.0 
 270.752    0.007 0.0 0.0 
 270.783    0.007 0.0 0.0 
 270.812    0.006 0.0 0.0 
 270.842    0.006 0.0 0.0 
 270.874    0.006 0.0 0.0 
 270.905    0.005 0.0 0.0 
 270.934    0.005 0.0 0.0 
 270.964    0.005 0.0 0.0 
 270.994    0.004 0.0 0.0 
 271.025    0.004 0.0 0.0 
 271.055    0.003 0.0 0.0 
 271.085    0.003 0.0 0.0 
 271.119    0.002 0.0 0.0 
 271.146    0.002 0.0 0.0 
 271.176    0.002 0.0 0.0 
 271.206    0.001 0.0 0.0 
 271.237    0.001 0.0 0.0 
 271.267    0.000 0.0 0.0 
 271.296   -0.000 0.0 0.0 
 271.327   -0.000 0.0 0.0 
 271.358   -0.001 0.0 0.0 
 271.389   -0.001 0.0 0.0 
 271.419   -0.002 0.0 0.0 
 271.448   -0.002 0.0 0.0 
 271.479   -0.003 0.0 0.0 
 271.509   -0.003 0.0 0.0 
 271.539   -0.003 0.0 0.0 
 271.575   -0.004 0.0 0.0 
 271.601   -0.004 0.0 0.0 
 271.630   -0.005 0.0 0.0 
 271.660   -0.005 0.0 0.0 
 271.691   -0.006 0.0 0.0 
 271.721   -0.006 0.0 0.0 
 271.752   -0.006 0.0 0.0 
 271.781   -0.007 0.0 0.0 
 271.812   -0.007 0.0 0.0 
 271.843   -0.008 0.0 0.0 
 271.873   -0.008 0.0 0.0 
 271.903   -0.008 0.0 0.0 
 271.933   -0.009 0.0 0.0 
 271.963   -0.009 0.0 0.0 
 271.994   -0.009 0.0 0.0 
 272.030   -0.009 0.0 0.0 
 272.059   -0.009 0.0 0.0 
 272.084   -0.009 0.0 0.0 
 272.115   -0.009 0.0 0.0 
 272.145   -0.010 0.0 0.0 
 272.176   -0.010 0.0 0.0 
 272.210   -0.010 0.0 0.0 
 272.240   -0.010 0.0 0.0 
 272.267   -0.010 0.0 0.0 
 272.297   -0.010 0.0 0.0 
 272.327   -0.010 0.0 0.0 
 272.357   -0.010 0.0 0.0 
 272.388   -0.010 0.0 0.0 
 272.419   -0.009 0.0 0.0 
 272.453   -0.009 0.0 0.0 
 272.479   -0.009 0.0 0.0 
 272.508   -0.009 0.0 0.0 
 272.538   -0.009 0.0 0.0 
 272.569   -0.009 0.0 0.0 
 272.599   -0.008 0.0 0.0 
 272.629   -0.008 0.0 0.0 
 272.660   -0.008 0.0 0.0 
 272.690   -0.008 0.0 0.0 
 272.720   -0.008 0.0 0.0 
 272.750   -0.007 0.0 0.0 
 272.781   -0.007 0.0 0.0 
 272.811   -0.007 0.0 0.0 
 272.843   -0.006 0.0 0.0 
 272.875   -0.006 0.0 0.0 
 272.902   -0.006 0.0 0.0 
 272.933   -0.005 0.0 0.0 
 272.962   -0.005 0.0 0.0 
 272.992   -0.004 0.0 0.0 
 273.024   -0.004 0.0 0.0 
 273.054   -0.003 0.0 0.0 
 273.084   -0.003 0.0 0.0 
 273.115   -0.002 0.0 0.0 
 273.146   -0.002 0.0 0.0 
 273.174   -0.001 0.0 0.0 
 273.205   -0.001 0.0 0.0 
 273.237   -0.000 0.0 0.0 
 273.266    0.000 0.0 0.0 
 273.296    0.000 0.0 0.0 
 273.327    0.001 0.0 0.0 
 273.357    0.001 0.0 0.0 
 273.387    0.002 0.0 0.0 
 273.418    0.002 0.0 0.0 
 273.453    0.002 0.0 0.0 
 273.478    0.003 0.0 0.0 
 273.509    0.003 0.0 0.0 
 273.544    0.004 0.0 0.0 
 273.574    0.004 0.0 0.0 
 273.600    0.005 0.0 0.0 
 273.635    0.005 0.0 0.0 
 273.661    0.005 0.0 0.0 
 273.691    0.006 0.0 0.0 
 273.725    0.006 0.0 0.0 
 273.751    0.006 0.0 0.0 
 273.786    0.007 0.0 0.0 
 273.811    0.007 0.0 0.0 
 273.846    0.007 0.0 0.0 
 273.876    0.008 0.0 0.0 
 273.902    0.008 0.0 0.0 
 273.932    0.008 0.0 0.0 
 273.963    0.008 0.0 0.0 
 273.993    0.008 0.0 0.0 
 274.023    0.008 0.0 0.0 
 274.053    0.009 0.0 0.0 
 274.083    0.009 0.0 0.0 
 274.114    0.009 0.0 0.0 
 274.146    0.009 0.0 0.0 
 274.179    0.009 0.0 0.0 
 274.204    0.009 0.0 0.0 
 274.239    0.010 0.0 0.0 
 274.265    0.010 0.0 0.0 
 274.295    0.010 0.0 0.0 
 274.326    0.010 0.0 0.0 
 274.356    0.009 0.0 0.0 
 274.387    0.009 0.0 0.0 
 274.416    0.009 0.0 0.0 
 274.447    0.009 0.0 0.0 
 274.482    0.009 0.0 0.0 
 274.507    0.009 0.0 0.0 
 274.542    0.009 0.0 0.0 
 274.568    0.008 0.0 0.0 
 274.603    0.008 0.0 0.0 
 274.633    0.008 0.0 0.0 
 274.658    0.008 0.0 0.0 
 274.689    0.008 0.0 0.0 
 274.719    0.007 0.0 0.0 
 274.749    0.007 0.0 0.0 
 274.785    0.007 0.0 0.0 
 274.810    0.006 0.0 0.0 
 274.839    0.006 0.0 0.0 
 274.875    0.005 0.0 0.0 
 274.905    0.005 0.0 0.0 
 274.930    0.005 0.0 0.0 
 274.960    0.004 0.0 0.0 
 274.990    0.004 0.0 0.0 
 275.026    0.004 0.0 0.0 
 275.056    0.003 0.0 0.0 
 275.086    0.003 0.0 0.0 
 275.116    0.002 0.0 0.0 
 275.147    0.002 0.0 0.0 
 275.173    0.002 0.0 0.0 
 275.203    0.001 0.0 0.0 
 275.238    0.001 0.0 0.0 
 275.263    0.000 0.0 0.0 
 275.293    0.000 0.0 0.0 
 275.329   -0.000 0.0 0.0 
 275.353   -0.001 0.0 0.0 
 275.384   -0.001 0.0 0.0 
 275.415   -0.002 0.0 0.0 
 275.444   -0.002 0.0 0.0 
 275.475   -0.003 0.0 0.0 
 275.505   -0.003 0.0 0.0 
 275.536   -0.003 0.0 0.0 
 275.571   -0.004 0.0 0.0 
 275.597   -0.004 0.0 0.0 
 275.628   -0.004 0.0 0.0 
 275.658   -0.005 0.0 0.0 
 275.692   -0.005 0.0 0.0 
 275.722   -0.006 0.0 0.0 
 275.748   -0.006 0.0 0.0 
 275.778   -0.006 0.0 0.0 
 275.813   -0.007 0.0 0.0 
 275.839   -0.007 0.0 0.0 
 275.869   -0.007 0.0 0.0 
 275.899   -0.008 0.0 0.0 
 275.929   -0.008 0.0 0.0 
 275.960   -0.008 0.0 0.0 
 275.995   -0.008 0.0 0.0 
 276.020   -0.009 0.0 0.0 
 276.050   -0.009 0.0 0.0 
 276.081   -0.009 0.0 0.0 
 276.111   -0.009 0.0 0.0 
 276.145   -0.009 0.0 0.0 
 276.171   -0.009 0.0 0.0 
 276.202   -0.009 0.0 0.0 
 276.237   -0.009 0.0 0.0 
 276.263   -0.009 0.0 0.0 
 276.293   -0.009 0.0 0.0 
 276.324   -0.009 0.0 0.0 
 276.354   -0.009 0.0 0.0 
 276.388   -0.009 0.0 0.0 
 276.418   -0.009 0.0 0.0 
 276.444   -0.009 0.0 0.0 
 276.474   -0.009 0.0 0.0 
 276.509   -0.009 0.0 0.0 
 276.539   -0.008 0.0 0.0 
 276.565   -0.008 0.0 0.0 
 276.594   -0.008 0.0 0.0 
 276.630   -0.008 0.0 0.0 
 276.657   -0.007 0.0 0.0 
 276.686   -0.007 0.0 0.0 
 276.716   -0.006 0.0 0.0 
 276.747   -0.006 0.0 0.0 
 276.782   -0.006 0.0 0.0 
 276.807   -0.005 0.0 0.0 
 276.838   -0.005 0.0 0.0 
 276.868   -0.004 0.0 0.0 
 276.898   -0.004 0.0 0.0 
 276.928   -0.004 0.0 0.0 
 276.964   -0.003 0.0 0.0 
 276.989   -0.003 0.0 0.0 
 277.025   -0.003 0.0 0.0 
 277.049   -0.002 0.0 0.0 
 277.079   -0.002 0.0 0.0 
 277.111   -0.002 0.0 0.0 
 277.141   -0.001 0.0 0.0 
 277.175   -0.001 0.0 0.0 
 277.201   -0.001 0.0 0.0 
 277.232   -0.000 0.0 0.0 
 277.261   -0.000 0.0 0.0 
 277.296    0.000 0.0 0.0 
 277.322    0.001 0.0 0.0 
 277.352    0.001 0.0 0.0 
 277.387    0.002 0.0 0.0 
 277.413    0.002 0.0 0.0 
 277.443    0.002 0.0 0.0 
 277.473    0.003 0.0 0.0 
 277.504    0.003 0.0 0.0 
 277.534    0.004 0.0 0.0 
 277.569    0.004 0.0 0.0 
 277.598    0.004 0.0 0.0 
 277.625    0.004 0.0 0.0 
 277.657    0.005 0.0 0.0 
 277.686    0.005 0.0 0.0 
 277.721    0.005 0.0 0.0 
 277.745    0.006 0.0 0.0 
 277.775    0.006 0.0 0.0 
 277.806    0.006 0.0 0.0 
 277.836    0.007 0.0 0.0 
 277.866    0.007 0.0 0.0 
 277.897    0.007 0.0 0.0 
 277.928    0.008 0.0 0.0 
 277.958    0.008 0.0 0.0 
 277.993    0.008 0.0 0.0 
 278.019    0.008 0.0 0.0 
 278.049    0.009 0.0 0.0 
 278.079    0.009 0.0 0.0 
 278.110    0.009 0.0 0.0 
 278.139    0.009 0.0 0.0 
 278.169    0.009 0.0 0.0 
 278.200    0.009 0.0 0.0 
 278.230    0.009 0.0 0.0 
 278.260    0.009 0.0 0.0 
 278.295    0.009 0.0 0.0 
 278.326    0.009 0.0 0.0 
 278.351    0.009 0.0 0.0 
 278.381    0.009 0.0 0.0 
 278.416    0.008 0.0 0.0 
 278.447    0.008 0.0 0.0 
 278.471    0.008 0.0 0.0 
 278.502    0.008 0.0 0.0 
 278.537    0.008 0.0 0.0 
 278.562    0.008 0.0 0.0 
 278.598    0.008 0.0 0.0 
 278.628    0.008 0.0 0.0 
 278.654    0.008 0.0 0.0 
 278.685    0.007 0.0 0.0 
 278.714    0.007 0.0 0.0 
 278.745    0.007 0.0 0.0 
 278.775    0.007 0.0 0.0 
 278.805    0.006 0.0 0.0 
 278.836    0.006 0.0 0.0 
 278.871    0.006 0.0 0.0 
 278.896    0.005 0.0 0.0 
 278.927    0.005 0.0 0.0 
 278.961    0.005 0.0 0.0 
 278.986    0.004 0.0 0.0 
 279.021    0.004 0.0 0.0 
 279.047    0.004 0.0 0.0 
 279.078    0.003 0.0 0.0 
 279.112    0.003 0.0 0.0 
 279.142    0.002 0.0 0.0 
 279.169    0.002 0.0 0.0 
 279.199    0.002 0.0 0.0 
 279.228    0.001 0.0 0.0 
 279.259    0.001 0.0 0.0 
 279.289    0.000 0.0 0.0 
 279.320   -0.000 0.0 0.0 
 279.349   -0.001 0.0 0.0 
 279.381   -0.001 0.0 0.0 
 279.411   -0.002 0.0 0.0 
 279.440   -0.003 0.0 0.0 
 279.475   -0.003 0.0 0.0 
 279.506   -0.004 0.0 0.0 
 279.532   -0.004 0.0 0.0 
 279.566   -0.005 0.0 0.0 
 279.592   -0.005 0.0 0.0 
 279.622   -0.006 0.0 0.0 
 279.657   -0.006 0.0 0.0 
 279.682   -0.007 0.0 0.0 
 279.717   -0.007 0.0 0.0 
 279.747   -0.007 0.0 0.0 
 279.777   -0.008 0.0 0.0 
 279.804   -0.008 0.0 0.0 
 279.833   -0.008 0.0 0.0 
 279.863   -0.008 0.0 0.0 
 279.895   -0.008 0.0 0.0 
 279.927   -0.008 0.0 0.0 
 279.954   -0.008 0.0 0.0 
 279.985   -0.008 0.0 0.0 
 280.020   -0.009 0.0 0.0 
 280.050   -0.009 0.0 0.0 
 280.075   -0.009 0.0 0.0 
 280.110   -0.009 0.0 0.0 
 280.136   -0.009 0.0 0.0 
 280.165   -0.009 0.0 0.0 
 280.195   -0.009 0.0 0.0 
 280.231   -0.009 0.0 0.0 
 280.256   -0.009 0.0 0.0 
 280.286   -0.009 0.0 0.0 
 280.317   -0.009 0.0 0.0 
 280.347   -0.009 0.0 0.0 
 280.377   -0.009 0.0 0.0 
 280.413   -0.009 0.0 0.0 
 280.438   -0.009 0.0 0.0 
 280.468   -0.008 0.0 0.0 
 280.498   -0.008 0.0 0.0 
 280.529   -0.008 0.0 0.0 
 280.559   -0.008 0.0 0.0 
 280.590   -0.008 0.0 0.0 
 280.619   -0.008 0.0 0.0 
 280.650   -0.008 0.0 0.0 
 280.684   -0.008 0.0 0.0 
 280.715   -0.008 0.0 0.0 
 280.745   -0.007 0.0 0.0 
 280.771   -0.007 0.0 0.0 
 280.801   -0.007 0.0 0.0 
 280.831   -0.006 0.0 0.0 
 280.862   -0.006 0.0 0.0 
 280.896   -0.006 0.0 0.0 
 280.922   -0.005 0.0 0.0 
 280.955   -0.005 0.0 0.0 
 280.981   -0.005 0.0 0.0 
 281.017   -0.004 0.0 0.0 
 281.042   -0.004 0.0 0.0 
 281.072   -0.004 0.0 0.0 
 281.103   -0.004 0.0 0.0 
