   0.000 0.0    0.197 0.0 
   0.030 0.0    0.194 0.0 
   0.064 0.0    0.190 0.0 
   0.090 0.0    0.186 0.0 
   0.121 0.0    0.183 0.0 
   0.150 0.0    0.179 0.0 
   0.181 0.0    0.174 0.0 
   0.210 0.0    0.168 0.0 
   0.240 0.0    0.162 0.0 
   0.271 0.0    0.156 0.0 
   0.301 0.0    0.150 0.0 
   0.331 0.0    0.144 0.0 
   0.362 0.0    0.140 0.0 
   0.392 0.0    0.136 0.0 
   0.422 0.0    0.129 0.0 
   0.457 0.0    0.123 0.0 
   0.487 0.0    0.115 0.0 
   0.517 0.0    0.106 0.0 
   0.543 0.0    0.098 0.0 
   0.578 0.0    0.089 0.0 
   0.607 0.0    0.080 0.0 
   0.638 0.0    0.071 0.0 
   0.664 0.0    0.062 0.0 
   0.694 0.0    0.053 0.0 
   0.727 0.0    0.046 0.0 
   0.759 0.0    0.038 0.0 
   0.785 0.0    0.032 0.0 
   0.819 0.0    0.026 0.0 
   0.851 0.0    0.019 0.0 
   0.876 0.0    0.009 0.0 
   0.909 0.0   -0.001 0.0 
   0.936 0.0   -0.012 0.0 
   0.966 0.0   -0.024 0.0 
   0.997 0.0   -0.036 0.0 
   1.026 0.0   -0.049 0.0 
   1.057 0.0   -0.061 0.0 
   1.087 0.0   -0.073 0.0 
   1.123 0.0   -0.085 0.0 
   1.153 0.0   -0.095 0.0 
   1.180 0.0   -0.103 0.0 
   1.214 0.0   -0.110 0.0 
   1.240 0.0   -0.118 0.0 
   1.274 0.0   -0.122 0.0 
   1.301 0.0   -0.127 0.0 
   1.330 0.0   -0.131 0.0 
   1.365 0.0   -0.136 0.0 
   1.391 0.0   -0.140 0.0 
   1.426 0.0   -0.144 0.0 
   1.451 0.0   -0.148 0.0 
   1.482 0.0   -0.152 0.0 
   1.512 0.0   -0.156 0.0 
   1.542 0.0   -0.160 0.0 
   1.573 0.0   -0.163 0.0 
   1.603 0.0   -0.166 0.0 
   1.633 0.0   -0.169 0.0 
   1.668 0.0   -0.172 0.0 
   1.698 0.0   -0.175 0.0 
   1.724 0.0   -0.178 0.0 
   1.754 0.0   -0.180 0.0 
   1.785 0.0   -0.182 0.0 
   1.815 0.0   -0.185 0.0 
   1.849 0.0   -0.187 0.0 
   1.875 0.0   -0.188 0.0 
   1.905 0.0   -0.190 0.0 
   1.935 0.0   -0.192 0.0 
   1.966 0.0   -0.193 0.0 
   2.000 0.0   -0.194 0.0 
   2.026 0.0   -0.194 0.0 
   2.056 0.0   -0.195 0.0 
   2.091 0.0   -0.195 0.0 
   2.117 0.0   -0.194 0.0 
   2.147 0.0   -0.194 0.0 
   2.177 0.0   -0.193 0.0 
   2.208 0.0   -0.192 0.0 
   2.238 0.0   -0.190 0.0 
   2.268 0.0   -0.188 0.0 
   2.298 0.0   -0.185 0.0 
   2.328 0.0   -0.182 0.0 
   2.359 0.0   -0.179 0.0 
   2.394 0.0   -0.176 0.0 
   2.423 0.0   -0.172 0.0 
   2.449 0.0   -0.168 0.0 
   2.480 0.0   -0.162 0.0 
   2.511 0.0   -0.157 0.0 
   2.545 0.0   -0.152 0.0 
   2.570 0.0   -0.146 0.0 
   2.605 0.0   -0.140 0.0 
   2.636 0.0   -0.134 0.0 
   2.661 0.0   -0.128 0.0 
   2.695 0.0   -0.121 0.0 
   2.721 0.0   -0.115 0.0 
   2.752 0.0   -0.105 0.0 
   2.782 0.0   -0.097 0.0 
   2.813 0.0   -0.088 0.0 
   2.847 0.0   -0.079 0.0 
   2.877 0.0   -0.071 0.0 
   2.904 0.0   -0.061 0.0 
   2.937 0.0   -0.052 0.0 
   2.970 0.0   -0.043 0.0 
   2.997 0.0   -0.035 0.0 
   3.024 0.0   -0.026 0.0 
   3.049 0.0   -0.020 0.0 
   3.084 0.0   -0.014 0.0 
   3.119 0.0   -0.002 0.0 
   3.143 0.0    0.009 0.0 
   3.171 0.0    0.020 0.0 
   3.205 0.0    0.031 0.0 
   3.233 0.0    0.043 0.0 
   3.269 0.0    0.054 0.0 
   3.299 0.0    0.065 0.0 
   3.325 0.0    0.076 0.0 
   3.356 0.0    0.087 0.0 
   3.386 0.0    0.097 0.0 
   3.421 0.0    0.102 0.0 
   3.447 0.0    0.108 0.0 
   3.481 0.0    0.113 0.0 
   3.507 0.0    0.118 0.0 
   3.537 0.0    0.123 0.0 
   3.567 0.0    0.127 0.0 
   3.602 0.0    0.132 0.0 
   3.633 0.0    0.136 0.0 
   3.658 0.0    0.141 0.0 
   3.692 0.0    0.146 0.0 
   3.719 0.0    0.151 0.0 
   3.749 0.0    0.156 0.0 
   3.783 0.0    0.161 0.0 
   3.809 0.0    0.165 0.0 
   3.840 0.0    0.169 0.0 
   3.870 0.0    0.174 0.0 
   3.900 0.0    0.178 0.0 
   3.930 0.0    0.181 0.0 
   3.965 0.0    0.185 0.0 
   3.991 0.0    0.187 0.0 
   4.021 0.0    0.189 0.0 
   4.052 0.0    0.190 0.0 
   4.082 0.0    0.192 0.0 
   4.112 0.0    0.192 0.0 
   4.146 0.0    0.193 0.0 
   4.175 0.0    0.193 0.0 
   4.207 0.0    0.193 0.0 
   4.233 0.0    0.192 0.0 
   4.264 0.0    0.192 0.0 
   4.294 0.0    0.191 0.0 
   4.324 0.0    0.189 0.0 
   4.354 0.0    0.186 0.0 
   4.388 0.0    0.184 0.0 
   4.415 0.0    0.181 0.0 
   4.445 0.0    0.178 0.0 
   4.475 0.0    0.174 0.0 
   4.509 0.0    0.170 0.0 
   4.536 0.0    0.166 0.0 
   4.566 0.0    0.161 0.0 
   4.600 0.0    0.157 0.0 
   4.627 0.0    0.151 0.0 
   4.657 0.0    0.145 0.0 
   4.687 0.0    0.139 0.0 
   4.718 0.0    0.132 0.0 
   4.752 0.0    0.124 0.0 
   4.781 0.0    0.115 0.0 
   4.808 0.0    0.104 0.0 
   4.838 0.0    0.093 0.0 
   4.873 0.0    0.082 0.0 
   4.902 0.0    0.070 0.0 
   4.929 0.0    0.060 0.0 
   4.963 0.0    0.050 0.0 
   4.993 0.0    0.039 0.0 
   5.023 0.0    0.029 0.0 
   5.050 0.0    0.021 0.0 
   5.080 0.0    0.013 0.0 
   5.110 0.0    0.007 0.0 
   5.141 0.0   -0.001 0.0 
   5.171 0.0   -0.009 0.0 
   5.204 0.0   -0.016 0.0 
   5.235 0.0   -0.024 0.0 
   5.265 0.0   -0.032 0.0 
   5.296 0.0   -0.039 0.0 
   5.326 0.0   -0.047 0.0 
   5.352 0.0   -0.055 0.0 
   5.387 0.0   -0.063 0.0 
   5.414 0.0   -0.072 0.0 
   5.443 0.0   -0.078 0.0 
   5.474 0.0   -0.085 0.0 
   5.508 0.0   -0.091 0.0 
   5.538 0.0   -0.099 0.0 
   5.565 0.0   -0.106 0.0 
   5.599 0.0   -0.114 0.0 
   5.626 0.0   -0.122 0.0 
   5.656 0.0   -0.129 0.0 
   5.685 0.0   -0.136 0.0 
   5.716 0.0   -0.142 0.0 
   5.746 0.0   -0.148 0.0 
   5.777 0.0   -0.153 0.0 
   5.807 0.0   -0.159 0.0 
   5.837 0.0   -0.164 0.0 
   5.867 0.0   -0.169 0.0 
   5.898 0.0   -0.172 0.0 
   5.928 0.0   -0.176 0.0 
   5.958 0.0   -0.179 0.0 
   5.988 0.0   -0.181 0.0 
   6.018 0.0   -0.184 0.0 
   6.052 0.0   -0.186 0.0 
   6.080 0.0   -0.187 0.0 
   6.113 0.0   -0.189 0.0 
   6.142 0.0   -0.189 0.0 
   6.173 0.0   -0.188 0.0 
   6.203 0.0   -0.188 0.0 
   6.231 0.0   -0.187 0.0 
   6.262 0.0   -0.185 0.0 
   6.290 0.0   -0.184 0.0 
   6.323 0.0   -0.182 0.0 
   6.351 0.0   -0.180 0.0 
   6.383 0.0   -0.178 0.0 
   6.411 0.0   -0.176 0.0 
   6.442 0.0   -0.174 0.0 
   6.472 0.0   -0.171 0.0 
   6.506 0.0   -0.167 0.0 
   6.537 0.0   -0.163 0.0 
   6.563 0.0   -0.159 0.0 
   6.597 0.0   -0.155 0.0 
   6.628 0.0   -0.150 0.0 
   6.657 0.0   -0.145 0.0 
   6.687 0.0   -0.140 0.0 
   6.719 0.0   -0.134 0.0 
   6.748 0.0   -0.128 0.0 
   6.778 0.0   -0.122 0.0 
   6.805 0.0   -0.116 0.0 
   6.839 0.0   -0.107 0.0 
   6.866 0.0   -0.098 0.0 
   6.897 0.0   -0.086 0.0 
   6.930 0.0   -0.074 0.0 
   6.957 0.0   -0.059 0.0 
   6.991 0.0   -0.045 0.0 
   7.018 0.0   -0.030 0.0 
   7.051 0.0   -0.015 0.0 
   7.080 0.0   -0.001 0.0 
   7.108 0.0    0.014 0.0 
   7.143 0.0    0.025 0.0 
   7.169 0.0    0.036 0.0 
   7.203 0.0    0.045 0.0 
   7.233 0.0    0.053 0.0 
   7.263 0.0    0.059 0.0 
   7.294 0.0    0.064 0.0 
   7.324 0.0    0.069 0.0 
   7.350 0.0    0.075 0.0 
   7.385 0.0    0.080 0.0 
   7.415 0.0    0.085 0.0 
   7.445 0.0    0.090 0.0 
   7.475 0.0    0.095 0.0 
   7.502 0.0    0.100 0.0 
   7.536 0.0    0.105 0.0 
   7.565 0.0    0.109 0.0 
   7.596 0.0    0.114 0.0 
   7.627 0.0    0.118 0.0 
   7.657 0.0    0.123 0.0 
   7.683 0.0    0.128 0.0 
   7.718 0.0    0.132 0.0 
   7.748 0.0    0.136 0.0 
   7.777 0.0    0.141 0.0 
   7.808 0.0    0.145 0.0 
   7.838 0.0    0.149 0.0 
   7.869 0.0    0.153 0.0 
   7.899 0.0    0.156 0.0 
   7.929 0.0    0.160 0.0 
   7.960 0.0    0.163 0.0 
   7.986 0.0    0.167 0.0 
   8.018 0.0    0.170 0.0 
   8.047 0.0    0.173 0.0 
   8.081 0.0    0.175 0.0 
   8.108 0.0    0.177 0.0 
   8.142 0.0    0.178 0.0 
   8.172 0.0    0.179 0.0 
   8.201 0.0    0.179 0.0 
   8.231 0.0    0.179 0.0 
   8.262 0.0    0.179 0.0 
   8.293 0.0    0.177 0.0 
   8.319 0.0    0.176 0.0 
   8.353 0.0    0.174 0.0 
   8.383 0.0    0.172 0.0 
   8.413 0.0    0.170 0.0 
   8.443 0.0    0.166 0.0 
   8.474 0.0    0.163 0.0 
   8.504 0.0    0.159 0.0 
   8.535 0.0    0.155 0.0 
   8.561 0.0    0.151 0.0 
   8.591 0.0    0.147 0.0 
   8.624 0.0    0.142 0.0 
   8.652 0.0    0.136 0.0 
   8.685 0.0    0.130 0.0 
   8.716 0.0    0.122 0.0 
   8.746 0.0    0.114 0.0 
   8.776 0.0    0.106 0.0 
   8.802 0.0    0.097 0.0 
   8.833 0.0    0.089 0.0 
   8.867 0.0    0.080 0.0 
   8.893 0.0    0.072 0.0 
   8.923 0.0    0.063 0.0 
   8.954 0.0    0.055 0.0 
   8.983 0.0    0.047 0.0 
   9.017 0.0    0.042 0.0 
   9.048 0.0    0.036 0.0 
   9.078 0.0    0.031 0.0 
   9.105 0.0    0.025 0.0 
   9.138 0.0    0.019 0.0 
   9.169 0.0    0.012 0.0 
   9.199 0.0    0.005 0.0 
   9.229 0.0   -0.002 0.0 
   9.259 0.0   -0.009 0.0 
   9.290 0.0   -0.016 0.0 
   9.316 0.0   -0.024 0.0 
   9.351 0.0   -0.032 0.0 
   9.377 0.0   -0.040 0.0 
   9.408 0.0   -0.047 0.0 
   9.438 0.0   -0.055 0.0 
   9.471 0.0   -0.061 0.0 
   9.498 0.0   -0.068 0.0 
   9.528 0.0   -0.075 0.0 
   9.557 0.0   -0.082 0.0 
   9.593 0.0   -0.089 0.0 
   9.619 0.0   -0.096 0.0 
   9.651 0.0   -0.102 0.0 
   9.683 0.0   -0.108 0.0 
   9.710 0.0   -0.114 0.0 
   9.744 0.0   -0.121 0.0 
   9.773 0.0   -0.127 0.0 
   9.801 0.0   -0.132 0.0 
   9.831 0.0   -0.138 0.0 
   9.863 0.0   -0.142 0.0 
   9.896 0.0   -0.147 0.0 
   9.925 0.0   -0.150 0.0 
   9.954 0.0   -0.153 0.0 
   9.986 0.0   -0.156 0.0 
  10.015 0.0   -0.159 0.0 
  10.042 0.0   -0.162 0.0 
  10.077 0.0   -0.163 0.0 
  10.103 0.0   -0.165 0.0 
  10.134 0.0   -0.167 0.0 
  10.166 0.0   -0.168 0.0 
  10.197 0.0   -0.169 0.0 
  10.228 0.0   -0.169 0.0 
  10.255 0.0   -0.169 0.0 
  10.285 0.0   -0.169 0.0 
  10.318 0.0   -0.168 0.0 
  10.344 0.0   -0.168 0.0 
  10.374 0.0   -0.167 0.0 
  10.405 0.0   -0.165 0.0 
  10.436 0.0   -0.163 0.0 
  10.465 0.0   -0.160 0.0 
  10.500 0.0   -0.157 0.0 
  10.526 0.0   -0.154 0.0 
  10.556 0.0   -0.149 0.0 
  10.586 0.0   -0.145 0.0 
  10.617 0.0   -0.139 0.0 
  10.648 0.0   -0.132 0.0 
  10.678 0.0   -0.126 0.0 
  10.711 0.0   -0.119 0.0 
  10.738 0.0   -0.113 0.0 
  10.772 0.0   -0.107 0.0 
  10.802 0.0   -0.101 0.0 
  10.834 0.0   -0.094 0.0 
  10.859 0.0   -0.089 0.0 
  10.889 0.0   -0.083 0.0 
  10.920 0.0   -0.078 0.0 
  10.949 0.0   -0.074 0.0 
  10.979 0.0   -0.069 0.0 
  11.011 0.0   -0.064 0.0 
  11.040 0.0   -0.060 0.0 
  11.071 0.0   -0.055 0.0 
  11.101 0.0   -0.049 0.0 
  11.131 0.0   -0.041 0.0 
  11.167 0.0   -0.033 0.0 
  11.193 0.0   -0.023 0.0 
  11.226 0.0   -0.012 0.0 
  11.253 0.0   -0.002 0.0 
  11.284 0.0    0.009 0.0 
  11.317 0.0    0.020 0.0 
  11.344 0.0    0.030 0.0 
  11.374 0.0    0.041 0.0 
  11.408 0.0    0.051 0.0 
  11.439 0.0    0.058 0.0 
  11.469 0.0    0.065 0.0 
  11.495 0.0    0.070 0.0 
  11.525 0.0    0.075 0.0 
  11.556 0.0    0.079 0.0 
  11.589 0.0    0.083 0.0 
  11.616 0.0    0.088 0.0 
  11.650 0.0    0.093 0.0 
  11.677 0.0    0.099 0.0 
  11.707 0.0    0.104 0.0 
  11.742 0.0    0.110 0.0 
  11.771 0.0    0.115 0.0 
  11.802 0.0    0.120 0.0 
  11.832 0.0    0.125 0.0 
  11.858 0.0    0.130 0.0 
  11.889 0.0    0.134 0.0 
  11.922 0.0    0.138 0.0 
  11.953 0.0    0.143 0.0 
  11.980 0.0    0.146 0.0 
  12.009 0.0    0.149 0.0 
  12.040 0.0    0.152 0.0 
  12.070 0.0    0.155 0.0 
  12.101 0.0    0.157 0.0 
  12.131 0.0    0.159 0.0 
  12.165 0.0    0.161 0.0 
  12.192 0.0    0.162 0.0 
  12.226 0.0    0.163 0.0 
  12.255 0.0    0.164 0.0 
  12.286 0.0    0.163 0.0 
  12.316 0.0    0.162 0.0 
  12.346 0.0    0.161 0.0 
  12.373 0.0    0.160 0.0 
  12.407 0.0    0.159 0.0 
  12.434 0.0    0.157 0.0 
  12.465 0.0    0.156 0.0 
  12.497 0.0    0.154 0.0 
  12.524 0.0    0.152 0.0 
  12.558 0.0    0.149 0.0 
  12.588 0.0    0.147 0.0 
  12.619 0.0    0.144 0.0 
  12.648 0.0    0.141 0.0 
  12.678 0.0    0.137 0.0 
  12.707 0.0    0.134 0.0 
  12.739 0.0    0.128 0.0 
  12.770 0.0    0.122 0.0 
  12.801 0.0    0.115 0.0 
  12.826 0.0    0.107 0.0 
  12.857 0.0    0.100 0.0 
  12.891 0.0    0.092 0.0 
  12.922 0.0    0.085 0.0 
  12.950 0.0    0.077 0.0 
  12.981 0.0    0.069 0.0 
  13.007 0.0    0.061 0.0 
  13.042 0.0    0.052 0.0 
  13.068 0.0    0.043 0.0 
  13.098 0.0    0.034 0.0 
  13.132 0.0    0.024 0.0 
  13.159 0.0    0.015 0.0 
  13.194 0.0    0.005 0.0 
  13.223 0.0   -0.004 0.0 
  13.255 0.0   -0.014 0.0 
  13.280 0.0   -0.024 0.0 
  13.310 0.0   -0.033 0.0 
  13.345 0.0   -0.040 0.0 
  13.375 0.0   -0.048 0.0 
  13.401 0.0   -0.053 0.0 
  13.435 0.0   -0.058 0.0 
  13.461 0.0   -0.063 0.0 
  13.492 0.0   -0.069 0.0 
  13.523 0.0   -0.074 0.0 
  13.555 0.0   -0.079 0.0 
  13.582 0.0   -0.084 0.0 
  13.612 0.0   -0.089 0.0 
  13.643 0.0   -0.096 0.0 
  13.677 0.0   -0.101 0.0 
  13.704 0.0   -0.107 0.0 
  13.733 0.0   -0.112 0.0 
  13.764 0.0   -0.117 0.0 
  13.797 0.0   -0.122 0.0 
  13.824 0.0   -0.127 0.0 
  13.855 0.0   -0.131 0.0 
  13.888 0.0   -0.136 0.0 
  13.918 0.0   -0.140 0.0 
  13.950 0.0   -0.143 0.0 
  13.975 0.0   -0.146 0.0 
  14.006 0.0   -0.149 0.0 
  14.040 0.0   -0.151 0.0 
  14.070 0.0   -0.154 0.0 
  14.096 0.0   -0.156 0.0 
  14.126 0.0   -0.158 0.0 
  14.157 0.0   -0.160 0.0 
  14.188 0.0   -0.161 0.0 
  14.221 0.0   -0.162 0.0 
  14.247 0.0   -0.162 0.0 
  14.278 0.0   -0.163 0.0 
  14.311 0.0   -0.161 0.0 
  14.341 0.0   -0.159 0.0 
  14.369 0.0   -0.157 0.0 
  14.402 0.0   -0.154 0.0 
  14.429 0.0   -0.152 0.0 
  14.459 0.0   -0.149 0.0 
  14.494 0.0   -0.146 0.0 
  14.519 0.0   -0.142 0.0 
  14.554 0.0   -0.138 0.0 
  14.585 0.0   -0.135 0.0 
  14.611 0.0   -0.132 0.0 
  14.641 0.0   -0.128 0.0 
  14.671 0.0   -0.125 0.0 
  14.702 0.0   -0.122 0.0 
  14.735 0.0   -0.119 0.0 
  14.762 0.0   -0.115 0.0 
  14.797 0.0   -0.111 0.0 
  14.826 0.0   -0.106 0.0 
  14.856 0.0   -0.100 0.0 
  14.887 0.0   -0.094 0.0 
  14.917 0.0   -0.088 0.0 
  14.944 0.0   -0.082 0.0 
  14.974 0.0   -0.076 0.0 
  15.007 0.0   -0.070 0.0 
  15.038 0.0   -0.063 0.0 
  15.065 0.0   -0.057 0.0 
  15.100 0.0   -0.050 0.0 
  15.126 0.0   -0.046 0.0 
  15.155 0.0   -0.040 0.0 
  15.185 0.0   -0.034 0.0 
  15.218 0.0   -0.028 0.0 
  15.246 0.0   -0.021 0.0 
  15.276 0.0   -0.014 0.0 
  15.307 0.0   -0.007 0.0 
  15.341 0.0    0.001 0.0 
  15.368 0.0    0.009 0.0 
  15.401 0.0    0.017 0.0 
  15.428 0.0    0.025 0.0 
  15.463 0.0    0.031 0.0 
  15.493 0.0    0.038 0.0 
  15.523 0.0    0.045 0.0 
  15.550 0.0    0.051 0.0 
  15.583 0.0    0.058 0.0 
  15.614 0.0    0.065 0.0 
  15.644 0.0    0.073 0.0 
  15.674 0.0    0.079 0.0 
  15.705 0.0    0.085 0.0 
  15.734 0.0    0.092 0.0 
  15.761 0.0    0.098 0.0 
  15.796 0.0    0.104 0.0 
  15.826 0.0    0.110 0.0 
  15.852 0.0    0.115 0.0 
  15.886 0.0    0.121 0.0 
  15.913 0.0    0.125 0.0 
  15.943 0.0    0.130 0.0 
  15.976 0.0    0.134 0.0 
  16.006 0.0    0.138 0.0 
  16.034 0.0    0.142 0.0 
  16.063 0.0    0.145 0.0 
  16.099 0.0    0.149 0.0 
  16.127 0.0    0.152 0.0 
  16.159 0.0    0.154 0.0 
  16.188 0.0    0.156 0.0 
  16.216 0.0    0.157 0.0 
  16.246 0.0    0.157 0.0 
  16.278 0.0    0.157 0.0 
  16.309 0.0    0.157 0.0 
  16.336 0.0    0.156 0.0 
  16.366 0.0    0.155 0.0 
  16.401 0.0    0.154 0.0 
  16.426 0.0    0.153 0.0 
  16.460 0.0    0.151 0.0 
  16.492 0.0    0.149 0.0 
  16.520 0.0    0.146 0.0 
  16.551 0.0    0.144 0.0 
  16.581 0.0    0.142 0.0 
  16.612 0.0    0.139 0.0 
  16.641 0.0    0.136 0.0 
  16.668 0.0    0.132 0.0 
  16.703 0.0    0.129 0.0 
  16.733 0.0    0.125 0.0 
  16.760 0.0    0.120 0.0 
  16.794 0.0    0.116 0.0 
  16.823 0.0    0.112 0.0 
  16.851 0.0    0.104 0.0 
  16.880 0.0    0.097 0.0 
  16.914 0.0    0.087 0.0 
  16.944 0.0    0.078 0.0 
  16.974 0.0    0.069 0.0 
  17.004 0.0    0.060 0.0 
  17.034 0.0    0.051 0.0 
  17.066 0.0    0.041 0.0 
  17.095 0.0    0.032 0.0 
  17.125 0.0    0.022 0.0 
  17.156 0.0    0.015 0.0 
  17.186 0.0    0.008 0.0 
  17.216 0.0    0.003 0.0 
  17.242 0.0   -0.002 0.0 
  17.273 0.0   -0.007 0.0 
  17.304 0.0   -0.011 0.0 
  17.337 0.0   -0.016 0.0 
  17.364 0.0   -0.021 0.0 
  17.398 0.0   -0.026 0.0 
  17.428 0.0   -0.031 0.0 
  17.455 0.0   -0.038 0.0 
  17.484 0.0   -0.045 0.0 
  17.515 0.0   -0.052 0.0 
  17.544 0.0   -0.059 0.0 
  17.576 0.0   -0.066 0.0 
  17.605 0.0   -0.072 0.0 
  17.635 0.0   -0.079 0.0 
  17.665 0.0   -0.086 0.0 
  17.700 0.0   -0.091 0.0 
  17.730 0.0   -0.097 0.0 
  17.757 0.0   -0.101 0.0 
  17.790 0.0   -0.105 0.0 
  17.817 0.0   -0.109 0.0 
  17.851 0.0   -0.113 0.0 
  17.882 0.0   -0.116 0.0 
  17.911 0.0   -0.120 0.0 
  17.941 0.0   -0.123 0.0 
  17.971 0.0   -0.127 0.0 
  17.999 0.0   -0.130 0.0 
  18.030 0.0   -0.134 0.0 
  18.062 0.0   -0.137 0.0 
  18.093 0.0   -0.139 0.0 
  18.123 0.0   -0.141 0.0 
  18.151 0.0   -0.143 0.0 
  18.180 0.0   -0.145 0.0 
  18.214 0.0   -0.146 0.0 
  18.244 0.0   -0.148 0.0 
  18.274 0.0   -0.149 0.0 
  18.302 0.0   -0.149 0.0 
  18.334 0.0   -0.148 0.0 
  18.365 0.0   -0.148 0.0 
  18.392 0.0   -0.147 0.0 
  18.422 0.0   -0.146 0.0 
  18.454 0.0   -0.145 0.0 
  18.483 0.0   -0.143 0.0 
  18.513 0.0   -0.141 0.0 
  18.546 0.0   -0.138 0.0 
  18.573 0.0   -0.135 0.0 
  18.604 0.0   -0.132 0.0 
  18.636 0.0   -0.129 0.0 
  18.668 0.0   -0.125 0.0 
  18.697 0.0   -0.121 0.0 
  18.729 0.0   -0.118 0.0 
  18.755 0.0   -0.114 0.0 
  18.785 0.0   -0.110 0.0 
  18.815 0.0   -0.106 0.0 
  18.849 0.0   -0.102 0.0 
  18.880 0.0   -0.097 0.0 
  18.910 0.0   -0.093 0.0 
  18.940 0.0   -0.088 0.0 
  18.971 0.0   -0.083 0.0 
  18.997 0.0   -0.078 0.0 
  19.028 0.0   -0.073 0.0 
  19.058 0.0   -0.067 0.0 
  19.087 0.0   -0.061 0.0 
  19.118 0.0   -0.054 0.0 
  19.148 0.0   -0.047 0.0 
  19.178 0.0   -0.040 0.0 
  19.209 0.0   -0.031 0.0 
  19.243 0.0   -0.023 0.0 
  19.273 0.0   -0.014 0.0 
  19.303 0.0   -0.006 0.0 
  19.334 0.0    0.002 0.0 
  19.360 0.0    0.010 0.0 
  19.390 0.0    0.017 0.0 
  19.424 0.0    0.025 0.0 
  19.452 0.0    0.031 0.0 
  19.481 0.0    0.037 0.0 
  19.515 0.0    0.041 0.0 
  19.546 0.0    0.045 0.0 
  19.576 0.0    0.051 0.0 
  19.606 0.0    0.056 0.0 
  19.637 0.0    0.062 0.0 
  19.663 0.0    0.067 0.0 
  19.694 0.0    0.072 0.0 
  19.727 0.0    0.077 0.0 
  19.758 0.0    0.083 0.0 
  19.789 0.0    0.089 0.0 
  19.819 0.0    0.096 0.0 
  19.845 0.0    0.101 0.0 
  19.875 0.0    0.106 0.0 
  19.909 0.0    0.110 0.0 
  19.940 0.0    0.114 0.0 
  19.967 0.0    0.118 0.0 
  20.000 0.0    0.122 0.0 
  20.030 0.0    0.126 0.0 
  20.060 0.0    0.129 0.0 
  20.090 0.0    0.131 0.0 
  20.121 0.0    0.133 0.0 
  20.151 0.0    0.135 0.0 
  20.178 0.0    0.137 0.0 
  20.209 0.0    0.138 0.0 
  20.239 0.0    0.139 0.0 
  20.274 0.0    0.140 0.0 
  20.304 0.0    0.141 0.0 
  20.334 0.0    0.141 0.0 
  20.363 0.0    0.141 0.0 
  20.390 0.0    0.140 0.0 
  20.420 0.0    0.139 0.0 
  20.452 0.0    0.137 0.0 
  20.481 0.0    0.136 0.0 
  20.510 0.0    0.134 0.0 
  20.545 0.0    0.132 0.0 
  20.575 0.0    0.130 0.0 
  20.606 0.0    0.127 0.0 
  20.635 0.0    0.125 0.0 
  20.662 0.0    0.122 0.0 
  20.692 0.0    0.120 0.0 
  20.726 0.0    0.117 0.0 
  20.757 0.0    0.112 0.0 
  20.783 0.0    0.107 0.0 
  20.817 0.0    0.102 0.0 
  20.848 0.0    0.097 0.0 
  20.877 0.0    0.091 0.0 
  20.906 0.0    0.086 0.0 
  20.936 0.0    0.080 0.0 
  20.965 0.0    0.075 0.0 
  20.995 0.0    0.069 0.0 
  21.029 0.0    0.064 0.0 
  21.056 0.0    0.059 0.0 
  21.086 0.0    0.053 0.0 
  21.116 0.0    0.047 0.0 
  21.150 0.0    0.040 0.0 
  21.176 0.0    0.032 0.0 
  21.207 0.0    0.024 0.0 
  21.240 0.0    0.016 0.0 
  21.270 0.0    0.008 0.0 
  21.300 0.0   -0.000 0.0 
  21.331 0.0   -0.008 0.0 
  21.361 0.0   -0.015 0.0 
  21.392 0.0   -0.021 0.0 
  21.422 0.0   -0.027 0.0 
  21.452 0.0   -0.031 0.0 
  21.483 0.0   -0.035 0.0 
  21.513 0.0   -0.039 0.0 
  21.540 0.0   -0.043 0.0 
  21.573 0.0   -0.047 0.0 
  21.604 0.0   -0.053 0.0 
  21.634 0.0   -0.060 0.0 
  21.664 0.0   -0.065 0.0 
  21.695 0.0   -0.071 0.0 
  21.725 0.0   -0.077 0.0 
  21.752 0.0   -0.082 0.0 
  21.785 0.0   -0.088 0.0 
  21.816 0.0   -0.093 0.0 
  21.846 0.0   -0.098 0.0 
  21.872 0.0   -0.103 0.0 
  21.906 0.0   -0.106 0.0 
  21.933 0.0   -0.109 0.0 
  21.967 0.0   -0.112 0.0 
  21.997 0.0   -0.114 0.0 
  22.023 0.0   -0.117 0.0 
  22.058 0.0   -0.119 0.0 
  22.088 0.0   -0.122 0.0 
  22.118 0.0   -0.124 0.0 
  22.148 0.0   -0.126 0.0 
  22.178 0.0   -0.128 0.0 
  22.205 0.0   -0.130 0.0 
  22.240 0.0   -0.132 0.0 
  22.266 0.0   -0.133 0.0 
  22.300 0.0   -0.134 0.0 
  22.327 0.0   -0.135 0.0 
  22.357 0.0   -0.135 0.0 
  22.391 0.0   -0.136 0.0 
  22.417 0.0   -0.135 0.0 
  22.451 0.0   -0.135 0.0 
  22.481 0.0   -0.134 0.0 
  22.512 0.0   -0.132 0.0 
  22.538 0.0   -0.131 0.0 
  22.568 0.0   -0.129 0.0 
  22.603 0.0   -0.128 0.0 
  22.633 0.0   -0.125 0.0 
  22.663 0.0   -0.121 0.0 
  22.691 0.0   -0.118 0.0 
  22.720 0.0   -0.114 0.0 
  22.754 0.0   -0.111 0.0 
  22.784 0.0   -0.107 0.0 
  22.815 0.0   -0.103 0.0 
  22.841 0.0   -0.099 0.0 
  22.871 0.0   -0.094 0.0 
  22.902 0.0   -0.089 0.0 
  22.936 0.0   -0.085 0.0 
  22.966 0.0   -0.081 0.0 
  22.993 0.0   -0.076 0.0 
  23.026 0.0   -0.071 0.0 
  23.053 0.0   -0.066 0.0 
  23.087 0.0   -0.061 0.0 
  23.113 0.0   -0.056 0.0 
  23.148 0.0   -0.050 0.0 
  23.178 0.0   -0.044 0.0 
  23.205 0.0   -0.039 0.0 
  23.235 0.0   -0.033 0.0 
  23.268 0.0   -0.027 0.0 
  23.299 0.0   -0.022 0.0 
  23.329 0.0   -0.016 0.0 
  23.360 0.0   -0.009 0.0 
  23.390 0.0   -0.002 0.0 
  23.421 0.0    0.005 0.0 
  23.451 0.0    0.011 0.0 
  23.481 0.0    0.017 0.0 
  23.511 0.0    0.024 0.0 
  23.542 0.0    0.030 0.0 
  23.572 0.0    0.036 0.0 
  23.599 0.0    0.042 0.0 
  23.629 0.0    0.049 0.0 
  23.659 0.0    0.054 0.0 
  23.693 0.0    0.059 0.0 
  23.724 0.0    0.064 0.0 
  23.754 0.0    0.069 0.0 
  23.784 0.0    0.073 0.0 
  23.814 0.0    0.078 0.0 
  23.845 0.0    0.083 0.0 
  23.875 0.0    0.088 0.0 
  23.906 0.0    0.093 0.0 
  23.936 0.0    0.097 0.0 
  23.966 0.0    0.102 0.0 
  23.993 0.0    0.106 0.0 
  24.026 0.0    0.111 0.0 
  24.057 0.0    0.115 0.0 
  24.087 0.0    0.119 0.0 
  24.117 0.0    0.123 0.0 
  24.147 0.0    0.126 0.0 
  24.174 0.0    0.129 0.0 
  24.208 0.0    0.131 0.0 
  24.235 0.0    0.133 0.0 
  24.268 0.0    0.134 0.0 
  24.296 0.0    0.134 0.0 
  24.329 0.0    0.134 0.0 
  24.357 0.0    0.134 0.0 
  24.390 0.0    0.134 0.0 
  24.421 0.0    0.134 0.0 
  24.451 0.0    0.134 0.0 
  24.481 0.0    0.132 0.0 
  24.507 0.0    0.131 0.0 
  24.541 0.0    0.128 0.0 
  24.572 0.0    0.125 0.0 
  24.598 0.0    0.122 0.0 
  24.632 0.0    0.118 0.0 
  24.659 0.0    0.114 0.0 
  24.692 0.0    0.110 0.0 
  24.723 0.0    0.106 0.0 
  24.754 0.0    0.102 0.0 
  24.783 0.0    0.098 0.0 
  24.814 0.0    0.094 0.0 
  24.844 0.0    0.091 0.0 
  24.874 0.0    0.087 0.0 
  24.904 0.0    0.084 0.0 
  24.935 0.0    0.080 0.0 
  24.965 0.0    0.077 0.0 
  24.995 0.0    0.073 0.0 
  25.025 0.0    0.069 0.0 
  25.056 0.0    0.065 0.0 
  25.083 0.0    0.059 0.0 
  25.116 0.0    0.054 0.0 
  25.146 0.0    0.048 0.0 
  25.173 0.0    0.042 0.0 
  25.206 0.0    0.037 0.0 
  25.234 0.0    0.031 0.0 
  25.264 0.0    0.025 0.0 
  25.293 0.0    0.019 0.0 
  25.323 0.0    0.011 0.0 
  25.358 0.0    0.004 0.0 
  25.388 0.0   -0.002 0.0 
  25.415 0.0   -0.007 0.0 
  25.445 0.0   -0.013 0.0 
  25.479 0.0   -0.019 0.0 
  25.508 0.0   -0.025 0.0 
  25.536 0.0   -0.031 0.0 
  25.570 0.0   -0.038 0.0 
  25.599 0.0   -0.044 0.0 
  25.630 0.0   -0.049 0.0 
  25.657 0.0   -0.054 0.0 
  25.691 0.0   -0.059 0.0 
  25.718 0.0   -0.064 0.0 
  25.752 0.0   -0.069 0.0 
  25.778 0.0   -0.075 0.0 
  25.812 0.0   -0.080 0.0 
  25.838 0.0   -0.084 0.0 
  25.869 0.0   -0.088 0.0 
  25.898 0.0   -0.091 0.0 
  25.932 0.0   -0.095 0.0 
  25.959 0.0   -0.098 0.0 
  25.993 0.0   -0.101 0.0 
  26.021 0.0   -0.105 0.0 
  26.050 0.0   -0.108 0.0 
  26.085 0.0   -0.111 0.0 
  26.111 0.0   -0.114 0.0 
  26.145 0.0   -0.116 0.0 
  26.171 0.0   -0.119 0.0 
  26.205 0.0   -0.121 0.0 
  26.232 0.0   -0.123 0.0 
  26.262 0.0   -0.124 0.0 
  26.296 0.0   -0.126 0.0 
  26.322 0.0   -0.127 0.0 
  26.353 0.0   -0.127 0.0 
  26.383 0.0   -0.127 0.0 
  26.417 0.0   -0.127 0.0 
  26.446 0.0   -0.127 0.0 
  26.478 0.0   -0.127 0.0 
  26.504 0.0   -0.126 0.0 
  26.535 0.0   -0.124 0.0 
  26.565 0.0   -0.123 0.0 
  26.599 0.0   -0.122 0.0 
  26.625 0.0   -0.119 0.0 
  26.655 0.0   -0.117 0.0 
  26.686 0.0   -0.115 0.0 
  26.716 0.0   -0.112 0.0 
  26.746 0.0   -0.109 0.0 
  26.777 0.0   -0.106 0.0 
  26.808 0.0   -0.104 0.0 
  26.837 0.0   -0.101 0.0 
  26.867 0.0   -0.097 0.0 
  26.902 0.0   -0.092 0.0 
  26.928 0.0   -0.087 0.0 
  26.959 0.0   -0.082 0.0 
  26.988 0.0   -0.076 0.0 
  27.019 0.0   -0.071 0.0 
  27.049 0.0   -0.065 0.0 
  27.079 0.0   -0.060 0.0 
  27.110 0.0   -0.053 0.0 
  27.139 0.0   -0.047 0.0 
  27.170 0.0   -0.039 0.0 
  27.200 0.0   -0.032 0.0 
  27.230 0.0   -0.026 0.0 
  27.260 0.0   -0.020 0.0 
  27.290 0.0   -0.014 0.0 
  27.325 0.0   -0.007 0.0 
  27.355 0.0   -0.001 0.0 
  27.382 0.0    0.005 0.0 
  27.412 0.0    0.011 0.0 
  27.447 0.0    0.016 0.0 
  27.477 0.0    0.020 0.0 
  27.502 0.0    0.024 0.0 
  27.533 0.0    0.027 0.0 
  27.567 0.0    0.031 0.0 
  27.593 0.0    0.036 0.0 
  27.623 0.0    0.041 0.0 
  27.654 0.0    0.046 0.0 
  27.684 0.0    0.052 0.0 
  27.714 0.0    0.057 0.0 
  27.748 0.0    0.062 0.0 
  27.775 0.0    0.067 0.0 
  27.806 0.0    0.073 0.0 
  27.835 0.0    0.078 0.0 
  27.866 0.0    0.083 0.0 
  27.896 0.0    0.088 0.0 
  27.930 0.0    0.092 0.0 
  27.961 0.0    0.095 0.0 
  27.987 0.0    0.098 0.0 
  28.017 0.0    0.101 0.0 
  28.047 0.0    0.104 0.0 
  28.077 0.0    0.107 0.0 
  28.108 0.0    0.110 0.0 
  28.142 0.0    0.112 0.0 
  28.172 0.0    0.114 0.0 
  28.203 0.0    0.115 0.0 
  28.229 0.0    0.116 0.0 
  28.259 0.0    0.116 0.0 
  28.290 0.0    0.117 0.0 
  28.319 0.0    0.116 0.0 
  28.350 0.0    0.116 0.0 
  28.384 0.0    0.115 0.0 
  28.410 0.0    0.113 0.0 
  28.445 0.0    0.112 0.0 
  28.471 0.0    0.110 0.0 
  28.502 0.0    0.108 0.0 
  28.532 0.0    0.106 0.0 
  28.562 0.0    0.104 0.0 
  28.593 0.0    0.102 0.0 
  28.627 0.0    0.100 0.0 
  28.653 0.0    0.098 0.0 
  28.683 0.0    0.096 0.0 
  28.714 0.0    0.092 0.0 
  28.744 0.0    0.089 0.0 
  28.774 0.0    0.085 0.0 
  28.804 0.0    0.081 0.0 
  28.834 0.0    0.077 0.0 
  28.869 0.0    0.073 0.0 
  28.900 0.0    0.069 0.0 
  28.926 0.0    0.065 0.0 
  28.956 0.0    0.061 0.0 
  28.986 0.0    0.056 0.0 
  29.016 0.0    0.053 0.0 
  29.046 0.0    0.050 0.0 
  29.076 0.0    0.046 0.0 
  29.107 0.0    0.043 0.0 
  29.137 0.0    0.039 0.0 
  29.171 0.0    0.036 0.0 
  29.197 0.0    0.032 0.0 
  29.232 0.0    0.029 0.0 
  29.258 0.0    0.025 0.0 
  29.292 0.0    0.022 0.0 
  29.319 0.0    0.018 0.0 
  29.349 0.0    0.014 0.0 
  29.379 0.0    0.008 0.0 
  29.415 0.0    0.002 0.0 
  29.439 0.0   -0.004 0.0 
  29.470 0.0   -0.010 0.0 
  29.504 0.0   -0.016 0.0 
  29.535 0.0   -0.022 0.0 
  29.561 0.0   -0.028 0.0 
  29.595 0.0   -0.034 0.0 
  29.621 0.0   -0.039 0.0 
  29.652 0.0   -0.045 0.0 
  29.681 0.0   -0.048 0.0 
  29.712 0.0   -0.051 0.0 
  29.743 0.0   -0.054 0.0 
  29.773 0.0   -0.057 0.0 
  29.803 0.0   -0.061 0.0 
  29.833 0.0   -0.064 0.0 
  29.863 0.0   -0.068 0.0 
  29.898 0.0   -0.072 0.0 
  29.928 0.0   -0.076 0.0 
  29.953 0.0   -0.079 0.0 
  29.988 0.0   -0.083 0.0 
  30.014 0.0   -0.088 0.0 
  30.050 0.0   -0.092 0.0 
  30.075 0.0   -0.095 0.0 
  30.106 0.0   -0.099 0.0 
  30.135 0.0   -0.101 0.0 
  30.166 0.0   -0.104 0.0 
  30.196 0.0   -0.106 0.0 
  30.229 0.0   -0.108 0.0 
  30.257 0.0   -0.110 0.0 
  30.288 0.0   -0.111 0.0 
  30.322 0.0   -0.112 0.0 
  30.353 0.0   -0.113 0.0 
  30.378 0.0   -0.113 0.0 
  30.408 0.0   -0.113 0.0 
  30.442 0.0   -0.113 0.0 
  30.473 0.0   -0.113 0.0 
  30.499 0.0   -0.112 0.0 
  30.530 0.0   -0.111 0.0 
  30.559 0.0   -0.110 0.0 
  30.594 0.0   -0.109 0.0 
  30.620 0.0   -0.108 0.0 
  30.654 0.0   -0.107 0.0 
  30.684 0.0   -0.105 0.0 
  30.711 0.0   -0.103 0.0 
  30.741 0.0   -0.100 0.0 
  30.775 0.0   -0.097 0.0 
  30.802 0.0   -0.094 0.0 
  30.832 0.0   -0.090 0.0 
  30.866 0.0   -0.087 0.0 
  30.893 0.0   -0.083 0.0 
  30.923 0.0   -0.079 0.0 
  30.953 0.0   -0.075 0.0 
  30.983 0.0   -0.072 0.0 
  31.014 0.0   -0.068 0.0 
  31.044 0.0   -0.065 0.0 
  31.074 0.0   -0.062 0.0 
  31.104 0.0   -0.058 0.0 
  31.135 0.0   -0.053 0.0 
  31.165 0.0   -0.049 0.0 
  31.199 0.0   -0.041 0.0 
  31.225 0.0   -0.034 0.0 
  31.255 0.0   -0.027 0.0 
  31.290 0.0   -0.019 0.0 
  31.316 0.0   -0.012 0.0 
  31.346 0.0   -0.005 0.0 
  31.377 0.0    0.002 0.0 
  31.410 0.0    0.009 0.0 
  31.437 0.0    0.015 0.0 
  31.472 0.0    0.020 0.0 
  31.502 0.0    0.024 0.0 
  31.532 0.0    0.027 0.0 
  31.558 0.0    0.031 0.0 
  31.588 0.0    0.035 0.0 
  31.619 0.0    0.038 0.0 
  31.649 0.0    0.042 0.0 
  31.684 0.0    0.045 0.0 
  31.710 0.0    0.049 0.0 
  31.740 0.0    0.054 0.0 
  31.770 0.0    0.059 0.0 
  31.801 0.0    0.063 0.0 
  31.835 0.0    0.068 0.0 
  31.861 0.0    0.072 0.0 
  31.892 0.0    0.076 0.0 
  31.926 0.0    0.080 0.0 
  31.952 0.0    0.085 0.0 
  31.982 0.0    0.089 0.0 
  32.013 0.0    0.093 0.0 
  32.043 0.0    0.096 0.0 
  32.073 0.0    0.098 0.0 
  32.103 0.0    0.100 0.0 
  32.133 0.0    0.103 0.0 
  32.164 0.0    0.104 0.0 
  32.198 0.0    0.106 0.0 
  32.224 0.0    0.108 0.0 
  32.254 0.0    0.109 0.0 
  32.285 0.0    0.109 0.0 
  32.319 0.0    0.110 0.0 
  32.346 0.0    0.110 0.0 
  32.376 0.0    0.110 0.0 
  32.406 0.0    0.110 0.0 
  32.440 0.0    0.110 0.0 
  32.467 0.0    0.109 0.0 
  32.497 0.0    0.109 0.0 
  32.528 0.0    0.108 0.0 
  32.558 0.0    0.107 0.0 
  32.587 0.0    0.105 0.0 
  32.618 0.0    0.104 0.0 
  32.649 0.0    0.102 0.0 
  32.682 0.0    0.100 0.0 
  32.713 0.0    0.098 0.0 
  32.739 0.0    0.096 0.0 
  32.770 0.0    0.093 0.0 
  32.804 0.0    0.091 0.0 
  32.833 0.0    0.088 0.0 
  32.860 0.0    0.085 0.0 
  32.890 0.0    0.083 0.0 
  32.925 0.0    0.079 0.0 
  32.951 0.0    0.076 0.0 
  32.981 0.0    0.072 0.0 
  33.016 0.0    0.069 0.0 
  33.041 0.0    0.065 0.0 
  33.072 0.0    0.062 0.0 
  33.106 0.0    0.057 0.0 
  33.132 0.0    0.053 0.0 
  33.162 0.0    0.047 0.0 
  33.197 0.0    0.041 0.0 
  33.223 0.0    0.036 0.0 
  33.257 0.0    0.031 0.0 
  33.288 0.0    0.026 0.0 
  33.318 0.0    0.020 0.0 
  33.348 0.0    0.015 0.0 
  33.374 0.0    0.010 0.0 
  33.404 0.0    0.005 0.0 
  33.440 0.0   -0.001 0.0 
  33.466 0.0   -0.006 0.0 
  33.496 0.0   -0.013 0.0 
  33.526 0.0   -0.020 0.0 
  33.560 0.0   -0.027 0.0 
  33.586 0.0   -0.033 0.0 
  33.620 0.0   -0.040 0.0 
  33.647 0.0   -0.046 0.0 
  33.681 0.0   -0.053 0.0 
  33.711 0.0   -0.059 0.0 
  33.741 0.0   -0.064 0.0 
  33.772 0.0   -0.069 0.0 
  33.799 0.0   -0.071 0.0 
  33.828 0.0   -0.074 0.0 
  33.858 0.0   -0.076 0.0 
  33.888 0.0   -0.078 0.0 
  33.923 0.0   -0.081 0.0 
  33.953 0.0   -0.083 0.0 
  33.979 0.0   -0.086 0.0 
  34.010 0.0   -0.088 0.0 
  34.040 0.0   -0.091 0.0 
  34.070 0.0   -0.093 0.0 
  34.100 0.0   -0.095 0.0 
  34.134 0.0   -0.097 0.0 
  34.165 0.0   -0.099 0.0 
  34.195 0.0   -0.101 0.0 
  34.221 0.0   -0.102 0.0 
  34.251 0.0   -0.103 0.0 
  34.286 0.0   -0.104 0.0 
  34.316 0.0   -0.105 0.0 
  34.346 0.0   -0.105 0.0 
  34.372 0.0   -0.105 0.0 
  34.406 0.0   -0.105 0.0 
  34.434 0.0   -0.105 0.0 
  34.463 0.0   -0.105 0.0 
  34.497 0.0   -0.105 0.0 
  34.524 0.0   -0.104 0.0 
  34.553 0.0   -0.103 0.0 
  34.584 0.0   -0.102 0.0 
  34.614 0.0   -0.101 0.0 
  34.645 0.0   -0.099 0.0 
  34.678 0.0   -0.096 0.0 
  34.705 0.0   -0.093 0.0 
  34.739 0.0   -0.090 0.0 
  34.765 0.0   -0.087 0.0 
  34.796 0.0   -0.084 0.0 
  34.826 0.0   -0.080 0.0 
  34.857 0.0   -0.077 0.0 
  34.887 0.0   -0.073 0.0 
  34.917 0.0   -0.069 0.0 
  34.947 0.0   -0.067 0.0 
  34.979 0.0   -0.064 0.0 
  35.012 0.0   -0.061 0.0 
  35.043 0.0   -0.059 0.0 
  35.069 0.0   -0.056 0.0 
  35.102 0.0   -0.053 0.0 
  35.129 0.0   -0.050 0.0 
  35.159 0.0   -0.047 0.0 
  35.193 0.0   -0.044 0.0 
  35.224 0.0   -0.041 0.0 
  35.250 0.0   -0.036 0.0 
  35.280 0.0   -0.031 0.0 
  35.310 0.0   -0.026 0.0 
  35.342 0.0   -0.021 0.0 
  35.371 0.0   -0.016 0.0 
  35.401 0.0   -0.012 0.0 
  35.435 0.0   -0.007 0.0 
  35.465 0.0   -0.000 0.0 
  35.495 0.0    0.006 0.0 
  35.527 0.0    0.011 0.0 
  35.553 0.0    0.016 0.0 
  35.587 0.0    0.020 0.0 
  35.617 0.0    0.026 0.0 
  35.644 0.0    0.032 0.0 
  35.674 0.0    0.037 0.0 
  35.704 0.0    0.043 0.0 
  35.734 0.0    0.049 0.0 
  35.769 0.0    0.053 0.0 
  35.795 0.0    0.057 0.0 
  35.825 0.0    0.061 0.0 
  35.856 0.0    0.065 0.0 
  35.886 0.0    0.069 0.0 
  35.917 0.0    0.072 0.0 
  35.951 0.0    0.074 0.0 
  35.981 0.0    0.077 0.0 
  36.008 0.0    0.080 0.0 
  36.042 0.0    0.083 0.0 
  36.072 0.0    0.086 0.0 
  36.102 0.0    0.089 0.0 
  36.132 0.0    0.091 0.0 
  36.158 0.0    0.094 0.0 
  36.189 0.0    0.096 0.0 
  36.219 0.0    0.098 0.0 
  36.249 0.0    0.100 0.0 
  36.279 0.0    0.101 0.0 
  36.314 0.0    0.102 0.0 
  36.344 0.0    0.102 0.0 
  36.370 0.0    0.102 0.0 
  36.401 0.0    0.102 0.0 
  36.435 0.0    0.102 0.0 
  36.466 0.0    0.102 0.0 
  36.551 0.0    0.102 0.0 
  36.579 0.0    0.100 0.0 
  36.603 0.0    0.099 0.0 
  36.629 0.0    0.098 0.0 
  36.659 0.0    0.097 0.0 
  36.690 0.0    0.095 0.0 
  36.720 0.0    0.093 0.0 
  36.751 0.0    0.092 0.0 
  36.778 0.0    0.089 0.0 
  36.809 0.0    0.087 0.0 
  36.842 0.0    0.085 0.0 
  36.877 0.0    0.083 0.0 
  36.903 0.0    0.081 0.0 
  36.933 0.0    0.078 0.0 
  36.963 0.0    0.075 0.0 
  36.994 0.0    0.072 0.0 
  37.024 0.0    0.070 0.0 
  37.056 0.0    0.066 0.0 
  37.087 0.0    0.062 0.0 
  37.121 0.0    0.058 0.0 
  37.152 0.0    0.054 0.0 
  37.178 0.0    0.050 0.0 
  37.208 0.0    0.046 0.0 
  37.238 0.0    0.041 0.0 
  37.268 0.0    0.037 0.0 
  37.303 0.0    0.033 0.0 
  37.328 0.0    0.028 0.0 
  37.358 0.0    0.023 0.0 
  37.389 0.0    0.018 0.0 
  37.419 0.0    0.014 0.0 
  37.449 0.0    0.009 0.0 
  37.479 0.0    0.004 0.0 
  37.509 0.0   -0.000 0.0 
  37.540 0.0   -0.004 0.0 
  37.571 0.0   -0.009 0.0 
  37.601 0.0   -0.013 0.0 
  37.631 0.0   -0.017 0.0 
  37.661 0.0   -0.021 0.0 
  37.695 0.0   -0.026 0.0 
  37.721 0.0   -0.031 0.0 
  37.757 0.0   -0.034 0.0 
  37.782 0.0   -0.039 0.0 
  37.812 0.0   -0.044 0.0 
  37.843 0.0   -0.048 0.0 
  37.873 0.0   -0.052 0.0 
  37.903 0.0   -0.056 0.0 
  37.934 0.0   -0.061 0.0 
  37.963 0.0   -0.065 0.0 
  37.995 0.0   -0.068 0.0 
  38.024 0.0   -0.071 0.0 
  38.055 0.0   -0.075 0.0 
  38.089 0.0   -0.077 0.0 
  38.116 0.0   -0.079 0.0 
  38.145 0.0   -0.082 0.0 
  38.175 0.0   -0.084 0.0 
  38.209 0.0   -0.086 0.0 
  38.240 0.0   -0.088 0.0 
  38.266 0.0   -0.089 0.0 
  38.300 0.0   -0.091 0.0 
  38.331 0.0   -0.092 0.0 
  38.356 0.0   -0.093 0.0 
  38.392 0.0   -0.094 0.0 
  38.418 0.0   -0.094 0.0 
  38.447 0.0   -0.095 0.0 
  38.482 0.0   -0.094 0.0 
  38.509 0.0   -0.094 0.0 
  38.543 0.0   -0.094 0.0 
  38.569 0.0   -0.094 0.0 
  38.599 0.0   -0.093 0.0 
  38.629 0.0   -0.092 0.0 
  38.659 0.0   -0.092 0.0 
  38.694 0.0   -0.091 0.0 
  38.720 0.0   -0.090 0.0 
  38.755 0.0   -0.089 0.0 
  38.781 0.0   -0.086 0.0 
  38.811 0.0   -0.084 0.0 
  38.841 0.0   -0.082 0.0 
  38.871 0.0   -0.079 0.0 
  38.902 0.0   -0.077 0.0 
  38.932 0.0   -0.074 0.0 
  38.962 0.0   -0.071 0.0 
  38.997 0.0   -0.068 0.0 
  39.026 0.0   -0.065 0.0 
  39.057 0.0   -0.061 0.0 
  39.087 0.0   -0.058 0.0 
  39.113 0.0   -0.054 0.0 
  39.143 0.0   -0.050 0.0 
  39.178 0.0   -0.046 0.0 
  39.208 0.0   -0.040 0.0 
  39.234 0.0   -0.035 0.0 
  39.264 0.0   -0.029 0.0 
  39.294 0.0   -0.023 0.0 
  39.325 0.0   -0.018 0.0 
  39.355 0.0   -0.013 0.0 
  39.385 0.0   -0.008 0.0 
  39.415 0.0   -0.003 0.0 
  39.450 0.0    0.001 0.0 
  39.481 0.0    0.006 0.0 
  39.510 0.0    0.011 0.0 
  39.540 0.0    0.015 0.0 
  39.567 0.0    0.020 0.0 
  39.597 0.0    0.025 0.0 
  39.627 0.0    0.029 0.0 
  39.657 0.0    0.034 0.0 
  39.688 0.0    0.038 0.0 
  39.719 0.0    0.043 0.0 
  39.753 0.0    0.046 0.0 
  39.779 0.0    0.050 0.0 
  39.809 0.0    0.053 0.0 
  39.839 0.0    0.055 0.0 
  39.874 0.0    0.057 0.0 
  39.904 0.0    0.060 0.0 
  39.934 0.0    0.063 0.0 
  39.960 0.0    0.066 0.0 
  39.995 0.0    0.069 0.0 
  40.025 0.0    0.072 0.0 
  40.055 0.0    0.074 0.0 
  40.086 0.0    0.076 0.0 
  40.111 0.0    0.079 0.0 
  40.141 0.0    0.081 0.0 
  40.172 0.0    0.083 0.0 
  40.207 0.0    0.084 0.0 
  40.232 0.0    0.085 0.0 
  40.267 0.0    0.086 0.0 
  40.297 0.0    0.087 0.0 
  40.323 0.0    0.088 0.0 
  40.353 0.0    0.089 0.0 
  40.387 0.0    0.090 0.0 
  40.418 0.0    0.090 0.0 
  40.444 0.0    0.090 0.0 
  40.478 0.0    0.090 0.0 
  40.504 0.0    0.090 0.0 
  40.539 0.0    0.090 0.0 
  40.569 0.0    0.089 0.0 
  40.595 0.0    0.088 0.0 
  40.625 0.0    0.087 0.0 
  40.660 0.0    0.086 0.0 
  40.685 0.0    0.084 0.0 
  40.715 0.0    0.082 0.0 
  40.745 0.0    0.079 0.0 
  40.776 0.0    0.077 0.0 
  40.811 0.0    0.074 0.0 
  40.841 0.0    0.072 0.0 
  40.867 0.0    0.069 0.0 
  40.897 0.0    0.066 0.0 
  40.932 0.0    0.063 0.0 
  40.958 0.0    0.060 0.0 
  40.993 0.0    0.058 0.0 
  41.021 0.0    0.055 0.0 
  41.048 0.0    0.053 0.0 
  41.079 0.0    0.051 0.0 
  41.113 0.0    0.049 0.0 
  41.144 0.0    0.045 0.0 
  41.169 0.0    0.041 0.0 
  41.201 0.0    0.037 0.0 
  41.234 0.0    0.034 0.0 
  41.260 0.0    0.030 0.0 
  41.295 0.0    0.026 0.0 
  41.320 0.0    0.022 0.0 
  41.356 0.0    0.018 0.0 
  41.386 0.0    0.012 0.0 
  41.411 0.0    0.007 0.0 
  41.446 0.0    0.003 0.0 
  41.472 0.0   -0.001 0.0 
  41.503 0.0   -0.005 0.0 
  41.532 0.0   -0.010 0.0 
  41.562 0.0   -0.014 0.0 
  41.593 0.0   -0.018 0.0 
  41.628 0.0   -0.022 0.0 
  41.653 0.0   -0.027 0.0 
  41.684 0.0   -0.031 0.0 
  41.715 0.0   -0.036 0.0 
  41.749 0.0   -0.040 0.0 
  41.774 0.0   -0.045 0.0 
  41.809 0.0   -0.049 0.0 
  41.835 0.0   -0.054 0.0 
  41.865 0.0   -0.058 0.0 
  41.900 0.0   -0.062 0.0 
  41.930 0.0   -0.066 0.0 
  41.957 0.0   -0.069 0.0 
  41.986 0.0   -0.071 0.0 
  42.016 0.0   -0.072 0.0 
  42.046 0.0   -0.074 0.0 
  42.082 0.0   -0.075 0.0 
  42.112 0.0   -0.077 0.0 
  42.141 0.0   -0.078 0.0 
  42.173 0.0   -0.079 0.0 
  42.202 0.0   -0.080 0.0 
  42.228 0.0   -0.081 0.0 
  42.258 0.0   -0.082 0.0 
  42.293 0.0   -0.083 0.0 
  42.323 0.0   -0.084 0.0 
  42.353 0.0   -0.085 0.0 
  42.380 0.0   -0.085 0.0 
  42.414 0.0   -0.086 0.0 
  42.440 0.0   -0.086 0.0 
  42.470 0.0   -0.086 0.0 
  42.500 0.0   -0.086 0.0 
  42.536 0.0   -0.085 0.0 
  42.565 0.0   -0.085 0.0 
  42.591 0.0   -0.084 0.0 
  42.621 0.0   -0.084 0.0 
  42.655 0.0   -0.083 0.0 
  42.686 0.0   -0.082 0.0 
  42.712 0.0   -0.081 0.0 
  42.742 0.0   -0.079 0.0 
  42.773 0.0   -0.077 0.0 
  42.803 0.0   -0.076 0.0 
  42.833 0.0   -0.073 0.0 
  42.863 0.0   -0.071 0.0 
  42.892 0.0   -0.069 0.0 
  42.925 0.0   -0.066 0.0 
  42.955 0.0   -0.063 0.0 
  42.984 0.0   -0.061 0.0 
  43.020 0.0   -0.058 0.0 
  43.049 0.0   -0.055 0.0 
  43.079 0.0   -0.053 0.0 
  43.105 0.0   -0.049 0.0 
  43.140 0.0   -0.046 0.0 
  43.167 0.0   -0.042 0.0 
  43.196 0.0   -0.037 0.0 
  43.226 0.0   -0.033 0.0 
  43.256 0.0   -0.029 0.0 
  43.287 0.0   -0.024 0.0 
  43.317 0.0   -0.020 0.0 
  43.352 0.0   -0.015 0.0 
  43.377 0.0   -0.011 0.0 
  43.408 0.0   -0.007 0.0 
  43.442 0.0   -0.004 0.0 
  43.473 0.0   -0.001 0.0 
  43.498 0.0    0.002 0.0 
  43.532 0.0    0.005 0.0 
  43.563 0.0    0.008 0.0 
  43.594 0.0    0.012 0.0 
  43.624 0.0    0.016 0.0 
  43.654 0.0    0.020 0.0 
  43.684 0.0    0.024 0.0 
  43.710 0.0    0.028 0.0 
  43.745 0.0    0.033 0.0 
  43.771 0.0    0.037 0.0 
  43.806 0.0    0.042 0.0 
  43.831 0.0    0.046 0.0 
  43.862 0.0    0.049 0.0 
  43.897 0.0    0.052 0.0 
  43.922 0.0    0.055 0.0 
  43.957 0.0    0.058 0.0 
  43.988 0.0    0.060 0.0 
  44.018 0.0    0.063 0.0 
  44.044 0.0    0.065 0.0 
  44.074 0.0    0.067 0.0 
  44.109 0.0    0.069 0.0 
  44.135 0.0    0.072 0.0 
  44.169 0.0    0.073 0.0 
  44.195 0.0    0.075 0.0 
  44.225 0.0    0.077 0.0 
  44.256 0.0    0.078 0.0 
  44.286 0.0    0.079 0.0 
  44.316 0.0    0.080 0.0 
  44.346 0.0    0.081 0.0 
  44.377 0.0    0.082 0.0 
  44.412 0.0    0.083 0.0 
  44.442 0.0    0.083 0.0 
  44.472 0.0    0.083 0.0 
  44.497 0.0    0.083 0.0 
  44.527 0.0    0.083 0.0 
  44.557 0.0    0.082 0.0 
  44.593 0.0    0.082 0.0 
  44.618 0.0    0.081 0.0 
  44.648 0.0    0.080 0.0 
  44.679 0.0    0.080 0.0 
  44.709 0.0    0.078 0.0 
  44.743 0.0    0.077 0.0 
  44.769 0.0    0.075 0.0 
  44.804 0.0    0.073 0.0 
  44.834 0.0    0.069 0.0 
  44.861 0.0    0.066 0.0 
  44.890 0.0    0.062 0.0 
  44.925 0.0    0.058 0.0 
  44.950 0.0    0.054 0.0 
  44.985 0.0    0.050 0.0 
  45.011 0.0    0.046 0.0 
  45.043 0.0    0.042 0.0 
  45.072 0.0    0.039 0.0 
  45.102 0.0    0.036 0.0 
  45.137 0.0    0.033 0.0 
  45.162 0.0    0.031 0.0 
  45.193 0.0    0.028 0.0 
  45.228 0.0    0.025 0.0 
  45.258 0.0    0.022 0.0 
  45.288 0.0    0.020 0.0 
  45.315 0.0    0.016 0.0 
  45.344 0.0    0.013 0.0 
  45.379 0.0    0.010 0.0 
  45.405 0.0    0.006 0.0 
  45.435 0.0    0.003 0.0 
  45.466 0.0   -0.000 0.0 
  45.500 0.0   -0.003 0.0 
  45.530 0.0   -0.006 0.0 
  45.556 0.0   -0.010 0.0 
  45.590 0.0   -0.014 0.0 
  45.620 0.0   -0.018 0.0 
  45.651 0.0   -0.021 0.0 
  45.681 0.0   -0.024 0.0 
  45.711 0.0   -0.028 0.0 
  45.737 0.0   -0.031 0.0 
  45.768 0.0   -0.035 0.0 
  45.802 0.0   -0.038 0.0 
  45.828 0.0   -0.042 0.0 
  45.858 0.0   -0.044 0.0 
  45.893 0.0   -0.047 0.0 
  45.919 0.0   -0.049 0.0 
  45.948 0.0   -0.051 0.0 
  45.984 0.0   -0.054 0.0 
  46.014 0.0   -0.056 0.0 
  46.044 0.0   -0.059 0.0 
  46.070 0.0   -0.061 0.0 
  46.104 0.0   -0.063 0.0 
  46.135 0.0   -0.065 0.0 
  46.160 0.0   -0.066 0.0 
  46.195 0.0   -0.068 0.0 
  46.221 0.0   -0.070 0.0 
  46.251 0.0   -0.072 0.0 
  46.282 0.0   -0.073 0.0 
  46.313 0.0   -0.074 0.0 
  46.346 0.0   -0.075 0.0 
  46.377 0.0   -0.075 0.0 
  46.403 0.0   -0.076 0.0 
  46.437 0.0   -0.077 0.0 
  46.463 0.0   -0.077 0.0 
  46.493 0.0   -0.077 0.0 
  46.523 0.0   -0.077 0.0 
  46.557 0.0   -0.077 0.0 
  46.584 0.0   -0.076 0.0 
  46.614 0.0   -0.076 0.0 
  46.644 0.0   -0.074 0.0 
  46.675 0.0   -0.072 0.0 
  46.706 0.0   -0.070 0.0 
  46.740 0.0   -0.067 0.0 
  46.766 0.0   -0.064 0.0 
  46.796 0.0   -0.061 0.0 
  46.826 0.0   -0.058 0.0 
  46.856 0.0   -0.055 0.0 
  46.886 0.0   -0.052 0.0 
  46.916 0.0   -0.049 0.0 
  46.946 0.0   -0.046 0.0 
  46.978 0.0   -0.044 0.0 
  47.007 0.0   -0.042 0.0 
  47.041 0.0   -0.040 0.0 
  47.072 0.0   -0.038 0.0 
  47.098 0.0   -0.036 0.0 
  47.128 0.0   -0.034 0.0 
  47.159 0.0   -0.031 0.0 
  47.188 0.0   -0.029 0.0 
  47.223 0.0   -0.026 0.0 
  47.249 0.0   -0.023 0.0 
  47.284 0.0   -0.020 0.0 
  47.313 0.0   -0.017 0.0 
  47.344 0.0   -0.013 0.0 
  47.371 0.0   -0.010 0.0 
  47.400 0.0   -0.007 0.0 
  47.435 0.0   -0.003 0.0 
  47.465 0.0    0.001 0.0 
  47.496 0.0    0.004 0.0 
  47.521 0.0    0.008 0.0 
  47.551 0.0    0.011 0.0 
  47.586 0.0    0.014 0.0 
  47.617 0.0    0.018 0.0 
  47.642 0.0    0.021 0.0 
  47.677 0.0    0.025 0.0 
  47.703 0.0    0.029 0.0 
  47.733 0.0    0.033 0.0 
  47.764 0.0    0.036 0.0 
  47.793 0.0    0.039 0.0 
  47.824 0.0    0.042 0.0 
  47.858 0.0    0.045 0.0 
  47.889 0.0    0.048 0.0 
  47.920 0.0    0.051 0.0 
  47.948 0.0    0.053 0.0 
  47.979 0.0    0.055 0.0 
  48.005 0.0    0.057 0.0 
  48.036 0.0    0.059 0.0 
  48.071 0.0    0.061 0.0 
  48.100 0.0    0.063 0.0 
  48.127 0.0    0.065 0.0 
  48.158 0.0    0.067 0.0 
  48.191 0.0    0.068 0.0 
  48.217 0.0    0.070 0.0 
  48.249 0.0    0.071 0.0 
  48.278 0.0    0.072 0.0 
  48.308 0.0    0.073 0.0 
  48.338 0.0    0.073 0.0 
  48.373 0.0    0.073 0.0 
  48.399 0.0    0.073 0.0 
  48.434 0.0    0.073 0.0 
  48.459 0.0    0.073 0.0 
  48.495 0.0    0.073 0.0 
  48.521 0.0    0.073 0.0 
  48.550 0.0    0.073 0.0 
  48.585 0.0    0.072 0.0 
  48.611 0.0    0.072 0.0 
  48.646 0.0    0.071 0.0 
  48.671 0.0    0.071 0.0 
  48.702 0.0    0.069 0.0 
  48.732 0.0    0.068 0.0 
  48.767 0.0    0.066 0.0 
  48.792 0.0    0.064 0.0 
  48.827 0.0    0.062 0.0 
  48.852 0.0    0.060 0.0 
  48.883 0.0    0.058 0.0 
  48.914 0.0    0.056 0.0 
  48.948 0.0    0.053 0.0 
  48.974 0.0    0.051 0.0 
  49.009 0.0    0.049 0.0 
  49.039 0.0    0.047 0.0 
  49.065 0.0    0.045 0.0 
  49.099 0.0    0.041 0.0 
  49.125 0.0    0.038 0.0 
  49.160 0.0    0.034 0.0 
  49.186 0.0    0.030 0.0 
  49.217 0.0    0.027 0.0 
  49.250 0.0    0.023 0.0 
  49.281 0.0    0.019 0.0 
  49.311 0.0    0.015 0.0 
  49.342 0.0    0.012 0.0 
  49.372 0.0    0.009 0.0 
  49.402 0.0    0.007 0.0 
  49.428 0.0    0.004 0.0 
  49.458 0.0    0.001 0.0 
  49.489 0.0   -0.001 0.0 
  49.520 0.0   -0.004 0.0 
  49.554 0.0   -0.007 0.0 
  49.579 0.0   -0.009 0.0 
  49.609 0.0   -0.013 0.0 
  49.639 0.0   -0.016 0.0 
  49.674 0.0   -0.020 0.0 
  49.700 0.0   -0.023 0.0 
  49.735 0.0   -0.026 0.0 
  49.761 0.0   -0.029 0.0 
  49.792 0.0   -0.032 0.0 
  49.825 0.0   -0.035 0.0 
  49.856 0.0   -0.038 0.0 
  49.886 0.0   -0.042 0.0 
  49.911 0.0   -0.044 0.0 
  49.943 0.0   -0.046 0.0 
  49.976 0.0   -0.048 0.0 
  50.006 0.0   -0.050 0.0 
  50.034 0.0   -0.052 0.0 
  50.062 0.0   -0.054 0.0 
  50.093 0.0   -0.056 0.0 
  50.128 0.0   -0.058 0.0 
  50.153 0.0   -0.059 0.0 
  50.188 0.0   -0.060 0.0 
  50.218 0.0   -0.061 0.0 
  50.244 0.0   -0.062 0.0 
  50.279 0.0   -0.063 0.0 
  50.309 0.0   -0.064 0.0 
  50.335 0.0   -0.065 0.0 
  50.369 0.0   -0.066 0.0 
  50.400 0.0   -0.066 0.0 
  50.430 0.0   -0.067 0.0 
  50.457 0.0   -0.067 0.0 
  50.487 0.0   -0.067 0.0 
  50.521 0.0   -0.067 0.0 
  50.546 0.0   -0.067 0.0 
  50.581 0.0   -0.067 0.0 
  50.607 0.0   -0.066 0.0 
  50.639 0.0   -0.066 0.0 
  50.667 0.0   -0.065 0.0 
  50.702 0.0   -0.064 0.0 
  50.732 0.0   -0.063 0.0 
  50.763 0.0   -0.062 0.0 
  50.793 0.0   -0.061 0.0 
  50.823 0.0   -0.059 0.0 
  50.849 0.0   -0.058 0.0 
  50.880 0.0   -0.056 0.0 
  50.909 0.0   -0.054 0.0 
  50.940 0.0   -0.051 0.0 
  50.970 0.0   -0.049 0.0 
  51.005 0.0   -0.047 0.0 
  51.030 0.0   -0.044 0.0 
  51.061 0.0   -0.042 0.0 
  51.091 0.0   -0.039 0.0 
  51.121 0.0   -0.036 0.0 
  51.152 0.0   -0.033 0.0 
  51.182 0.0   -0.030 0.0 
  51.212 0.0   -0.028 0.0 
  51.242 0.0   -0.025 0.0 
  51.273 0.0   -0.022 0.0 
  51.303 0.0   -0.019 0.0 
  51.336 0.0   -0.016 0.0 
  51.365 0.0   -0.014 0.0 
  51.399 0.0   -0.011 0.0 
  51.429 0.0   -0.008 0.0 
  51.454 0.0   -0.005 0.0 
  51.488 0.0   -0.002 0.0 
  51.515 0.0    0.002 0.0 
  51.550 0.0    0.005 0.0 
  51.580 0.0    0.008 0.0 
  51.606 0.0    0.011 0.0 
  51.636 0.0    0.014 0.0 
  51.671 0.0    0.017 0.0 
  51.697 0.0    0.020 0.0 
  51.731 0.0    0.024 0.0 
  51.762 0.0    0.028 0.0 
  51.792 0.0    0.033 0.0 
  51.822 0.0    0.036 0.0 
  51.848 0.0    0.040 0.0 
  51.883 0.0    0.043 0.0 
  51.908 0.0    0.047 0.0 
  51.942 0.0    0.050 0.0 
  51.969 0.0    0.053 0.0 
  51.999 0.0    0.056 0.0 
  52.033 0.0    0.058 0.0 
  52.063 0.0    0.059 0.0 
  52.090 0.0    0.060 0.0 
  52.120 0.0    0.061 0.0 
  52.152 0.0    0.062 0.0 
  52.181 0.0    0.063 0.0 
  52.215 0.0    0.063 0.0 
  52.241 0.0    0.064 0.0 
  52.276 0.0    0.064 0.0 
  52.301 0.0    0.065 0.0 
  52.337 0.0    0.065 0.0 
  52.362 0.0    0.065 0.0 
  52.397 0.0    0.066 0.0 
  52.427 0.0    0.066 0.0 
  52.458 0.0    0.065 0.0 
  52.483 0.0    0.065 0.0 
  52.518 0.0    0.065 0.0 
  52.543 0.0    0.064 0.0 
  52.573 0.0    0.064 0.0 
  52.608 0.0    0.063 0.0 
  52.640 0.0    0.062 0.0 
  52.669 0.0    0.062 0.0 
  52.700 0.0    0.061 0.0 
  52.728 0.0    0.060 0.0 
  52.755 0.0    0.059 0.0 
  52.789 0.0    0.058 0.0 
  52.816 0.0    0.056 0.0 
  52.850 0.0    0.054 0.0 
  52.880 0.0    0.052 0.0 
  52.906 0.0    0.050 0.0 
  52.941 0.0    0.048 0.0 
  52.967 0.0    0.046 0.0 
  52.997 0.0    0.043 0.0 
  53.027 0.0    0.041 0.0 
  53.057 0.0    0.039 0.0 
  53.088 0.0    0.036 0.0 
  53.118 0.0    0.034 0.0 
  53.152 0.0    0.033 0.0 
  53.179 0.0    0.031 0.0 
  53.213 0.0    0.029 0.0 
  53.239 0.0    0.027 0.0 
  53.274 0.0    0.024 0.0 
  53.305 0.0    0.021 0.0 
  53.331 0.0    0.017 0.0 
  53.360 0.0    0.013 0.0 
  53.390 0.0    0.008 0.0 
  53.421 0.0    0.003 0.0 
  53.456 0.0   -0.001 0.0 
  53.481 0.0   -0.006 0.0 
  53.515 0.0   -0.011 0.0 
  53.546 0.0   -0.016 0.0 
  53.576 0.0   -0.020 0.0 
  53.607 0.0   -0.023 0.0 
  53.637 0.0   -0.026 0.0 
  53.667 0.0   -0.029 0.0 
  53.698 0.0   -0.031 0.0 
  53.724 0.0   -0.033 0.0 
  53.754 0.0   -0.035 0.0 
  53.788 0.0   -0.038 0.0 
  53.818 0.0   -0.040 0.0 
  53.844 0.0   -0.041 0.0 
  53.875 0.0   -0.043 0.0 
  53.908 0.0   -0.045 0.0 
  53.940 0.0   -0.047 0.0 
  53.970 0.0   -0.049 0.0 
  54.000 0.0   -0.050 0.0 
  54.030 0.0   -0.051 0.0 
  54.056 0.0   -0.052 0.0 
  54.091 0.0   -0.053 0.0 
  54.118 0.0   -0.054 0.0 
  54.147 0.0   -0.055 0.0 
  54.178 0.0   -0.056 0.0 
  54.208 0.0   -0.057 0.0 
  54.239 0.0   -0.058 0.0 
  54.268 0.0   -0.058 0.0 
  54.298 0.0   -0.059 0.0 
  54.333 0.0   -0.059 0.0 
  54.359 0.0   -0.060 0.0 
  54.394 0.0   -0.060 0.0 
  54.424 0.0   -0.061 0.0 
  54.454 0.0   -0.061 0.0 
  54.480 0.0   -0.061 0.0 
  54.510 0.0   -0.061 0.0 
  54.541 0.0   -0.060 0.0 
  54.571 0.0   -0.060 0.0 
  54.601 0.0   -0.060 0.0 
  54.632 0.0   -0.059 0.0 
  54.662 0.0   -0.058 0.0 
  54.696 0.0   -0.057 0.0 
  54.726 0.0   -0.056 0.0 
  54.757 0.0   -0.054 0.0 
  54.787 0.0   -0.053 0.0 
  54.813 0.0   -0.051 0.0 
  54.843 0.0   -0.049 0.0 
  54.873 0.0   -0.047 0.0 
  54.908 0.0   -0.045 0.0 
  54.938 0.0   -0.043 0.0 
  54.964 0.0   -0.041 0.0 
  54.999 0.0   -0.039 0.0 
  55.024 0.0   -0.038 0.0 
  55.054 0.0   -0.035 0.0 
  55.086 0.0   -0.033 0.0 
  55.115 0.0   -0.031 0.0 
  55.145 0.0   -0.028 0.0 
  55.175 0.0   -0.026 0.0 
  55.211 0.0   -0.024 0.0 
  55.236 0.0   -0.021 0.0 
  55.271 0.0   -0.019 0.0 
  55.296 0.0   -0.016 0.0 
  55.330 0.0   -0.012 0.0 
  55.357 0.0   -0.009 0.0 
  55.388 0.0   -0.006 0.0 
  55.418 0.0   -0.003 0.0 
  55.452 0.0   -0.000 0.0 
  55.477 0.0    0.003 0.0 
  55.508 0.0    0.006 0.0 
  55.543 0.0    0.009 0.0 
  55.573 0.0    0.013 0.0 
  55.603 0.0    0.016 0.0 
  55.629 0.0    0.019 0.0 
  55.660 0.0    0.022 0.0 
  55.694 0.0    0.025 0.0 
  55.720 0.0    0.028 0.0 
  55.753 0.0    0.031 0.0 
  55.785 0.0    0.034 0.0 
  55.816 0.0    0.037 0.0 
  55.841 0.0    0.039 0.0 
  55.871 0.0    0.041 0.0 
  55.902 0.0    0.043 0.0 
  55.937 0.0    0.044 0.0 
  55.962 0.0    0.046 0.0 
  55.992 0.0    0.047 0.0 
  56.024 0.0    0.049 0.0 
  56.058 0.0    0.050 0.0 
  56.088 0.0    0.052 0.0 
  56.114 0.0    0.053 0.0 
  56.149 0.0    0.054 0.0 
  56.179 0.0    0.056 0.0 
  56.209 0.0    0.057 0.0 
  56.239 0.0    0.058 0.0 
  56.265 0.0    0.058 0.0 
  56.296 0.0    0.058 0.0 
  56.325 0.0    0.058 0.0 
  56.360 0.0    0.058 0.0 
  56.390 0.0    0.058 0.0 
  56.420 0.0    0.058 0.0 
  56.446 0.0    0.058 0.0 
  56.478 0.0    0.057 0.0 
  56.507 0.0    0.057 0.0 
  56.537 0.0    0.056 0.0 
  56.570 0.0    0.055 0.0 
  56.599 0.0    0.054 0.0 
  56.627 0.0    0.053 0.0 
  56.662 0.0    0.052 0.0 
  56.688 0.0    0.051 0.0 
  56.720 0.0    0.050 0.0 
  56.750 0.0    0.049 0.0 
  56.779 0.0    0.048 0.0 
  56.861 0.0    0.048 0.0 
  56.894 0.0    0.046 0.0 
  56.914 0.0    0.045 0.0 
  56.938 0.0    0.043 0.0 
  56.971 0.0    0.041 0.0 
  57.001 0.0    0.040 0.0 
  57.029 0.0    0.038 0.0 
  57.063 0.0    0.036 0.0 
  57.092 0.0    0.033 0.0 
  57.124 0.0    0.030 0.0 
  57.156 0.0    0.026 0.0 
  57.186 0.0    0.023 0.0 
  57.220 0.0    0.020 0.0 
  57.251 0.0    0.017 0.0 
  57.282 0.0    0.014 0.0 
  57.308 0.0    0.011 0.0 
  57.342 0.0    0.007 0.0 
  57.372 0.0    0.005 0.0 
  57.398 0.0    0.002 0.0 
  57.432 0.0    0.001 0.0 
  57.462 0.0   -0.001 0.0 
  57.489 0.0   -0.003 0.0 
  57.523 0.0   -0.005 0.0 
  57.550 0.0   -0.007 0.0 
  57.579 0.0   -0.009 0.0 
  57.614 0.0   -0.011 0.0 
  57.640 0.0   -0.013 0.0 
  57.670 0.0   -0.015 0.0 
  57.700 0.0   -0.017 0.0 
  57.731 0.0   -0.019 0.0 
  57.765 0.0   -0.021 0.0 
  57.792 0.0   -0.023 0.0 
  57.822 0.0   -0.025 0.0 
  57.851 0.0   -0.027 0.0 
  57.882 0.0   -0.029 0.0 
  57.917 0.0   -0.031 0.0 
  57.947 0.0   -0.033 0.0 
  57.977 0.0   -0.034 0.0 
  58.003 0.0   -0.036 0.0 
  58.033 0.0   -0.038 0.0 
  58.068 0.0   -0.040 0.0 
  58.098 0.0   -0.041 0.0 
  58.126 0.0   -0.043 0.0 
  58.155 0.0   -0.044 0.0 
  58.185 0.0   -0.046 0.0 
  58.215 0.0   -0.047 0.0 
  58.247 0.0   -0.048 0.0 
  58.280 0.0   -0.049 0.0 
  58.306 0.0   -0.050 0.0 
  58.340 0.0   -0.051 0.0 
  58.366 0.0   -0.051 0.0 
  58.397 0.0   -0.051 0.0 
  58.431 0.0   -0.052 0.0 
  58.461 0.0   -0.052 0.0 
  58.488 0.0   -0.052 0.0 
  58.518 0.0   -0.051 0.0 
  58.552 0.0   -0.051 0.0 
  58.579 0.0   -0.051 0.0 
  58.610 0.0   -0.051 0.0 
  58.639 0.0   -0.050 0.0 
  58.669 0.0   -0.050 0.0 
  58.704 0.0   -0.049 0.0 
  58.734 0.0   -0.048 0.0 
  58.764 0.0   -0.048 0.0 
  58.790 0.0   -0.047 0.0 
  58.825 0.0   -0.046 0.0 
  58.850 0.0   -0.045 0.0 
  58.885 0.0   -0.043 0.0 
  58.915 0.0   -0.041 0.0 
  58.941 0.0   -0.038 0.0 
  58.973 0.0   -0.036 0.0 
  59.002 0.0   -0.034 0.0 
  59.037 0.0   -0.031 0.0 
  59.064 0.0   -0.029 0.0 
  59.094 0.0   -0.026 0.0 
  59.123 0.0   -0.024 0.0 
  59.157 0.0   -0.022 0.0 
  59.183 0.0   -0.021 0.0 
  59.214 0.0   -0.019 0.0 
  59.248 0.0   -0.017 0.0 
  59.278 0.0   -0.014 0.0 
  59.309 0.0   -0.012 0.0 
  59.339 0.0   -0.009 0.0 
  59.365 0.0   -0.006 0.0 
  59.399 0.0   -0.003 0.0 
  59.430 0.0   -0.001 0.0 
  59.460 0.0    0.002 0.0 
  59.491 0.0    0.005 0.0 
  59.521 0.0    0.009 0.0 
  59.551 0.0    0.012 0.0 
  59.581 0.0    0.015 0.0 
  59.607 0.0    0.018 0.0 
  59.638 0.0    0.021 0.0 
  59.668 0.0    0.024 0.0 
  59.702 0.0    0.026 0.0 
  59.730 0.0    0.029 0.0 
  59.759 0.0    0.031 0.0 
  59.793 0.0    0.034 0.0 
  59.824 0.0    0.035 0.0 
  59.851 0.0    0.037 0.0 
  59.880 0.0    0.038 0.0 
  59.914 0.0    0.039 0.0 
  59.940 0.0    0.040 0.0 
  59.971 0.0    0.041 0.0 
  60.006 0.0    0.042 0.0 
  60.031 0.0    0.043 0.0 
  60.062 0.0    0.044 0.0 
  60.091 0.0    0.045 0.0 
  60.126 0.0    0.046 0.0 
  60.152 0.0    0.047 0.0 
  60.183 0.0    0.048 0.0 
  60.213 0.0    0.048 0.0 
  60.243 0.0    0.049 0.0 
  60.273 0.0    0.050 0.0 
  60.304 0.0    0.050 0.0 
  60.338 0.0    0.050 0.0 
  60.364 0.0    0.050 0.0 
  60.394 0.0    0.050 0.0 
  60.429 0.0    0.050 0.0 
  60.455 0.0    0.049 0.0 
  60.485 0.0    0.049 0.0 
  60.515 0.0    0.049 0.0 
  60.550 0.0    0.048 0.0 
  60.575 0.0    0.048 0.0 
  60.605 0.0    0.047 0.0 
  60.636 0.0    0.046 0.0 
  60.666 0.0    0.046 0.0 
  60.697 0.0    0.045 0.0 
  60.731 0.0    0.044 0.0 
  60.757 0.0    0.043 0.0 
  60.792 0.0    0.042 0.0 
  60.818 0.0    0.040 0.0 
  60.848 0.0    0.039 0.0 
  60.878 0.0    0.036 0.0 
  60.908 0.0    0.034 0.0 
  60.938 0.0    0.031 0.0 
  60.969 0.0    0.029 0.0 
  60.999 0.0    0.026 0.0 
  61.029 0.0    0.023 0.0 
  61.059 0.0    0.021 0.0 
  61.094 0.0    0.018 0.0 
  61.123 0.0    0.016 0.0 
  61.155 0.0    0.014 0.0 
  61.185 0.0    0.012 0.0 
  61.211 0.0    0.011 0.0 
  61.241 0.0    0.009 0.0 
  61.272 0.0    0.008 0.0 
  61.306 0.0    0.006 0.0 
  61.333 0.0    0.005 0.0 
  61.362 0.0    0.003 0.0 
  61.393 0.0    0.001 0.0 
  61.423 0.0   -0.001 0.0 
  61.453 0.0   -0.003 0.0 
  61.484 0.0   -0.005 0.0 
  61.513 0.0   -0.007 0.0 
  61.548 0.0   -0.008 0.0 
  61.574 0.0   -0.010 0.0 
  61.604 0.0   -0.012 0.0 
  61.634 0.0   -0.014 0.0 
  61.665 0.0   -0.017 0.0 
  61.695 0.0   -0.018 0.0 
  61.730 0.0   -0.020 0.0 
  61.759 0.0   -0.022 0.0 
  61.786 0.0   -0.024 0.0 
  61.816 0.0   -0.026 0.0 
  61.850 0.0   -0.027 0.0 
  61.881 0.0   -0.029 0.0 
  61.911 0.0   -0.031 0.0 
  61.937 0.0   -0.033 0.0 
  61.971 0.0   -0.034 0.0 
  61.998 0.0   -0.035 0.0 
  62.028 0.0   -0.037 0.0 
  62.058 0.0   -0.038 0.0 
  62.093 0.0   -0.039 0.0 
  62.119 0.0   -0.040 0.0 
  62.153 0.0   -0.041 0.0 
  62.179 0.0   -0.043 0.0 
  62.209 0.0   -0.043 0.0 
  62.240 0.0   -0.044 0.0 
  62.270 0.0   -0.045 0.0 
  62.300 0.0   -0.045 0.0 
  62.335 0.0   -0.045 0.0 
  62.361 0.0   -0.045 0.0 
  62.391 0.0   -0.045 0.0 
  62.421 0.0   -0.045 0.0 
  62.452 0.0   -0.045 0.0 
  62.486 0.0   -0.045 0.0 
  62.513 0.0   -0.044 0.0 
  62.542 0.0   -0.044 0.0 
  62.577 0.0   -0.043 0.0 
  62.602 0.0   -0.043 0.0 
  62.633 0.0   -0.042 0.0 
  62.668 0.0   -0.041 0.0 
  62.698 0.0   -0.040 0.0 
  62.724 0.0   -0.039 0.0 
  62.758 0.0   -0.038 0.0 
  62.784 0.0   -0.037 0.0 
  62.815 0.0   -0.036 0.0 
  62.849 0.0   -0.035 0.0 
  62.875 0.0   -0.033 0.0 
  62.906 0.0   -0.032 0.0 
  62.935 0.0   -0.030 0.0 
  62.970 0.0   -0.029 0.0 
  62.996 0.0   -0.027 0.0 
  63.030 0.0   -0.025 0.0 
  63.061 0.0   -0.023 0.0 
  63.087 0.0   -0.021 0.0 
  63.117 0.0   -0.018 0.0 
  63.147 0.0   -0.016 0.0 
  63.182 0.0   -0.013 0.0 
  63.207 0.0   -0.011 0.0 
  63.238 0.0   -0.008 0.0 
  63.273 0.0   -0.005 0.0 
  63.303 0.0   -0.003 0.0 
  63.329 0.0   -0.001 0.0 
  63.359 0.0    0.001 0.0 
  63.393 0.0    0.003 0.0 
  63.420 0.0    0.005 0.0 
  63.454 0.0    0.008 0.0 
  63.481 0.0    0.010 0.0 
  63.510 0.0    0.012 0.0 
  63.540 0.0    0.014 0.0 
  63.571 0.0    0.016 0.0 
  63.605 0.0    0.018 0.0 
  63.631 0.0    0.020 0.0 
  63.666 0.0    0.022 0.0 
  63.696 0.0    0.024 0.0 
  63.722 0.0    0.026 0.0 
  63.752 0.0    0.027 0.0 
  63.787 0.0    0.029 0.0 
  63.817 0.0    0.030 0.0 
  63.843 0.0    0.031 0.0 
  63.873 0.0    0.033 0.0 
  63.904 0.0    0.034 0.0 
  63.934 0.0    0.035 0.0 
  63.964 0.0    0.036 0.0 
  63.994 0.0    0.037 0.0 
  64.025 0.0    0.038 0.0 
  64.055 0.0    0.039 0.0 
  64.085 0.0    0.040 0.0 
  64.115 0.0    0.041 0.0 
  64.150 0.0    0.041 0.0 
  64.176 0.0    0.042 0.0 
  64.206 0.0    0.043 0.0 
  64.241 0.0    0.043 0.0 
  64.266 0.0    0.043 0.0 
  64.301 0.0    0.043 0.0 
  64.327 0.0    0.043 0.0 
  64.362 0.0    0.043 0.0 
  64.388 0.0    0.042 0.0 
  64.423 0.0    0.042 0.0 
  64.453 0.0    0.042 0.0 
  64.482 0.0    0.041 0.0 
  64.509 0.0    0.040 0.0 
  64.539 0.0    0.040 0.0 
  64.575 0.0    0.039 0.0 
  64.603 0.0    0.039 0.0 
  64.630 0.0    0.038 0.0 
  64.660 0.0    0.037 0.0 
  64.692 0.0    0.037 0.0 
  64.720 0.0    0.036 0.0 
  64.751 0.0    0.035 0.0 
  64.781 0.0    0.034 0.0 
  64.811 0.0    0.033 0.0 
  64.841 0.0    0.032 0.0 
  64.872 0.0    0.031 0.0 
  64.907 0.0    0.029 0.0 
  64.937 0.0    0.028 0.0 
  64.967 0.0    0.026 0.0 
  64.997 0.0    0.025 0.0 
  65.024 0.0    0.023 0.0 
  65.054 0.0    0.021 0.0 
  65.088 0.0    0.019 0.0 
  65.115 0.0    0.016 0.0 
  65.145 0.0    0.013 0.0 
  65.174 0.0    0.011 0.0 
  65.205 0.0    0.008 0.0 
  65.237 0.0    0.006 0.0 
  65.270 0.0    0.003 0.0 
  65.296 0.0    0.001 0.0 
  65.327 0.0   -0.002 0.0 
  65.357 0.0   -0.004 0.0 
  65.386 0.0   -0.005 0.0 
  65.417 0.0   -0.007 0.0 
  65.452 0.0   -0.008 0.0 
  65.482 0.0   -0.010 0.0 
  65.508 0.0   -0.012 0.0 
  65.538 0.0   -0.013 0.0 
  65.568 0.0   -0.015 0.0 
  65.603 0.0   -0.016 0.0 
  65.629 0.0   -0.018 0.0 
  65.660 0.0   -0.020 0.0 
  65.694 0.0   -0.021 0.0 
  65.724 0.0   -0.023 0.0 
  65.755 0.0   -0.024 0.0 
  65.781 0.0   -0.025 0.0 
  65.811 0.0   -0.026 0.0 
  65.840 0.0   -0.028 0.0 
  65.871 0.0   -0.029 0.0 
  65.905 0.0   -0.030 0.0 
  65.936 0.0   -0.031 0.0 
  65.962 0.0   -0.032 0.0 
  65.992 0.0   -0.033 0.0 
  66.022 0.0   -0.034 0.0 
  66.053 0.0   -0.035 0.0 
  66.087 0.0   -0.035 0.0 
  66.113 0.0   -0.036 0.0 
  66.148 0.0   -0.037 0.0 
  66.177 0.0   -0.037 0.0 
  66.208 0.0   -0.038 0.0 
  66.234 0.0   -0.038 0.0 
  66.264 0.0   -0.038 0.0 
  66.299 0.0   -0.038 0.0 
  66.330 0.0   -0.038 0.0 
  66.355 0.0   -0.038 0.0 
  66.387 0.0   -0.038 0.0 
  66.416 0.0   -0.038 0.0 
  66.446 0.0   -0.037 0.0 
  66.478 0.0   -0.037 0.0 
  66.510 0.0   -0.036 0.0 
  66.537 0.0   -0.036 0.0 
  66.567 0.0   -0.035 0.0 
  66.601 0.0   -0.034 0.0 
  66.627 0.0   -0.034 0.0 
  66.659 0.0   -0.033 0.0 
  66.688 0.0   -0.032 0.0 
  66.719 0.0   -0.031 0.0 
  66.749 0.0   -0.030 0.0 
  66.782 0.0   -0.029 0.0 
  66.813 0.0   -0.028 0.0 
  66.839 0.0   -0.026 0.0 
  66.869 0.0   -0.025 0.0 
  66.900 0.0   -0.024 0.0 
  66.930 0.0   -0.023 0.0 
  66.960 0.0   -0.021 0.0 
  66.994 0.0   -0.019 0.0 
  67.021 0.0   -0.017 0.0 
  67.051 0.0   -0.015 0.0 
  67.085 0.0   -0.014 0.0 
  67.111 0.0   -0.012 0.0 
  67.142 0.0   -0.010 0.0 
  67.172 0.0   -0.008 0.0 
  67.206 0.0   -0.006 0.0 
  67.237 0.0   -0.004 0.0 
  67.267 0.0   -0.003 0.0 
  67.294 0.0   -0.002 0.0 
  67.327 0.0   -0.000 0.0 
  67.358 0.0    0.001 0.0 
  67.384 0.0    0.003 0.0 
  67.418 0.0    0.004 0.0 
  67.444 0.0    0.006 0.0 
  67.479 0.0    0.008 0.0 
  67.505 0.0    0.010 0.0 
  67.540 0.0    0.012 0.0 
  67.569 0.0    0.014 0.0 
  67.600 0.0    0.016 0.0 
  67.630 0.0    0.018 0.0 
  67.656 0.0    0.020 0.0 
  67.686 0.0    0.021 0.0 
  67.721 0.0    0.023 0.0 
  67.747 0.0    0.025 0.0 
  67.777 0.0    0.026 0.0 
  67.808 0.0    0.027 0.0 
  67.842 0.0    0.028 0.0 
  67.868 0.0    0.029 0.0 
  67.903 0.0    0.030 0.0 
  67.929 0.0    0.031 0.0 
  67.959 0.0    0.032 0.0 
  67.994 0.0    0.033 0.0 
  68.019 0.0    0.033 0.0 
  68.050 0.0    0.034 0.0 
  68.080 0.0    0.035 0.0 
  68.114 0.0    0.035 0.0 
  68.140 0.0    0.036 0.0 
  68.175 0.0    0.036 0.0 
  68.201 0.0    0.036 0.0 
  68.236 0.0    0.037 0.0 
  68.261 0.0    0.036 0.0 
  68.296 0.0    0.036 0.0 
  68.327 0.0    0.036 0.0 
  68.353 0.0    0.035 0.0 
  68.387 0.0    0.035 0.0 
  68.413 0.0    0.035 0.0 
  68.443 0.0    0.034 0.0 
  68.474 0.0    0.034 0.0 
  68.504 0.0    0.033 0.0 
  68.534 0.0    0.033 0.0 
  68.565 0.0    0.032 0.0 
  68.599 0.0    0.031 0.0 
  68.625 0.0    0.031 0.0 
  68.660 0.0    0.029 0.0 
  68.686 0.0    0.028 0.0 
  68.716 0.0    0.026 0.0 
  68.746 0.0    0.024 0.0 
  68.776 0.0    0.023 0.0 
  68.811 0.0    0.021 0.0 
  68.841 0.0    0.020 0.0 
  68.867 0.0    0.018 0.0 
  68.901 0.0    0.016 0.0 
  68.927 0.0    0.015 0.0 
  68.958 0.0    0.014 0.0 
  68.992 0.0    0.013 0.0 
  69.023 0.0    0.012 0.0 
  69.048 0.0    0.010 0.0 
  69.079 0.0    0.009 0.0 
  69.109 0.0    0.008 0.0 
  69.143 0.0    0.007 0.0 
  69.170 0.0    0.006 0.0 
  69.204 0.0    0.004 0.0 
  69.235 0.0    0.003 0.0 
  69.265 0.0    0.001 0.0 
  69.291 0.0    0.000 0.0 
  69.325 0.0   -0.002 0.0 
  69.351 0.0   -0.003 0.0 
  69.382 0.0   -0.005 0.0 
  69.412 0.0   -0.006 0.0 
  69.442 0.0   -0.008 0.0 
  69.476 0.0   -0.009 0.0 
  69.507 0.0   -0.011 0.0 
  69.533 0.0   -0.012 0.0 
  69.563 0.0   -0.014 0.0 
  69.598 0.0   -0.015 0.0 
  69.624 0.0   -0.016 0.0 
  69.654 0.0   -0.018 0.0 
  69.684 0.0   -0.019 0.0 
  69.715 0.0   -0.020 0.0 
  69.749 0.0   -0.022 0.0 
  69.780 0.0   -0.023 0.0 
  69.805 0.0   -0.024 0.0 
  69.835 0.0   -0.025 0.0 
  69.866 0.0   -0.025 0.0 
  69.896 0.0   -0.026 0.0 
  69.927 0.0   -0.027 0.0 
  69.960 0.0   -0.028 0.0 
  69.987 0.0   -0.029 0.0 
  70.018 0.0   -0.029 0.0 
  70.052 0.0   -0.030 0.0 
  70.078 0.0   -0.030 0.0 
  70.108 0.0   -0.031 0.0 
  70.142 0.0   -0.031 0.0 
  70.169 0.0   -0.032 0.0 
  70.199 0.0   -0.032 0.0 
  70.233 0.0   -0.032 0.0 
  70.259 0.0   -0.032 0.0 
  70.294 0.0   -0.032 0.0 
  70.321 0.0   -0.032 0.0 
  70.355 0.0   -0.031 0.0 
  70.381 0.0   -0.031 0.0 
  70.415 0.0   -0.031 0.0 
  70.441 0.0   -0.030 0.0 
  70.471 0.0   -0.030 0.0 
  70.506 0.0   -0.029 0.0 
  70.532 0.0   -0.029 0.0 
  70.566 0.0   -0.028 0.0 
  70.597 0.0   -0.027 0.0 
  70.623 0.0   -0.026 0.0 
  70.652 0.0   -0.025 0.0 
  70.687 0.0   -0.024 0.0 
  70.718 0.0   -0.023 0.0 
  70.744 0.0   -0.022 0.0 
  70.774 0.0   -0.021 0.0 
  70.804 0.0   -0.020 0.0 
  70.834 0.0   -0.018 0.0 
  70.869 0.0   -0.017 0.0 
  70.895 0.0   -0.015 0.0 
  70.925 0.0   -0.014 0.0 
  70.955 0.0   -0.012 0.0 
  70.986 0.0   -0.011 0.0 
  71.016 0.0   -0.009 0.0 
  71.047 0.0   -0.008 0.0 
  71.081 0.0   -0.006 0.0 
  71.107 0.0   -0.004 0.0 
  71.137 0.0   -0.002 0.0 
  71.171 0.0   -0.000 0.0 
  71.198 0.0    0.001 0.0 
  71.228 0.0    0.003 0.0 
  71.258 0.0    0.005 0.0 
  71.288 0.0    0.007 0.0 
  71.319 0.0    0.009 0.0 
  71.349 0.0    0.011 0.0 
  71.380 0.0    0.013 0.0 
  71.409 0.0    0.014 0.0 
  71.444 0.0    0.016 0.0 
  71.474 0.0    0.017 0.0 
  71.505 0.0    0.018 0.0 
  71.531 0.0    0.019 0.0 
  71.565 0.0    0.020 0.0 
  71.595 0.0    0.021 0.0 
  71.621 0.0    0.022 0.0 
  71.651 0.0    0.022 0.0 
  71.682 0.0    0.023 0.0 
  71.713 0.0    0.024 0.0 
  71.743 0.0    0.024 0.0 
  71.777 0.0    0.025 0.0 
  71.803 0.0    0.026 0.0 
  71.834 0.0    0.026 0.0 
  71.864 0.0    0.027 0.0 
  71.894 0.0    0.028 0.0 
  71.924 0.0    0.028 0.0 
  71.954 0.0    0.029 0.0 
  71.984 0.0    0.029 0.0 
  72.015 0.0    0.030 0.0 
  72.045 0.0    0.030 0.0 
  72.075 0.0    0.030 0.0 
  72.107 0.0    0.030 0.0 
  72.136 0.0    0.030 0.0 
  72.166 0.0    0.030 0.0 
  72.201 0.0    0.030 0.0 
  72.227 0.0    0.030 0.0 
  72.257 0.0    0.030 0.0 
  72.291 0.0    0.030 0.0 
  72.317 0.0    0.030 0.0 
  72.348 0.0    0.029 0.0 
  72.381 0.0    0.029 0.0 
  72.413 0.0    0.029 0.0 
  72.439 0.0    0.028 0.0 
  72.473 0.0    0.028 0.0 
  72.499 0.0    0.027 0.0 
  72.534 0.0    0.026 0.0 
  72.560 0.0    0.026 0.0 
  72.590 0.0    0.025 0.0 
  72.620 0.0    0.024 0.0 
  72.655 0.0    0.024 0.0 
  72.685 0.0    0.023 0.0 
  72.711 0.0    0.022 0.0 
  72.746 0.0    0.021 0.0 
  72.772 0.0    0.020 0.0 
  72.802 0.0    0.019 0.0 
  72.835 0.0    0.018 0.0 
  72.867 0.0    0.017 0.0 
  72.897 0.0    0.016 0.0 
  72.927 0.0    0.014 0.0 
  72.957 0.0    0.013 0.0 
  72.984 0.0    0.011 0.0 
  73.019 0.0    0.010 0.0 
  73.044 0.0    0.009 0.0 
  73.074 0.0    0.007 0.0 
  73.105 0.0    0.005 0.0 
  73.139 0.0    0.004 0.0 
  73.165 0.0    0.002 0.0 
  73.195 0.0    0.001 0.0 
  73.225 0.0   -0.001 0.0 
  73.260 0.0   -0.002 0.0 
  73.286 0.0   -0.004 0.0 
  73.316 0.0   -0.006 0.0 
  73.346 0.0   -0.008 0.0 
  73.381 0.0   -0.010 0.0 
  73.407 0.0   -0.011 0.0 
  73.441 0.0   -0.013 0.0 
  73.467 0.0   -0.014 0.0 
  73.499 0.0   -0.016 0.0 
  73.528 0.0   -0.017 0.0 
  73.559 0.0   -0.018 0.0 
  73.588 0.0   -0.019 0.0 
  73.623 0.0   -0.019 0.0 
  73.653 0.0   -0.020 0.0 
  73.683 0.0   -0.021 0.0 
  73.710 0.0   -0.021 0.0 
  73.745 0.0   -0.022 0.0 
  73.775 0.0   -0.022 0.0 
  73.804 0.0   -0.023 0.0 
  73.831 0.0   -0.023 0.0 
  73.865 0.0   -0.024 0.0 
  73.896 0.0   -0.025 0.0 
  73.926 0.0   -0.025 0.0 
  73.956 0.0   -0.025 0.0 
  73.982 0.0   -0.026 0.0 
  74.017 0.0   -0.026 0.0 
  74.043 0.0   -0.027 0.0 
  74.073 0.0   -0.027 0.0 
  74.107 0.0   -0.027 0.0 
  74.134 0.0   -0.027 0.0 
  74.164 0.0   -0.027 0.0 
  74.194 0.0   -0.027 0.0 
  74.228 0.0   -0.027 0.0 
  74.259 0.0   -0.027 0.0 
  74.286 0.0   -0.026 0.0 
  74.315 0.0   -0.026 0.0 
  74.345 0.0   -0.026 0.0 
  74.381 0.0   -0.025 0.0 
  74.406 0.0   -0.025 0.0 
  74.440 0.0   -0.024 0.0 
  74.470 0.0   -0.023 0.0 
  74.497 0.0   -0.022 0.0 
  74.526 0.0   -0.021 0.0 
  74.562 0.0   -0.020 0.0 
  74.591 0.0   -0.019 0.0 
  74.619 0.0   -0.018 0.0 
  74.648 0.0   -0.017 0.0 
  74.678 0.0   -0.016 0.0 
  74.712 0.0   -0.015 0.0 
  74.742 0.0   -0.014 0.0 
  74.773 0.0   -0.013 0.0 
  74.799 0.0   -0.013 0.0 
  74.834 0.0   -0.012 0.0 
  74.863 0.0   -0.011 0.0 
  74.889 0.0   -0.010 0.0 
  74.924 0.0   -0.008 0.0 
  74.954 0.0   -0.007 0.0 
  74.981 0.0   -0.006 0.0 
  75.010 0.0   -0.004 0.0 
  75.045 0.0   -0.003 0.0 
  75.071 0.0   -0.001 0.0 
  75.102 0.0    0.000 0.0 
  75.132 0.0    0.002 0.0 
  75.167 0.0    0.003 0.0 
  75.192 0.0    0.004 0.0 
  75.222 0.0    0.005 0.0 
  75.254 0.0    0.006 0.0 
  75.287 0.0    0.007 0.0 
  75.318 0.0    0.008 0.0 
  75.347 0.0    0.009 0.0 
  75.373 0.0    0.010 0.0 
  75.404 0.0    0.012 0.0 
  75.434 0.0    0.013 0.0 
  75.466 0.0    0.014 0.0 
  75.499 0.0    0.015 0.0 
  75.525 0.0    0.017 0.0 
  75.555 0.0    0.018 0.0 
  75.590 0.0    0.019 0.0 
  75.616 0.0    0.020 0.0 
  75.645 0.0    0.021 0.0 
  75.680 0.0    0.022 0.0 
  75.711 0.0    0.022 0.0 
  75.737 0.0    0.023 0.0 
  75.768 0.0    0.024 0.0 
  75.798 0.0    0.024 0.0 
  75.828 0.0    0.024 0.0 
  75.858 0.0    0.025 0.0 
  75.892 0.0    0.025 0.0 
  75.918 0.0    0.025 0.0 
  75.949 0.0    0.026 0.0 
  75.983 0.0    0.026 0.0 
  76.014 0.0    0.026 0.0 
  76.044 0.0    0.026 0.0 
  76.074 0.0    0.026 0.0 
  76.100 0.0    0.026 0.0 
  76.130 0.0    0.026 0.0 
  76.165 0.0    0.026 0.0 
  76.191 0.0    0.026 0.0 
  76.225 0.0    0.025 0.0 
  76.256 0.0    0.025 0.0 
  76.286 0.0    0.024 0.0 
  76.316 0.0    0.023 0.0 
  76.346 0.0    0.023 0.0 
  76.373 0.0    0.022 0.0 
  76.409 0.0    0.021 0.0 
  76.434 0.0    0.020 0.0 
  76.464 0.0    0.019 0.0 
  76.494 0.0    0.018 0.0 
  76.525 0.0    0.018 0.0 
  76.555 0.0    0.017 0.0 
  76.585 0.0    0.017 0.0 
  76.615 0.0    0.016 0.0 
  76.649 0.0    0.015 0.0 
  76.675 0.0    0.015 0.0 
  76.707 0.0    0.014 0.0 
  76.740 0.0    0.013 0.0 
  76.771 0.0    0.012 0.0 
  76.801 0.0    0.011 0.0 
  76.831 0.0    0.010 0.0 
  76.858 0.0    0.009 0.0 
  76.887 0.0    0.008 0.0 
  76.922 0.0    0.007 0.0 
  76.948 0.0    0.006 0.0 
  76.979 0.0    0.005 0.0 
  77.009 0.0    0.003 0.0 
  77.043 0.0    0.002 0.0 
  77.074 0.0    0.001 0.0 
  77.100 0.0   -0.001 0.0 
  77.130 0.0   -0.002 0.0 
  77.160 0.0   -0.003 0.0 
  77.190 0.0   -0.004 0.0 
  77.225 0.0   -0.005 0.0 
  77.251 0.0   -0.006 0.0 
  77.285 0.0   -0.008 0.0 
  77.313 0.0   -0.009 0.0 
  77.341 0.0   -0.010 0.0 
  77.372 0.0   -0.011 0.0 
  77.406 0.0   -0.012 0.0 
  77.432 0.0   -0.012 0.0 
  77.462 0.0   -0.013 0.0 
  77.497 0.0   -0.014 0.0 
  77.528 0.0   -0.015 0.0 
  77.554 0.0   -0.016 0.0 
  77.584 0.0   -0.017 0.0 
  77.618 0.0   -0.018 0.0 
  77.648 0.0   -0.018 0.0 
  77.679 0.0   -0.019 0.0 
  77.705 0.0   -0.020 0.0 
  77.735 0.0   -0.020 0.0 
  77.770 0.0   -0.021 0.0 
  77.800 0.0   -0.021 0.0 
  77.826 0.0   -0.022 0.0 
  77.861 0.0   -0.022 0.0 
  77.891 0.0   -0.022 0.0 
  77.917 0.0   -0.022 0.0 
  77.947 0.0   -0.022 0.0 
  77.977 0.0   -0.022 0.0 
  78.007 0.0   -0.022 0.0 
  78.038 0.0   -0.022 0.0 
  78.072 0.0   -0.022 0.0 
  78.103 0.0   -0.022 0.0 
  78.129 0.0   -0.022 0.0 
  78.158 0.0   -0.021 0.0 
  78.189 0.0   -0.021 0.0 
  78.219 0.0   -0.021 0.0 
  78.250 0.0   -0.021 0.0 
  78.280 0.0   -0.020 0.0 
  78.314 0.0   -0.020 0.0 
  78.345 0.0   -0.019 0.0 
  78.375 0.0   -0.019 0.0 
  78.401 0.0   -0.018 0.0 
  78.431 0.0   -0.017 0.0 
  78.466 0.0   -0.016 0.0 
  78.492 0.0   -0.016 0.0 
  78.526 0.0   -0.015 0.0 
  78.557 0.0   -0.014 0.0 
  78.583 0.0   -0.013 0.0 
  78.617 0.0   -0.012 0.0 
  78.647 0.0   -0.011 0.0 
  78.674 0.0   -0.010 0.0 
  78.704 0.0   -0.009 0.0 
  78.734 0.0   -0.008 0.0 
  78.769 0.0   -0.007 0.0 
  78.794 0.0   -0.006 0.0 
  78.825 0.0   -0.005 0.0 
  78.855 0.0   -0.004 0.0 
  78.885 0.0   -0.003 0.0 
  78.916 0.0   -0.001 0.0 
  78.946 0.0   -0.001 0.0 
  78.976 0.0    0.000 0.0 
  79.006 0.0    0.001 0.0 
  79.036 0.0    0.003 0.0 
  79.067 0.0    0.004 0.0 
  79.097 0.0    0.005 0.0 
  79.128 0.0    0.007 0.0 
  79.158 0.0    0.008 0.0 
  79.192 0.0    0.009 0.0 
  79.222 0.0    0.011 0.0 
  79.249 0.0    0.012 0.0 
  79.279 0.0    0.013 0.0 
  79.313 0.0    0.014 0.0 
  79.339 0.0    0.015 0.0 
  79.370 0.0    0.015 0.0 
  79.400 0.0    0.016 0.0 
  79.430 0.0    0.016 0.0 
  79.460 0.0    0.017 0.0 
  79.491 0.0    0.017 0.0 
  79.526 0.0    0.018 0.0 
  79.551 0.0    0.018 0.0 
  79.582 0.0    0.018 0.0 
  79.612 0.0    0.019 0.0 
  79.647 0.0    0.019 0.0 
  79.677 0.0    0.019 0.0 
  79.703 0.0    0.020 0.0 
  79.737 0.0    0.020 0.0 
  79.763 0.0    0.020 0.0 
  79.794 0.0    0.021 0.0 
  79.828 0.0    0.021 0.0 
  79.855 0.0    0.021 0.0 
  79.889 0.0    0.021 0.0 
  79.919 0.0    0.022 0.0 
  79.945 0.0    0.022 0.0 
  79.975 0.0    0.022 0.0 
  80.010 0.0    0.021 0.0 
  80.035 0.0    0.021 0.0 
  80.065 0.0    0.021 0.0 
  80.095 0.0    0.021 0.0 
  80.131 0.0    0.020 0.0 
  80.156 0.0    0.020 0.0 
  80.186 0.0    0.020 0.0 
  80.221 0.0    0.019 0.0 
  80.247 0.0    0.019 0.0 
  80.277 0.0    0.018 0.0 
  80.308 0.0    0.018 0.0 
  80.342 0.0    0.017 0.0 
  80.368 0.0    0.017 0.0 
  80.403 0.0    0.016 0.0 
  80.433 0.0    0.016 0.0 
  80.459 0.0    0.015 0.0 
  80.489 0.0    0.014 0.0 
  80.523 0.0    0.013 0.0 
  80.549 0.0    0.012 0.0 
  80.579 0.0    0.011 0.0 
  80.610 0.0    0.010 0.0 
  80.644 0.0    0.009 0.0 
  80.670 0.0    0.008 0.0 
  80.705 0.0    0.007 0.0 
  80.735 0.0    0.006 0.0 
  80.761 0.0    0.005 0.0 
  80.792 0.0    0.005 0.0 
  80.826 0.0    0.004 0.0 
  80.856 0.0    0.003 0.0 
  80.886 0.0    0.002 0.0 
  80.917 0.0    0.002 0.0 
  80.943 0.0    0.001 0.0 
  80.977 0.0   -0.000 0.0 
  81.003 0.0   -0.001 0.0 
  81.037 0.0   -0.002 0.0 
  81.068 0.0   -0.003 0.0 
  81.094 0.0   -0.005 0.0 
  81.125 0.0   -0.006 0.0 
  81.155 0.0   -0.007 0.0 
  81.190 0.0   -0.008 0.0 
  81.219 0.0   -0.009 0.0 
  81.245 0.0   -0.010 0.0 
  81.276 0.0   -0.011 0.0 
  81.306 0.0   -0.012 0.0 
  81.336 0.0   -0.012 0.0 
  81.366 0.0   -0.013 0.0 
  81.401 0.0   -0.014 0.0 
  81.431 0.0   -0.014 0.0 
  81.457 0.0   -0.015 0.0 
  81.492 0.0   -0.015 0.0 
  81.523 0.0   -0.015 0.0 
  81.549 0.0   -0.016 0.0 
  81.578 0.0   -0.016 0.0 
  81.609 0.0   -0.017 0.0 
  81.643 0.0   -0.017 0.0 
  81.673 0.0   -0.017 0.0 
  81.704 0.0   -0.017 0.0 
  81.731 0.0   -0.017 0.0 
  81.760 0.0   -0.018 0.0 
  81.791 0.0   -0.018 0.0 
  81.820 0.0   -0.018 0.0 
  81.856 0.0   -0.018 0.0 
  81.881 0.0   -0.018 0.0 
  81.911 0.0   -0.018 0.0 
  81.942 0.0   -0.017 0.0 
  81.976 0.0   -0.017 0.0 
  82.003 0.0   -0.017 0.0 
  82.032 0.0   -0.017 0.0 
  82.067 0.0   -0.017 0.0 
  82.093 0.0   -0.016 0.0 
  82.127 0.0   -0.016 0.0 
  82.154 0.0   -0.016 0.0 
  82.188 0.0   -0.015 0.0 
  82.219 0.0   -0.015 0.0 
  82.246 0.0   -0.014 0.0 
  82.275 0.0   -0.014 0.0 
  82.309 0.0   -0.013 0.0 
  82.336 0.0   -0.013 0.0 
  82.366 0.0   -0.012 0.0 
  82.396 0.0   -0.012 0.0 
  82.426 0.0   -0.011 0.0 
  82.456 0.0   -0.010 0.0 
  82.486 0.0   -0.009 0.0 
  82.521 0.0   -0.009 0.0 
  82.547 0.0   -0.008 0.0 
  82.577 0.0   -0.007 0.0 
  82.612 0.0   -0.006 0.0 
  82.639 0.0   -0.005 0.0 
  82.668 0.0   -0.005 0.0 
  82.703 0.0   -0.004 0.0 
  82.733 0.0   -0.003 0.0 
  82.759 0.0   -0.002 0.0 
  82.789 0.0   -0.001 0.0 
  82.824 0.0    0.000 0.0 
  82.849 0.0    0.001 0.0 
  82.884 0.0    0.002 0.0 
  82.914 0.0    0.003 0.0 
  82.944 0.0    0.003 0.0 
  82.971 0.0    0.004 0.0 
  83.001 0.0    0.005 0.0 
  83.035 0.0    0.006 0.0 
  83.065 0.0    0.007 0.0 
  83.092 0.0    0.007 0.0 
  83.126 0.0    0.008 0.0 
  83.157 0.0    0.009 0.0 
  83.187 0.0    0.010 0.0 
  83.212 0.0    0.011 0.0 
  83.243 0.0    0.012 0.0 
  83.273 0.0    0.013 0.0 
  83.307 0.0    0.013 0.0 
  83.338 0.0    0.014 0.0 
  83.364 0.0    0.015 0.0 
  83.398 0.0    0.015 0.0 
  83.428 0.0    0.015 0.0 
  83.459 0.0    0.016 0.0 
  83.486 0.0    0.016 0.0 
  83.515 0.0    0.017 0.0 
  83.549 0.0    0.017 0.0 
  83.579 0.0    0.017 0.0 
  83.610 0.0    0.017 0.0 
  83.636 0.0    0.018 0.0 
  83.671 0.0    0.018 0.0 
  83.701 0.0    0.018 0.0 
  83.727 0.0    0.018 0.0 
  83.762 0.0    0.018 0.0 
  83.787 0.0    0.018 0.0 
  83.817 0.0    0.018 0.0 
  83.848 0.0    0.017 0.0 
  83.878 0.0    0.017 0.0 
  83.907 0.0    0.017 0.0 
  83.940 0.0    0.017 0.0 
  83.969 0.0    0.016 0.0 
  83.999 0.0    0.016 0.0 
  84.032 0.0    0.015 0.0 
  84.064 0.0    0.015 0.0 
  84.090 0.0    0.014 0.0 
  84.119 0.0    0.014 0.0 
  84.150 0.0    0.014 0.0 
  84.185 0.0    0.013 0.0 
  84.212 0.0    0.013 0.0 
  84.240 0.0    0.013 0.0 
  84.272 0.0    0.012 0.0 
  84.300 0.0    0.012 0.0 
  84.332 0.0    0.011 0.0 
  84.367 0.0    0.010 0.0 
  84.397 0.0    0.009 0.0 
  84.427 0.0    0.008 0.0 
  84.453 0.0    0.007 0.0 
  84.488 0.0    0.006 0.0 
  84.518 0.0    0.005 0.0 
  84.548 0.0    0.004 0.0 
  84.578 0.0    0.004 0.0 
  84.607 0.0    0.003 0.0 
  84.633 0.0    0.002 0.0 
  84.665 0.0    0.001 0.0 
  84.695 0.0    0.001 0.0 
  84.725 0.0   -0.000 0.0 
  84.756 0.0   -0.001 0.0 
  84.786 0.0   -0.001 0.0 
  84.820 0.0   -0.002 0.0 
  84.851 0.0   -0.003 0.0 
  84.876 0.0   -0.004 0.0 
  84.907 0.0   -0.005 0.0 
  84.936 0.0   -0.006 0.0 
  84.966 0.0   -0.007 0.0 
  84.996 0.0   -0.008 0.0 
  85.031 0.0   -0.009 0.0 
  85.058 0.0   -0.010 0.0 
  85.088 0.0   -0.010 0.0 
  85.119 0.0   -0.011 0.0 
  85.149 0.0   -0.012 0.0 
  85.183 0.0   -0.012 0.0 
  85.209 0.0   -0.012 0.0 
  85.239 0.0   -0.013 0.0 
  85.274 0.0   -0.013 0.0 
  85.304 0.0   -0.013 0.0 
  85.329 0.0   -0.013 0.0 
  85.359 0.0   -0.013 0.0 
  85.394 0.0   -0.014 0.0 
  85.419 0.0   -0.014 0.0 
  85.451 0.0   -0.014 0.0 
  85.484 0.0   -0.014 0.0 
  85.516 0.0   -0.014 0.0 
  85.542 0.0   -0.015 0.0 
  85.572 0.0   -0.015 0.0 
  85.607 0.0   -0.015 0.0 
  85.637 0.0   -0.015 0.0 
  85.662 0.0   -0.015 0.0 
  85.697 0.0   -0.015 0.0 
  85.726 0.0   -0.014 0.0 
  85.752 0.0   -0.014 0.0 
  85.782 0.0   -0.014 0.0 
  85.817 0.0   -0.014 0.0 
  85.845 0.0   -0.014 0.0 
  85.879 0.0   -0.013 0.0 
  85.909 0.0   -0.013 0.0 
  85.939 0.0   -0.013 0.0 
  85.970 0.0   -0.012 0.0 
  86.000 0.0   -0.012 0.0 
  86.026 0.0   -0.012 0.0 
  86.054 0.0   -0.012 0.0 
  86.090 0.0   -0.011 0.0 
  86.115 0.0   -0.011 0.0 
  86.149 0.0   -0.010 0.0 
  86.175 0.0   -0.010 0.0 
  86.207 0.0   -0.009 0.0 
  86.240 0.0   -0.009 0.0 
  86.270 0.0   -0.008 0.0 
  86.298 0.0   -0.008 0.0 
  86.327 0.0   -0.007 0.0 
  86.363 0.0   -0.006 0.0 
  86.387 0.0   -0.005 0.0 
  86.417 0.0   -0.005 0.0 
  86.450 0.0   -0.004 0.0 
  86.482 0.0   -0.003 0.0 
  86.512 0.0   -0.002 0.0 
  86.540 0.0   -0.002 0.0 
  86.573 0.0   -0.001 0.0 
  86.600 0.0   -0.000 0.0 
  86.631 0.0    0.001 0.0 
  86.660 0.0    0.002 0.0 
  86.695 0.0    0.003 0.0 
  86.720 0.0    0.004 0.0 
  86.756 0.0    0.005 0.0 
  86.781 0.0    0.006 0.0 
  86.811 0.0    0.006 0.0 
  86.846 0.0    0.007 0.0 
  86.875 0.0    0.008 0.0 
  86.903 0.0    0.009 0.0 
  86.933 0.0    0.009 0.0 
  86.968 0.0    0.009 0.0 
  86.999 0.0    0.010 0.0 
  87.024 0.0    0.010 0.0 
  87.058 0.0    0.010 0.0 
  87.084 0.0    0.011 0.0 
  87.119 0.0    0.011 0.0 
  87.144 0.0    0.012 0.0 
  87.179 0.0    0.012 0.0 
  87.206 0.0    0.013 0.0 
  87.234 0.0    0.013 0.0 
  87.266 0.0    0.014 0.0 
  87.299 0.0    0.014 0.0 
  87.327 0.0    0.014 0.0 
  87.361 0.0    0.014 0.0 
  87.387 0.0    0.015 0.0 
  87.417 0.0    0.015 0.0 
  87.447 0.0    0.015 0.0 
  87.477 0.0    0.015 0.0 
  87.512 0.0    0.015 0.0 
  87.537 0.0    0.015 0.0 
  87.569 0.0    0.015 0.0 
  87.600 0.0    0.015 0.0 
  87.629 0.0    0.015 0.0 
  87.663 0.0    0.014 0.0 
  87.690 0.0    0.014 0.0 
  87.720 0.0    0.014 0.0 
  87.750 0.0    0.014 0.0 
  87.780 0.0    0.013 0.0 
  87.810 0.0    0.013 0.0 
  87.840 0.0    0.013 0.0 
  87.875 0.0    0.013 0.0 
  87.901 0.0    0.012 0.0 
  87.935 0.0    0.012 0.0 
  87.962 0.0    0.011 0.0 
  87.992 0.0    0.011 0.0 
  88.025 0.0    0.011 0.0 
  88.056 0.0    0.010 0.0 
  88.087 0.0    0.010 0.0 
  88.113 0.0    0.009 0.0 
  88.143 0.0    0.009 0.0 
  88.173 0.0    0.008 0.0 
  88.203 0.0    0.007 0.0 
  88.233 0.0    0.006 0.0 
  88.268 0.0    0.005 0.0 
  88.299 0.0    0.005 0.0 
  88.325 0.0    0.004 0.0 
  88.359 0.0    0.003 0.0 
  88.386 0.0    0.002 0.0 
  88.417 0.0    0.001 0.0 
  88.446 0.0   -0.000 0.0 
  88.476 0.0   -0.001 0.0 
  88.511 0.0   -0.001 0.0 
  88.541 0.0   -0.001 0.0 
  88.567 0.0   -0.002 0.0 
  88.597 0.0   -0.003 0.0 
  88.629 0.0   -0.003 0.0 
  88.660 0.0   -0.004 0.0 
  88.689 0.0   -0.004 0.0 
  88.719 0.0   -0.004 0.0 
  88.749 0.0   -0.005 0.0 
  88.779 0.0   -0.005 0.0 
  88.810 0.0   -0.006 0.0 
  88.839 0.0   -0.006 0.0 
  88.874 0.0   -0.007 0.0 
  88.899 0.0   -0.007 0.0 
  88.935 0.0   -0.007 0.0 
  88.960 0.0   -0.008 0.0 
  88.990 0.0   -0.008 0.0 
  89.020 0.0   -0.009 0.0 
  89.050 0.0   -0.009 0.0 
  89.084 0.0   -0.009 0.0 
  89.112 0.0   -0.010 0.0 
  89.142 0.0   -0.010 0.0 
  89.172 0.0   -0.010 0.0 
  89.206 0.0   -0.011 0.0 
  89.237 0.0   -0.011 0.0 
  89.262 0.0   -0.011 0.0 
  89.292 0.0   -0.011 0.0 
  89.322 0.0   -0.011 0.0 
  89.357 0.0   -0.012 0.0 
  89.385 0.0   -0.012 0.0 
  89.417 0.0   -0.012 0.0 
  89.444 0.0   -0.012 0.0 
  89.475 0.0   -0.012 0.0 
  89.508 0.0   -0.012 0.0 
  89.540 0.0   -0.012 0.0 
  89.565 0.0   -0.012 0.0 
  89.600 0.0   -0.012 0.0 
  89.630 0.0   -0.011 0.0 
  89.656 0.0   -0.011 0.0 
  89.690 0.0   -0.011 0.0 
  89.715 0.0   -0.011 0.0 
  89.749 0.0   -0.010 0.0 
  89.776 0.0   -0.010 0.0 
  89.811 0.0   -0.010 0.0 
  89.841 0.0   -0.009 0.0 
  89.867 0.0   -0.009 0.0 
  89.898 0.0   -0.009 0.0 
  89.929 0.0   -0.008 0.0 
  89.958 0.0   -0.008 0.0 
  89.993 0.0   -0.007 0.0 
  90.018 0.0   -0.007 0.0 
  90.053 0.0   -0.006 0.0 
  90.082 0.0   -0.006 0.0 
  90.109 0.0   -0.005 0.0 
  90.144 0.0   -0.005 0.0 
  90.174 0.0   -0.004 0.0 
  90.203 0.0   -0.003 0.0 
  90.231 0.0   -0.003 0.0 
  90.261 0.0   -0.002 0.0 
  90.291 0.0   -0.001 0.0 
  90.321 0.0   -0.000 0.0 
  90.351 0.0    0.000 0.0 
  90.381 0.0    0.001 0.0 
  90.411 0.0    0.002 0.0 
  90.441 0.0    0.002 0.0 
  90.472 0.0    0.003 0.0 
  90.502 0.0    0.004 0.0 
  90.537 0.0    0.004 0.0 
  90.567 0.0    0.004 0.0 
  90.597 0.0    0.005 0.0 
  90.627 0.0    0.005 0.0 
  90.655 0.0    0.006 0.0 
  90.684 0.0    0.006 0.0 
  90.719 0.0    0.006 0.0 
  90.749 0.0    0.007 0.0 
  90.774 0.0    0.007 0.0 
  90.806 0.0    0.008 0.0 
  90.835 0.0    0.008 0.0 
  90.867 0.0    0.009 0.0 
  90.900 0.0    0.009 0.0 
  90.930 0.0    0.010 0.0 
  90.958 0.0    0.010 0.0 
  90.988 0.0    0.010 0.0 
  91.022 0.0    0.011 0.0 
  91.048 0.0    0.011 0.0 
  91.078 0.0    0.011 0.0 
  91.113 0.0    0.012 0.0 
  91.138 0.0    0.012 0.0 
  91.168 0.0    0.012 0.0 
  91.200 0.0    0.012 0.0 
  91.233 0.0    0.012 0.0 
  91.260 0.0    0.012 0.0 
  91.293 0.0    0.012 0.0 
  91.320 0.0    0.012 0.0 
  91.355 0.0    0.012 0.0 
  91.385 0.0    0.012 0.0 
  91.411 0.0    0.012 0.0 
  91.441 0.0    0.012 0.0 
  91.471 0.0    0.012 0.0 
  91.501 0.0    0.012 0.0 
  91.536 0.0    0.012 0.0 
  91.564 0.0    0.011 0.0 
  91.593 0.0    0.011 0.0 
  91.627 0.0    0.011 0.0 
  91.653 0.0    0.010 0.0 
  91.684 0.0    0.010 0.0 
  91.715 0.0    0.009 0.0 
  91.744 0.0    0.009 0.0 
  91.774 0.0    0.009 0.0 
  91.809 0.0    0.008 0.0 
  91.840 0.0    0.008 0.0 
  91.869 0.0    0.007 0.0 
  91.898 0.0    0.007 0.0 
  91.929 0.0    0.007 0.0 
  91.959 0.0    0.006 0.0 
  91.990 0.0    0.006 0.0 
  92.020 0.0    0.005 0.0 
  92.050 0.0    0.005 0.0 
  92.082 0.0    0.004 0.0 
  92.112 0.0    0.004 0.0 
  92.137 0.0    0.003 0.0 
  92.172 0.0    0.003 0.0 
  92.202 0.0    0.002 0.0 
  92.232 0.0    0.002 0.0 
  92.258 0.0    0.001 0.0 
  92.288 0.0    0.000 0.0 
  92.319 0.0   -0.000 0.0 
  92.349 0.0   -0.000 0.0 
  92.383 0.0   -0.001 0.0 
  92.413 0.0   -0.002 0.0 
  92.444 0.0   -0.002 0.0 
  92.470 0.0   -0.003 0.0 
  92.505 0.0   -0.003 0.0 
  92.535 0.0   -0.004 0.0 
  92.565 0.0   -0.004 0.0 
  92.590 0.0   -0.005 0.0 
  92.625 0.0   -0.005 0.0 
  92.655 0.0   -0.005 0.0 
  92.681 0.0   -0.006 0.0 
  92.715 0.0   -0.006 0.0 
  92.745 0.0   -0.007 0.0 
  92.776 0.0   -0.007 0.0 
  92.806 0.0   -0.008 0.0 
  92.835 0.0   -0.008 0.0 
  92.863 0.0   -0.008 0.0 
  92.898 0.0   -0.009 0.0 
  92.928 0.0   -0.009 0.0 
  92.959 0.0   -0.009 0.0 
  92.988 0.0   -0.009 0.0 
  93.018 0.0   -0.009 0.0 
  93.048 0.0   -0.009 0.0 
  93.078 0.0   -0.009 0.0 
  93.108 0.0   -0.009 0.0 
  93.135 0.0   -0.009 0.0 
  93.169 0.0   -0.009 0.0 
  93.200 0.0   -0.009 0.0 
  93.226 0.0   -0.009 0.0 
  93.257 0.0   -0.009 0.0 
  93.291 0.0   -0.009 0.0 
  93.321 0.0   -0.009 0.0 
  93.351 0.0   -0.009 0.0 
  93.381 0.0   -0.009 0.0 
  93.411 0.0   -0.009 0.0 
  93.441 0.0   -0.009 0.0 
  93.468 0.0   -0.009 0.0 
  93.502 0.0   -0.009 0.0 
  93.532 0.0   -0.009 0.0 
  93.562 0.0   -0.008 0.0 
  93.594 0.0   -0.008 0.0 
  93.624 0.0   -0.008 0.0 
  93.654 0.0   -0.007 0.0 
  93.685 0.0   -0.007 0.0 
  93.714 0.0   -0.007 0.0 
  93.744 0.0   -0.006 0.0 
  93.774 0.0   -0.006 0.0 
  93.804 0.0   -0.005 0.0 
  93.832 0.0   -0.005 0.0 
  93.862 0.0   -0.004 0.0 
  93.897 0.0   -0.004 0.0 
  93.925 0.0   -0.003 0.0 
  93.953 0.0   -0.003 0.0 
  93.982 0.0   -0.002 0.0 
  94.017 0.0   -0.002 0.0 
  94.047 0.0   -0.001 0.0 
  94.078 0.0   -0.001 0.0 
  94.107 0.0    0.000 0.0 
  94.137 0.0    0.001 0.0 
  94.167 0.0    0.002 0.0 
  94.198 0.0    0.002 0.0 
  94.228 0.0    0.003 0.0 
  94.260 0.0    0.003 0.0 
  94.286 0.0    0.004 0.0 
  94.320 0.0    0.005 0.0 
  94.351 0.0    0.005 0.0 
  94.381 0.0    0.006 0.0 
  94.407 0.0    0.006 0.0 
  94.441 0.0    0.006 0.0 
  94.471 0.0    0.006 0.0 
  94.501 0.0    0.007 0.0 
  94.531 0.0    0.007 0.0 
  94.562 0.0    0.007 0.0 
  94.593 0.0    0.008 0.0 
  94.619 0.0    0.008 0.0 
  94.654 0.0    0.008 0.0 
  94.684 0.0    0.008 0.0 
  94.714 0.0    0.008 0.0 
  94.744 0.0    0.008 0.0 
  94.770 0.0    0.009 0.0 
  94.802 0.0    0.009 0.0 
  94.831 0.0    0.009 0.0 
  94.861 0.0    0.009 0.0 
  94.894 0.0    0.009 0.0 
  94.925 0.0    0.010 0.0 
  94.957 0.0    0.010 0.0 
  94.982 0.0    0.010 0.0 
  95.017 0.0    0.010 0.0 
  95.048 0.0    0.010 0.0 
  95.078 0.0    0.010 0.0 
  95.107 0.0    0.010 0.0 
  95.133 0.0    0.010 0.0 
  95.167 0.0    0.010 0.0 
  95.197 0.0    0.010 0.0 
  95.227 0.0    0.009 0.0 
  95.257 0.0    0.009 0.0 
  95.288 0.0    0.009 0.0 
  95.319 0.0    0.009 0.0 
  95.350 0.0    0.008 0.0 
  95.380 0.0    0.008 0.0 
  95.410 0.0    0.008 0.0 
  95.435 0.0    0.008 0.0 
  95.470 0.0    0.008 0.0 
  95.500 0.0    0.007 0.0 
  95.531 0.0    0.007 0.0 
  95.556 0.0    0.007 0.0 
  95.587 0.0    0.006 0.0 
  95.618 0.0    0.006 0.0 
  95.651 0.0    0.005 0.0 
  95.678 0.0    0.005 0.0 
  95.708 0.0    0.004 0.0 
  95.738 0.0    0.004 0.0 
  95.773 0.0    0.003 0.0 
  95.803 0.0    0.003 0.0 
  95.829 0.0    0.002 0.0 
  95.859 0.0    0.002 0.0 
  95.893 0.0    0.002 0.0 
  95.923 0.0    0.001 0.0 
  95.954 0.0    0.001 0.0 
  95.984 0.0    0.001 0.0 
  96.011 0.0    0.000 0.0 
  96.044 0.0   -0.000 0.0 
  96.076 0.0   -0.001 0.0 
  96.102 0.0   -0.001 0.0 
  96.131 0.0   -0.002 0.0 
  96.166 0.0   -0.002 0.0 
  96.197 0.0   -0.003 0.0 
  96.222 0.0   -0.004 0.0 
  96.251 0.0   -0.004 0.0 
  96.281 0.0   -0.004 0.0 
  96.317 0.0   -0.005 0.0 
  96.343 0.0   -0.005 0.0 
  96.373 0.0   -0.005 0.0 
  96.407 0.0   -0.005 0.0 
  96.438 0.0   -0.006 0.0 
  96.468 0.0   -0.006 0.0 
  96.499 0.0   -0.006 0.0 
  96.529 0.0   -0.006 0.0 
  96.559 0.0   -0.007 0.0 
  96.589 0.0   -0.007 0.0 
  96.619 0.0   -0.007 0.0 
  96.692 0.0   -0.007 0.0 
  96.715 0.0   -0.007 0.0 
  96.744 0.0   -0.008 0.0 
  96.774 0.0   -0.008 0.0 
  96.800 0.0   -0.008 0.0 
  96.834 0.0   -0.008 0.0 
  96.864 0.0   -0.008 0.0 
  96.892 0.0   -0.008 0.0 
  96.925 0.0   -0.008 0.0 
  96.956 0.0   -0.008 0.0 
  96.987 0.0   -0.008 0.0 
  97.013 0.0   -0.008 0.0 
  97.047 0.0   -0.007 0.0 
  97.078 0.0   -0.007 0.0 
  97.107 0.0   -0.007 0.0 
  97.137 0.0   -0.007 0.0 
  97.163 0.0   -0.007 0.0 
  97.197 0.0   -0.007 0.0 
  97.228 0.0   -0.006 0.0 
  97.258 0.0   -0.006 0.0 
  97.286 0.0   -0.006 0.0 
  97.319 0.0   -0.006 0.0 
  97.345 0.0   -0.006 0.0 
  97.379 0.0   -0.005 0.0 
  97.410 0.0   -0.005 0.0 
  97.441 0.0   -0.005 0.0 
  97.470 0.0   -0.005 0.0 
  97.500 0.0   -0.005 0.0 
  97.528 0.0   -0.004 0.0 
  97.558 0.0   -0.004 0.0 
  97.591 0.0   -0.004 0.0 
  97.621 0.0   -0.003 0.0 
  97.649 0.0   -0.003 0.0 
  97.681 0.0   -0.003 0.0 
  97.712 0.0   -0.002 0.0 
  97.743 0.0   -0.002 0.0 
  97.773 0.0   -0.001 0.0 
  97.802 0.0   -0.001 0.0 
  97.834 0.0   -0.000 0.0 
  97.861 0.0    0.000 0.0 
  97.893 0.0    0.001 0.0 
  97.923 0.0    0.002 0.0 
  97.951 0.0    0.002 0.0 
  97.984 0.0    0.003 0.0 
  98.014 0.0    0.004 0.0 
  98.044 0.0    0.004 0.0 
  98.076 0.0    0.004 0.0 
  98.106 0.0    0.005 0.0 
  98.136 0.0    0.005 0.0 
  98.167 0.0    0.005 0.0 
  98.194 0.0    0.005 0.0 
  98.224 0.0    0.005 0.0 
  98.254 0.0    0.006 0.0 
  98.287 0.0    0.006 0.0 
  98.317 0.0    0.006 0.0 
  98.349 0.0    0.007 0.0 
  98.379 0.0    0.007 0.0 
  98.409 0.0    0.007 0.0 
  98.435 0.0    0.008 0.0 
  98.470 0.0    0.008 0.0 
  98.500 0.0    0.008 0.0 
  98.530 0.0    0.008 0.0 
  98.556 0.0    0.009 0.0 
  98.590 0.0    0.009 0.0 
  98.618 0.0    0.009 0.0 
  98.651 0.0    0.009 0.0 
  98.681 0.0    0.009 0.0 
  98.713 0.0    0.009 0.0 
  98.743 0.0    0.009 0.0 
  98.769 0.0    0.009 0.0 
  98.804 0.0    0.009 0.0 
  98.834 0.0    0.009 0.0 
  98.863 0.0    0.009 0.0 
  98.893 0.0    0.009 0.0 
  98.924 0.0    0.009 0.0 
  98.956 0.0    0.009 0.0 
  98.986 0.0    0.008 0.0 
  99.016 0.0    0.008 0.0 
  99.047 0.0    0.008 0.0 
  99.077 0.0    0.008 0.0 
  99.107 0.0    0.008 0.0 
  99.137 0.0    0.008 0.0 
  99.167 0.0    0.007 0.0 
  99.197 0.0    0.007 0.0 
  99.228 0.0    0.007 0.0 
  99.258 0.0    0.007 0.0 
  99.288 0.0    0.006 0.0 
  99.316 0.0    0.006 0.0 
  99.345 0.0    0.006 0.0 
  99.375 0.0    0.005 0.0 
  99.410 0.0    0.005 0.0 
  99.440 0.0    0.005 0.0 
  99.468 0.0    0.004 0.0 
  99.498 0.0    0.004 0.0 
  99.526 0.0    0.003 0.0 
  99.558 0.0    0.003 0.0 
  99.591 0.0    0.003 0.0 
  99.623 0.0    0.002 0.0 
  99.651 0.0    0.002 0.0 
  99.679 0.0    0.002 0.0 
  99.713 0.0    0.001 0.0 
  99.744 0.0    0.001 0.0 
  99.774 0.0    0.000 0.0 
  99.800 0.0   -0.000 0.0 
  99.834 0.0   -0.001 0.0 
  99.864 0.0   -0.001 0.0 
  99.894 0.0   -0.001 0.0 
  99.922 0.0   -0.002 0.0 
  99.956 0.0   -0.003 0.0 
  99.986 0.0   -0.003 0.0 
 100.016 0.0   -0.004 0.0 
 100.046 0.0   -0.004 0.0 
 100.077 0.0   -0.004 0.0 
 100.103 0.0   -0.005 0.0 
 100.137 0.0   -0.005 0.0 
 100.165 0.0   -0.005 0.0 
 100.195 0.0   -0.006 0.0 
 100.227 0.0   -0.006 0.0 
 100.257 0.0   -0.006 0.0 
 100.288 0.0   -0.006 0.0 
 100.319 0.0   -0.006 0.0 
 100.345 0.0   -0.006 0.0 
 100.379 0.0   -0.006 0.0 
 100.405 0.0   -0.006 0.0 
 100.440 0.0   -0.006 0.0 
 100.470 0.0   -0.006 0.0 
 100.500 0.0   -0.006 0.0 
 100.530 0.0   -0.006 0.0 
 100.560 0.0   -0.006 0.0 
 100.588 0.0   -0.006 0.0 
 100.621 0.0   -0.006 0.0 
 100.651 0.0   -0.006 0.0 
 100.683 0.0   -0.006 0.0 
 100.713 0.0   -0.006 0.0 
 100.743 0.0   -0.006 0.0 
 100.773 0.0   -0.006 0.0 
 100.799 0.0   -0.006 0.0 
 100.834 0.0   -0.006 0.0 
 100.863 0.0   -0.006 0.0 
 100.893 0.0   -0.006 0.0 
 100.924 0.0   -0.006 0.0 
 100.951 0.0   -0.006 0.0 
 100.984 0.0   -0.006 0.0 
 101.012 0.0   -0.005 0.0 
 101.046 0.0   -0.005 0.0 
 101.072 0.0   -0.005 0.0 
 101.101 0.0   -0.005 0.0 
 101.136 0.0   -0.005 0.0 
 101.166 0.0   -0.004 0.0 
 101.192 0.0   -0.004 0.0 
 101.226 0.0   -0.003 0.0 
 101.257 0.0   -0.003 0.0 
 101.287 0.0   -0.003 0.0 
 101.317 0.0   -0.002 0.0 
 101.347 0.0   -0.002 0.0 
 101.377 0.0   -0.002 0.0 
 101.407 0.0   -0.001 0.0 
 101.439 0.0   -0.001 0.0 
 101.470 0.0   -0.000 0.0 
 101.500 0.0   -0.000 0.0 
 101.530 0.0    0.000 0.0 
 101.558 0.0    0.001 0.0 
 101.590 0.0    0.001 0.0 
 101.620 0.0    0.001 0.0 
 101.650 0.0    0.002 0.0 
 101.680 0.0    0.002 0.0 
 101.712 0.0    0.002 0.0 
 101.743 0.0    0.003 0.0 
 101.773 0.0    0.003 0.0 
 101.803 0.0    0.003 0.0 
 101.833 0.0    0.004 0.0 
 101.863 0.0    0.004 0.0 
 101.891 0.0    0.004 0.0 
 101.924 0.0    0.004 0.0 
 101.954 0.0    0.005 0.0 
 101.984 0.0    0.005 0.0 
 102.014 0.0    0.005 0.0 
 102.046 0.0    0.006 0.0 
 102.076 0.0    0.006 0.0 
 102.106 0.0    0.006 0.0 
 102.137 0.0    0.006 0.0 
 102.167 0.0    0.006 0.0 
 102.194 0.0    0.007 0.0 
 102.227 0.0    0.007 0.0 
 102.257 0.0    0.007 0.0 
 102.287 0.0    0.007 0.0 
 102.315 0.0    0.007 0.0 
 102.349 0.0    0.007 0.0 
 102.379 0.0    0.007 0.0 
 102.405 0.0    0.007 0.0 
 102.440 0.0    0.007 0.0 
 102.470 0.0    0.007 0.0 
 102.500 0.0    0.007 0.0 
 102.530 0.0    0.007 0.0 
 102.560 0.0    0.007 0.0 
 102.590 0.0    0.007 0.0 
 102.620 0.0    0.007 0.0 
 102.651 0.0    0.007 0.0 
 102.681 0.0    0.007 0.0 
 102.709 0.0    0.007 0.0 
 102.743 0.0    0.007 0.0 
 102.773 0.0    0.007 0.0 
 102.803 0.0    0.007 0.0 
 102.833 0.0    0.006 0.0 
 102.863 0.0    0.006 0.0 
 102.893 0.0    0.006 0.0 
 102.919 0.0    0.006 0.0 
 102.951 0.0    0.005 0.0 
 102.984 0.0    0.005 0.0 
 103.013 0.0    0.005 0.0 
 103.046 0.0    0.005 0.0 
 103.076 0.0    0.004 0.0 
 103.102 0.0    0.004 0.0 
 103.137 0.0    0.004 0.0 
 103.167 0.0    0.004 0.0 
 103.192 0.0    0.003 0.0 
 103.226 0.0    0.003 0.0 
 103.254 0.0    0.003 0.0 
 103.287 0.0    0.002 0.0 
 103.315 0.0    0.002 0.0 
 103.347 0.0    0.001 0.0 
 103.377 0.0    0.001 0.0 
 103.409 0.0    0.000 0.0 
 103.439 0.0   -0.001 0.0 
 103.470 0.0   -0.001 0.0 
 103.500 0.0   -0.001 0.0 
 103.530 0.0   -0.002 0.0 
 103.556 0.0   -0.002 0.0 
 103.590 0.0   -0.002 0.0 
 103.620 0.0   -0.002 0.0 
 103.650 0.0   -0.002 0.0 
 103.678 0.0   -0.002 0.0 
 103.710 0.0   -0.003 0.0 
 103.742 0.0   -0.003 0.0 
 103.772 0.0   -0.003 0.0 
 103.799 0.0   -0.003 0.0 
 103.828 0.0   -0.003 0.0 
 103.863 0.0   -0.004 0.0 
 103.893 0.0   -0.004 0.0 
 103.923 0.0   -0.004 0.0 
 103.953 0.0   -0.005 0.0 
 103.984 0.0   -0.005 0.0 
 104.014 0.0   -0.005 0.0 
 104.044 0.0   -0.005 0.0 
 104.075 0.0   -0.005 0.0 
 104.101 0.0   -0.005 0.0 
 104.136 0.0   -0.006 0.0 
 104.166 0.0   -0.006 0.0 
 104.196 0.0   -0.006 0.0 
 104.222 0.0   -0.006 0.0 
 104.256 0.0   -0.006 0.0 
 104.287 0.0   -0.006 0.0 
 104.317 0.0   -0.006 0.0 
 104.347 0.0   -0.006 0.0 
 104.377 0.0   -0.006 0.0 
 104.405 0.0   -0.006 0.0 
 104.438 0.0   -0.005 0.0 
 104.469 0.0   -0.005 0.0 
 104.499 0.0   -0.005 0.0 
 104.529 0.0   -0.005 0.0 
 104.560 0.0   -0.005 0.0 
 104.590 0.0   -0.004 0.0 
 104.617 0.0   -0.004 0.0 
 104.649 0.0   -0.004 0.0 
 104.679 0.0   -0.003 0.0 
 104.710 0.0   -0.003 0.0 
 104.739 0.0   -0.003 0.0 
 104.768 0.0   -0.003 0.0 
 104.802 0.0   -0.003 0.0 
 104.832 0.0   -0.002 0.0 
 104.863 0.0   -0.002 0.0 
 104.892 0.0   -0.002 0.0 
 104.923 0.0   -0.002 0.0 
 104.950 0.0   -0.002 0.0 
 104.982 0.0   -0.002 0.0 
 105.013 0.0   -0.002 0.0 
 105.043 0.0   -0.001 0.0 
 105.073 0.0   -0.001 0.0 
 105.105 0.0   -0.001 0.0 
 105.135 0.0   -0.001 0.0 
 105.166 0.0   -0.000 0.0 
 105.191 0.0    0.000 0.0 
 105.221 0.0    0.000 0.0 
 105.256 0.0    0.001 0.0 
 105.282 0.0    0.001 0.0 
 105.316 0.0    0.001 0.0 
 105.345 0.0    0.001 0.0 
 105.376 0.0    0.002 0.0 
 105.405 0.0    0.002 0.0 
 105.436 0.0    0.002 0.0 
 105.464 0.0    0.003 0.0 
 105.499 0.0    0.003 0.0 
 105.529 0.0    0.003 0.0 
 105.559 0.0    0.004 0.0 
 105.589 0.0    0.004 0.0 
 105.619 0.0    0.004 0.0 
 105.649 0.0    0.005 0.0 
 105.677 0.0    0.005 0.0 
 105.710 0.0    0.005 0.0 
 105.740 0.0    0.005 0.0 
 105.768 0.0    0.005 0.0 
 105.802 0.0    0.005 0.0 
 105.832 0.0    0.005 0.0 
 105.862 0.0    0.005 0.0 
 105.891 0.0    0.005 0.0 
 105.919 0.0    0.005 0.0 
 105.953 0.0    0.006 0.0 
 105.983 0.0    0.006 0.0 
 106.013 0.0    0.006 0.0 
 106.044 0.0    0.006 0.0 
 106.075 0.0    0.006 0.0 
 106.105 0.0    0.006 0.0 
 106.136 0.0    0.006 0.0 
 106.166 0.0    0.005 0.0 
 106.196 0.0    0.005 0.0 
 106.226 0.0    0.005 0.0 
 106.256 0.0    0.005 0.0 
 106.286 0.0    0.005 0.0 
 106.317 0.0    0.005 0.0 
 106.345 0.0    0.005 0.0 
 106.375 0.0    0.005 0.0 
 106.409 0.0    0.005 0.0 
 106.440 0.0    0.005 0.0 
 106.470 0.0    0.005 0.0 
 106.500 0.0    0.005 0.0 
 106.530 0.0    0.005 0.0 
 106.561 0.0    0.005 0.0 
 106.590 0.0    0.005 0.0 
 106.621 0.0    0.004 0.0 
 106.651 0.0    0.004 0.0 
 106.679 0.0    0.004 0.0 
 106.713 0.0    0.004 0.0 
 106.743 0.0    0.003 0.0 
 106.773 0.0    0.003 0.0 
 106.803 0.0    0.003 0.0 
 106.831 0.0    0.002 0.0 
 106.864 0.0    0.002 0.0 
 106.891 0.0    0.002 0.0 
 106.924 0.0    0.002 0.0 
 106.954 0.0    0.001 0.0 
 106.982 0.0    0.001 0.0 
 107.014 0.0    0.001 0.0 
 107.046 0.0    0.001 0.0 
 107.075 0.0    0.001 0.0 
 107.106 0.0    0.001 0.0 
 107.137 0.0    0.001 0.0 
 107.167 0.0    0.000 0.0 
 107.196 0.0    0.000 0.0 
 107.226 0.0   -0.000 0.0 
 107.256 0.0   -0.001 0.0 
 107.287 0.0   -0.001 0.0 
 107.317 0.0   -0.001 0.0 
 107.347 0.0   -0.001 0.0 
 107.377 0.0   -0.001 0.0 
 107.405 0.0   -0.002 0.0 
 107.435 0.0   -0.002 0.0 
 107.465 0.0   -0.002 0.0 
 107.500 0.0   -0.003 0.0 
 107.530 0.0   -0.003 0.0 
 107.560 0.0   -0.003 0.0 
 107.588 0.0   -0.003 0.0 
 107.619 0.0   -0.003 0.0 
 107.650 0.0   -0.004 0.0 
 107.680 0.0   -0.004 0.0 
 107.708 0.0   -0.004 0.0 
 107.738 0.0   -0.004 0.0 
 107.772 0.0   -0.004 0.0 
 107.803 0.0   -0.004 0.0 
 107.829 0.0   -0.004 0.0 
 107.863 0.0   -0.004 0.0 
 107.889 0.0   -0.004 0.0 
 107.923 0.0   -0.004 0.0 
 107.953 0.0   -0.004 0.0 
 107.983 0.0   -0.004 0.0 
 108.011 0.0   -0.004 0.0 
 108.044 0.0   -0.004 0.0 
 108.075 0.0   -0.004 0.0 
 108.105 0.0   -0.004 0.0 
 108.136 0.0   -0.004 0.0 
 108.166 0.0   -0.004 0.0 
 108.196 0.0   -0.004 0.0 
 108.226 0.0   -0.004 0.0 
 108.256 0.0   -0.004 0.0 
 108.286 0.0   -0.003 0.0 
 108.317 0.0   -0.003 0.0 
 108.346 0.0   -0.003 0.0 
 108.377 0.0   -0.003 0.0 
 108.405 0.0   -0.003 0.0 
 108.439 0.0   -0.003 0.0 
 108.468 0.0   -0.002 0.0 
 108.494 0.0   -0.002 0.0 
 108.529 0.0   -0.002 0.0 
 108.559 0.0   -0.002 0.0 
 108.587 0.0   -0.002 0.0 
 108.619 0.0   -0.002 0.0 
 108.649 0.0   -0.002 0.0 
 108.679 0.0   -0.001 0.0 
 108.707 0.0   -0.001 0.0 
 108.740 0.0   -0.001 0.0 
 108.772 0.0   -0.000 0.0 
 108.798 0.0   -0.000 0.0 
 108.828 0.0    0.000 0.0 
 108.858 0.0    0.001 0.0 
 108.892 0.0    0.001 0.0 
 108.923 0.0    0.001 0.0 
 108.953 0.0    0.001 0.0 
 108.982 0.0    0.001 0.0 
 109.012 0.0    0.001 0.0 
 109.043 0.0    0.002 0.0 
 109.073 0.0    0.002 0.0 
 109.103 0.0    0.002 0.0 
 109.135 0.0    0.002 0.0 
 109.165 0.0    0.002 0.0 
 109.195 0.0    0.003 0.0 
 109.220 0.0    0.003 0.0 
 109.255 0.0    0.003 0.0 
 109.286 0.0    0.003 0.0 
 109.316 0.0    0.004 0.0 
 109.345 0.0    0.004 0.0 
 109.373 0.0    0.004 0.0 
 109.406 0.0    0.004 0.0 
 109.434 0.0    0.004 0.0 
 109.468 0.0    0.005 0.0 
 109.496 0.0    0.005 0.0 
 109.528 0.0    0.005 0.0 
 109.554 0.0    0.005 0.0 
 109.589 0.0    0.005 0.0 
 109.619 0.0    0.005 0.0 
 109.644 0.0    0.005 0.0 
 109.679 0.0    0.005 0.0 
 109.709 0.0    0.005 0.0 
 109.737 0.0    0.005 0.0 
 109.767 0.0    0.005 0.0 
 109.799 0.0    0.005 0.0 
 109.831 0.0    0.005 0.0 
 109.859 0.0    0.005 0.0 
 109.891 0.0    0.005 0.0 
 109.917 0.0    0.005 0.0 
 109.948 0.0    0.005 0.0 
 109.982 0.0    0.005 0.0 
 110.012 0.0    0.005 0.0 
 110.042 0.0    0.005 0.0 
 110.073 0.0    0.005 0.0 
 110.103 0.0    0.005 0.0 
 110.133 0.0    0.005 0.0 
 110.165 0.0    0.005 0.0 
 110.195 0.0    0.005 0.0 
 110.225 0.0    0.004 0.0 
 110.255 0.0    0.004 0.0 
 110.285 0.0    0.004 0.0 
 110.316 0.0    0.004 0.0 
 110.346 0.0    0.004 0.0 
 110.376 0.0    0.003 0.0 
 110.404 0.0    0.003 0.0 
 110.436 0.0    0.003 0.0 
 110.466 0.0    0.003 0.0 
 110.494 0.0    0.002 0.0 
 110.528 0.0    0.002 0.0 
 110.558 0.0    0.002 0.0 
 110.589 0.0    0.002 0.0 
 110.619 0.0    0.002 0.0 
 110.645 0.0    0.001 0.0 
 110.679 0.0    0.001 0.0 
 110.709 0.0    0.001 0.0 
 110.737 0.0    0.001 0.0 
 110.770 0.0    0.001 0.0 
 110.797 0.0    0.001 0.0 
 110.828 0.0    0.000 0.0 
 110.861 0.0   -0.000 0.0 
 110.892 0.0   -0.000 0.0 
 110.922 0.0   -0.001 0.0 
 110.952 0.0   -0.001 0.0 
 110.982 0.0   -0.002 0.0 
 111.008 0.0   -0.002 0.0 
 111.042 0.0   -0.002 0.0 
 111.073 0.0   -0.002 0.0 
 111.103 0.0   -0.002 0.0 
 111.131 0.0   -0.002 0.0 
 111.161 0.0   -0.002 0.0 
 111.195 0.0   -0.002 0.0 
 111.225 0.0   -0.002 0.0 
 111.251 0.0   -0.003 0.0 
 111.281 0.0   -0.003 0.0 
 111.315 0.0   -0.003 0.0 
 111.345 0.0   -0.003 0.0 
 111.373 0.0   -0.003 0.0 
 111.403 0.0   -0.003 0.0 
 111.433 0.0   -0.004 0.0 
 111.466 0.0   -0.004 0.0 
 111.496 0.0   -0.004 0.0 
 111.524 0.0   -0.004 0.0 
 111.558 0.0   -0.004 0.0 
 111.588 0.0   -0.004 0.0 
 111.619 0.0   -0.004 0.0 
 111.649 0.0   -0.004 0.0 
 111.679 0.0   -0.004 0.0 
 111.706 0.0   -0.004 0.0 
 111.739 0.0   -0.004 0.0 
 111.769 0.0   -0.004 0.0 
 111.797 0.0   -0.004 0.0 
 111.831 0.0   -0.004 0.0 
 111.857 0.0   -0.003 0.0 
 111.891 0.0   -0.003 0.0 
 111.918 0.0   -0.003 0.0 
 111.952 0.0   -0.003 0.0 
 111.982 0.0   -0.003 0.0 
 112.008 0.0   -0.003 0.0 
 112.042 0.0   -0.002 0.0 
 112.070 0.0   -0.002 0.0 
 112.103 0.0   -0.002 0.0 
 112.133 0.0   -0.002 0.0 
 112.163 0.0   -0.002 0.0 
 112.194 0.0   -0.002 0.0 
 112.221 0.0   -0.002 0.0 
 112.254 0.0   -0.002 0.0 
 112.284 0.0   -0.002 0.0 
 112.311 0.0   -0.001 0.0 
 112.345 0.0   -0.001 0.0 
 112.375 0.0   -0.001 0.0 
 112.405 0.0   -0.001 0.0 
 112.436 0.0   -0.000 0.0 
 112.463 0.0    0.000 0.0 
 112.496 0.0    0.000 0.0 
 112.526 0.0    0.001 0.0 
 112.556 0.0    0.001 0.0 
 112.587 0.0    0.001 0.0 
 112.615 0.0    0.001 0.0 
 112.648 0.0    0.001 0.0 
 112.678 0.0    0.002 0.0 
 112.704 0.0    0.002 0.0 
 112.739 0.0    0.002 0.0 
 112.769 0.0    0.002 0.0 
 112.799 0.0    0.002 0.0 
 112.826 0.0    0.003 0.0 
 112.859 0.0    0.003 0.0 
 112.886 0.0    0.003 0.0 
 112.919 0.0    0.003 0.0 
 112.950 0.0    0.004 0.0 
 112.980 0.0    0.004 0.0 
 113.008 0.0    0.004 0.0 
 113.041 0.0    0.004 0.0 
 113.067 0.0    0.004 0.0 
 113.099 0.0    0.004 0.0 
 113.132 0.0    0.004 0.0 
 113.162 0.0    0.004 0.0 
 113.192 0.0    0.005 0.0 
 113.220 0.0    0.005 0.0 
 113.254 0.0    0.005 0.0 
 113.284 0.0    0.005 0.0 
 113.314 0.0    0.005 0.0 
 113.341 0.0    0.005 0.0 
 113.374 0.0    0.005 0.0 
 113.405 0.0    0.005 0.0 
 113.435 0.0    0.005 0.0 
 113.465 0.0    0.005 0.0 
 113.493 0.0    0.005 0.0 
 113.526 0.0    0.005 0.0 
 113.553 0.0    0.005 0.0 
 113.583 0.0    0.005 0.0 
 113.615 0.0    0.005 0.0 
 113.643 0.0    0.005 0.0 
 113.674 0.0    0.005 0.0 
 113.707 0.0    0.005 0.0 
 113.738 0.0    0.005 0.0 
 113.768 0.0    0.004 0.0 
 113.798 0.0    0.004 0.0 
 113.829 0.0    0.004 0.0 
 113.859 0.0    0.004 0.0 
 113.886 0.0    0.004 0.0 
 113.919 0.0    0.004 0.0 
 113.950 0.0    0.003 0.0 
 113.980 0.0    0.003 0.0 
 114.010 0.0    0.003 0.0 
 114.041 0.0    0.003 0.0 
 114.067 0.0    0.003 0.0 
 114.101 0.0    0.002 0.0 
 114.132 0.0    0.002 0.0 
 114.160 0.0    0.002 0.0 
 114.189 0.0    0.002 0.0 
 114.222 0.0    0.002 0.0 
 114.252 0.0    0.001 0.0 
 114.282 0.0    0.001 0.0 
 114.312 0.0    0.001 0.0 
 114.344 0.0    0.001 0.0 
 114.374 0.0    0.000 0.0 
 114.405 0.0    0.000 0.0 
 114.435 0.0    0.000 0.0 
 114.465 0.0   -0.000 0.0 
 114.495 0.0   -0.000 0.0 
 114.526 0.0   -0.001 0.0 
 114.555 0.0   -0.001 0.0 
 114.585 0.0   -0.001 0.0 
 114.617 0.0   -0.001 0.0 
 114.647 0.0   -0.001 0.0 
 114.677 0.0   -0.002 0.0 
 114.704 0.0   -0.002 0.0 
 114.738 0.0   -0.002 0.0 
 114.764 0.0   -0.002 0.0 
 114.794 0.0   -0.002 0.0 
 114.828 0.0   -0.002 0.0 
 114.859 0.0   -0.002 0.0 
 114.889 0.0   -0.002 0.0 
 114.918 0.0   -0.002 0.0 
 114.950 0.0   -0.002 0.0 
 114.980 0.0   -0.002 0.0 
 115.010 0.0   -0.002 0.0 
 115.041 0.0   -0.002 0.0 
 115.067 0.0   -0.002 0.0 
 115.101 0.0   -0.002 0.0 
 115.131 0.0   -0.002 0.0 
 115.162 0.0   -0.002 0.0 
 115.192 0.0   -0.002 0.0 
 115.222 0.0   -0.002 0.0 
 115.252 0.0   -0.002 0.0 
 115.280 0.0   -0.002 0.0 
 115.314 0.0   -0.002 0.0 
 115.340 0.0   -0.002 0.0 
 115.374 0.0   -0.002 0.0 
 115.405 0.0   -0.002 0.0 
 115.435 0.0   -0.002 0.0 
 115.465 0.0   -0.002 0.0 
 115.496 0.0   -0.002 0.0 
 115.523 0.0   -0.002 0.0 
 115.552 0.0   -0.002 0.0 
 115.585 0.0   -0.002 0.0 
 115.615 0.0   -0.002 0.0 
 115.645 0.0   -0.002 0.0 
 115.673 0.0   -0.002 0.0 
 115.704 0.0   -0.002 0.0 
 115.734 0.0   -0.002 0.0 
 115.767 0.0   -0.002 0.0 
 115.798 0.0   -0.002 0.0 
 115.828 0.0   -0.002 0.0 
 115.858 0.0   -0.001 0.0 
 115.888 0.0   -0.001 0.0 
 115.915 0.0   -0.001 0.0 
 115.948 0.0   -0.001 0.0 
 115.978 0.0   -0.000 0.0 
 116.008 0.0   -0.000 0.0 
 116.040 0.0    0.000 0.0 
 116.071 0.0    0.001 0.0 
 116.097 0.0    0.001 0.0 
 116.127 0.0    0.001 0.0 
 116.157 0.0    0.001 0.0 
 116.191 0.0    0.001 0.0 
 116.218 0.0    0.001 0.0 
 116.249 0.0    0.001 0.0 
 116.282 0.0    0.001 0.0 
 116.312 0.0    0.001 0.0 
 116.343 0.0    0.002 0.0 
 116.370 0.0    0.002 0.0 
 116.404 0.0    0.002 0.0 
 116.434 0.0    0.002 0.0 
 116.460 0.0    0.002 0.0 
 116.494 0.0    0.003 0.0 
 116.520 0.0    0.003 0.0 
 116.620 0.0    0.003 0.0 
 116.651 0.0    0.003 0.0 
 116.671 0.0    0.004 0.0 
 116.698 0.0    0.004 0.0 
 116.728 0.0    0.004 0.0 
 116.758 0.0    0.004 0.0 
 116.788 0.0    0.004 0.0 
 116.817 0.0    0.004 0.0 
 116.851 0.0    0.004 0.0 
 116.883 0.0    0.004 0.0 
 116.912 0.0    0.004 0.0 
 116.942 0.0    0.004 0.0 
 116.970 0.0    0.004 0.0 
 117.004 0.0    0.004 0.0 
 117.034 0.0    0.004 0.0 
 117.065 0.0    0.004 0.0 
 117.091 0.0    0.004 0.0 
 117.125 0.0    0.004 0.0 
 117.156 0.0    0.004 0.0 
 117.186 0.0    0.004 0.0 
 117.213 0.0    0.004 0.0 
 117.246 0.0    0.004 0.0 
 117.276 0.0    0.004 0.0 
 117.306 0.0    0.004 0.0 
 117.334 0.0    0.004 0.0 
 117.368 0.0    0.004 0.0 
 117.395 0.0    0.004 0.0 
 117.429 0.0    0.004 0.0 
 117.458 0.0    0.004 0.0 
 117.489 0.0    0.003 0.0 
 117.516 0.0    0.003 0.0 
 117.549 0.0    0.003 0.0 
 117.579 0.0    0.002 0.0 
 117.607 0.0    0.002 0.0 
 117.639 0.0    0.002 0.0 
 117.671 0.0    0.002 0.0 
 117.698 0.0    0.002 0.0 
 117.731 0.0    0.002 0.0 
 117.761 0.0    0.001 0.0 
 117.792 0.0    0.001 0.0 
 117.822 0.0    0.001 0.0 
 117.850 0.0    0.001 0.0 
 117.880 0.0    0.001 0.0 
 117.915 0.0    0.001 0.0 
 117.945 0.0    0.001 0.0 
 117.976 0.0    0.001 0.0 
 118.002 0.0    0.001 0.0 
 118.036 0.0    0.001 0.0 
 118.067 0.0    0.001 0.0 
 118.097 0.0    0.001 0.0 
 118.127 0.0    0.001 0.0 
 118.157 0.0    0.001 0.0 
 118.188 0.0    0.000 0.0 
 118.219 0.0    0.000 0.0 
 118.246 0.0   -0.000 0.0 
 118.279 0.0   -0.000 0.0 
 118.310 0.0   -0.001 0.0 
 118.339 0.0   -0.001 0.0 
 118.370 0.0   -0.001 0.0 
 118.400 0.0   -0.001 0.0 
 118.430 0.0   -0.001 0.0 
 118.460 0.0   -0.002 0.0 
 118.490 0.0   -0.002 0.0 
 118.518 0.0   -0.002 0.0 
 118.552 0.0   -0.002 0.0 
 118.582 0.0   -0.002 0.0 
 118.613 0.0   -0.002 0.0 
 118.643 0.0   -0.002 0.0 
 118.673 0.0   -0.002 0.0 
 118.703 0.0   -0.002 0.0 
 118.730 0.0   -0.002 0.0 
 118.764 0.0   -0.002 0.0 
 118.793 0.0   -0.002 0.0 
 118.821 0.0   -0.002 0.0 
 118.853 0.0   -0.002 0.0 
 118.883 0.0   -0.002 0.0 
 118.915 0.0   -0.002 0.0 
 118.945 0.0   -0.002 0.0 
 119.037 0.0   -0.002 0.0 
 119.061 0.0   -0.002 0.0 
 119.084 0.0   -0.002 0.0 
 119.112 0.0   -0.002 0.0 
 119.145 0.0   -0.002 0.0 
 119.174 0.0   -0.002 0.0 
 119.204 0.0   -0.002 0.0 
 119.234 0.0   -0.002 0.0 
 119.267 0.0   -0.002 0.0 
 119.299 0.0   -0.002 0.0 
 119.329 0.0   -0.002 0.0 
 119.359 0.0   -0.002 0.0 
 119.391 0.0   -0.002 0.0 
 119.419 0.0   -0.001 0.0 
 119.450 0.0   -0.001 0.0 
 119.481 0.0   -0.001 0.0 
 119.511 0.0   -0.001 0.0 
 119.540 0.0   -0.000 0.0 
 119.571 0.0   -0.000 0.0 
 119.602 0.0    0.000 0.0 
 119.629 0.0    0.001 0.0 
 119.660 0.0    0.001 0.0 
 119.692 0.0    0.001 0.0 
 119.721 0.0    0.001 0.0 
 119.752 0.0    0.001 0.0 
 119.781 0.0    0.001 0.0 
 119.814 0.0    0.001 0.0 
 119.844 0.0    0.001 0.0 
 119.874 0.0    0.001 0.0 
 119.901 0.0    0.001 0.0 
 119.935 0.0    0.001 0.0 
 119.962 0.0    0.001 0.0 
 119.995 0.0    0.001 0.0 
 120.026 0.0    0.002 0.0 
 120.053 0.0    0.002 0.0 
 120.085 0.0    0.002 0.0 
 120.115 0.0    0.002 0.0 
 120.144 0.0    0.002 0.0 
 120.177 0.0    0.002 0.0 
 120.208 0.0    0.002 0.0 
 120.234 0.0    0.003 0.0 
 120.268 0.0    0.003 0.0 
 120.298 0.0    0.003 0.0 
 120.329 0.0    0.003 0.0 
 120.359 0.0    0.003 0.0 
 120.389 0.0    0.003 0.0 
 120.419 0.0    0.003 0.0 
 120.450 0.0    0.003 0.0 
 120.477 0.0    0.004 0.0 
 120.511 0.0    0.004 0.0 
 120.541 0.0    0.004 0.0 
 120.571 0.0    0.004 0.0 
 120.601 0.0    0.004 0.0 
 120.632 0.0    0.004 0.0 
 120.662 0.0    0.004 0.0 
 120.692 0.0    0.004 0.0 
 120.722 0.0    0.004 0.0 
 120.752 0.0    0.004 0.0 
 120.780 0.0    0.004 0.0 
 120.812 0.0    0.004 0.0 
 120.843 0.0    0.004 0.0 
 120.873 0.0    0.004 0.0 
 120.903 0.0    0.004 0.0 
 120.930 0.0    0.003 0.0 
 120.964 0.0    0.003 0.0 
 120.994 0.0    0.003 0.0 
 121.025 0.0    0.003 0.0 
 121.055 0.0    0.003 0.0 
 121.085 0.0    0.003 0.0 
 121.113 0.0    0.003 0.0 
 121.145 0.0    0.003 0.0 
 121.175 0.0    0.003 0.0 
 121.207 0.0    0.003 0.0 
 121.237 0.0    0.002 0.0 
 121.267 0.0    0.002 0.0 
 121.297 0.0    0.002 0.0 
 121.328 0.0    0.002 0.0 
 121.358 0.0    0.002 0.0 
 121.389 0.0    0.002 0.0 
 121.418 0.0    0.001 0.0 
 121.448 0.0    0.001 0.0 
 121.476 0.0    0.001 0.0 
 121.510 0.0    0.001 0.0 
 121.540 0.0    0.001 0.0 
 121.570 0.0    0.001 0.0 
 121.600 0.0    0.001 0.0 
 121.631 0.0    0.001 0.0 
 121.662 0.0    0.001 0.0 
 121.692 0.0    0.001 0.0 
 121.722 0.0    0.000 0.0 
 121.752 0.0    0.000 0.0 
 121.781 0.0   -0.000 0.0 
 121.811 0.0   -0.000 0.0 
 121.843 0.0   -0.001 0.0 
 121.870 0.0   -0.001 0.0 
 121.904 0.0   -0.001 0.0 
 121.934 0.0   -0.001 0.0 
 121.964 0.0   -0.001 0.0 
 121.990 0.0   -0.002 0.0 
 122.024 0.0   -0.002 0.0 
 122.055 0.0   -0.002 0.0 
 122.085 0.0   -0.002 0.0 
 122.115 0.0   -0.002 0.0 
 122.145 0.0   -0.002 0.0 
 122.174 0.0   -0.002 0.0 
 122.206 0.0   -0.002 0.0 
 122.233 0.0   -0.002 0.0 
 122.267 0.0   -0.002 0.0 
 122.297 0.0   -0.002 0.0 
 122.327 0.0   -0.002 0.0 
 122.358 0.0   -0.002 0.0 
 122.388 0.0   -0.002 0.0 
 122.418 0.0   -0.002 0.0 
 122.445 0.0   -0.002 0.0 
 122.478 0.0   -0.002 0.0 
 122.508 0.0   -0.002 0.0 
 122.537 0.0   -0.002 0.0 
 122.569 0.0   -0.002 0.0 
 122.597 0.0   -0.002 0.0 
 122.627 0.0   -0.002 0.0 
 122.662 0.0   -0.002 0.0 
 122.692 0.0   -0.002 0.0 
 122.719 0.0   -0.002 0.0 
 122.750 0.0   -0.002 0.0 
 122.782 0.0   -0.002 0.0 
 122.814 0.0   -0.002 0.0 
 122.843 0.0   -0.002 0.0 
 122.874 0.0   -0.002 0.0 
 122.905 0.0   -0.002 0.0 
 122.930 0.0   -0.001 0.0 
 122.965 0.0   -0.001 0.0 
 122.995 0.0   -0.001 0.0 
 123.026 0.0   -0.001 0.0 
 123.055 0.0   -0.001 0.0 
 123.085 0.0   -0.000 0.0 
 123.113 0.0    0.000 0.0 
 123.147 0.0    0.000 0.0 
 123.177 0.0    0.001 0.0 
 123.207 0.0    0.001 0.0 
 123.237 0.0    0.001 0.0 
 123.268 0.0    0.001 0.0 
 123.294 0.0    0.001 0.0 
 123.329 0.0    0.001 0.0 
 123.359 0.0    0.001 0.0 
 123.389 0.0    0.001 0.0 
 123.419 0.0    0.001 0.0 
 123.448 0.0    0.001 0.0 
 123.477 0.0    0.001 0.0 
 123.510 0.0    0.001 0.0 
 123.538 0.0    0.001 0.0 
 123.570 0.0    0.001 0.0 
 123.600 0.0    0.002 0.0 
 123.627 0.0    0.002 0.0 
 123.661 0.0    0.002 0.0 
 123.689 0.0    0.002 0.0 
 123.719 0.0    0.002 0.0 
 123.752 0.0    0.002 0.0 
 123.781 0.0    0.003 0.0 
 123.809 0.0    0.003 0.0 
 123.844 0.0    0.003 0.0 
 123.874 0.0    0.003 0.0 
 123.904 0.0    0.003 0.0 
 123.933 0.0    0.003 0.0 
 123.965 0.0    0.003 0.0 
 123.990 0.0    0.003 0.0 
 124.025 0.0    0.003 0.0 
 124.055 0.0    0.003 0.0 
 124.082 0.0    0.003 0.0 
 124.115 0.0    0.003 0.0 
 124.145 0.0    0.003 0.0 
 124.175 0.0    0.003 0.0 
 124.203 0.0    0.003 0.0 
 124.237 0.0    0.003 0.0 
 124.267 0.0    0.003 0.0 
 124.297 0.0    0.003 0.0 
 124.328 0.0    0.003 0.0 
 124.358 0.0    0.003 0.0 
 124.389 0.0    0.003 0.0 
 124.418 0.0    0.003 0.0 
 124.447 0.0    0.003 0.0 
 124.478 0.0    0.003 0.0 
 124.510 0.0    0.003 0.0 
 124.537 0.0    0.003 0.0 
 124.567 0.0    0.003 0.0 
 124.597 0.0    0.003 0.0 
 124.627 0.0    0.002 0.0 
 124.657 0.0    0.002 0.0 
 124.689 0.0    0.002 0.0 
 124.718 0.0    0.002 0.0 
 124.748 0.0    0.002 0.0 
 124.779 0.0    0.002 0.0 
 124.808 0.0    0.002 0.0 
 124.839 0.0    0.002 0.0 
 124.869 0.0    0.001 0.0 
 124.900 0.0    0.001 0.0 
 124.930 0.0    0.001 0.0 
 124.965 0.0    0.001 0.0 
 124.990 0.0    0.001 0.0 
 125.020 0.0    0.001 0.0 
 125.050 0.0    0.001 0.0 
 125.081 0.0    0.001 0.0 
 125.111 0.0    0.001 0.0 
 125.145 0.0    0.001 0.0 
 125.175 0.0    0.001 0.0 
 125.207 0.0    0.000 0.0 
 125.233 0.0    0.000 0.0 
 125.267 0.0    0.000 0.0 
 125.297 0.0   -0.000 0.0 
 125.328 0.0   -0.000 0.0 
 125.358 0.0   -0.000 0.0 
 125.388 0.0   -0.000 0.0 
 125.415 0.0   -0.000 0.0 
 125.448 0.0   -0.000 0.0 
 125.478 0.0   -0.001 0.0 
 125.508 0.0   -0.001 0.0 
 125.540 0.0   -0.001 0.0 
 125.571 0.0   -0.001 0.0 
 125.597 0.0   -0.001 0.0 
 125.627 0.0   -0.001 0.0 
 125.661 0.0   -0.001 0.0 
 125.691 0.0   -0.002 0.0 
 125.722 0.0   -0.002 0.0 
 125.752 0.0   -0.002 0.0 
 125.782 0.0   -0.002 0.0 
 125.812 0.0   -0.002 0.0 
 125.841 0.0   -0.002 0.0 
 125.873 0.0   -0.002 0.0 
 125.900 0.0   -0.002 0.0 
 125.935 0.0   -0.002 0.0 
 125.965 0.0   -0.002 0.0 
 125.995 0.0   -0.002 0.0 
 126.025 0.0   -0.002 0.0 
 126.055 0.0   -0.002 0.0 
 126.085 0.0   -0.002 0.0 
 126.117 0.0   -0.002 0.0 
 126.147 0.0   -0.002 0.0 
 126.177 0.0   -0.002 0.0 
 126.208 0.0   -0.002 0.0 
 126.234 0.0   -0.002 0.0 
 126.264 0.0   -0.002 0.0 
 126.299 0.0   -0.002 0.0 
 126.329 0.0   -0.001 0.0 
 126.359 0.0   -0.001 0.0 
 126.389 0.0   -0.001 0.0 
 126.419 0.0   -0.001 0.0 
 126.450 0.0   -0.001 0.0 
 126.477 0.0   -0.001 0.0 
 126.511 0.0   -0.001 0.0 
 126.541 0.0   -0.001 0.0 
 126.571 0.0   -0.000 0.0 
 126.597 0.0   -0.000 0.0 
 126.627 0.0   -0.000 0.0 
 126.662 0.0   -0.000 0.0 
 126.692 0.0   -0.000 0.0 
 126.722 0.0    0.000 0.0 
 126.749 0.0    0.000 0.0 
 126.780 0.0    0.001 0.0 
 126.812 0.0    0.001 0.0 
 126.840 0.0    0.001 0.0 
 126.874 0.0    0.001 0.0 
 126.904 0.0    0.001 0.0 
 126.935 0.0    0.001 0.0 
 126.965 0.0    0.001 0.0 
 126.992 0.0    0.001 0.0 
 127.026 0.0    0.001 0.0 
 127.052 0.0    0.001 0.0 
 127.082 0.0    0.001 0.0 
 127.113 0.0    0.001 0.0 
 127.147 0.0    0.001 0.0 
 127.173 0.0    0.001 0.0 
 127.206 0.0    0.002 0.0 
 127.237 0.0    0.002 0.0 
 127.268 0.0    0.002 0.0 
 127.298 0.0    0.002 0.0 
 127.329 0.0    0.002 0.0 
 127.358 0.0    0.002 0.0 
 127.389 0.0    0.002 0.0 
 127.416 0.0    0.002 0.0 
 127.450 0.0    0.002 0.0 
 127.480 0.0    0.002 0.0 
 127.510 0.0    0.003 0.0 
 127.541 0.0    0.003 0.0 
 127.567 0.0    0.003 0.0 
 127.601 0.0    0.003 0.0 
 127.627 0.0    0.003 0.0 
 127.661 0.0    0.003 0.0 
 127.689 0.0    0.003 0.0 
 127.722 0.0    0.003 0.0 
 127.752 0.0    0.003 0.0 
 127.782 0.0    0.003 0.0 
 127.812 0.0    0.003 0.0 
 127.844 0.0    0.003 0.0 
 127.874 0.0    0.003 0.0 
 127.904 0.0    0.003 0.0 
 127.931 0.0    0.003 0.0 
 127.964 0.0    0.003 0.0 
 127.996 0.0    0.003 0.0 
 128.026 0.0    0.003 0.0 
 128.055 0.0    0.002 0.0 
 128.085 0.0    0.002 0.0 
 128.117 0.0    0.002 0.0 
 128.147 0.0    0.002 0.0 
 128.177 0.0    0.002 0.0 
 128.207 0.0    0.002 0.0 
 128.237 0.0    0.002 0.0 
 128.268 0.0    0.002 0.0 
 128.294 0.0    0.002 0.0 
 128.326 0.0    0.002 0.0 
 128.359 0.0    0.002 0.0 
 128.389 0.0    0.001 0.0 
 128.418 0.0    0.001 0.0 
 128.450 0.0    0.001 0.0 
 128.480 0.0    0.001 0.0 
 128.510 0.0    0.001 0.0 
 128.537 0.0    0.001 0.0 
 128.571 0.0    0.001 0.0 
 128.601 0.0    0.001 0.0 
 128.631 0.0    0.001 0.0 
 128.662 0.0    0.001 0.0 
 128.692 0.0    0.001 0.0 
 128.720 0.0    0.001 0.0 
 128.749 0.0    0.001 0.0 
 128.782 0.0    0.001 0.0 
 128.810 0.0    0.001 0.0 
 128.844 0.0    0.000 0.0 
 128.874 0.0    0.000 0.0 
 128.904 0.0    0.000 0.0 
 128.930 0.0    0.000 0.0 
 128.964 0.0   -0.000 0.0 
 128.995 0.0   -0.000 0.0 
 129.025 0.0   -0.000 0.0 
 129.055 0.0   -0.000 0.0 
 129.085 0.0   -0.000 0.0 
 129.113 0.0   -0.000 0.0 
 129.143 0.0   -0.000 0.0 
 129.175 0.0   -0.000 0.0 
 129.207 0.0   -0.001 0.0 
 129.237 0.0   -0.001 0.0 
 129.267 0.0   -0.001 0.0 
 129.298 0.0   -0.001 0.0 
 129.328 0.0   -0.001 0.0 
 129.356 0.0   -0.001 0.0 
 129.389 0.0   -0.001 0.0 
 129.416 0.0   -0.001 0.0 
 129.446 0.0   -0.001 0.0 
 129.480 0.0   -0.001 0.0 
 129.508 0.0   -0.001 0.0 
 129.540 0.0   -0.001 0.0 
 129.571 0.0   -0.001 0.0 
 129.601 0.0   -0.001 0.0 
 129.627 0.0   -0.001 0.0 
 129.661 0.0   -0.001 0.0 
 129.689 0.0   -0.001 0.0 
 129.722 0.0   -0.001 0.0 
 129.752 0.0   -0.001 0.0 
 129.782 0.0   -0.001 0.0 
 129.810 0.0   -0.001 0.0 
 129.844 0.0   -0.001 0.0 
 129.874 0.0   -0.001 0.0 
 129.904 0.0   -0.001 0.0 
 129.934 0.0   -0.001 0.0 
 129.962 0.0   -0.001 0.0 
 129.996 0.0   -0.001 0.0 
 130.022 0.0   -0.001 0.0 
 130.055 0.0   -0.000 0.0 
 130.085 0.0   -0.000 0.0 
 130.117 0.0   -0.000 0.0 
 130.143 0.0   -0.000 0.0 
 130.173 0.0   -0.000 0.0 
 130.207 0.0   -0.000 0.0 
 130.238 0.0   -0.000 0.0 
 130.268 0.0   -0.000 0.0 
 130.294 0.0   -0.000 0.0 
 130.329 0.0   -0.000 0.0 
 130.359 0.0    0.000 0.0 
 130.386 0.0    0.000 0.0 
 130.416 0.0    0.000 0.0 
 130.446 0.0    0.000 0.0 
 130.476 0.0    0.001 0.0 
 130.511 0.0    0.001 0.0 
 130.541 0.0    0.001 0.0 
 130.567 0.0    0.001 0.0 
 130.601 0.0    0.001 0.0 
 130.631 0.0    0.001 0.0 
 130.657 0.0    0.001 0.0 
 130.688 0.0    0.001 0.0 
 130.722 0.0    0.001 0.0 
 130.752 0.0    0.001 0.0 
 130.779 0.0    0.001 0.0 
 130.809 0.0    0.001 0.0 
 130.844 0.0    0.001 0.0 
 130.874 0.0    0.001 0.0 
 130.904 0.0    0.001 0.0 
 130.930 0.0    0.001 0.0 
 130.965 0.0    0.002 0.0 
 130.990 0.0    0.002 0.0 
 131.022 0.0    0.002 0.0 
 131.050 0.0    0.002 0.0 
 131.082 0.0    0.002 0.0 
 131.112 0.0    0.002 0.0 
 131.145 0.0    0.002 0.0 
 131.173 0.0    0.002 0.0 
 131.207 0.0    0.002 0.0 
 131.233 0.0    0.002 0.0 
 131.268 0.0    0.002 0.0 
 131.298 0.0    0.002 0.0 
 131.328 0.0    0.002 0.0 
 131.355 0.0    0.002 0.0 
 131.385 0.0    0.002 0.0 
 131.415 0.0    0.002 0.0 
 131.448 0.0    0.002 0.0 
 131.476 0.0    0.002 0.0 
 131.506 0.0    0.002 0.0 
 131.540 0.0    0.002 0.0 
 131.566 0.0    0.002 0.0 
 131.597 0.0    0.002 0.0 
 131.627 0.0    0.002 0.0 
 131.656 0.0    0.002 0.0 
 131.691 0.0    0.002 0.0 
 131.721 0.0    0.002 0.0 
 131.751 0.0    0.002 0.0 
 131.781 0.0    0.002 0.0 
 131.811 0.0    0.002 0.0 
 131.843 0.0    0.001 0.0 
 131.871 0.0    0.001 0.0 
 131.903 0.0    0.001 0.0 
 131.933 0.0    0.001 0.0 
 131.964 0.0    0.001 0.0 
 131.990 0.0    0.001 0.0 
 132.020 0.0    0.001 0.0 
 132.054 0.0    0.001 0.0 
 132.081 0.0    0.001 0.0 
 132.111 0.0    0.001 0.0 
 132.144 0.0    0.001 0.0 
 132.171 0.0    0.001 0.0 
 132.204 0.0    0.001 0.0 
 132.236 0.0    0.001 0.0 
 132.266 0.0    0.001 0.0 
 132.296 0.0    0.000 0.0 
 132.323 0.0    0.000 0.0 
 132.357 0.0    0.000 0.0 
 132.387 0.0    0.000 0.0 
 132.418 0.0   -0.000 0.0 
 132.447 0.0   -0.000 0.0 
 132.478 0.0   -0.000 0.0 
 132.504 0.0   -0.000 0.0 
 132.537 0.0   -0.000 0.0 
 132.569 0.0   -0.000 0.0 
 132.599 0.0   -0.000 0.0 
 132.629 0.0   -0.000 0.0 
 132.655 0.0   -0.000 0.0 
 132.689 0.0   -0.000 0.0 
 132.720 0.0   -0.000 0.0 
 132.750 0.0   -0.000 0.0 
 132.776 0.0   -0.000 0.0 
 132.811 0.0   -0.001 0.0 
 132.841 0.0   -0.001 0.0 
 132.871 0.0   -0.001 0.0 
 132.898 0.0   -0.001 0.0 
 132.931 0.0   -0.001 0.0 
 132.962 0.0   -0.001 0.0 
 132.990 0.0   -0.001 0.0 
 133.023 0.0   -0.001 0.0 
 133.053 0.0   -0.001 0.0 
 133.083 0.0   -0.001 0.0 
 133.113 0.0   -0.001 0.0 
 133.144 0.0   -0.001 0.0 
 133.172 0.0   -0.001 0.0 
 133.204 0.0   -0.001 0.0 
 133.232 0.0   -0.001 0.0 
 133.261 0.0   -0.001 0.0 
 133.296 0.0   -0.001 0.0 
 133.322 0.0   -0.001 0.0 
 133.356 0.0   -0.000 0.0 
 133.386 0.0   -0.000 0.0 
 133.417 0.0   -0.000 0.0 
 133.446 0.0   -0.000 0.0 
 133.475 0.0   -0.000 0.0 
 133.504 0.0   -0.000 0.0 
 133.537 0.0   -0.000 0.0 
 133.567 0.0   -0.000 0.0 
 133.597 0.0   -0.000 0.0 
 133.625 0.0   -0.000 0.0 
 133.659 0.0   -0.000 0.0 
 133.689 0.0   -0.000 0.0 
 133.716 0.0   -0.000 0.0 
 133.746 0.0    0.000 0.0 
 133.780 0.0    0.000 0.0 
 133.805 0.0    0.000 0.0 
 133.841 0.0    0.000 0.0 
 133.865 0.0    0.001 0.0 
 133.897 0.0    0.001 0.0 
 133.930 0.0    0.001 0.0 
 133.960 0.0    0.001 0.0 
 133.988 0.0    0.001 0.0 
 134.018 0.0    0.001 0.0 
 134.049 0.0    0.001 0.0 
 134.082 0.0    0.001 0.0 
 134.109 0.0    0.001 0.0 
 134.143 0.0    0.001 0.0 
 134.173 0.0    0.001 0.0 
 134.198 0.0    0.001 0.0 
 134.234 0.0    0.001 0.0 
 134.264 0.0    0.001 0.0 
 134.290 0.0    0.001 0.0 
 134.325 0.0    0.001 0.0 
 134.351 0.0    0.001 0.0 
 134.381 0.0    0.001 0.0 
 134.412 0.0    0.001 0.0 
 134.446 0.0    0.001 0.0 
 134.472 0.0    0.001 0.0 
 134.507 0.0    0.001 0.0 
 134.537 0.0    0.001 0.0 
 134.562 0.0    0.001 0.0 
 134.593 0.0    0.001 0.0 
 134.626 0.0    0.001 0.0 
 134.657 0.0    0.001 0.0 
 134.688 0.0    0.001 0.0 
 134.715 0.0    0.001 0.0 
 134.748 0.0    0.001 0.0 
 134.776 0.0    0.001 0.0 
 134.805 0.0    0.001 0.0 
 134.835 0.0    0.001 0.0 
 134.865 0.0    0.001 0.0 
 134.901 0.0    0.001 0.0 
 134.930 0.0    0.001 0.0 
 134.960 0.0    0.001 0.0 
 134.990 0.0    0.001 0.0 
 135.018 0.0    0.001 0.0 
 135.050 0.0    0.001 0.0 
 135.081 0.0    0.001 0.0 
 135.111 0.0    0.001 0.0 
 135.138 0.0    0.001 0.0 
 135.171 0.0    0.001 0.0 
 135.203 0.0    0.001 0.0 
 135.233 0.0    0.001 0.0 
 135.260 0.0    0.001 0.0 
 135.293 0.0    0.001 0.0 
 135.320 0.0    0.001 0.0 
 135.351 0.0    0.001 0.0 
 135.383 0.0    0.001 0.0 
 135.413 0.0    0.001 0.0 
 135.444 0.0    0.001 0.0 
 135.475 0.0    0.001 0.0 
 135.506 0.0    0.001 0.0 
 135.536 0.0    0.001 0.0 
 135.566 0.0    0.001 0.0 
 135.644 0.0    0.001 0.0 
 135.669 0.0    0.001 0.0 
 135.692 0.0    0.001 0.0 
 135.722 0.0    0.001 0.0 
 135.754 0.0    0.001 0.0 
 135.781 0.0    0.001 0.0 
 135.812 0.0    0.001 0.0 
 135.844 0.0    0.001 0.0 
 135.871 0.0    0.001 0.0 
 135.903 0.0    0.001 0.0 
 135.939 0.0    0.001 0.0 
 135.969 0.0    0.001 0.0 
 135.999 0.0    0.001 0.0 
 136.026 0.0    0.001 0.0 
 136.060 0.0    0.000 0.0 
 136.085 0.0    0.000 0.0 
 136.120 0.0    0.000 0.0 
 136.151 0.0    0.000 0.0 
 136.180 0.0    0.000 0.0 
 136.208 0.0    0.000 0.0 
 136.238 0.0   -0.000 0.0 
 136.268 0.0   -0.000 0.0 
 136.302 0.0   -0.000 0.0 
 136.329 0.0   -0.000 0.0 
 136.362 0.0   -0.000 0.0 
 136.389 0.0   -0.000 0.0 
 136.418 0.0   -0.000 0.0 
 136.450 0.0   -0.000 0.0 
 136.480 0.0   -0.000 0.0 
 136.514 0.0   -0.000 0.0 
 136.541 0.0   -0.000 0.0 
 136.571 0.0   -0.000 0.0 
 136.603 0.0   -0.000 0.0 
 136.630 0.0   -0.000 0.0 
 136.661 0.0   -0.000 0.0 
 136.691 0.0   -0.000 0.0 
 136.725 0.0   -0.000 0.0 
 136.755 0.0   -0.000 0.0 
 136.787 0.0   -0.000 0.0 
 136.817 0.0   -0.000 0.0 
 136.847 0.0   -0.000 0.0 
 136.877 0.0   -0.000 0.0 
 136.906 0.0   -0.000 0.0 
 136.938 0.0   -0.000 0.0 
 136.964 0.0   -0.000 0.0 
 136.996 0.0   -0.000 0.0 
 137.025 0.0   -0.000 0.0 
 137.055 0.0   -0.000 0.0 
 137.085 0.0   -0.000 0.0 
 137.119 0.0   -0.000 0.0 
 137.149 0.0    0.000 0.0 
 137.180 0.0    0.000 0.0 
 137.209 0.0    0.000 0.0 
 137.237 0.0    0.000 0.0 
 137.267 0.0    0.000 0.0 
 137.300 0.0    0.000 0.0 
 137.327 0.0    0.001 0.0 
 137.357 0.0    0.001 0.0 
 137.388 0.0    0.001 0.0 
 137.422 0.0    0.001 0.0 
 137.448 0.0    0.001 0.0 
 137.478 0.0    0.001 0.0 
 137.513 0.0    0.001 0.0 
 137.538 0.0    0.001 0.0 
 137.629 0.0    0.001 0.0 
 137.661 0.0    0.001 0.0 
 137.680 0.0    0.001 0.0 
 137.708 0.0    0.001 0.0 
 137.738 0.0    0.001 0.0 
 137.766 0.0    0.001 0.0 
 137.799 0.0    0.001 0.0 
 137.829 0.0    0.001 0.0 
 137.859 0.0    0.001 0.0 
 137.893 0.0    0.001 0.0 
 137.924 0.0    0.001 0.0 
 137.954 0.0    0.001 0.0 
 137.984 0.0    0.001 0.0 
 138.012 0.0    0.001 0.0 
 138.047 0.0    0.001 0.0 
 138.076 0.0    0.001 0.0 
 138.106 0.0    0.001 0.0 
 138.137 0.0    0.001 0.0 
 138.167 0.0    0.001 0.0 
 138.197 0.0    0.001 0.0 
 138.225 0.0    0.001 0.0 
 138.258 0.0    0.001 0.0 
 138.285 0.0    0.001 0.0 
 138.317 0.0    0.001 0.0 
 138.346 0.0    0.001 0.0 
 138.375 0.0    0.001 0.0 
 138.411 0.0    0.001 0.0 
 138.442 0.0    0.001 0.0 
 138.472 0.0    0.001 0.0 
 138.502 0.0    0.001 0.0 
 138.532 0.0    0.001 0.0 
 138.562 0.0    0.001 0.0 
 138.590 0.0    0.001 0.0 
 138.624 0.0    0.001 0.0 
 138.651 0.0    0.001 0.0 
 138.680 0.0    0.001 0.0 
 138.714 0.0    0.001 0.0 
 138.745 0.0    0.001 0.0 
 138.775 0.0    0.001 0.0 
 138.800 0.0    0.001 0.0 
 138.831 0.0    0.001 0.0 
 138.865 0.0    0.001 0.0 
 138.892 0.0    0.001 0.0 
 138.923 0.0    0.001 0.0 
 138.956 0.0    0.001 0.0 
 138.987 0.0    0.001 0.0 
 139.017 0.0    0.001 0.0 
 139.044 0.0    0.001 0.0 
 139.078 0.0    0.001 0.0 
 139.108 0.0    0.001 0.0 
 139.138 0.0    0.001 0.0 
 139.168 0.0    0.001 0.0 
 139.198 0.0    0.001 0.0 
 139.228 0.0    0.001 0.0 
 139.258 0.0    0.001 0.0 
 139.288 0.0    0.001 0.0 
 139.320 0.0    0.001 0.0 
 139.350 0.0    0.001 0.0 
 139.381 0.0    0.001 0.0 
 139.411 0.0    0.001 0.0 
 139.436 0.0    0.001 0.0 
 139.471 0.0    0.001 0.0 
 139.502 0.0    0.001 0.0 
 139.531 0.0    0.001 0.0 
 139.561 0.0    0.001 0.0 
 139.588 0.0    0.000 0.0 
 139.618 0.0    0.000 0.0 
 139.653 0.0    0.000 0.0 
 139.680 0.0    0.000 0.0 
 139.709 0.0    0.000 0.0 
 139.743 0.0    0.000 0.0 
 139.774 0.0    0.000 0.0 
 139.800 0.0   -0.000 0.0 
 139.829 0.0   -0.000 0.0 
 139.861 0.0   -0.000 0.0 
 139.891 0.0   -0.000 0.0 
 139.922 0.0   -0.000 0.0 
 139.953 0.0   -0.000 0.0 
 139.981 0.0   -0.000 0.0 
 140.012 0.0   -0.000 0.0 
 140.042 0.0   -0.000 0.0 
 140.072 0.0   -0.000 0.0 
 140.107 0.0   -0.000 0.0 
 140.133 0.0   -0.000 0.0 
 140.162 0.0   -0.000 0.0 
 140.192 0.0   -0.000 0.0 
 140.227 0.0   -0.000 0.0 
 140.254 0.0   -0.000 0.0 
 140.285 0.0   -0.000 0.0 
 140.315 0.0    0.000 0.0 
 140.345 0.0    0.000 0.0 
 140.376 0.0    0.000 0.0 
 140.406 0.0    0.000 0.0 
 140.436 0.0    0.000 0.0 
 140.470 0.0    0.000 0.0 
 140.496 0.0    0.000 0.0 
 140.530 0.0    0.000 0.0 
 140.560 0.0    0.000 0.0 
 140.591 0.0    0.000 0.0 
 140.621 0.0    0.000 0.0 
 140.651 0.0    0.000 0.0 
 140.678 0.0    0.001 0.0 
 140.712 0.0    0.001 0.0 
 140.743 0.0    0.001 0.0 
 140.773 0.0    0.001 0.0 
 140.803 0.0    0.001 0.0 
 140.829 0.0    0.001 0.0 
 140.861 0.0    0.001 0.0 
 140.893 0.0    0.001 0.0 
 140.924 0.0    0.001 0.0 
 140.954 0.0    0.001 0.0 
 140.981 0.0    0.001 0.0 
 141.010 0.0    0.001 0.0 
 141.044 0.0    0.001 0.0 
 141.076 0.0    0.001 0.0 
 141.106 0.0    0.001 0.0 
 141.136 0.0    0.001 0.0 
 141.166 0.0    0.001 0.0 
 141.192 0.0    0.001 0.0 
 141.222 0.0    0.001 0.0 
 141.257 0.0    0.001 0.0 
 141.287 0.0    0.001 0.0 
 141.317 0.0    0.001 0.0 
 141.347 0.0    0.001 0.0 
 141.374 0.0    0.001 0.0 
 141.404 0.0    0.001 0.0 
 141.438 0.0    0.001 0.0 
 141.469 0.0    0.001 0.0 
 141.495 0.0    0.001 0.0 
 141.525 0.0    0.001 0.0 
 141.556 0.0    0.001 0.0 
 141.585 0.0    0.001 0.0 
 141.615 0.0    0.001 0.0 
 141.645 0.0    0.001 0.0 
 141.680 0.0    0.001 0.0 
 141.710 0.0    0.001 0.0 
 141.740 0.0    0.001 0.0 
 141.770 0.0    0.001 0.0 
 141.800 0.0    0.001 0.0 
 141.829 0.0    0.001 0.0 
 141.858 0.0    0.001 0.0 
 141.892 0.0    0.001 0.0 
 141.919 0.0    0.001 0.0 
 141.953 0.0    0.001 0.0 
 141.978 0.0    0.001 0.0 
 142.014 0.0    0.001 0.0 
 142.041 0.0    0.001 0.0 
 142.073 0.0    0.001 0.0 
 142.103 0.0    0.001 0.0 
 142.135 0.0    0.001 0.0 
 142.165 0.0    0.001 0.0 
 142.196 0.0    0.001 0.0 
 142.222 0.0    0.001 0.0 
 142.252 0.0    0.001 0.0 
 142.282 0.0    0.001 0.0 
 142.312 0.0    0.001 0.0 
 142.347 0.0    0.001 0.0 
 142.374 0.0    0.001 0.0 
 142.404 0.0    0.001 0.0 
 142.439 0.0    0.001 0.0 
 142.464 0.0    0.001 0.0 
 142.496 0.0    0.001 0.0 
 142.528 0.0    0.001 0.0 
 142.559 0.0    0.001 0.0 
 142.590 0.0    0.001 0.0 
 142.620 0.0    0.001 0.0 
 142.650 0.0    0.001 0.0 
 142.680 0.0    0.001 0.0 
 142.710 0.0    0.001 0.0 
 142.740 0.0    0.001 0.0 
 142.768 0.0    0.001 0.0 
 142.802 0.0    0.000 0.0 
 142.832 0.0    0.000 0.0 
 142.859 0.0    0.000 0.0 
 142.892 0.0    0.000 0.0 
 142.918 0.0    0.000 0.0 
 142.948 0.0    0.000 0.0 
 142.980 0.0    0.000 0.0 
 143.013 0.0    0.000 0.0 
 143.040 0.0    0.000 0.0 
 143.073 0.0    0.000 0.0 
 143.103 0.0    0.000 0.0 
 143.133 0.0    0.000 0.0 
 143.165 0.0    0.000 0.0 
 143.196 0.0    0.000 0.0 
 143.222 0.0    0.000 0.0 
 143.256 0.0    0.000 0.0 
 143.286 0.0    0.000 0.0 
 143.317 0.0   -0.000 0.0 
 143.347 0.0   -0.000 0.0 
 143.373 0.0    0.000 0.0 
 143.406 0.0    0.000 0.0 
 143.436 0.0    0.000 0.0 
 143.464 0.0    0.000 0.0 
 143.498 0.0    0.000 0.0 
 143.526 0.0    0.000 0.0 
 143.559 0.0    0.000 0.0 
 143.589 0.0    0.000 0.0 
 143.619 0.0    0.000 0.0 
 143.649 0.0    0.000 0.0 
 143.675 0.0    0.000 0.0 
 143.710 0.0    0.000 0.0 
 143.736 0.0    0.000 0.0 
 143.770 0.0    0.000 0.0 
 143.797 0.0    0.000 0.0 
 143.831 0.0    0.000 0.0 
 143.862 0.0    0.000 0.0 
 143.888 0.0    0.001 0.0 
 143.922 0.0    0.001 0.0 
 143.952 0.0    0.001 0.0 
 143.983 0.0    0.001 0.0 
 144.013 0.0    0.001 0.0 
 144.043 0.0    0.001 0.0 
 144.073 0.0    0.001 0.0 
 144.103 0.0    0.001 0.0 
 144.133 0.0    0.001 0.0 
 144.160 0.0    0.001 0.0 
 144.192 0.0    0.001 0.0 
 144.220 0.0    0.001 0.0 
 144.251 0.0    0.001 0.0 
 144.281 0.0    0.001 0.0 
 144.312 0.0    0.001 0.0 
 144.341 0.0    0.001 0.0 
 144.376 0.0    0.001 0.0 
 144.404 0.0    0.001 0.0 
 144.433 0.0    0.001 0.0 
 144.466 0.0    0.001 0.0 
 144.493 0.0    0.001 0.0 
 144.524 0.0    0.001 0.0 
 144.554 0.0    0.001 0.0 
 144.585 0.0    0.001 0.0 
 144.618 0.0    0.001 0.0 
 144.648 0.0    0.001 0.0 
 144.679 0.0    0.001 0.0 
 144.704 0.0    0.001 0.0 
 144.740 0.0    0.001 0.0 
 144.767 0.0    0.001 0.0 
 144.796 0.0    0.001 0.0 
 144.829 0.0    0.001 0.0 
 144.858 0.0    0.001 0.0 
 144.887 0.0    0.001 0.0 
 144.918 0.0    0.001 0.0 
 144.952 0.0    0.001 0.0 
 144.978 0.0    0.001 0.0 
 145.008 0.0    0.001 0.0 
 145.037 0.0    0.001 0.0 
 145.069 0.0    0.001 0.0 
 145.099 0.0    0.001 0.0 
 145.133 0.0    0.001 0.0 
 145.159 0.0    0.001 0.0 
 145.194 0.0    0.001 0.0 
 145.220 0.0    0.001 0.0 
 145.250 0.0    0.001 0.0 
 145.281 0.0    0.001 0.0 
 145.311 0.0    0.001 0.0 
 145.345 0.0    0.001 0.0 
 145.371 0.0    0.001 0.0 
 145.406 0.0    0.001 0.0 
 145.436 0.0    0.001 0.0 
 145.466 0.0    0.001 0.0 
 145.496 0.0    0.001 0.0 
 145.523 0.0    0.001 0.0 
 145.556 0.0    0.001 0.0 
 145.588 0.0    0.001 0.0 
 145.615 0.0    0.001 0.0 
 145.648 0.0    0.001 0.0 
 145.678 0.0    0.001 0.0 
 145.709 0.0    0.001 0.0 
 145.739 0.0    0.001 0.0 
 145.764 0.0    0.001 0.0 
 145.799 0.0    0.001 0.0 
 145.831 0.0    0.001 0.0 
 145.861 0.0    0.001 0.0 
 145.891 0.0    0.001 0.0 
 145.918 0.0    0.001 0.0 
 145.952 0.0    0.001 0.0 
 145.983 0.0    0.001 0.0 
 146.013 0.0    0.000 0.0 
 146.043 0.0    0.000 0.0 
 146.067 0.0    0.000 0.0 
 146.103 0.0   -0.000 0.0 
 146.132 0.0   -0.000 0.0 
 146.159 0.0   -0.000 0.0 
 146.190 0.0   -0.000 0.0 
 146.224 0.0   -0.000 0.0 
 146.250 0.0   -0.000 0.0 
 146.285 0.0   -0.000 0.0 
 146.311 0.0   -0.000 0.0 
 146.345 0.0   -0.000 0.0 
 146.371 0.0   -0.000 0.0 
 146.405 0.0   -0.000 0.0 
 146.436 0.0   -0.000 0.0 
 146.463 0.0   -0.000 0.0 
 146.496 0.0   -0.000 0.0 
 146.526 0.0   -0.000 0.0 
 146.553 0.0   -0.000 0.0 
 146.583 0.0   -0.000 0.0 
 146.618 0.0   -0.000 0.0 
 146.647 0.0   -0.000 0.0 
 146.673 0.0   -0.000 0.0 
 146.704 0.0   -0.000 0.0 
 146.738 0.0   -0.000 0.0 
 146.764 0.0   -0.000 0.0 
 146.798 0.0   -0.000 0.0 
 146.825 0.0   -0.000 0.0 
 146.857 0.0   -0.000 0.0 
 146.889 0.0   -0.000 0.0 
 146.919 0.0   -0.000 0.0 
 146.950 0.0   -0.000 0.0 
 146.976 0.0    0.000 0.0 
 147.010 0.0    0.000 0.0 
 147.036 0.0    0.000 0.0 
 147.071 0.0    0.000 0.0 
 147.100 0.0    0.000 0.0 
 147.131 0.0    0.000 0.0 
 147.156 0.0    0.000 0.0 
 147.191 0.0    0.000 0.0 
 147.218 0.0    0.001 0.0 
 147.248 0.0    0.001 0.0 
 147.278 0.0    0.001 0.0 
 147.312 0.0    0.001 0.0 
 147.341 0.0    0.001 0.0 
 147.373 0.0    0.001 0.0 
 147.403 0.0    0.001 0.0 
 147.433 0.0    0.001 0.0 
 147.464 0.0    0.001 0.0 
 147.490 0.0    0.001 0.0 
 147.520 0.0    0.001 0.0 
 147.554 0.0    0.001 0.0 
 147.581 0.0    0.001 0.0 
 147.611 0.0    0.001 0.0 
 147.645 0.0    0.001 0.0 
 147.675 0.0    0.001 0.0 
 147.703 0.0    0.001 0.0 
 147.732 0.0    0.001 0.0 
 147.767 0.0    0.001 0.0 
 147.797 0.0    0.001 0.0 
 147.827 0.0    0.001 0.0 
 147.857 0.0    0.001 0.0 
 147.887 0.0    0.001 0.0 
 147.916 0.0    0.001 0.0 
 147.945 0.0    0.001 0.0 
 147.975 0.0    0.001 0.0 
 148.004 0.0    0.001 0.0 
 148.035 0.0    0.001 0.0 
 148.064 0.0    0.001 0.0 
 148.095 0.0    0.001 0.0 
 148.126 0.0    0.001 0.0 
 148.159 0.0    0.001 0.0 
 148.190 0.0    0.001 0.0 
 148.216 0.0    0.001 0.0 
 148.246 0.0    0.001 0.0 
 148.281 0.0    0.001 0.0 
 148.306 0.0    0.001 0.0 
 148.338 0.0    0.001 0.0 
 148.367 0.0    0.001 0.0 
 148.397 0.0    0.001 0.0 
 148.431 0.0    0.001 0.0 
 148.458 0.0    0.001 0.0 
 148.488 0.0    0.001 0.0 
 148.519 0.0    0.001 0.0 
 148.549 0.0    0.001 0.0 
 148.579 0.0    0.001 0.0 
 148.609 0.0    0.001 0.0 
 148.639 0.0    0.001 0.0 
 148.674 0.0    0.001 0.0 
 148.700 0.0    0.001 0.0 
 148.734 0.0    0.001 0.0 
 148.760 0.0    0.001 0.0 
 148.791 0.0    0.001 0.0 
 148.821 0.0    0.001 0.0 
 148.855 0.0    0.001 0.0 
 148.881 0.0    0.001 0.0 
 148.912 0.0    0.001 0.0 
 148.946 0.0    0.001 0.0 
 148.972 0.0    0.001 0.0 
 149.004 0.0    0.001 0.0 
 149.032 0.0    0.001 0.0 
 149.062 0.0    0.001 0.0 
 149.093 0.0    0.001 0.0 
 149.123 0.0    0.001 0.0 
 149.155 0.0    0.001 0.0 
 149.188 0.0    0.001 0.0 
 149.215 0.0    0.001 0.0 
 149.245 0.0    0.001 0.0 
 149.279 0.0    0.001 0.0 
 149.305 0.0    0.001 0.0 
 149.335 0.0    0.001 0.0 
 149.365 0.0    0.001 0.0 
 149.395 0.0    0.000 0.0 
 149.427 0.0    0.000 0.0 
 149.460 0.0    0.000 0.0 
 149.490 0.0    0.000 0.0 
 149.522 0.0    0.000 0.0 
 149.552 0.0    0.000 0.0 
 149.582 0.0    0.000 0.0 
 149.612 0.0    0.000 0.0 
 149.642 0.0    0.000 0.0 
 149.668 0.0    0.000 0.0 
 149.703 0.0    0.000 0.0 
 149.734 0.0    0.000 0.0 
 149.758 0.0    0.000 0.0 
 149.788 0.0   -0.000 0.0 
 149.819 0.0   -0.000 0.0 
 149.850 0.0   -0.000 0.0 
 149.880 0.0   -0.000 0.0 
 149.910 0.0   -0.000 0.0 
 149.941 0.0   -0.000 0.0 
 149.976 0.0   -0.000 0.0 
 150.002 0.0   -0.000 0.0 
 150.031 0.0   -0.000 0.0 
 150.061 0.0   -0.000 0.0 
 150.091 0.0   -0.000 0.0 
 150.123 0.0   -0.000 0.0 
 150.151 0.0   -0.000 0.0 
 150.183 0.0   -0.000 0.0 
 150.213 0.0   -0.000 0.0 
 150.244 0.0   -0.000 0.0 
 150.275 0.0   -0.000 0.0 
 150.304 0.0   -0.000 0.0 
 150.335 0.0   -0.000 0.0 
 150.364 0.0   -0.000 0.0 
 150.395 0.0   -0.000 0.0 
 150.424 0.0   -0.000 0.0 
 150.454 0.0   -0.000 0.0 
 150.490 0.0   -0.000 0.0 
 150.516 0.0   -0.000 0.0 
 150.549 0.0   -0.000 0.0 
 150.581 0.0    0.000 0.0 
 150.606 0.0    0.000 0.0 
 150.637 0.0    0.000 0.0 
 150.667 0.0    0.000 0.0 
 150.697 0.0    0.000 0.0 
 150.728 0.0    0.000 0.0 
 150.758 0.0    0.000 0.0 
 150.787 0.0    0.000 0.0 
 150.819 0.0    0.001 0.0 
 150.849 0.0    0.001 0.0 
 150.883 0.0    0.001 0.0 
 150.912 0.0    0.001 0.0 
 150.939 0.0    0.001 0.0 
 150.971 0.0    0.001 0.0 
 151.002 0.0    0.001 0.0 
 151.035 0.0    0.001 0.0 
 151.066 0.0    0.001 0.0 
 151.091 0.0    0.001 0.0 
 151.121 0.0    0.001 0.0 
 151.156 0.0    0.001 0.0 
 151.181 0.0    0.001 0.0 
 151.212 0.0    0.001 0.0 
 151.243 0.0    0.001 0.0 
 151.272 0.0    0.001 0.0 
 151.303 0.0    0.001 0.0 
 151.333 0.0    0.001 0.0 
 151.365 0.0    0.001 0.0 
 151.393 0.0    0.001 0.0 
 151.428 0.0    0.001 0.0 
 151.457 0.0    0.001 0.0 
 151.484 0.0    0.001 0.0 
 151.519 0.0    0.001 0.0 
 151.543 0.0    0.001 0.0 
 151.575 0.0    0.001 0.0 
 151.606 0.0    0.001 0.0 
 151.636 0.0    0.001 0.0 
 151.666 0.0    0.001 0.0 
 151.698 0.0    0.001 0.0 
 151.726 0.0    0.001 0.0 
 151.756 0.0    0.001 0.0 
 151.791 0.0    0.001 0.0 
 151.817 0.0    0.001 0.0 
 151.847 0.0    0.001 0.0 
 151.877 0.0    0.001 0.0 
 151.912 0.0    0.001 0.0 
 151.938 0.0    0.001 0.0 
 151.972 0.0    0.001 0.0 
 151.998 0.0    0.001 0.0 
 152.029 0.0    0.001 0.0 
 152.062 0.0    0.001 0.0 
 152.089 0.0    0.001 0.0 
 152.123 0.0    0.001 0.0 
 152.154 0.0    0.001 0.0 
 152.180 0.0    0.001 0.0 
 152.210 0.0    0.001 0.0 
 152.240 0.0    0.001 0.0 
 152.270 0.0    0.001 0.0 
 152.300 0.0    0.001 0.0 
 152.331 0.0    0.001 0.0 
 152.361 0.0    0.001 0.0 
 152.391 0.0    0.001 0.0 
 152.421 0.0    0.001 0.0 
 152.452 0.0    0.001 0.0 
 152.483 0.0    0.001 0.0 
 152.517 0.0    0.001 0.0 
 152.543 0.0    0.001 0.0 
 152.575 0.0    0.001 0.0 
 152.603 0.0    0.001 0.0 
 152.633 0.0    0.001 0.0 
 152.662 0.0    0.001 0.0 
 152.692 0.0    0.001 0.0 
 152.724 0.0    0.001 0.0 
 152.758 0.0    0.001 0.0 
 152.785 0.0    0.001 0.0 
 152.815 0.0    0.001 0.0 
 152.845 0.0    0.001 0.0 
 152.879 0.0    0.001 0.0 
 152.906 0.0    0.001 0.0 
 152.940 0.0    0.001 0.0 
 152.966 0.0    0.001 0.0 
 152.996 0.0    0.001 0.0 
 153.026 0.0    0.001 0.0 
 153.056 0.0    0.001 0.0 
 153.088 0.0    0.001 0.0 
 153.119 0.0    0.001 0.0 
 153.149 0.0    0.000 0.0 
 153.183 0.0    0.000 0.0 
 153.213 0.0    0.000 0.0 
 153.239 0.0    0.000 0.0 
 153.269 0.0    0.000 0.0 
 153.299 0.0    0.000 0.0 
 153.334 0.0    0.000 0.0 
 153.364 0.0   -0.000 0.0 
 153.389 0.0   -0.000 0.0 
 153.419 0.0   -0.000 0.0 
 153.451 0.0   -0.000 0.0 
 153.482 0.0   -0.000 0.0 
 153.511 0.0   -0.000 0.0 
 153.542 0.0   -0.000 0.0 
 153.572 0.0   -0.000 0.0 
 153.606 0.0   -0.000 0.0 
 153.637 0.0   -0.000 0.0 
 153.662 0.0   -0.000 0.0 
 153.692 0.0   -0.000 0.0 
 153.724 0.0   -0.000 0.0 
 153.752 0.0   -0.000 0.0 
 153.784 0.0   -0.000 0.0 
 153.817 0.0   -0.000 0.0 
 153.847 0.0    0.000 0.0 
 153.877 0.0    0.000 0.0 
 153.904 0.0    0.000 0.0 
 153.939 0.0    0.000 0.0 
 153.969 0.0    0.000 0.0 
 154.000 0.0    0.000 0.0 
 154.030 0.0    0.000 0.0 
 154.060 0.0    0.000 0.0 
 154.090 0.0    0.000 0.0 
 154.115 0.0    0.000 0.0 
 154.151 0.0    0.000 0.0 
 154.181 0.0    0.000 0.0 
 154.212 0.0    0.000 0.0 
 154.242 0.0    0.000 0.0 
 154.272 0.0    0.001 0.0 
 154.302 0.0    0.001 0.0 
 154.332 0.0    0.001 0.0 
 154.358 0.0    0.001 0.0 
 154.388 0.0    0.001 0.0 
 154.423 0.0    0.001 0.0 
 154.450 0.0    0.001 0.0 
 154.480 0.0    0.001 0.0 
 154.510 0.0    0.001 0.0 
 154.543 0.0    0.001 0.0 
 154.575 0.0    0.001 0.0 
 154.605 0.0    0.001 0.0 
 154.635 0.0    0.001 0.0 
 154.665 0.0    0.001 0.0 
 154.692 0.0    0.001 0.0 
 154.722 0.0    0.001 0.0 
 154.752 0.0    0.001 0.0 
 154.787 0.0    0.001 0.0 
 154.814 0.0    0.001 0.0 
 154.843 0.0    0.001 0.0 
 154.877 0.0    0.001 0.0 
 154.906 0.0    0.001 0.0 
 154.938 0.0    0.001 0.0 
 154.964 0.0    0.001 0.0 
 154.998 0.0    0.001 0.0 
 155.029 0.0    0.001 0.0 
 155.058 0.0    0.001 0.0 
 155.085 0.0    0.001 0.0 
 155.115 0.0    0.001 0.0 
 155.145 0.0    0.001 0.0 
 155.175 0.0    0.001 0.0 
 155.207 0.0    0.001 0.0 
 155.237 0.0    0.001 0.0 
 155.267 0.0    0.001 0.0 
 155.297 0.0    0.001 0.0 
 155.327 0.0    0.001 0.0 
 155.357 0.0    0.001 0.0 
 155.388 0.0    0.001 0.0 
 155.418 0.0    0.001 0.0 
 155.448 0.0    0.001 0.0 
 155.478 0.0    0.001 0.0 
 155.508 0.0    0.001 0.0 
 155.543 0.0    0.001 0.0 
 155.570 0.0    0.001 0.0 
 155.600 0.0    0.001 0.0 
 155.630 0.0    0.001 0.0 
 155.660 0.0    0.001 0.0 
 155.691 0.0    0.001 0.0 
 155.721 0.0    0.001 0.0 
 155.751 0.0    0.001 0.0 
 155.786 0.0    0.001 0.0 
 155.817 0.0    0.001 0.0 
 155.841 0.0    0.001 0.0 
 155.871 0.0    0.001 0.0 
 155.906 0.0    0.001 0.0 
 155.936 0.0    0.001 0.0 
 155.968 0.0    0.001 0.0 
 155.993 0.0    0.001 0.0 
 156.028 0.0    0.001 0.0 
 156.058 0.0    0.001 0.0 
 156.084 0.0    0.001 0.0 
 156.118 0.0    0.001 0.0 
 156.145 0.0    0.001 0.0 
 156.175 0.0    0.001 0.0 
 156.208 0.0    0.001 0.0 
 156.234 0.0    0.001 0.0 
 156.267 0.0    0.001 0.0 
 156.299 0.0    0.001 0.0 
 156.326 0.0    0.001 0.0 
 156.356 0.0    0.001 0.0 
 156.391 0.0    0.001 0.0 
 156.417 0.0    0.001 0.0 
 156.447 0.0    0.001 0.0 
 156.482 0.0    0.001 0.0 
 156.508 0.0    0.001 0.0 
 156.537 0.0    0.001 0.0 
 156.567 0.0    0.001 0.0 
 156.603 0.0    0.001 0.0 
 156.631 0.0    0.001 0.0 
 156.659 0.0    0.001 0.0 
 156.690 0.0    0.001 0.0 
 156.720 0.0    0.001 0.0 
 156.755 0.0    0.001 0.0 
 156.781 0.0    0.001 0.0 
 156.815 0.0    0.001 0.0 
 156.846 0.0    0.001 0.0 
 156.877 0.0    0.001 0.0 
 156.906 0.0    0.001 0.0 
 156.931 0.0    0.001 0.0 
 156.963 0.0    0.001 0.0 
 156.996 0.0    0.001 0.0 
 157.023 0.0    0.001 0.0 
 157.053 0.0    0.001 0.0 
 157.084 0.0    0.001 0.0 
 157.113 0.0    0.001 0.0 
 157.149 0.0    0.001 0.0 
 157.174 0.0    0.000 0.0 
 157.204 0.0    0.000 0.0 
 157.234 0.0    0.000 0.0 
 157.269 0.0    0.000 0.0 
 157.296 0.0    0.000 0.0 
 157.329 0.0    0.001 0.0 
 157.356 0.0    0.001 0.0 
 157.387 0.0    0.001 0.0 
 157.421 0.0    0.001 0.0 
 157.451 0.0    0.001 0.0 
 157.477 0.0    0.001 0.0 
 157.508 0.0    0.001 0.0 
 157.537 0.0    0.001 0.0 
 157.567 0.0    0.001 0.0 
 157.597 0.0    0.001 0.0 
 157.629 0.0    0.001 0.0 
 157.659 0.0    0.001 0.0 
 157.689 0.0    0.001 0.0 
 157.719 0.0    0.001 0.0 
 157.750 0.0    0.001 0.0 
 157.780 0.0    0.001 0.0 
 157.810 0.0    0.001 0.0 
 157.840 0.0    0.001 0.0 
 157.875 0.0    0.001 0.0 
 157.901 0.0    0.001 0.0 
 157.936 0.0    0.001 0.0 
 157.962 0.0    0.001 0.0 
 157.992 0.0    0.001 0.0 
 158.022 0.0    0.001 0.0 
 158.056 0.0    0.001 0.0 
 158.083 0.0    0.001 0.0 
 158.113 0.0    0.001 0.0 
 158.143 0.0    0.001 0.0 
 158.174 0.0    0.001 0.0 
 158.204 0.0    0.001 0.0 
 158.234 0.0    0.001 0.0 
 158.264 0.0    0.001 0.0 
 158.294 0.0    0.001 0.0 
 158.325 0.0    0.001 0.0 
 158.355 0.0    0.001 0.0 
 158.389 0.0    0.001 0.0 
 158.416 0.0    0.001 0.0 
 158.446 0.0    0.001 0.0 
 158.476 0.0    0.001 0.0 
 158.511 0.0    0.001 0.0 
 158.537 0.0    0.001 0.0 
 158.567 0.0    0.001 0.0 
 158.602 0.0    0.001 0.0 
 158.627 0.0    0.001 0.0 
 158.657 0.0    0.001 0.0 
 158.688 0.0    0.001 0.0 
 158.719 0.0    0.001 0.0 
 158.749 0.0    0.001 0.0 
 158.779 0.0    0.001 0.0 
 158.810 0.0    0.001 0.0 
 158.840 0.0    0.001 0.0 
 158.870 0.0    0.001 0.0 
 158.901 0.0    0.001 0.0 
 158.930 0.0    0.001 0.0 
 158.960 0.0    0.001 0.0 
 158.990 0.0    0.001 0.0 
 159.020 0.0    0.001 0.0 
 159.055 0.0    0.001 0.0 
 159.082 0.0    0.001 0.0 
 159.115 0.0    0.001 0.0 
 159.142 0.0    0.001 0.0 
 159.172 0.0    0.001 0.0 
 159.202 0.0    0.001 0.0 
 159.233 0.0    0.001 0.0 
 159.263 0.0    0.001 0.0 
 159.293 0.0    0.001 0.0 
 159.323 0.0    0.001 0.0 
 159.355 0.0    0.001 0.0 
 159.385 0.0    0.001 0.0 
 159.413 0.0    0.001 0.0 
 159.448 0.0    0.001 0.0 
 159.475 0.0    0.001 0.0 
 159.505 0.0    0.001 0.0 
 159.535 0.0    0.001 0.0 
 159.566 0.0    0.001 0.0 
 159.596 0.0    0.001 0.0 
 159.626 0.0    0.001 0.0 
 159.656 0.0    0.001 0.0 
 159.686 0.0    0.001 0.0 
 159.716 0.0    0.001 0.0 
 159.746 0.0    0.001 0.0 
 159.776 0.0    0.001 0.0 
 159.808 0.0    0.001 0.0 
 159.838 0.0    0.001 0.0 
 159.868 0.0    0.001 0.0 
