0.0534554 0.00791398 -0.639013 1.48484 -3.08153 0.0182821 0.0324399 0.00996778 -0.0768717 1.40066 2.94585 0.00952002 1.47445e-05 
0.068804 0.00819583 -0.655282 1.52248 -3.08765 0.034287 0.0136182 0.0099681 -0.0768719 1.40067 2.94587 0.00941293 6.35156e-06 
0.100784 0.00827967 -0.656236 1.52473 -3.08283 0.029625 0.0116122 0.0099681 -0.0768719 1.40067 2.94587 0.00941293 6.35156e-06 
0.131059 0.00827967 -0.656236 1.52473 -3.08283 0.029625 0.0116122 0.0099681 -0.0768719 1.40067 2.94587 0.00941293 6.35156e-06 
0.16167 0.00831831 -0.655725 1.52353 -3.08429 0.0344787 0.0137545 0.0099681 -0.0768719 1.40067 2.94587 0.00941293 6.35156e-06 
0.188908 0.00831831 -0.655725 1.52353 -3.08429 0.0344787 0.0137545 0.0099681 -0.0768719 1.40067 2.94587 0.00941293 6.35156e-06 
0.221471 0.0082179 -0.656563 1.52563 -3.08439 0.0316224 0.00986762 0.0099681 -0.0768719 1.40067 2.94587 0.00941293 6.35156e-06 
0.249362 0.00827967 -0.656236 1.52473 -3.08283 0.029625 0.0116122 0.0099681 -0.0768719 1.40067 2.94587 0.00941293 6.35156e-06 
0.27974 0.00828891 -0.65616 1.52455 -3.08328 0.0286866 0.011196 0.0099681 -0.0768719 1.40067 2.94587 0.00941293 6.35156e-06 
0.309807 0.0081486 -0.655865 1.52385 -3.08583 0.0300331 0.0117426 0.0099681 -0.0768719 1.40067 2.94587 0.00941293 6.35156e-06 
0.344181 0.00815505 -0.655813 1.52372 -3.08614 0.0293884 0.0114575 0.0099681 -0.0768719 1.40067 2.94587 0.00941293 6.35156e-06 
0.374442 0.00828891 -0.65616 1.52455 -3.08328 0.0286866 0.011196 0.0099681 -0.0768719 1.40067 2.94587 0.00941293 6.35156e-06 
0.405025 0.00827967 -0.656236 1.52473 -3.08283 0.029625 0.0116122 0.0099681 -0.0768719 1.40067 2.94587 0.00941293 6.35156e-06 
0.43228 0.00831835 -0.655725 1.52353 -3.08429 0.0344665 0.0137547 0.0099681 -0.0768719 1.40067 2.94587 0.00941293 6.35156e-06 
0.465562 0.00828891 -0.65616 1.52455 -3.08328 0.0286866 0.011196 0.0099681 -0.0768719 1.40067 2.94587 0.00941293 6.35156e-06 
0.492656 0.00827967 -0.656236 1.52473 -3.08283 0.029625 0.0116122 0.0099681 -0.0768719 1.40067 2.94587 0.00941293 6.35156e-06 
0.527523 0.00818392 -0.657026 1.52672 -3.0833 0.0256404 0.00723426 0.0099681 -0.0768719 1.40067 2.94587 0.00941293 6.35156e-06 
0.554317 0.00819583 -0.655282 1.52248 -3.08765 0.034287 0.0136182 0.0099681 -0.0768719 1.40067 2.94587 0.00941293 6.35156e-06 
0.586467 0.00828891 -0.65616 1.52455 -3.08328 0.0286866 0.011196 0.0099681 -0.0768719 1.40067 2.94587 0.00941293 6.35156e-06 
0.618621 0.00828891 -0.65616 1.52455 -3.08328 0.0286866 0.011196 0.0099681 -0.0768719 1.40067 2.94587 0.00941293 6.35156e-06 
0.649003 0.00827967 -0.656236 1.52473 -3.08283 0.029625 0.0116122 0.00998522 -0.0768836 1.40083 2.94484 0.0164476 0.000457127 
0.679355 0.00827967 -0.656236 1.52473 -3.08283 0.029625 0.0116122 0.00998522 -0.0768836 1.40083 2.94484 0.0164476 0.000457127 
0.709445 0.00828891 -0.65616 1.52455 -3.08328 0.0286866 0.011196 0.0099681 -0.0768719 1.40067 2.94587 0.00941293 6.35156e-06 
0.739672 0.00828891 -0.65616 1.52455 -3.08328 0.0286866 0.011196 0.0099681 -0.0768719 1.40067 2.94587 0.00941293 6.35156e-06 
0.769962 0.00828891 -0.65616 1.52455 -3.08328 0.0286866 0.011196 0.0099681 -0.0768719 1.40067 2.94587 0.00941293 6.35156e-06 
0.800281 0.00828891 -0.65616 1.52455 -3.08328 0.0286866 0.011196 0.0099681 -0.0768719 1.40067 2.94587 0.00941293 6.35156e-06 
0.830476 0.00828891 -0.65616 1.52455 -3.08328 0.0286866 0.011196 0.0099681 -0.0768719 1.40067 2.94587 0.00941293 6.35156e-06 
0.865418 0.00831835 -0.655725 1.52353 -3.08429 0.0344665 0.0137547 0.0099681 -0.0768719 1.40067 2.94587 0.00941293 6.35156e-06 
0.895014 0.00831835 -0.655725 1.52353 -3.08429 0.0344665 0.0137547 0.0099681 -0.0768719 1.40067 2.94587 0.00941293 6.35156e-06 
0.920898 0.00818051 -0.657055 1.52679 -3.08313 0.0259939 0.00738972 0.0099681 -0.0768719 1.40067 2.94587 0.00941293 6.35156e-06 
0.95549 0.00831835 -0.655725 1.52353 -3.08429 0.0344665 0.0137547 0.00998522 -0.0768836 1.40083 2.94484 0.0164476 0.000457127 
0.981902 0.00818051 -0.657055 1.52679 -3.08313 0.0259939 0.00738972 0.0099681 -0.0768719 1.40067 2.94587 0.00941293 6.35156e-06 
1.01215 0.00827967 -0.656236 1.52473 -3.08283 0.029625 0.0116122 0.0099681 -0.0768719 1.40067 2.94587 0.00941293 6.35156e-06 
1.04234 0.00827967 -0.656236 1.52473 -3.08283 0.029625 0.0116122 0.0099681 -0.0768719 1.40067 2.94587 0.00941293 6.35156e-06 
1.07205 0.00827967 -0.656236 1.52473 -3.08283 0.029625 0.0116122 0.0099681 -0.0768719 1.40067 2.94587 0.00941293 6.35156e-06 
1.1025 0.00828891 -0.65616 1.52455 -3.08328 0.0286866 0.011196 0.0099681 -0.0768719 1.40067 2.94587 0.00941293 6.35156e-06 
1.13262 0.00828891 -0.65616 1.52455 -3.08328 0.0286866 0.011196 0.0099681 -0.0768719 1.40067 2.94587 0.00941293 6.35156e-06 
1.16251 0.00828891 -0.65616 1.52455 -3.08328 0.0286866 0.011196 0.0099681 -0.0768719 1.40067 2.94587 0.00941293 6.35156e-06 
1.19304 0.00828891 -0.65616 1.52455 -3.08328 0.0286866 0.011196 0.0099681 -0.0768719 1.40067 2.94587 0.00941293 6.35156e-06 
1.22372 0.00827967 -0.656236 1.52473 -3.08283 0.029625 0.0116122 0.0099681 -0.0768719 1.40067 2.94587 0.00941293 6.35156e-06 
1.2535 0.00827967 -0.656236 1.52473 -3.08283 0.029625 0.0116122 0.0099681 -0.0768719 1.40067 2.94587 0.00941293 6.35156e-06 
1.28354 0.00827967 -0.656236 1.52473 -3.08283 0.029625 0.0116122 0.0099681 -0.0768719 1.40067 2.94587 0.00941293 6.35156e-06 
1.31444 0.00828891 -0.65616 1.52455 -3.08328 0.0286866 0.011196 0.0099681 -0.0768719 1.40067 2.94587 0.00941293 6.35156e-06 
1.34456 0.00818051 -0.657055 1.52679 -3.08313 0.0259939 0.00738972 0.00998522 -0.0768836 1.40083 2.94484 0.0164476 0.000457127 
1.37457 0.00828891 -0.65616 1.52455 -3.08328 0.0286866 0.011196 0.0099681 -0.0768719 1.40067 2.94587 0.00941293 6.35156e-06 
1.40483 0.00827963 -0.656236 1.52473 -3.08283 0.0296374 0.0116121 0.0099681 -0.0768719 1.40067 2.94587 0.00941293 6.35156e-06 
1.43542 0.00827967 -0.656236 1.52473 -3.08283 0.029625 0.0116122 0.0099681 -0.0768719 1.40067 2.94587 0.00941293 6.35156e-06 
1.4655 0.00818051 -0.657055 1.52679 -3.08313 0.0259939 0.00738972 0.0099681 -0.0768719 1.40067 2.94587 0.00941293 6.35156e-06 
1.49596 0.00818051 -0.657055 1.52679 -3.08313 0.0259939 0.00738972 0.0099681 -0.0768719 1.40067 2.94587 0.00941293 6.35156e-06 
1.52641 0.00818051 -0.657055 1.52679 -3.08313 0.0259939 0.00738972 0.0099681 -0.0768719 1.40067 2.94587 0.00941293 6.35156e-06 
1.55618 0.00828891 -0.65616 1.52455 -3.08328 0.0286866 0.011196 0.0099681 -0.0768719 1.40067 2.94587 0.00941293 6.35156e-06 
1.58661 0.00827967 -0.656236 1.52473 -3.08283 0.029625 0.0116122 0.0099681 -0.0768719 1.40067 2.94587 0.00941293 6.35156e-06 
1.61674 0.00827967 -0.656236 1.52473 -3.08283 0.029625 0.0116122 0.0099681 -0.0768719 1.40067 2.94587 0.00941293 6.35156e-06 
1.6475 0.00818051 -0.657055 1.52679 -3.08313 0.0259939 0.00738972 0.0099681 -0.0768719 1.40067 2.94587 0.00941293 6.35156e-06 
1.67787 0.00831831 -0.655725 1.52353 -3.08429 0.0344787 0.0137545 0.0099681 -0.0768719 1.40067 2.94587 0.00941293 6.35156e-06 
1.70733 0.00833007 -0.655633 1.52332 -3.08484 0.0333032 0.0132316 0.00998522 -0.0768836 1.40083 2.94484 0.0164476 0.000457127 
1.73806 0.00828891 -0.65616 1.52455 -3.08328 0.0286866 0.011196 0.0099681 -0.0768719 1.40067 2.94587 0.00941293 6.35156e-06 
1.76798 0.00834077 -0.655903 1.52382 -3.08136 0.027613 0.0132148 0.0099681 -0.0768719 1.40067 2.94587 0.00941293 6.35156e-06 
1.79874 0.00831835 -0.655725 1.52353 -3.08429 0.0344665 0.0137547 0.0099681 -0.0768719 1.40067 2.94587 0.00941293 6.35156e-06 
1.82807 0.00827967 -0.656236 1.52473 -3.08283 0.029625 0.0116122 0.0099681 -0.0768719 1.40067 2.94587 0.00941293 6.35156e-06 
1.85914 0.00827967 -0.656236 1.52473 -3.08283 0.029625 0.0116122 0.0099681 -0.0768719 1.40067 2.94587 0.00941293 6.35156e-06 
1.8891 0.00827967 -0.656236 1.52473 -3.08283 0.029625 0.0116122 0.0099681 -0.0768719 1.40067 2.94587 0.00941293 6.35156e-06 
1.91955 0.00827967 -0.656236 1.52473 -3.08283 0.029625 0.0116122 0.0099681 -0.0768719 1.40067 2.94587 0.00941293 6.35156e-06 
1.94917 0.00831141 -0.656312 1.52478 -3.08043 0.0217626 0.0106248 0.0099681 -0.0768719 1.40067 2.94587 0.00941293 6.35156e-06 
1.97991 0.00827963 -0.656236 1.52473 -3.08283 0.0296374 0.0116121 0.0099681 -0.0768719 1.40067 2.94587 0.00941293 6.35156e-06 
2.00984 0.00818051 -0.657055 1.52679 -3.08313 0.0259939 0.00738972 0.0099681 -0.0768719 1.40067 2.94587 0.00941293 6.35156e-06 
2.03998 0.00827967 -0.656236 1.52473 -3.08283 0.029625 0.0116122 0.0099681 -0.0768719 1.40067 2.94587 0.00941293 6.35156e-06 
2.07051 0.00833012 -0.655634 1.52332 -3.08483 0.0332909 0.0132318 0.0099681 -0.0768719 1.40067 2.94587 0.00941293 6.35156e-06 
2.10042 0.00831835 -0.655725 1.52353 -3.08429 0.0344665 0.0137547 0.0099681 -0.0768719 1.40067 2.94587 0.00941293 6.35156e-06 
2.13139 0.00828891 -0.65616 1.52455 -3.08328 0.0286866 0.011196 0.0099681 -0.0768719 1.40067 2.94587 0.00941293 6.35156e-06 
2.16696 0.00818051 -0.657055 1.52679 -3.08313 0.0259939 0.00738972 0.0099681 -0.0768719 1.40067 2.94587 0.00941293 6.35156e-06 
2.19166 0.00818051 -0.657055 1.52679 -3.08313 0.0259939 0.00738972 0.0099681 -0.0768719 1.40067 2.94587 0.00941293 6.35156e-06 
2.22206 0.00819583 -0.655282 1.52248 -3.08765 0.034287 0.0136182 0.0099681 -0.0768719 1.40067 2.94587 0.00941293 6.35156e-06 
2.25205 0.00827967 -0.656236 1.52473 -3.08283 0.029625 0.0116122 0.0099681 -0.0768719 1.40067 2.94587 0.00941293 6.35156e-06 
2.28275 0.00827967 -0.656236 1.52473 -3.08283 0.029625 0.0116122 0.0099681 -0.0768719 1.40067 2.94587 0.00941293 6.35156e-06 
2.3127 0.00879889 -0.651291 1.51809 0.765834 -3.09774 3.12124 0.0099681 -0.0768719 1.40067 2.94587 0.00941293 6.35156e-06 
2.34275 0.00827963 -0.656236 1.52473 -3.08283 0.0296374 0.0116121 0.0099681 -0.0768719 1.40067 2.94587 0.00941293 6.35156e-06 
2.37645 0.00827967 -0.656236 1.52473 -3.08283 0.029625 0.0116122 0.0099681 -0.0768719 1.40067 2.94587 0.00941293 6.35156e-06 
2.40796 0.00818051 -0.657055 1.52679 -3.08313 0.0259939 0.00738972 0.0099681 -0.0768719 1.40067 2.94587 0.00941293 6.35156e-06 
2.4331 0.00819583 -0.655282 1.52248 -3.08765 0.034287 0.0136182 0.0099681 -0.0768719 1.40067 2.94587 0.00941293 6.35156e-06 
2.46384 0.00815505 -0.655813 1.52372 -3.08614 0.0293884 0.0114575 0.0099681 -0.0768719 1.40067 2.94587 0.00941293 6.35156e-06 
2.49395 0.00828891 -0.65616 1.52455 -3.08328 0.0286866 0.011196 0.0099681 -0.0768719 1.40067 2.94587 0.00941293 6.35156e-06 
2.52461 0.00828891 -0.65616 1.52455 -3.08328 0.0286866 0.011196 0.0099681 -0.0768719 1.40067 2.94587 0.00941293 6.35156e-06 
2.5547 0.00827963 -0.656236 1.52473 -3.08283 0.0296374 0.0116121 0.0099681 -0.0768719 1.40067 2.94587 0.00941293 6.35156e-06 
2.58528 0.00834073 -0.655903 1.52382 -3.08136 0.0276253 0.0132146 0.0099681 -0.0768719 1.40067 2.94587 0.00941293 6.35156e-06 
2.61484 0.00874133 -0.652145 1.52006 0.761878 -3.10149 3.12286 0.00998522 -0.0768836 1.40083 2.94484 0.0164476 0.000457127 
2.64562 0.00827963 -0.656236 1.52473 -3.08283 0.0296374 0.0116121 0.0099681 -0.0768719 1.40067 2.94587 0.00941293 6.35156e-06 
2.67548 0.00827963 -0.656236 1.52473 -3.08283 0.0296374 0.0116121 0.0099681 -0.0768719 1.40067 2.94587 0.00941293 6.35156e-06 
2.70614 0.00827967 -0.656236 1.52473 -3.08283 0.029625 0.0116122 0.0099681 -0.0768719 1.40067 2.94587 0.00941293 6.35156e-06 
2.73643 0.00818392 -0.657026 1.52672 -3.0833 0.0256404 0.00723426 0.0099681 -0.0768719 1.40067 2.94587 0.00941293 6.35156e-06 
2.76689 0.00818392 -0.657026 1.52672 -3.0833 0.0256404 0.00723426 0.0099681 -0.0768719 1.40067 2.94587 0.00941293 6.35156e-06 
2.79653 0.00833012 -0.655634 1.52332 -3.08483 0.0332909 0.0132318 0.0099681 -0.0768719 1.40067 2.94587 0.00941293 6.35156e-06 
2.8273 0.00827967 -0.656236 1.52473 -3.08283 0.029625 0.0116122 0.00998522 -0.0768836 1.40083 2.94484 0.0164476 0.000457127 
2.85773 0.00879889 -0.651291 1.51809 0.765834 -3.09774 3.12124 0.00998522 -0.0768836 1.40083 2.94484 0.0164476 0.000457127 
2.88816 0.00831831 -0.655725 1.52353 -3.08429 0.0344787 0.0137545 0.00998522 -0.0768836 1.40083 2.94484 0.0164476 0.000457127 
2.91753 0.00818051 -0.657055 1.52679 -3.08313 0.0259939 0.00738972 0.0099681 -0.0768719 1.40067 2.94587 0.00941293 6.35156e-06 
2.94782 0.00827967 -0.656236 1.52473 -3.08283 0.029625 0.0116122 0.0099681 -0.0768719 1.40067 2.94587 0.00941293 6.35156e-06 
2.9781 0.00818655 -0.655353 1.52265 -3.08723 0.0352196 0.0140318 0.0099681 -0.0768719 1.40067 2.94587 0.00941293 6.35156e-06 
3.00834 0.00819583 -0.655282 1.52248 -3.08765 0.034287 0.0136182 0.0099681 -0.0768719 1.40067 2.94587 0.00941293 6.35156e-06 
3.03871 0.00828891 -0.65616 1.52455 -3.08328 0.0286866 0.011196 0.0099681 -0.0768719 1.40067 2.94587 0.00941293 6.35156e-06 
3.06957 0.00833012 -0.655634 1.52332 -3.08483 0.0332909 0.0132318 0.0099681 -0.0768719 1.40067 2.94587 0.00941293 6.35156e-06 
3.09896 0.00828891 -0.65616 1.52455 -3.08328 0.0286866 0.011196 0.0099681 -0.0768719 1.40067 2.94587 0.00941293 6.35156e-06 
3.12976 0.0082179 -0.656563 1.52563 -3.08439 0.0316224 0.00986762 0.00998522 -0.0768836 1.40083 2.94484 0.0164476 0.000457127 
3.15897 0.00827963 -0.656236 1.52473 -3.08283 0.0296374 0.0116121 0.00998522 -0.0768836 1.40083 2.94484 0.0164476 0.000457127 
3.19026 0.00834073 -0.655903 1.52382 -3.08136 0.0276253 0.0132146 0.00998522 -0.0768836 1.40083 2.94484 0.0164476 0.000457127 
3.22026 0.00818051 -0.657055 1.52679 -3.08313 0.0259939 0.00738972 0.00998522 -0.0768836 1.40083 2.94484 0.0164476 0.000457127 
3.25028 0.00827967 -0.656236 1.52473 -3.08283 0.029625 0.0116122 0.0099681 -0.0768719 1.40067 2.94587 0.00941293 6.35156e-06 
3.28097 0.00818655 -0.655353 1.52265 -3.08723 0.0352196 0.0140318 0.0099681 -0.0768719 1.40067 2.94587 0.00941293 6.35156e-06 
3.31091 0.00819583 -0.655282 1.52248 -3.08765 0.034287 0.0136182 0.0099681 -0.0768719 1.40067 2.94587 0.00941293 6.35156e-06 
3.34097 0.00828891 -0.65616 1.52455 -3.08328 0.0286866 0.011196 0.0099681 -0.0768719 1.40067 2.94587 0.00941293 6.35156e-06 
3.37168 0.00827967 -0.656236 1.52473 -3.08283 0.029625 0.0116122 0.0099681 -0.0768719 1.40067 2.94587 0.00941293 6.35156e-06 
3.40215 0.00827967 -0.656236 1.52473 -3.08283 0.029625 0.0116122 0.0099681 -0.0768719 1.40067 2.94587 0.00941293 6.35156e-06 
3.43217 0.00818051 -0.657055 1.52679 -3.08313 0.0259939 0.00738972 0.0099681 -0.0768719 1.40067 2.94587 0.00941293 6.35156e-06 
3.46189 0.00827963 -0.656236 1.52473 -3.08283 0.0296374 0.0116121 0.00998522 -0.0768836 1.40083 2.94484 0.0164476 0.000457127 
3.49276 0.00831831 -0.655725 1.52353 -3.08429 0.0344787 0.0137545 0.00998522 -0.0768836 1.40083 2.94484 0.0164476 0.000457127 
3.52232 0.00834073 -0.655903 1.52382 -3.08136 0.0276253 0.0132146 0.00998522 -0.0768836 1.40083 2.94484 0.0164476 0.000457127 
3.55269 0.00827963 -0.656236 1.52473 -3.08283 0.0296374 0.0116121 0.0099681 -0.0768719 1.40067 2.94587 0.00941293 6.35156e-06 
3.58257 0.00827967 -0.656236 1.52473 -3.08283 0.029625 0.0116122 0.0099681 -0.0768719 1.40067 2.94587 0.00941293 6.35156e-06 
3.61293 0.00828891 -0.65616 1.52455 -3.08328 0.0286866 0.011196 0.0099681 -0.0768719 1.40067 2.94587 0.00941293 6.35156e-06 
3.64324 0.00828891 -0.65616 1.52455 -3.08328 0.0286866 0.011196 0.0099681 -0.0768719 1.40067 2.94587 0.00941293 6.35156e-06 
3.67375 0.00828891 -0.65616 1.52455 -3.08328 0.0286866 0.011196 0.0099681 -0.0768719 1.40067 2.94587 0.00941293 6.35156e-06 
3.704 0.00828891 -0.65616 1.52455 -3.08328 0.0286866 0.011196 0.0099681 -0.0768719 1.40067 2.94587 0.00941293 6.35156e-06 
3.73385 0.00827967 -0.656236 1.52473 -3.08283 0.029625 0.0116122 0.0099681 -0.0768719 1.40067 2.94587 0.00941293 6.35156e-06 
3.76453 0.00818051 -0.657055 1.52679 -3.08313 0.0259939 0.00738972 0.00998522 -0.0768836 1.40083 2.94484 0.0164476 0.000457127 
3.79459 0.00827967 -0.656236 1.52473 -3.08283 0.029625 0.0116122 0.00998522 -0.0768836 1.40083 2.94484 0.0164476 0.000457127 
3.82484 0.00827963 -0.656236 1.52473 -3.08283 0.0296374 0.0116121 0.00998522 -0.0768836 1.40083 2.94484 0.0164476 0.000457127 
3.85481 0.00818051 -0.657055 1.52679 -3.08313 0.0259939 0.00738972 0.00998522 -0.0768836 1.40083 2.94484 0.0164476 0.000457127 
3.88503 0.00827967 -0.656236 1.52473 -3.08283 0.029625 0.0116122 0.0099681 -0.0768719 1.40067 2.94587 0.00941293 6.35156e-06 
3.91514 0.00827967 -0.656236 1.52473 -3.08283 0.029625 0.0116122 0.0099681 -0.0768719 1.40067 2.94587 0.00941293 6.35156e-06 
3.94547 0.00828887 -0.65616 1.52455 -3.08328 0.028699 0.0111958 0.0099681 -0.0768719 1.40067 2.94587 0.00941293 6.35156e-06 
3.97647 0.00818392 -0.657026 1.52672 -3.0833 0.0256404 0.00723426 0.0099681 -0.0768719 1.40067 2.94587 0.00941293 6.35156e-06 
4.00598 0.00818392 -0.657026 1.52672 -3.0833 0.0256404 0.00723426 0.0099681 -0.0768719 1.40067 2.94587 0.00941293 6.35156e-06 
4.03669 0.00831835 -0.655725 1.52353 -3.08429 0.0344665 0.0137547 0.0099681 -0.0768719 1.40067 2.94587 0.00941293 6.35156e-06 
4.06679 0.00818051 -0.657055 1.52679 -3.08313 0.0259939 0.00738972 0.00998522 -0.0768836 1.40083 2.94484 0.0164476 0.000457127 
4.09686 0.00827963 -0.656236 1.52473 -3.08283 0.0296374 0.0116121 0.00998522 -0.0768836 1.40083 2.94484 0.0164476 0.000457127 
4.12717 0.00828887 -0.65616 1.52455 -3.08328 0.028699 0.0111958 0.00998522 -0.0768836 1.40083 2.94484 0.0164476 0.000457127 
4.15757 0.00818051 -0.657055 1.52679 -3.08313 0.0259939 0.00738972 0.00998522 -0.0768836 1.40083 2.94484 0.0164476 0.000457127 
4.18853 0.00827967 -0.656236 1.52473 -3.08283 0.029625 0.0116122 0.0099681 -0.0768719 1.40067 2.94587 0.00941293 6.35156e-06 
4.21792 0.00828891 -0.65616 1.52455 -3.08328 0.0286866 0.011196 0.0099681 -0.0768719 1.40067 2.94587 0.00941293 6.35156e-06 
4.24792 0.00828891 -0.65616 1.52455 -3.08328 0.0286866 0.011196 0.0099681 -0.0768719 1.40067 2.94587 0.00941293 6.35156e-06 
4.27899 0.00828891 -0.65616 1.52455 -3.08328 0.0286866 0.011196 0.0099681 -0.0768719 1.40067 2.94587 0.00941293 6.35156e-06 
4.31292 0.00828891 -0.65616 1.52455 -3.08328 0.0286866 0.011196 0.0099681 -0.0768719 1.40067 2.94587 0.00941293 6.35156e-06 
4.34213 0.00828891 -0.65616 1.52455 -3.08328 0.0286866 0.011196 0.00998522 -0.0768836 1.40083 2.94484 0.0164476 0.000457127 
4.36658 0.00827967 -0.656236 1.52473 -3.08283 0.029625 0.0116122 0.00998522 -0.0768836 1.40083 2.94484 0.0164476 0.000457127 
4.3965 0.00830221 -0.656392 1.52496 -3.07996 0.0227006 0.0110413 0.00998522 -0.0768836 1.40083 2.94484 0.0164476 0.000457127 
4.42316 0.00831831 -0.655725 1.52353 -3.08429 0.0344787 0.0137545 0.0099681 -0.0768719 1.40067 2.94587 0.00941293 6.35156e-06 
4.45361 0.00827967 -0.656236 1.52473 -3.08283 0.029625 0.0116122 0.0099681 -0.0768719 1.40067 2.94587 0.00941293 6.35156e-06 
4.48412 0.00828891 -0.65616 1.52455 -3.08328 0.0286866 0.011196 0.0099681 -0.0768719 1.40067 2.94587 0.00941293 6.35156e-06 
4.51414 0.00828891 -0.65616 1.52455 -3.08328 0.0286866 0.011196 0.0099681 -0.0768719 1.40067 2.94587 0.00941293 6.35156e-06 
4.54399 0.00818392 -0.657026 1.52672 -3.0833 0.0256404 0.00723426 0.0099681 -0.0768719 1.40067 2.94587 0.00941293 6.35156e-06 
4.57513 0.00828891 -0.65616 1.52455 -3.08328 0.0286866 0.011196 0.0099681 -0.0768719 1.40067 2.94587 0.00941293 6.35156e-06 
4.60683 0.00828891 -0.65616 1.52455 -3.08328 0.0286866 0.011196 0.0099681 -0.0768719 1.40067 2.94587 0.00941293 6.35156e-06 
4.63846 0.00828891 -0.65616 1.52455 -3.08328 0.0286866 0.011196 0.0099681 -0.0768719 1.40067 2.94587 0.00941293 6.35156e-06 
4.67077 0.00827967 -0.656236 1.52473 -3.08283 0.029625 0.0116122 0.0099681 -0.0768719 1.40067 2.94587 0.00941293 6.35156e-06 
4.70126 0.00818051 -0.657055 1.52679 -3.08313 0.0259939 0.00738972 0.00998522 -0.0768836 1.40083 2.94484 0.0164476 0.000457127 
4.73143 0.00831835 -0.655725 1.52353 -3.08429 0.0344665 0.0137547 0.00998522 -0.0768836 1.40083 2.94484 0.0164476 0.000457127 
4.76513 0.00818051 -0.657055 1.52679 -3.08313 0.0259939 0.00738972 0.00998522 -0.0768836 1.40083 2.94484 0.0164476 0.000457127 
4.79109 0.00827967 -0.656236 1.52473 -3.08283 0.029625 0.0116122 0.0099681 -0.0768719 1.40067 2.94587 0.00941293 6.35156e-06 
4.82209 0.00827967 -0.656236 1.52473 -3.08283 0.029625 0.0116122 0.0099681 -0.0768719 1.40067 2.94587 0.00941293 6.35156e-06 
4.8518 0.00828891 -0.65616 1.52455 -3.08328 0.0286866 0.011196 0.0099681 -0.0768719 1.40067 2.94587 0.00941293 6.35156e-06 
4.88248 0.00818392 -0.657026 1.52672 -3.0833 0.0256404 0.00723426 0.0099681 -0.0768719 1.40067 2.94587 0.00941293 6.35156e-06 
4.9118 0.00828891 -0.65616 1.52455 -3.08328 0.0286866 0.011196 0.0099681 -0.0768719 1.40067 2.94587 0.00941293 6.35156e-06 
4.94231 0.00818392 -0.657026 1.52672 -3.0833 0.0256404 0.00723426 0.0099681 -0.0768719 1.40067 2.94587 0.00941293 6.35156e-06 
4.97302 0.00828891 -0.65616 1.52455 -3.08328 0.0286866 0.011196 0.0099681 -0.0768719 1.40067 2.94587 0.00941293 6.35156e-06 
5.0022 0.00827967 -0.656236 1.52473 -3.08283 0.029625 0.0116122 0.0099681 -0.0768719 1.40067 2.94587 0.00941293 6.35156e-06 
5.03365 0.00828891 -0.65616 1.52455 -3.08328 0.0286866 0.011196 0.0099681 -0.0768719 1.40067 2.94587 0.00941293 6.35156e-06 
5.06424 0.00818051 -0.657055 1.52679 -3.08313 0.0259939 0.00738972 0.0099681 -0.0768719 1.40067 2.94587 0.00941293 6.35156e-06 
5.09328 0.00827967 -0.656236 1.52473 -3.08283 0.029625 0.0116122 0.0099681 -0.0768719 1.40067 2.94587 0.00941293 6.35156e-06 
5.12349 0.00831835 -0.655725 1.52353 -3.08429 0.0344665 0.0137547 0.0099681 -0.0768719 1.40067 2.94587 0.00941293 6.35156e-06 
5.15361 0.00828891 -0.65616 1.52455 -3.08328 0.0286866 0.011196 0.0099681 -0.0768719 1.40067 2.94587 0.00941293 6.35156e-06 
5.17925 0.00828891 -0.65616 1.52455 -3.08328 0.0286866 0.011196 0.0099681 -0.0768719 1.40067 2.94587 0.00941293 6.35156e-06 
5.20797 0.00828891 -0.65616 1.52455 -3.08328 0.0286866 0.011196 0.0099681 -0.0768719 1.40067 2.94587 0.00941293 6.35156e-06 
5.23827 0.00828891 -0.65616 1.52455 -3.08328 0.0286866 0.011196 0.0099681 -0.0768719 1.40067 2.94587 0.00941293 6.35156e-06 
5.26926 0.00828891 -0.65616 1.52455 -3.08328 0.0286866 0.011196 0.0099681 -0.0768719 1.40067 2.94587 0.00941293 6.35156e-06 
5.30258 0.00828891 -0.65616 1.52455 -3.08328 0.0286866 0.011196 0.0099681 -0.0768719 1.40067 2.94587 0.00941293 6.35156e-06 
5.33302 0.00827967 -0.656236 1.52473 -3.08283 0.029625 0.0116122 0.0099681 -0.0768719 1.40067 2.94587 0.00941293 6.35156e-06 
5.36279 0.00827967 -0.656236 1.52473 -3.08283 0.029625 0.0116122 0.0099681 -0.0768719 1.40067 2.94587 0.00941293 6.35156e-06 
5.39317 0.00827967 -0.656236 1.52473 -3.08283 0.029625 0.0116122 0.0099681 -0.0768719 1.40067 2.94587 0.00941293 6.35156e-06 
5.42337 0.00827967 -0.656236 1.52473 -3.08283 0.029625 0.0116122 0.0099681 -0.0768719 1.40067 2.94587 0.00941293 6.35156e-06 
5.45379 0.00827967 -0.656236 1.52473 -3.08283 0.029625 0.0116122 0.0099681 -0.0768719 1.40067 2.94587 0.00941293 6.35156e-06 
5.48351 0.00833012 -0.655634 1.52332 -3.08483 0.0332909 0.0132318 0.0099681 -0.0768719 1.40067 2.94587 0.00941293 6.35156e-06 
5.51376 0.00828891 -0.65616 1.52455 -3.08328 0.0286866 0.011196 0.0099681 -0.0768719 1.40067 2.94587 0.00941293 6.35156e-06 
5.54628 0.00828891 -0.65616 1.52455 -3.08328 0.0286866 0.011196 0.0099681 -0.0768719 1.40067 2.94587 0.00941293 6.35156e-06 
5.57508 0.00828891 -0.65616 1.52455 -3.08328 0.0286866 0.011196 0.0099681 -0.0768719 1.40067 2.94587 0.00941293 6.35156e-06 
5.60623 0.00828891 -0.65616 1.52455 -3.08328 0.0286866 0.011196 0.0099681 -0.0768719 1.40067 2.94587 0.00941293 6.35156e-06 
5.63554 0.00828891 -0.65616 1.52455 -3.08328 0.0286866 0.011196 0.0099681 -0.0768719 1.40067 2.94587 0.00941293 6.35156e-06 
5.66144 0.00827967 -0.656236 1.52473 -3.08283 0.029625 0.0116122 0.0099681 -0.0768719 1.40067 2.94587 0.00941293 6.35156e-06 
5.69137 0.00828891 -0.65616 1.52455 -3.08328 0.0286866 0.011196 0.0099681 -0.0768719 1.40067 2.94587 0.00941293 6.35156e-06 
5.72445 0.00827967 -0.656236 1.52473 -3.08283 0.029625 0.0116122 0.0099681 -0.0768719 1.40067 2.94587 0.00941293 6.35156e-06 
5.75445 0.00827967 -0.656236 1.52473 -3.08283 0.029625 0.0116122 0.0099681 -0.0768719 1.40067 2.94587 0.00941293 6.35156e-06 
5.78392 0.00827967 -0.656236 1.52473 -3.08283 0.029625 0.0116122 0.0099681 -0.0768719 1.40067 2.94587 0.00941293 6.35156e-06 
5.81522 0.00827967 -0.656236 1.52473 -3.08283 0.029625 0.0116122 0.0099681 -0.0768719 1.40067 2.94587 0.00941293 6.35156e-06 
5.84715 0.00828891 -0.65616 1.52455 -3.08328 0.0286866 0.011196 0.0099681 -0.0768719 1.40067 2.94587 0.00941293 6.35156e-06 
5.87446 0.00818392 -0.657026 1.52672 -3.0833 0.0256404 0.00723426 0.0099681 -0.0768719 1.40067 2.94587 0.00941293 6.35156e-06 
5.90249 0.00833012 -0.655634 1.52332 -3.08483 0.0332909 0.0132318 0.0099681 -0.0768719 1.40067 2.94587 0.00941293 6.35156e-06 
5.93239 0.00828891 -0.65616 1.52455 -3.08328 0.0286866 0.011196 0.0099681 -0.0768719 1.40067 2.94587 0.00941293 6.35156e-06 
5.96504 0.00827967 -0.656236 1.52473 -3.08283 0.029625 0.0116122 0.0099681 -0.0768719 1.40067 2.94587 0.00941293 6.35156e-06 
5.99598 0.00818051 -0.657055 1.52679 -3.08313 0.0259939 0.00738972 0.0099681 -0.0768719 1.40067 2.94587 0.00941293 6.35156e-06 
6.02473 0.00818051 -0.657055 1.52679 -3.08313 0.0259939 0.00738972 0.0099681 -0.0768719 1.40067 2.94587 0.00941293 6.35156e-06 
6.05539 0.00827963 -0.656236 1.52473 -3.08283 0.0296374 0.0116121 0.0099681 -0.0768719 1.40067 2.94587 0.00941293 6.35156e-06 
6.08488 0.00827967 -0.656236 1.52473 -3.08283 0.029625 0.0116122 0.0099681 -0.0768719 1.40067 2.94587 0.00941293 6.35156e-06 
6.11414 0.00827967 -0.656236 1.52473 -3.08283 0.029625 0.0116122 0.0099681 -0.0768719 1.40067 2.94587 0.00941293 6.35156e-06 
6.14527 0.00827967 -0.656236 1.52473 -3.08283 0.029625 0.0116122 0.0099681 -0.0768719 1.40067 2.94587 0.00941293 6.35156e-06 
6.17693 0.00831835 -0.655725 1.52353 -3.08429 0.0344665 0.0137547 0.0099681 -0.0768719 1.40067 2.94587 0.00941293 6.35156e-06 
6.20567 0.00828891 -0.65616 1.52455 -3.08328 0.0286866 0.011196 0.0099681 -0.0768719 1.40067 2.94587 0.00941293 6.35156e-06 
6.23579 0.00828891 -0.65616 1.52455 -3.08328 0.0286866 0.011196 0.0099681 -0.0768719 1.40067 2.94587 0.00941293 6.35156e-06 
6.26418 0.00827967 -0.656236 1.52473 -3.08283 0.029625 0.0116122 0.0099681 -0.0768719 1.40067 2.94587 0.00941293 6.35156e-06 
6.29489 0.00828891 -0.65616 1.52455 -3.08328 0.0286866 0.011196 0.0099681 -0.0768719 1.40067 2.94587 0.00941293 6.35156e-06 
6.32465 0.00828891 -0.65616 1.52455 -3.08328 0.0286866 0.011196 0.0099681 -0.0768719 1.40067 2.94587 0.00941293 6.35156e-06 
6.35422 0.00827967 -0.656236 1.52473 -3.08283 0.029625 0.0116122 0.0099681 -0.0768719 1.40067 2.94587 0.00941293 6.35156e-06 
6.3849 0.00827967 -0.656236 1.52473 -3.08283 0.029625 0.0116122 0.0099681 -0.0768719 1.40067 2.94587 0.00941293 6.35156e-06 
6.41618 0.00831835 -0.655725 1.52353 -3.08429 0.0344665 0.0137547 0.0099681 -0.0768719 1.40067 2.94587 0.00941293 6.35156e-06 
6.44771 0.00827967 -0.656236 1.52473 -3.08283 0.029625 0.0116122 0.0099681 -0.0768719 1.40067 2.94587 0.00941293 6.35156e-06 
6.47764 0.00827967 -0.656236 1.52473 -3.08283 0.029625 0.0116122 0.0099681 -0.0768719 1.40067 2.94587 0.00941293 6.35156e-06 
6.50803 0.00831835 -0.655725 1.52353 -3.08429 0.0344665 0.0137547 0.0099681 -0.0768719 1.40067 2.94587 0.00941293 6.35156e-06 
6.53817 0.00827967 -0.656236 1.52473 -3.08283 0.029625 0.0116122 0.0099681 -0.0768719 1.40067 2.94587 0.00941293 6.35156e-06 
6.56841 0.00827963 -0.656236 1.52473 -3.08283 0.0296374 0.0116121 0.0099681 -0.0768719 1.40067 2.94587 0.00941293 6.35156e-06 
6.59827 0.00827967 -0.656236 1.52473 -3.08283 0.029625 0.0116122 0.0099681 -0.0768719 1.40067 2.94587 0.00941293 6.35156e-06 
6.62823 0.00828891 -0.65616 1.52455 -3.08328 0.0286866 0.011196 0.0099681 -0.0768719 1.40067 2.94587 0.00941293 6.35156e-06 
6.65843 0.00827967 -0.656236 1.52473 -3.08283 0.029625 0.0116122 0.0099681 -0.0768719 1.40067 2.94587 0.00941293 6.35156e-06 
6.68803 0.00827967 -0.656236 1.52473 -3.08283 0.029625 0.0116122 0.0099681 -0.0768719 1.40067 2.94587 0.00941293 6.35156e-06 
6.71835 0.00827967 -0.656236 1.52473 -3.08283 0.029625 0.0116122 0.0099681 -0.0768719 1.40067 2.94587 0.00941293 6.35156e-06 
6.74891 0.00828891 -0.65616 1.52455 -3.08328 0.0286866 0.011196 0.0099681 -0.0768719 1.40067 2.94587 0.00941293 6.35156e-06 
6.77905 0.00827967 -0.656236 1.52473 -3.08283 0.029625 0.0116122 0.0099681 -0.0768719 1.40067 2.94587 0.00941293 6.35156e-06 
6.80986 0.00828891 -0.65616 1.52455 -3.08328 0.0286866 0.011196 0.0099681 -0.0768719 1.40067 2.94587 0.00941293 6.35156e-06 
6.83974 0.00828891 -0.65616 1.52455 -3.08328 0.0286866 0.011196 0.0099681 -0.0768719 1.40067 2.94587 0.00941293 6.35156e-06 
6.86915 0.00827967 -0.656236 1.52473 -3.08283 0.029625 0.0116122 0.0099681 -0.0768719 1.40067 2.94587 0.00941293 6.35156e-06 
6.89959 0.00827967 -0.656236 1.52473 -3.08283 0.029625 0.0116122 0.0099681 -0.0768719 1.40067 2.94587 0.00941293 6.35156e-06 
6.9293 0.00827967 -0.656236 1.52473 -3.08283 0.029625 0.0116122 0.0099681 -0.0768719 1.40067 2.94587 0.00941293 6.35156e-06 
6.95964 0.00827967 -0.656236 1.52473 -3.08283 0.029625 0.0116122 0.0099681 -0.0768719 1.40067 2.94587 0.00941293 6.35156e-06 
6.99006 0.00828891 -0.65616 1.52455 -3.08328 0.0286866 0.011196 0.0099681 -0.0768719 1.40067 2.94587 0.00941293 6.35156e-06 
7.02023 0.00827967 -0.656236 1.52473 -3.08283 0.029625 0.0116122 0.0099681 -0.0768719 1.40067 2.94587 0.00941293 6.35156e-06 
7.05261 0.00827967 -0.656236 1.52473 -3.08283 0.029625 0.0116122 0.0099681 -0.0768719 1.40067 2.94587 0.00941293 6.35156e-06 
7.07683 0.00827967 -0.656236 1.52473 -3.08283 0.029625 0.0116122 0.0099681 -0.0768719 1.40067 2.94587 0.00941293 6.35156e-06 
7.10597 0.00818051 -0.657055 1.52679 -3.08313 0.0259939 0.00738972 0.0099681 -0.0768719 1.40067 2.94587 0.00941293 6.35156e-06 
7.13639 0.00827967 -0.656236 1.52473 -3.08283 0.029625 0.0116122 0.0099681 -0.0768719 1.40067 2.94587 0.00941293 6.35156e-06 
7.16632 0.00818051 -0.657055 1.52679 -3.08313 0.0259939 0.00738972 0.0099681 -0.0768719 1.40067 2.94587 0.00941293 6.35156e-06 
7.19615 0.00818051 -0.657055 1.52679 -3.08313 0.0259939 0.00738972 0.0099681 -0.0768719 1.40067 2.94587 0.00941293 6.35156e-06 
7.22831 0.00827967 -0.656236 1.52473 -3.08283 0.029625 0.0116122 0.0099681 -0.0768719 1.40067 2.94587 0.00941293 6.35156e-06 
7.25806 0.00824172 -0.656726 1.52588 -3.0815 0.0243453 0.00928179 0.0099681 -0.0768719 1.40067 2.94587 0.00941293 6.35156e-06 
7.28807 0.00827967 -0.656236 1.52473 -3.08283 0.029625 0.0116122 0.0099681 -0.0768719 1.40067 2.94587 0.00941293 6.35156e-06 
7.31626 0.00824815 -0.656671 1.52575 -3.08183 0.023697 0.00899506 0.0099681 -0.0768719 1.40067 2.94587 0.00941293 6.35156e-06 
7.34636 0.00828891 -0.65616 1.52455 -3.08328 0.0286866 0.011196 0.0099681 -0.0768719 1.40067 2.94587 0.00941293 6.35156e-06 
7.3776 0.00827967 -0.656236 1.52473 -3.08283 0.029625 0.0116122 0.0099681 -0.0768719 1.40067 2.94587 0.00941293 6.35156e-06 
7.4096 0.00831835 -0.655725 1.52353 -3.08429 0.0344665 0.0137547 0.0099681 -0.0768719 1.40067 2.94587 0.00941293 6.35156e-06 
7.44129 0.00827967 -0.656236 1.52473 -3.08283 0.029625 0.0116122 0.0099681 -0.0768719 1.40067 2.94587 0.00941293 6.35156e-06 
7.46955 0.00827967 -0.656236 1.52473 -3.08283 0.029625 0.0116122 0.0099681 -0.0768719 1.40067 2.94587 0.00941293 6.35156e-06 
7.5003 0.00828891 -0.65616 1.52455 -3.08328 0.0286866 0.011196 0.0099681 -0.0768719 1.40067 2.94587 0.00941293 6.35156e-06 
7.53086 0.00818051 -0.657055 1.52679 -3.08313 0.0259939 0.00738972 0.0099681 -0.0768719 1.40067 2.94587 0.00941293 6.35156e-06 
7.55987 0.00831141 -0.656312 1.52478 -3.08043 0.0217626 0.0106248 0.0099681 -0.0768719 1.40067 2.94587 0.00941293 6.35156e-06 
7.65277 0.00827967 -0.656236 1.52473 -3.08283 0.029625 0.0116122 0.0099681 -0.0768719 1.40067 2.94587 0.00941293 6.35156e-06 
7.68174 0.00827967 -0.656236 1.52473 -3.08283 0.029625 0.0116122 0.0099681 -0.0768719 1.40067 2.94587 0.00941293 6.35156e-06 
7.70469 0.00827967 -0.656236 1.52473 -3.08283 0.029625 0.0116122 0.0099681 -0.0768719 1.40067 2.94587 0.00941293 6.35156e-06 
7.73168 0.00827967 -0.656236 1.52473 -3.08283 0.029625 0.0116122 0.0099681 -0.0768719 1.40067 2.94587 0.00941293 6.35156e-06 
7.76188 0.00831835 -0.655725 1.52353 -3.08429 0.0344665 0.0137547 0.0099681 -0.0768719 1.40067 2.94587 0.00941293 6.35156e-06 
7.7901 0.00827967 -0.656236 1.52473 -3.08283 0.029625 0.0116122 0.0099681 -0.0768719 1.40067 2.94587 0.00941293 6.35156e-06 
7.8222 0.00830221 -0.656392 1.52496 -3.07996 0.0227006 0.0110413 0.0099681 -0.0768719 1.40067 2.94587 0.00941293 6.35156e-06 
7.85218 0.00827963 -0.656236 1.52473 -3.08283 0.0296374 0.0116121 0.0099681 -0.0768719 1.40067 2.94587 0.00941293 6.35156e-06 
7.94984 0.00818051 -0.657055 1.52679 -3.08313 0.0259939 0.00738972 0.0099681 -0.0768719 1.40067 2.94587 0.00941293 6.35156e-06 
7.9787 0.00827967 -0.656236 1.52473 -3.08283 0.029625 0.0116122 0.0099681 -0.0768719 1.40067 2.94587 0.00941293 6.35156e-06 
7.99825 0.00818051 -0.657055 1.52679 -3.08313 0.0259939 0.00738972 0.0099681 -0.0768719 1.40067 2.94587 0.00941293 6.35156e-06 
8.02666 0.00818051 -0.657055 1.52679 -3.08313 0.0259939 0.00738972 0.0099681 -0.0768719 1.40067 2.94587 0.00941293 6.35156e-06 
8.05748 0.00827967 -0.656236 1.52473 -3.08283 0.029625 0.0116122 0.0099681 -0.0768719 1.40067 2.94587 0.00941293 6.35156e-06 
8.08692 0.00818051 -0.657055 1.52679 -3.08313 0.0259939 0.00738972 0.0099681 -0.0768719 1.40067 2.94587 0.00941293 6.35156e-06 
8.11685 0.00831835 -0.655725 1.52353 -3.08429 0.0344665 0.0137547 0.0099681 -0.0768719 1.40067 2.94587 0.00941293 6.35156e-06 
8.14812 0.00828891 -0.65616 1.52455 -3.08328 0.0286866 0.011196 0.0099681 -0.0768719 1.40067 2.94587 0.00941293 6.35156e-06 
8.17522 0.00827967 -0.656236 1.52473 -3.08283 0.029625 0.0116122 0.0099681 -0.0768719 1.40067 2.94587 0.00941293 6.35156e-06 
8.20574 0.00835796 -0.655197 1.52229 -3.08586 0.0388752 0.0157102 0.0099681 -0.0768719 1.40067 2.94587 0.00941293 6.35156e-06 
8.2376 0.00928655 -0.646155 1.50641 0.789278 -3.07952 3.11114 0.00998522 -0.0768836 1.40083 2.94484 0.0164476 0.000457127 
8.26719 0.00936902 -0.645995 1.50588 0.786734 -3.08933 3.11773 0.00999955 -0.07691 1.40062 2.94863 0.000244922 0.0016013 
8.29787 0.00945866 -0.645079 1.50377 0.790175 -3.09023 3.11812 0.00999955 -0.07691 1.40062 2.94863 0.000244922 0.0016013 
8.32779 0.00954053 -0.64461 1.50269 0.791277 -3.09644 3.12078 0.00976634 -0.0755106 1.40501 0.294766 -3.11075 3.14137 
8.35709 0.00935544 -0.645141 1.49861 -3.12496 0.0510218 0.0210968 0.00969533 -0.0755928 1.40633 0.291764 -3.10664 3.14116 
8.3882 0.00938318 -0.644424 1.49706 -3.12985 0.0558374 0.020458 0.00944092 -0.0757869 1.4096 0.28756 -3.0797 3.13964 
8.41728 0.00966919 -0.644591 1.4973 -3.12923 0.0594915 0.024652 0.00916271 -0.0762729 1.41702 0.262318 -3.08814 3.14016 
8.44722 0.00993062 -0.644418 1.49688 -3.13169 0.0700542 0.029116 0.00877016 -0.0769783 1.42827 0.217971 -3.11041 3.14006 
8.47733 0.00997282 -0.643882 1.49562 -3.1345 0.0676125 0.027994 0.00877016 -0.0769783 1.42827 0.217971 -3.11041 3.14006 
8.50959 0.0100888 -0.643997 1.49588 -3.13452 0.0642286 0.0264912 0.00823803 -0.0781182 1.42981 3.04621 0.0548345 0.00374672 
8.53781 0.0100888 -0.643997 1.49588 -3.13452 0.0642286 0.0264912 0.00816604 -0.0781305 1.43022 3.04929 0.0297262 0.00529411 
8.56818 0.0102739 -0.645021 1.49829 -3.13159 0.0748277 0.0310174 0.0080575 -0.0781009 1.42896 3.03765 0.0283234 0.00503262 
8.59793 0.0100661 -0.644404 1.49684 -3.13298 0.0727493 0.0301904 0.00790477 -0.0779119 1.42567 3.02494 0.0379012 0.00703063 
8.62775 0.0101204 -0.644046 1.49599 -3.13476 0.0691808 0.0286073 0.00755986 -0.0775943 1.41879 2.9931 0.0683982 0.00636781 
8.65752 0.0101204 -0.644046 1.49599 -3.13476 0.0691808 0.0286073 0.00709222 -0.0771925 1.40943 2.96154 0.0779708 0.00691454 
8.68785 0.0101172 -0.644726 1.4976 -3.13194 0.0746438 0.0309999 0.00694374 -0.0771257 1.40698 2.95744 0.0646333 0.00851839 
8.71793 0.0100661 -0.644404 1.49684 -3.13298 0.0727493 0.0301904 0.00676677 -0.0770222 1.40484 2.95424 0.0484477 0.00773674 
8.74786 0.00990772 -0.644796 1.49777 -3.13028 0.0783114 0.0327075 0.00655194 -0.0770306 1.40427 2.95597 0.0357814 0.00576939 
8.78056 0.00963592 -0.643554 1.50026 0.79534 -3.0962 3.12067 0.00638696 -0.076922 1.40226 2.95659 0.00673261 0.00391297 
8.81015 0.00955048 -0.644249 1.50186 0.793076 -3.09271 3.11917 0.00628512 -0.0754358 1.40249 -2.85418 0.0106247 0.00679925 
8.84081 0.00946078 -0.644838 1.50334 0.79281 -3.0893 3.11948 0.00609024 -0.0755969 1.40539 -2.85433 -0.0291978 0.00506538 
8.87026 0.00947148 -0.644672 1.50283 0.79215 -3.08659 3.11653 0.00583352 -0.0758238 1.40912 -2.86062 -0.0542015 0.0036523 
8.89808 0.00932002 -0.646195 1.50648 0.783971 -3.08853 3.11989 0.00570136 -0.0757745 1.40989 -2.8639 -0.0577824 0.00413973 
8.93002 0.00812748 -0.652709 1.51633 -3.0954 0.0382952 0.0218518 0.00407308 -0.0777884 1.42141 3.0088 0.0396862 0.00916774 
8.961 0.00803504 -0.651823 1.51424 -3.09953 0.0428165 0.0238067 0.00345892 -0.0772604 1.40906 2.9655 0.0555746 0.0101755 
8.98799 0.00772885 -0.650419 1.51101 -3.10921 0.039717 0.024905 0.00321739 -0.0770453 1.40528 2.95362 0.0560413 0.0081114 
9.01782 0.00744205 -0.649766 1.50959 -3.11198 0.0411735 0.0233617 0.00310636 -0.0770078 1.40481 2.95792 0.0264712 0.00654103 
9.049 0.00718584 -0.648496 1.50659 -3.11816 0.0411318 0.0232733 0.00289519 -0.077014 1.40347 2.94718 0.0482423 0.00253607 
9.07806 0.00681996 -0.647023 1.50342 -3.12668 0.0655114 0.0286798 0.00274037 -0.0769356 1.40214 2.94971 0.0188373 0.000759606 
9.10908 0.00678438 -0.64585 1.50083 -3.13883 0.038529 0.0254101 0.00250606 -0.0756025 1.40544 -2.85582 -0.0249783 0.00529769 
9.14491 0.00661437 -0.644615 1.49758 -3.1382 0.0528462 0.0254108 0.00227759 -0.0758024 1.40874 -2.86113 -0.0477616 0.00407596 
9.17464 0.00623178 -0.646797 1.50308 -3.13246 0.0533882 0.0321187 0.00147474 -0.0766345 1.42262 -2.9149 -0.0472179 0.00514819 
9.20128 0.00566821 -0.648392 1.50654 -3.11337 0.0754492 0.0408223 0.0012674 -0.0770344 1.42812 -2.9453 -0.0291012 0.00620866 
9.23441 0.00542528 -0.648149 1.50617 -3.12019 0.0563626 0.0316173 0.0010161 -0.0780646 1.4297 3.07486 0.0172204 0.0107594 
9.26137 0.00506669 -0.649743 1.51468 0.767622 -3.10162 3.13451 -0.000499038 -0.077088 1.40523 2.9525 0.0618485 0.00718628 
9.29099 0.00502524 -0.650254 1.51573 0.764026 -3.09982 3.13171 -0.000556162 -0.0769532 1.40518 2.96157 0.0412323 0.00909385 
9.32175 0.00505466 -0.64983 1.51501 0.768733 -3.10427 3.13727 -0.000760931 -0.0769093 1.40458 2.96584 0.0261371 0.00828933 
9.35186 0.00526134 -0.648569 1.51202 0.773408 -3.08924 3.12497 -0.000609469 -0.0756062 1.40737 0.289781 -3.02841 3.13654 
9.38269 0.00507083 -0.651024 1.51268 -3.09748 0.0525592 0.032999 -0.000890651 -0.0755943 1.40736 0.293563 -3.03637 3.13647 
9.41171 0.00546912 -0.648634 1.51264 0.775081 -3.08588 3.12743 -0.00116542 -0.0759495 1.41079 -2.8759 -0.0639479 0.00677607 
9.44245 0.0052965 -0.649635 1.50976 -3.10589 0.0640884 0.0361737 -0.00139249 -0.075828 1.40958 -2.87425 -0.0512529 0.00934513 
9.4725 0.00545998 -0.650741 1.51234 -3.10241 0.0623585 0.0401187 -0.00152955 -0.0759892 1.4113 -2.87963 -0.0359572 0.0110865 
9.50194 0.00562006 -0.649741 1.50988 -3.1054 0.0760691 0.0434739 -0.00160815 -0.0760639 1.41145 -2.88539 -0.0422756 0.0120092 
9.53156 0.0058427 -0.649719 1.50994 -3.10802 0.0721372 0.0437449 -0.00158619 -0.0759248 1.41111 -2.87742 -0.0478913 0.00942488 
9.56195 0.00646645 -0.649616 1.5099 -3.11833 0.0414668 0.0374795 -0.00183162 -0.0758658 1.41117 -2.88906 -0.050526 0.0133098 
9.59195 0.00685541 -0.649772 1.51041 -3.12106 0.0240411 0.0326106 -0.00179971 -0.0758711 1.41065 -2.884 -0.0590117 0.0110974 
9.62171 0.00695753 -0.648778 1.50796 -3.12417 0.0198365 0.0292031 -0.00175222 -0.0755724 1.40656 -2.87639 -0.0609938 0.0129426 
9.65247 0.00711896 -0.648186 1.50669 -3.12541 0.0145861 0.025201 -0.00183565 -0.0757005 1.40821 -2.88885 -0.0513289 0.0162942 
9.68254 0.00750853 -0.648361 1.50746 -3.12507 0.00267404 0.025334 -0.00189592 -0.0756378 1.40776 -2.89202 -0.0487639 0.0180845 
9.71194 0.00750013 -0.648491 1.50741 -3.12336 0.00642294 0.0258196 -0.00194332 -0.0756986 1.40866 -2.89522 -0.0488387 0.0181052 
9.74277 0.00806674 -0.648876 1.50831 -3.12578 0.0071861 0.0296153 -0.00202842 -0.0756472 1.40716 -2.88874 -0.0654899 0.0156946 
9.7722 0.0082289 -0.651475 1.51375 -3.11214 0.0161429 0.0259104 -0.00205716 -0.0756493 1.40776 -2.89438 -0.0578192 0.0177352 
9.80299 0.00851973 -0.64919 1.50896 -3.12393 0.00198366 0.0294033 -0.00203247 -0.0756535 1.40726 -2.88913 -0.064362 0.0159776 
9.83253 0.00849429 -0.649085 1.50873 -3.12077 0.0103809 0.0294683 -0.00209528 -0.075595 1.40688 -2.89224 -0.0607185 0.0178086 
9.86333 0.00865372 -0.651158 1.51803 -2.36505 -0.00803973 0.0177553 -0.0020671 -0.0755914 1.40626 -2.88656 -0.0682035 0.015778 
9.89316 0.00867131 -0.651175 1.5179 -2.36651 -0.0132418 0.0134996 -0.0020346 -0.0755045 1.40526 -2.87593 -0.0770823 0.0125467 
9.9247 0.00877886 -0.649907 1.51498 -2.36115 -0.0173413 0.0117454 -0.00206059 -0.0755086 1.40591 -2.88139 -0.0702243 0.014538 
9.95192 0.00873649 -0.651608 1.51893 -2.35945 -0.00903872 0.0142275 -0.00203655 -0.075581 1.4073 -2.89625 -0.0505626 0.0196378 
9.981 0.00873649 -0.651608 1.51893 -2.35945 -0.00903872 0.0142275 -0.00212472 -0.0759404 1.411 -2.89905 -0.0652318 0.0143184 
10.0106 0.0086974 -0.650952 1.51764 -2.36561 -0.0208518 0.0059202 -0.00209769 -0.0760809 1.41226 -2.90675 -0.0588675 0.0156147 
10.0406 0.0086659 -0.651079 1.51796 -2.36678 -0.0117657 0.0143284 -0.00207113 -0.0758582 1.4098 -2.89418 -0.0665548 0.0142052 
10.072 0.00851752 -0.654057 1.51936 -3.11106 -0.00185261 0.0189568 -0.00201934 -0.0757819 1.40867 -2.88982 -0.0674677 0.0141194 
10.1035 0.00850856 -0.653885 1.51939 -3.10508 0.000209673 0.0188882 -0.00198494 -0.0758419 1.40965 -2.89209 -0.0633199 0.0142219 
10.1311 0.0082658 -0.651447 1.5145 -3.11295 -0.00495533 0.022717 -0.00190205 -0.075831 1.40958 -2.89032 -0.0591122 0.0142945 
10.1646 0.00813313 -0.65118 1.51386 -3.11495 -0.00433178 0.0229311 -0.00190205 -0.075831 1.40958 -2.89032 -0.0591122 0.0142945 
10.1942 0.00803797 -0.650649 1.51215 -3.12424 0.00435141 0.0243463 -0.00190205 -0.075831 1.40958 -2.89032 -0.0591122 0.0142945 
10.2252 0.00804264 -0.652651 1.51644 -3.1141 0.0239619 0.0208143 -0.00182227 -0.0758229 1.40954 -2.88869 -0.0539809 0.0144226 
10.2572 0.00772197 -0.651162 1.51297 -3.11029 0.0236695 0.0219719 -0.00169266 -0.0759133 1.4112 -2.88933 -0.0339556 0.0151241 
10.2836 0.00770303 -0.650751 1.51245 -3.10519 0.0219409 0.0229348 -0.00145947 -0.0759861 1.41182 -2.89019 -0.0244643 0.0179345 
10.3149 0.00752016 -0.649314 1.5088 -3.11222 0.0368866 0.0254504 -0.00121771 -0.0763415 1.41552 -2.90863 -0.0605494 0.0158563 
10.3481 0.00735592 -0.648874 1.50756 -3.12096 0.0303371 0.0243942 -0.00114623 -0.0763126 1.41576 -2.91196 -0.0385115 0.018579 
10.3749 0.00732704 -0.649359 1.50905 -3.12103 0.0195658 0.0214234 -0.000754005 -0.0769112 1.40781 2.99681 0.00994641 0.0173459 
10.4078 0.00695159 -0.647276 1.50407 -3.13199 0.0423013 0.0256523 -0.000496633 -0.0771057 1.41072 3.00678 0.0280726 0.0213277 
10.4349 0.00695335 -0.647339 1.50403 -3.12398 0.0427384 0.0263791 -0.000393705 -0.076952 1.40877 2.98991 0.0350108 0.0177653 
10.4651 0.00684407 -0.645418 1.49981 -3.14098 0.0334083 0.0231671 -0.00015537 -0.0771556 1.41009 2.98478 0.0189869 0.0184043 
10.4939 0.00678655 -0.645972 1.50077 -3.13342 0.054122 0.0262645 -0.000231242 -0.0770749 1.40921 2.97941 0.0270088 0.0169558 
10.5252 0.00665291 -0.643917 1.4964 3.13535 0.0370148 0.0221066 0.00215592 -0.0758152 1.40989 -2.86658 -0.0263472 0.0113511 
10.5559 0.00709396 -0.647733 1.50481 -3.12559 0.0638434 0.0236325 0.00257484 -0.0757747 1.40939 -2.87497 -0.0330489 0.00934073 
10.5847 0.00718962 -0.648639 1.50681 -3.12028 0.0561254 0.0229413 0.00290074 -0.0768765 1.40506 2.96841 0.0361707 0.0101506 
10.6145 0.00733266 -0.64995 1.5099 -3.11491 0.0524357 0.0213676 0.00333265 -0.0769897 1.40689 2.9694 0.0388947 0.0132203 
10.6426 0.00745674 -0.651098 1.51273 -3.1118 0.0541974 0.0194961 0.00348715 -0.077166 1.40954 2.97322 0.0486358 0.0124684 
10.6728 0.00805052 -0.656681 1.52589 -3.08625 0.025607 0.0071907 0.004083 -0.0776911 1.41973 3.01139 0.0374069 0.0124864 
10.7059 0.00992096 -0.639925 1.48655 3.13137 0.0182129 0.00575126 0.00701172 -0.0770984 1.40799 2.96907 0.0481531 0.0124873 
10.7377 0.010012 -0.640542 1.48789 3.13375 0.036102 0.011603 0.00710629 -0.0771503 1.40978 2.96583 0.0748763 0.00813775 
10.7686 0.0104688 -0.643363 1.4945 3.14153 0.0633123 0.0232538 0.00807135 -0.0777002 1.4221 3.03193 0.0606541 0.0125242 
10.799 0.0114447 -0.651384 1.51324 -3.10883 0.0481317 0.0193589 0.00928922 -0.0756523 1.40854 -2.86444 -0.0526492 0.00643531 
10.8254 0.0118543 -0.655034 1.52197 -3.0942 0.03645 0.0116821 0.00951321 -0.0757046 1.40784 -2.86096 -0.0347841 0.00686686 
10.8555 0.0119984 -0.656048 1.52432 -3.08896 0.0170662 0.00840232 0.00989334 -0.0769214 1.40328 2.95792 0.0257442 0.0028078 
10.8853 0.0122092 -0.657021 1.52677 -3.08497 0.0191266 0.00676779 0.0101366 -0.0769471 1.40314 2.94685 0.0634467 0.004962 
10.9141 0.0123949 -0.654569 1.52078 -3.0881 0.0420634 0.0168933 0.0105675 -0.0770807 1.40722 2.96132 0.0634508 0.00978615 
10.9435 0.0132132 -0.645306 1.4991 -3.1262 0.0593983 0.0218287 0.0121502 -0.077361 1.43235 -2.97242 0.00482522 0.00729514 
10.975 0.0135319 -0.642481 1.49244 -3.13902 0.0411212 0.0137039 0.0129464 -0.0757543 1.41109 -2.86542 -0.0384802 0.00578805 
11.0048 0.0137952 -0.639915 1.48639 3.13282 0.0237848 0.00607816 0.0132465 -0.0755306 1.40588 -2.85509 -0.0211802 0.00618012 
11.0343 0.0139275 -0.640772 1.48839 3.1349 0.0337005 0.0103587 0.0136066 -0.0767878 1.40201 2.96237 0.00309034 0.0065086 
11.0657 0.0142368 -0.642571 1.49261 3.13932 0.05632 0.020069 0.013528 -0.0769309 1.40194 2.94944 0.0252802 0.0010934 
11.0965 0.0143252 -0.643034 1.49369 3.14047 0.0626883 0.0227906 0.0139144 -0.0770036 1.40461 2.95767 0.0329626 0.00682396 
11.1275 0.0144384 -0.643792 1.49547 -3.14019 0.065471 0.0239752 0.0143041 -0.0772314 1.40892 2.95702 0.0857148 0.00578355 
11.1572 0.0142715 -0.64269 1.49288 3.13937 0.0608832 0.0220208 0.0155997 -0.0782618 1.43202 3.05617 0.0269858 0.00382884 
11.1871 0.014356 -0.643412 1.49458 -3.14097 0.0581977 0.0208683 0.0157129 -0.0783254 1.43417 3.07211 0.0162026 0.00313445 
11.2181 0.0147245 -0.646047 1.50077 -3.13164 0.0626035 0.0227379 0.017123 -0.0754398 1.40458 0.295471 -3.11514 3.14006 
11.2464 0.0153446 -0.651067 1.51259 -3.1114 0.0504299 0.0175024 0.0171701 -0.0768807 1.40069 2.94465 0.0208808 0.000659322 
11.2768 0.0137611 -0.639706 1.4859 3.13258 0.0188164 0.00392991 0.0194914 -0.0783144 1.43428 -0.0798393 3.13759 3.14101 
11.3072 0.0137114 -0.640237 1.48715 3.13477 0.0212922 0.00501534 0.0195236 -0.0782308 1.4321 -0.0902851 -3.12577 3.1395 
11.337 0.0124483 -0.654223 1.52006 -3.09698 0.0098877 0.000114125 0.0195916 -0.0781958 1.43065 -0.103461 -3.12636 3.13979 
11.3673 0.0122977 -0.655866 1.52393 -3.08969 0.0145558 0.00215753 0.0199183 -0.0776767 1.41761 -0.160978 -3.08394 3.13772 
11.3974 0.0122039 -0.656899 1.52637 -3.08547 0.0142292 0.00202646 0.0201929 -0.0772965 1.40897 -0.188064 -3.07763 3.13745 
11.428 0.0122039 -0.656899 1.52637 -3.08547 0.0142292 0.00202646 0.0203233 -0.0771775 1.40641 -0.193932 -3.08546 3.13779 
11.4577 0.012143 -0.657515 1.52783 -3.08205 0.0205393 0.00477671 0.020564 -0.077026 1.40344 -0.195792 -3.11931 3.13949 
11.4877 0.00987267 -0.639713 1.48595 3.13261 0.0178896 0.00373988 0.0206995 -0.0769127 1.40126 -0.196699 3.1392 3.14097 
11.518 0.00987267 -0.639713 1.48595 3.13261 0.0178896 0.00373988 0.0206995 -0.0769127 1.40126 -0.196699 3.1392 3.14097 
11.5484 0.00987267 -0.639713 1.48595 3.13261 0.0178896 0.00373988 0.0207439 -0.0768674 1.40045 2.94557 0.0160495 0.000298745 
11.5778 0.00987267 -0.639713 1.48595 3.13261 0.0178896 0.00373988 0.0207439 -0.0768674 1.40045 2.94557 0.0160495 0.000298745 
11.6079 0.00987267 -0.639713 1.48595 3.13261 0.0178896 0.00373988 0.0207122 -0.0768985 1.40037 -0.193757 3.11666 3.14037 
11.6386 0.00987267 -0.639713 1.48595 3.13261 0.0178896 0.00373988 0.0207693 -0.07699 1.40173 -0.186171 3.113 3.1386 
11.6683 0.00987267 -0.639713 1.48595 3.13261 0.0178896 0.00373988 0.0208575 -0.0753764 1.40258 0.296118 3.11872 3.14039 
11.6986 0.00987267 -0.639713 1.48595 3.13261 0.0178896 0.00373988 0.020823 -0.0755673 1.40559 0.287523 3.09185 3.14142 
11.7288 0.00987267 -0.639713 1.48595 3.13261 0.0178896 0.00373988 0.0209997 -0.0756053 1.40555 0.289612 3.08482 3.1403 
11.759 0.00987267 -0.639713 1.48595 3.13261 0.0178896 0.00373988 0.021175 -0.0755975 1.4056 0.293682 3.07802 3.14086 
11.7894 0.00958145 -0.642716 1.49302 -3.13968 0.0190528 0.00426562 0.0212411 -0.0756609 1.40632 0.286331 3.09071 3.13636 
11.8211 0.00871093 -0.651741 1.51425 -3.10633 0.013255 0.00178062 0.0212411 -0.0756609 1.40632 0.286331 3.09071 3.13636 
11.9137 0.00963629 -0.642171 1.49173 3.14116 0.0159086 0.00288828 0.0212411 -0.0756609 1.40632 0.286331 3.09071 3.13636 
11.9433 0.00987267 -0.639713 1.48595 3.13261 0.0178896 0.00373988 0.0211608 -0.0756075 1.40542 0.287351 3.09893 3.13593 
11.9633 0.00977087 -0.640743 1.48838 3.13661 0.0207195 0.00498367 0.0208759 -0.0758545 1.40897 0.269231 3.08243 3.13642 
11.9888 0.00987267 -0.639713 1.48595 3.13261 0.0178896 0.00373988 0.020966 -0.0757977 1.40821 0.274321 3.08448 3.13644 
12.0777 0.0097816 -0.64067 1.4882 3.13573 0.0155205 0.00271045 0.0208763 -0.0759529 1.40951 0.261601 3.0944 3.13457 
12.1029 0.00976769 -0.64076 1.48842 3.13685 0.0222289 0.0056447 0.0206581 -0.0771956 1.4055 -0.171254 3.12199 3.13163 
12.1251 0.00981839 -0.640249 1.48721 3.13488 0.0209674 0.00508931 0.0205171 -0.077045 1.40276 -0.184804 3.11942 3.13388 
12.1527 0.0097181 -0.641265 1.48961 3.13874 0.0229017 0.00594244 0.020494 -0.0770736 1.40333 -0.184236 3.12408 3.13357 
12.1863 0.00987267 -0.639713 1.48595 3.13261 0.0178896 0.00373988 0.0203992 -0.0771735 1.40532 -0.182948 -3.13971 3.13242 
12.2143 0.00987267 -0.639713 1.48595 3.13261 0.0178896 0.00373988 0.0202962 -0.0772676 1.40709 -0.181893 -3.12192 3.13159 
12.2468 0.00987267 -0.639713 1.48595 3.13261 0.0178896 0.00373988 0.0201736 -0.0773923 1.4098 -0.175687 -3.11444 3.13123 
12.2768 0.00987267 -0.639713 1.48595 3.13261 0.0178896 0.00373988 0.020044 -0.0773758 1.40954 -0.173407 -3.09697 3.13044 
12.3041 0.00987267 -0.639713 1.48595 3.13261 0.0178896 0.00373988 0.0197953 -0.0774986 1.41262 -0.160632 -3.08769 3.12962 
12.3334 0.00987267 -0.639713 1.48595 3.13261 0.0178896 0.00373988 0.0196475 -0.0776131 1.41549 -0.148294 -3.0888 3.12941 
12.3639 0.0097631 -0.640782 1.48847 3.13719 0.0243869 0.00659036 0.019415 -0.077891 1.42275 -0.113328 -3.10576 3.12976 
12.3936 0.00824547 -0.656478 1.52542 -3.0864 0.0197129 0.00462878 0.0171061 -0.076913 1.40131 -0.196784 -3.14144 3.14084 
12.4249 0.0081805 -0.657055 1.52678 -3.08314 0.026005 0.00738907 0.0165485 -0.0773434 1.41037 -0.178982 -3.0911 3.13429 
12.4547 0.0081805 -0.657055 1.52678 -3.08314 0.026005 0.00738907 0.0165039 -0.0773938 1.40959 -0.180079 -3.08827 3.13362 
12.4866 0.00805049 -0.65668 1.52589 -3.08625 0.0256241 0.00719094 0.0161025 -0.0776288 1.41539 -0.156172 -3.07764 3.13243 
12.5167 0.00787027 -0.655017 1.52197 -3.09427 0.0357741 0.0115768 0.0154607 -0.0772584 1.42919 0.189537 3.07703 3.13917 
12.548 0.00730573 -0.649676 1.50938 -3.11775 0.059022 0.0215646 0.0154458 -0.077299 1.42991 0.189372 3.08409 3.13918 
12.5748 0.00683532 -0.645872 1.50044 -3.13192 0.0561778 0.0203705 0.0145097 -0.0761113 1.41321 0.272826 3.06219 3.14065 
12.6047 0.00598426 -0.639722 1.48601 3.13263 0.0169331 0.00352992 0.0135597 -0.0768699 1.40059 2.94572 0.0117131 9.55799e-05 
12.6344 0.00598426 -0.639722 1.48601 3.13263 0.0169331 0.00352992 0.0135597 -0.0768699 1.40059 2.94572 0.0117131 9.55799e-05 
12.6657 0.0045537 -0.652831 1.51689 -3.09697 0.0497288 0.0180948 0.0132167 -0.0771424 1.40499 -0.194148 -3.10058 3.13626 
12.6972 0.00426581 -0.656029 1.52441 -3.08588 0.0361805 0.0120749 0.0125641 -0.0777777 1.41845 -0.151105 -3.09579 3.13387 
12.7271 0.00166669 -0.643297 1.49447 -3.13507 0.037311 0.0127053 0.00908719 -0.0775743 1.41466 -0.166418 -3.08071 3.13523 
12.7574 0.00130005 -0.646444 1.50715 0.788419 -3.07953 3.11152 0.00859814 -0.0780122 1.42571 -0.116901 -3.09557 3.13526 
12.7877 0.00037052 -0.654923 1.52185 -3.08931 0.0434737 0.0155211 0.00809112 -0.0772562 1.43045 0.19655 3.09602 3.14013 
12.8171 0.000145598 -0.657524 1.52795 -3.08203 0.0186377 0.00455644 0.00695126 -0.075656 1.40848 -2.84772 0.0706136 0.00301847 
12.8475 0.000194162 -0.655097 1.52225 -3.09043 0.0408484 0.0143061 0.0063758 -0.0768736 1.40074 -0.195635 3.13435 3.14149 
12.8775 2.51067e-05 -0.655301 1.52271 -3.09174 0.0354529 0.0118766 0.0063758 -0.0768736 1.40074 -0.195635 3.13435 3.14149 
12.9087 -9.67103e-05 -0.654988 1.52197 -3.09441 0.0344399 0.0113876 0.00629662 -0.0769388 1.4019 -0.196846 -3.12824 3.14012 
12.9374 -9.67103e-05 -0.654988 1.52197 -3.09441 0.0344399 0.0113876 0.00604467 -0.0770834 1.40459 -0.197546 -3.08723 3.13787 
12.969 -0.000721232 -0.648273 1.50615 -3.12346 0.0609629 0.0227683 0.00573765 -0.0773086 1.40939 -0.187395 -3.06883 3.13703 
12.9983 -0.00106418 -0.644941 1.49831 -3.13621 0.0641581 0.0241486 0.00489518 -0.078172 1.43046 -0.101794 -3.10908 3.13862 
13.0288 -0.00111618 -0.644481 1.49723 -3.13786 0.063687 0.0239506 0.00480989 -0.0782073 1.43193 -0.0883624 -3.10917 3.13832 
13.0587 -0.00100793 -0.645482 1.49958 -3.13417 0.0637656 0.0239782 0.00439954 -0.0770953 1.42994 -2.93221 0.0483286 0.00129506 
13.0914 -0.000841524 -0.647054 1.50328 -3.12826 0.0631867 0.0237225 0.00332978 -0.0773368 1.41118 -0.164755 3.13677 3.14136 
13.1199 -0.000955822 -0.645942 1.50066 -3.1325 0.0642447 0.0241795 0.00278326 -0.0768757 1.40082 -0.195501 3.13646 3.1414 
13.1485 -0.000841524 -0.647054 1.50328 -3.12826 0.0631867 0.0237225 0.00278326 -0.0768757 1.40082 -0.195501 3.13646 3.1414 
13.1786 0.00024263 -0.653303 1.51776 -3.09717 0.0424826 0.019645 0.00100863 -0.0782451 1.43268 3.05358 0.017113 0.000721847 
13.2087 0.000893264 -0.649913 1.515 0.769772 -3.09724 3.13 0.000909905 -0.078315 1.43451 3.06224 0.0173452 0.000744439 
13.2395 0.00115686 -0.649184 1.51333 0.773797 -3.08747 3.12214 0.000824453 -0.0782472 1.43238 3.04795 0.0275616 0.00143085 
13.2674 0.0012959 -0.64876 1.51296 0.774988 -3.09096 3.1298 0.000661803 -0.0781024 1.42839 3.02629 0.0425376 0.00225564 
13.2971 0.00137639 -0.648043 1.51128 0.777098 -3.09553 3.1353 0.00058677 -0.0780294 1.42649 3.01716 0.049024 0.00258169 
13.3269 0.00137178 -0.650565 1.51196 -3.10238 0.0570358 0.0379313 0.000255374 -0.0776856 1.4181 2.98301 0.0709238 0.00358896 
13.3563 0.00150157 -0.649759 1.50991 -3.10874 0.0631953 0.0381972 0.000253084 -0.0777187 1.41901 2.98815 0.0601943 0.00310028 
13.3903 0.00190971 -0.648555 1.50707 -3.11498 0.0722353 0.0422688 -8.26923e-05 -0.0773798 1.41115 2.96135 0.0723142 0.00363994 
13.4176 0.00225129 -0.648222 1.50639 -3.12042 0.05424 0.0363945 -0.000435566 -0.0770541 1.40533 2.95009 0.055696 0.00442694 
13.4486 0.00264776 -0.646924 1.50319 -3.12942 0.0374276 0.0311073 -0.000491565 -0.076963 1.40464 2.95216 0.046591 0.00540481 
13.4781 0.00320037 -0.649518 1.50954 -3.13199 0.0109892 0.0273032 -0.000511405 -0.07696 1.40466 2.95339 0.0402582 0.00506041 
13.5109 0.00365734 -0.648669 1.50773 -3.12428 0.0133817 0.0267117 -0.000804611 -0.0769693 1.40278 2.9493 0.0262524 0.00134245 
13.5398 0.0053822 -0.651477 1.51432 -3.10534 0.0305527 0.0372057 -0.00119903 -0.0759441 1.41136 -2.88086 -0.0550135 0.00920493 
13.5704 0.0055507 -0.651603 1.51463 -3.10613 0.0423247 0.0422498 -0.00118347 -0.0755567 1.40762 -2.86688 -0.030551 0.00977852 
13.6021 0.00560716 -0.651231 1.51346 -3.11215 0.0421732 0.0418197 -0.00136676 -0.07588 1.41047 -2.87528 -0.0436092 0.00963502 
13.6329 0.00561889 -0.651238 1.51387 -3.10603 0.0435366 0.0412601 -0.00134033 -0.0757116 1.40867 -2.86834 -0.052499 0.00799684 
13.66 0.00562405 -0.651368 1.51387 -3.11017 0.0435565 0.0410067 -0.00135245 -0.0757866 1.40893 -2.87257 -0.0493752 0.00945367 
13.6883 0.00565582 -0.65143 1.51416 -3.10811 0.0498554 0.0420765 -0.00139249 -0.075828 1.40958 -2.87425 -0.0512529 0.00934513 
13.718 0.00575681 -0.65127 1.51379 -3.10904 0.0514167 0.0427221 -0.00134766 -0.0755853 1.40868 -2.87288 -0.0386592 0.0112039 
13.7497 0.00568593 -0.650871 1.51308 -3.11368 0.0381532 0.0399995 -0.00140255 -0.075899 1.40978 -2.87829 -0.0486371 0.0106008 
13.7802 0.00566166 -0.650654 1.51234 -3.11094 0.046558 0.0406478 -0.00127474 -0.0760012 1.41126 -2.88564 -0.0618592 0.0101764 
13.8099 0.00566166 -0.650654 1.51234 -3.11094 0.046558 0.0406478 -0.00129842 -0.0759201 1.41154 -2.88611 -0.0555721 0.011201 
13.84 0.0058112 -0.650897 1.51265 -3.11084 0.05153 0.0426758 -0.00136924 -0.076095 1.41354 -2.8954 -0.0227972 0.0180132 
13.869 0.00591419 -0.650683 1.51241 -3.1118 0.0510544 0.0425089 -0.00134656 -0.0760527 1.41237 -2.89981 -0.0426196 0.0156794 
13.8985 0.00602031 -0.650594 1.5122 -3.11249 0.0511459 0.0425116 -0.00111466 -0.0760976 1.41235 -2.89966 -0.0576425 0.0135883 
13.93 0.00602031 -0.650594 1.5122 -3.11249 0.0511459 0.0425116 -0.00114017 -0.0762241 1.4139 -2.90019 -0.0376352 0.0166893 
13.9616 0.00610619 -0.650296 1.51139 -3.11218 0.0574835 0.0426981 -0.000595376 -0.076204 1.41127 -2.88786 -0.103436 0.00381358 
13.9888 0.00620111 -0.649158 1.50885 -3.11519 0.0567796 0.0405355 -0.000704269 -0.0762228 1.41445 -2.91268 -0.0744908 0.0127055 
14.0217 0.00640291 -0.649017 1.50862 -3.11886 0.0410872 0.0361212 -0.000725156 -0.0770321 1.40829 2.9903 0.0295333 0.0154677 
14.052 0.00652069 -0.64914 1.50878 -3.12051 0.0392854 0.0361782 -0.000531258 -0.0769428 1.40872 2.99292 0.036586 0.0179425 
14.0797 0.00659101 -0.648767 1.5079 -3.12248 0.0320801 0.0339585 -0.000427573 -0.0769274 1.40823 2.98874 0.0318181 0.0176013 
14.1122 0.00679083 -0.64836 1.50717 -3.12826 0.0177429 0.0306551 -0.000393705 -0.076952 1.40877 2.98991 0.0350108 0.0177653 
14.1392 0.00702773 -0.648302 1.50694 -3.12797 0.0119289 0.0272555 -0.000204871 -0.0771635 1.40979 2.97749 0.0323057 0.0160078 
14.1692 0.00707789 -0.647655 1.50566 -3.13056 0.00858003 0.0251637 -5.51707e-05 -0.0770871 1.4089 2.97663 0.030184 0.0168029 
14.2006 0.00889161 -0.649451 1.51465 -2.36414 -0.0160109 0.0119635 0.002361 -0.0760866 1.41216 -2.88407 -0.0366285 0.0134932 
14.2326 0.00922917 -0.646918 1.50927 -2.34784 -0.029581 0.00447543 0.00275701 -0.0768598 1.40705 2.99201 0.0178125 0.013576 
14.3335 0.00943843 -0.64942 1.50955 -3.11265 0.0511986 0.0365083 0.00307279 -0.076998 1.40853 2.98884 0.0411888 0.0171246 
14.3652 0.00986857 -0.648007 1.50623 -3.12042 0.0570207 0.038815 0.00340772 -0.0770719 1.4078 2.97436 0.0317192 0.0147585 
14.3863 0.0103385 -0.647213 1.50423 -3.12439 0.0525435 0.0347522 0.00357034 -0.077172 1.40971 2.98024 0.0137101 0.0177401 
14.4107 0.010738 -0.645964 1.50123 -3.13586 0.0328839 0.025816 0.00393278 -0.0775889 1.41619 3.00015 0.0365343 0.0143071 
14.4404 0.0112662 -0.648256 1.50658 -3.12227 0.0216685 0.0247265 0.0043766 -0.0775848 1.42034 3.03831 0.0417444 0.0175021 
14.4706 0.011428 -0.64946 1.50952 -3.11892 0.0136514 0.0229495 0.00518656 -0.0760335 1.41438 -2.89972 -0.048605 0.0122842 
14.5023 0.0116404 -0.651326 1.51382 -3.10933 0.0116812 0.0199294 0.00553363 -0.0757148 1.40982 -2.87946 -0.0422874 0.0121914 
14.5309 0.0120455 -0.65309 1.51789 -3.0976 0.0113396 0.0182543 0.00580634 -0.0757688 1.40913 -2.86475 -0.021796 0.0115892 
14.5635 0.0138989 -0.647066 1.50381 -3.12708 0.0567175 0.036342 0.00771455 -0.077498 1.41688 3.00906 0.0545251 0.0148789 
14.5912 0.0144436 -0.645307 1.49942 -3.13434 0.0483466 0.0275335 0.00872538 -0.0760664 1.41471 -2.90336 -0.0487869 0.0124106 
14.6231 0.0148863 -0.647551 1.50497 -3.13054 0.0299247 0.0254769 0.00904076 -0.0758502 1.41051 -2.87713 -0.0619072 0.00763014 
14.6516 0.0154122 -0.650968 1.51282 -3.11287 0.0355511 0.0243114 0.00924002 -0.0757865 1.40971 -2.87144 -0.0499893 0.00797762 
14.6822 0.0157064 -0.652626 1.51671 -3.11043 0.0237969 0.0180006 0.00979859 -0.0754413 1.40703 -2.87028 -0.00617771 0.0116505 
14.7141 0.0173993 -0.646231 1.50688 0.791654 -3.08913 3.12113 0.0118519 -0.077918 1.42767 3.0572 0.0367346 0.0106519 
14.744 0.0174651 -0.645169 1.49892 -3.13082 0.0484251 0.0261391 0.0124601 -0.0762495 1.41801 -2.9037 -0.0372476 0.00947686 
14.7768 0.0178627 -0.645598 1.49958 -3.12808 0.0812941 0.0335522 0.0128634 -0.0757032 1.40929 -2.86675 -0.0507154 0.00646108 
14.8017 0.0182714 -0.644063 1.49594 -3.13669 0.0641369 0.0259022 0.0129207 -0.0759048 1.41161 -2.87373 -0.0307775 0.00907662 
14.8319 0.0183937 -0.64487 1.49784 -3.1339 0.0663989 0.0268648 0.0135971 -0.0768746 1.40385 2.96659 0.0233323 0.00792717 
14.8651 0.0185931 -0.646264 1.50112 -3.12883 0.0676995 0.0274159 0.0139317 -0.0770363 1.40534 2.9565 0.0671401 0.00893316 
14.8923 0.0186642 -0.646781 1.50233 -3.12687 0.067545 0.0273491 0.0141466 -0.0770045 1.40678 2.96347 0.0604322 0.0109569 
14.9221 0.0188128 -0.647892 1.50494 -3.12258 0.0663894 0.0268546 0.0152956 -0.0778662 1.4253 3.035 0.0349106 0.0102259 
14.9527 0.0186862 -0.646159 1.50099 -3.13163 0.0684589 0.0250547 0.0155029 -0.0777752 1.42535 3.04758 0.0652343 0.0107574 
14.9857 0.0189127 -0.647862 1.505 -3.12507 0.0662936 0.0241207 0.0158414 -0.0769081 1.42751 -2.94587 -0.0151085 0.00776943 
15.0158 0.0188348 -0.647268 1.5036 -3.12739 0.0673242 0.0245641 0.0174101 -0.0769079 1.40352 2.95345 0.036778 0.0046948 
15.0426 0.0185466 -0.645154 1.49863 -3.13535 0.0684468 0.0250553 0.0175422 -0.077026 1.40457 2.94891 0.0639941 0.00471437 
15.0722 0.0182936 -0.643442 1.49461 -3.14135 0.0650804 0.023627 0.0178978 -0.0772687 1.40842 2.95244 0.0914682 0.00446609 
15.102 0.0182002 -0.642957 1.49347 3.14058 0.058964 0.0210133 0.0188819 -0.0780274 1.42626 3.0169 0.0591057 0.00301931 
15.1332 0.0177295 -0.640195 1.487 3.13346 0.0282573 0.00781552 0.0193264 -0.0782781 1.43372 3.06359 0.0359013 0.00201877 
15.1654 0.0176497 -0.639699 1.48584 3.13256 0.0197303 0.00412907 0.0195015 -0.0783021 1.43445 3.06822 0.0156962 0.000360603 
15.1949 0.0176497 -0.639699 1.48584 3.13256 0.0197303 0.00412907 0.0195015 -0.0783022 1.43445 3.06821 0.0157064 0.000356358 
15.2248 0.0176497 -0.639699 1.48584 3.13256 0.0197303 0.00412907 0.0199623 -0.0765725 1.42214 0.241892 -3.117 3.14018 
15.255 0.017133 -0.645356 1.49917 -3.1269 0.0445741 0.0150906 0.0207439 -0.0768674 1.40045 2.94557 0.0160495 0.000298745 
15.2854 0.0161989 -0.656889 1.5263 -3.08552 0.0149137 0.00212284 0.0207439 -0.0768674 1.40045 2.94557 0.0160495 0.000298745 
15.3156 0.0161424 -0.657513 1.52778 -3.08206 0.0211147 0.0048482 0.0207439 -0.0768674 1.40045 2.94557 0.0160495 0.000298745 
15.3459 0.0141459 -0.642564 1.49261 -3.14063 0.0219788 0.00528587 0.0227257 -0.077077 1.4295 -2.9308 0.061471 0.0017412 
15.376 0.0137611 -0.639706 1.4859 3.13258 0.0188164 0.00392991 0.0227257 -0.077077 1.4295 -2.9308 0.061471 0.0017412 
15.406 0.0137611 -0.639706 1.4859 3.13258 0.0188164 0.00392991 0.0231669 -0.0783179 1.43435 -0.0791111 3.13522 3.14114 
15.4364 0.0137611 -0.639706 1.4859 3.13258 0.0188164 0.00392991 0.0232566 -0.078205 1.43093 -0.100948 -3.13194 3.1401 
15.4665 0.0137611 -0.639706 1.4859 3.13258 0.0188164 0.00392991 0.0231933 -0.0782119 1.43051 -0.0958621 -3.13525 3.13775 
15.4945 0.0137611 -0.639706 1.4859 3.13258 0.0188164 0.00392991 0.0231933 -0.0782119 1.43051 -0.0958621 -3.13525 3.13775 
15.5238 0.0137611 -0.639706 1.4859 3.13258 0.0188164 0.00392991 0.0231933 -0.0782119 1.43051 -0.0958621 -3.13525 3.13775 
15.5548 0.0137611 -0.639706 1.4859 3.13258 0.0188164 0.00392991 0.0231933 -0.0782119 1.43051 -0.0958621 -3.13525 3.13775 
15.5855 0.0137611 -0.639706 1.4859 3.13258 0.0188164 0.00392991 0.0231757 -0.0781836 1.43005 -0.0949819 -3.12646 3.13701 
15.618 0.0137611 -0.639706 1.4859 3.13258 0.0188164 0.00392991 0.0231473 -0.0781475 1.42936 -0.0952534 -3.1183 3.13629 
15.6457 0.0137611 -0.639706 1.4859 3.13258 0.0188164 0.00392991 0.0231311 -0.0782353 1.43062 -0.0874786 3.14097 3.13573 
15.6757 0.0137611 -0.639706 1.4859 3.13258 0.0188164 0.00392991 0.0231079 -0.0782059 1.43013 -0.0866699 -3.13349 3.13497 
15.7046 0.0137611 -0.639706 1.4859 3.13258 0.0188164 0.00392991 0.0231859 -0.0779555 1.42434 -0.119691 -3.09688 3.13507 
15.7366 0.0137611 -0.639706 1.4859 3.13258 0.0188164 0.00392991 0.0231506 -0.0780314 1.42639 -0.109023 -3.10344 3.13532 
15.7669 0.0137611 -0.639706 1.4859 3.13258 0.0188164 0.00392991 0.022664 -0.0769086 1.42606 -2.92318 0.0793944 0.000858333 
15.7959 0.0126294 -0.652224 1.51535 -3.10456 0.0129765 0.00144982 0.0226731 -0.0771795 1.42846 0.203036 3.08091 3.13952 
15.8259 0.0124483 -0.654223 1.52006 -3.09698 0.0098877 0.000114125 0.0226731 -0.0771795 1.42846 0.203036 3.08091 3.13952 
15.8556 0.0122729 -0.656018 1.5243 -3.08751 0.0260539 0.00719466 0.022393 -0.0767298 1.423 -2.90586 0.0779696 3.44526e-05 
15.8896 0.0122381 -0.656474 1.52537 -3.08641 0.0203894 0.00471159 0.0219732 -0.076289 1.4157 0.26142 3.05465 3.14082 
15.916 0.0122039 -0.656899 1.52637 -3.08547 0.0142292 0.00202646 0.021572 -0.0758174 1.40912 -2.85582 0.0919431 0.000710069 
15.946 0.0115257 -0.652638 1.51634 -3.10254 0.0242237 0.00641695 0.0207439 -0.0768674 1.40045 2.94557 0.0160495 0.000298745 
15.9773 0.00997702 -0.640485 1.48776 3.13488 0.0225851 0.00576966 0.0207439 -0.0768674 1.40045 2.94557 0.0160495 0.000298745 
16.0065 0.00987267 -0.639713 1.48595 3.13261 0.0178896 0.00373988 0.0203916 -0.0771707 1.40552 -0.192703 -3.10349 3.13641 
16.0368 0.00987267 -0.639713 1.48595 3.13261 0.0178896 0.00373988 0.020291 -0.0772485 1.40578 -0.187163 -3.10542 3.13312 
16.0667 0.00987267 -0.639713 1.48595 3.13261 0.0178896 0.00373988 0.0202007 -0.0772598 1.40771 -0.181855 -3.09872 3.13259 
16.0972 0.00987267 -0.639713 1.48595 3.13261 0.0178896 0.00373988 0.0201293 -0.0772916 1.40924 -0.180423 -3.08592 3.134 
16.1269 0.0084476 -0.654403 1.52053 -3.09492 0.0194104 0.00448569 0.0196896 -0.0774678 1.4138 -0.159083 -3.07042 3.13249 
16.1566 0.00828303 -0.656013 1.52433 -3.08754 0.0253889 0.00711819 0.0195109 -0.0777965 1.42192 -0.12527 -3.08825 3.13313 
16.1866 0.00820858 -0.656909 1.52643 -3.08543 0.0136311 0.00196309 0.0185989 -0.0764196 1.41804 0.245645 3.05926 3.13807 
16.2163 0.00814385 -0.657517 1.52787 -3.08205 0.0198959 0.0047069 0.0180316 -0.0759622 1.41057 0.273088 3.06845 3.13664 
16.2471 0.00414465 -0.65752 1.52791 -3.08204 0.0192914 0.00463335 0.015928 -0.0778458 1.42112 -0.126865 -3.10445 3.1302 
16.2764 0.00414465 -0.65752 1.52791 -3.08204 0.0192914 0.00463335 0.015285 -0.0768319 1.4238 0.215323 3.07145 3.13712 
16.3767 0.00405832 -0.656687 1.52594 -3.08627 0.0252998 0.00724922 0.0147653 -0.0762988 1.41562 0.25425 3.06515 3.13676 
16.4148 0.00319155 -0.648652 1.50702 -3.12055 0.0456697 0.0160465 0.0143439 -0.0759411 1.41021 0.272585 3.08082 3.13599 
16.4341 0.00219036 -0.640493 1.48785 3.13489 0.0207614 0.00536746 0.0134716 -0.0768668 1.40006 -0.189271 3.10598 3.13712 
16.4611 0.00209563 -0.639731 1.48606 3.13266 0.0160419 0.00332911 0.0134059 -0.0770329 1.40218 -0.191618 3.1361 3.13668 
16.4911 0.00209563 -0.639731 1.48606 3.13266 0.0160419 0.00332911 0.0130103 -0.0773619 1.40731 -0.179973 -3.11102 3.13097 
16.5223 0.00209563 -0.639731 1.48606 3.13266 0.0160419 0.00332911 0.0124966 -0.0778978 1.41957 -0.141571 -3.11724 3.13102 
16.5523 0.00167102 -0.643304 1.49448 -3.13528 0.035459 0.0118865 0.0121025 -0.0781193 1.42747 -0.0923831 3.13882 3.13049 
16.5805 0.000464604 -0.654471 1.52077 -3.09333 0.0278998 0.0086166 0.0116652 -0.0769889 1.4247 0.209151 3.06417 3.1385 
16.6104 -0.000644775 -0.649011 1.50788 -3.12059 0.0603133 0.0224873 0.00924527 -0.0774644 1.4104 -0.175503 -3.09256 3.1319 
16.6404 -0.000779087 -0.648132 1.50582 -3.12318 0.051677 0.0188035 0.00893138 -0.0776558 1.41508 -0.156789 -3.08602 3.13113 
16.6728 -0.00283834 -0.648732 1.51245 0.778696 -3.08342 3.11346 0.00419342 -0.0768573 1.42595 -2.91214 0.0527157 0.00048251 
16.703 -0.00296742 -0.650077 1.51555 0.772988 -3.08632 3.11474 0.00278326 -0.0768757 1.40082 -0.195501 3.13646 3.1414 
16.7318 -0.00332706 -0.652248 1.51559 -3.0993 0.0486562 0.018022 0.00278326 -0.0768757 1.40082 -0.195501 3.13646 3.1414 
16.7622 -0.00341381 -0.653595 1.51862 -3.09261 0.0361782 0.0151241 0.00278326 -0.0768757 1.40082 -0.195501 3.13646 3.1414 
16.7921 -0.00361461 -0.654883 1.52179 -3.08935 0.0438448 0.0158832 0.00275561 -0.0769008 1.40128 -0.195682 -3.14001 3.14093 
16.8214 -0.00366374 -0.655448 1.52311 -3.0877 0.0392002 0.0138196 0.00239387 -0.0771356 1.40579 -0.194153 -3.08622 3.13782 
16.8527 -0.00361461 -0.654883 1.52179 -3.08935 0.0438448 0.0158832 0.00186009 -0.0776021 1.41616 -0.165104 -3.07917 3.13751 
16.8824 -0.00367047 -0.654201 1.52004 -3.09076 0.0421984 0.0177332 0.00113771 -0.0782098 1.43202 -0.0880758 -3.10692 3.13828 
16.912 -0.00367047 -0.654201 1.52004 -3.09076 0.0421984 0.0177332 0.000704633 -0.0771743 1.43107 -2.93815 0.0253788 0.000508525 
16.9434 -0.00365466 -0.654108 1.51982 -3.09133 0.0408428 0.0171283 -0.000589399 -0.0770731 1.40518 2.95752 0.00693726 1.97934e-05 
16.9736 -0.00371563 -0.653315 1.51806 -3.09698 0.0409304 0.0188236 -0.000808702 -0.0768782 1.4009 -0.195342 3.13879 3.14133 
17.0042 -0.00365466 -0.654108 1.51982 -3.09133 0.0408428 0.0171283 -0.000808702 -0.0768782 1.4009 -0.195342 3.13879 3.14133 
17.0348 -0.0037292 -0.653277 1.51773 -3.09729 0.0417887 0.0195271 -0.000808702 -0.0768782 1.4009 -0.195342 3.13879 3.14133 
17.0641 -0.00372843 -0.653194 1.51767 -3.09568 0.0457971 0.019259 -0.000808702 -0.0768782 1.4009 -0.195342 3.13879 3.14133 
17.0941 -0.00374056 -0.656646 1.5258 -3.08613 0.0244401 0.00932709 -0.000876977 -0.0769367 1.40206 -0.194275 -3.13464 3.14066 
17.1244 -0.00378146 -0.653846 1.51907 -3.09558 0.0377453 0.0177368 -0.00127616 -0.0772516 1.40867 -0.181683 -3.10616 3.1389 
17.1541 -0.00377922 -0.655008 1.52207 -3.09095 0.0393045 0.0138077 -0.00232438 -0.0781332 1.42965 -0.104108 -3.12782 3.14011 
17.1863 -0.00404803 -0.653144 1.51767 -3.10055 0.0471977 0.0171649 -0.00249918 -0.0782607 1.43314 -0.085685 -3.13567 3.14064 
17.2184 -0.00390531 -0.653476 1.51832 -3.09631 0.0421093 0.0175593 -0.00268503 -0.0783783 1.43677 -0.0619996 3.13652 3.14151 
17.2461 -0.00376822 -0.653939 1.51939 -3.09699 0.0328905 0.0173086 -0.00273405 -0.0776273 1.43698 0.163191 3.13523 3.14142 
17.2748 -0.00379621 -0.653693 1.51884 -3.09815 0.0432122 0.0175451 -0.00293584 -0.078181 1.4308 3.04166 0.0235062 0.00121816 
17.3052 -0.0032916 -0.651018 1.51259 -3.10092 0.0547714 0.027487 -0.00438571 -0.0768919 1.40113 2.94533 0.00754016 0.00010166 
17.3347 -0.00304296 -0.649689 1.51439 0.769414 -3.08978 3.1253 -0.00438571 -0.0768919 1.40113 2.94533 0.00754016 0.00010166 
17.3686 -0.00297161 -0.648959 1.5127 0.776777 -3.08606 3.12273 -0.00436903 -0.0769193 1.40095 2.94918 -0.00875506 0.00125698 
17.398 -0.00205482 -0.648226 1.50689 -3.11461 0.0531491 0.0378022 -0.00456431 -0.0754781 1.40451 0.294153 -3.11148 3.14156 
17.4273 -0.00161533 -0.647921 1.50583 -3.12365 0.0459602 0.0348364 -0.00446799 -0.0754011 1.40319 -2.84609 -0.0188837 0.000466314 
17.4571 -0.00148744 -0.647964 1.5057 -3.12078 0.0555983 0.0345498 -0.00469693 -0.075618 1.40596 -2.85112 -0.0438368 0.000774057 
17.486 -0.000992891 -0.646686 1.50231 -3.12662 0.044091 0.0270726 -0.00466119 -0.0755886 1.40547 -2.85031 -0.0408253 0.000928196 
17.5158 -0.000832284 -0.648048 1.5057 -3.12413 0.0313762 0.0260917 -0.00469837 -0.0755689 1.40584 -2.8544 -0.0309808 0.00370642 
17.546 -0.000594441 -0.647856 1.50575 -3.13537 0.0172075 0.0283979 -0.00457524 -0.075539 1.40456 -2.85051 -0.0272411 0.00157684 
17.577 -0.000234707 -0.649824 1.51074 -3.11935 -0.00542021 0.0231341 -0.00442362 -0.0768212 1.40248 2.95699 0.0064062 0.00317984 
17.6072 -0.000218817 -0.648239 1.50682 -3.13086 0.0108865 0.0277574 -0.00442362 -0.0768212 1.40248 2.95699 0.0064062 0.00317984 
17.6364 9.72148e-05 -0.649296 1.50933 -3.12517 0.00944231 0.0273021 -0.00445163 -0.0769397 1.40229 2.94995 0.0144815 0.000574449 
17.6658 0.000603872 -0.652057 1.51609 -3.10437 -0.00982425 0.0215194 -0.00423218 -0.0768888 1.40493 2.96065 0.0355926 0.00647294 
17.6964 0.000930068 -0.645895 1.50155 3.13773 0.0271316 0.0332709 -0.00415122 -0.0769614 1.40484 2.95291 0.0610977 0.00632745 
17.7266 0.00131563 -0.647164 1.5097 -2.34525 -0.0285598 0.0098226 -0.0039655 -0.0769176 1.40598 2.95869 0.0570356 0.00861477 
17.7576 0.00158631 -0.650533 1.51238 -3.10561 0.0373156 0.0380339 -0.00370146 -0.0772051 1.41049 2.97581 0.0451202 0.0123196 
17.7888 0.00195842 -0.649292 1.5092 -3.11316 0.055108 0.0417737 -0.00357922 -0.0773759 1.41308 2.98071 0.0481449 0.0111565 
17.818 0.00241925 -0.648738 1.50763 -3.11845 0.0468262 0.03738 -0.00328711 -0.0775389 1.41624 2.99961 0.0479889 0.0132031 
17.8487 0.00309265 -0.647665 1.50509 -3.13026 0.0188645 0.0258574 -0.00318547 -0.077702 1.41875 3.00591 0.0449166 0.0117779 
17.8782 0.0034578 -0.647894 1.50578 -3.12657 0.0164094 0.0265915 -0.00289311 -0.0778495 1.42459 3.04127 0.0291182 0.0124101 
17.909 0.00503748 -0.650645 1.51765 -2.37163 -0.0236118 0.0123922 -0.00155492 -0.075925 1.41334 -2.88687 -0.0312424 0.0127063 
17.9388 0.00557346 -0.650936 1.51326 -3.10891 0.0413618 0.0382691 -0.000818143 -0.0758037 1.41114 -2.88514 -0.0508274 0.00930031 
17.9711 0.00611133 -0.650269 1.51158 -3.11212 0.054598 0.0421842 -0.00057586 -0.0768921 1.40662 2.97316 0.0479338 0.0121236 
17.999 0.00949147 -0.649093 1.50912 -3.11876 0.0325788 0.0331667 0.00202882 -0.0758406 1.40966 -2.88054 -0.00871413 0.018567 
18.0279 0.0101374 -0.648232 1.50675 -3.12106 0.0552625 0.0379163 0.00257738 -0.0756325 1.41065 -2.89985 0.00158544 0.0187632 
18.1243 0.0108669 -0.645487 1.50074 -3.13891 0.00812019 0.0234889 0.00308243 -0.0768473 1.40883 2.99359 0.0509134 0.0175405 
18.1581 0.0113668 -0.648702 1.50825 -3.12482 0.0109862 0.0238326 0.00353505 -0.0768582 1.40871 2.98606 0.0102374 0.0196168 
18.179 0.0117148 -0.650806 1.51287 -3.10985 0.00694086 0.0219827 0.00358432 -0.0771129 1.40967 2.98307 0.00999818 0.018684 
18.2034 0.0121738 -0.65208 1.51591 -3.10131 0.00559369 0.0215571 0.00407785 -0.0774552 1.41503 3.00643 0.0528943 0.0168062 
18.2334 0.0127773 -0.65078 1.5172 -2.36001 -0.0151436 0.00759246 0.00505423 -0.0760944 1.41415 -2.90697 -0.0537854 0.0135853 
18.2633 0.0131928 -0.646965 1.50863 0.784022 -3.10898 3.13845 0.00535752 -0.0759296 1.41206 -2.89255 -0.0445904 0.0135043 
18.2935 0.0134961 -0.648654 1.50771 -3.11565 0.0480108 0.0348859 0.00565054 -0.0760704 1.41014 -2.8818 -0.0202833 0.0163733 
18.3245 0.0139266 -0.648096 1.50611 -3.12122 0.0554037 0.0383271 0.00632324 -0.0758909 1.41294 -2.90922 -0.018559 0.0180186 
18.3551 0.0145572 -0.646642 1.50287 -3.12854 0.0285241 0.0294076 0.0067062 -0.077376 1.4132 3.00304 0.0503582 0.0211731 
18.3875 0.0149349 -0.647642 1.50533 -3.12743 0.0168779 0.0258042 0.00716148 -0.0770678 1.40956 2.97989 0.0223124 0.0173979 
18.4155 0.0156264 -0.651151 1.51387 -3.11277 0.00465528 0.0198877 0.00745277 -0.0768565 1.40811 2.99118 0.0564166 0.0216255 
18.4452 0.0157251 -0.650306 1.51177 -3.11283 0.00858947 0.024029 0.00803298 -0.0774381 1.41791 3.02856 0.0652938 0.0173486 
18.4757 0.016012 -0.650172 1.51149 -3.11105 0.0144697 0.026699 0.0089255 -0.0760035 1.41342 -2.89083 -0.0511427 0.0101158 
18.5056 0.0171178 -0.647026 1.50921 -2.35503 -0.0253977 0.00243585 0.0102937 -0.0769561 1.40841 2.98518 0.0589463 0.0160151 
18.5353 0.0173721 -0.649693 1.51035 -3.11507 0.0439469 0.0362687 0.0106765 -0.0771017 1.40839 2.97605 0.0369399 0.0151197 
18.5651 0.0177298 -0.646492 1.50237 -3.13287 0.0531726 0.0337163 0.0110923 -0.0773245 1.41338 2.99407 0.0260542 0.0183931 
18.5955 0.018016 -0.646749 1.50278 -3.12663 0.0605646 0.0337557 0.0115306 -0.077765 1.41906 3.02481 0.0242394 0.0174261 
18.6255 0.0184462 -0.645743 1.5005 -3.13417 0.0306765 0.0270251 0.0123459 -0.0762223 1.41704 -2.9118 -0.0373144 0.0128549 
18.6562 0.0185705 -0.645888 1.50086 -3.13446 0.0409532 0.0264423 0.0127141 -0.0761972 1.4132 -2.89419 -0.0390542 0.0120083 
18.6855 0.0188045 -0.647475 1.50471 -3.1303 0.0345327 0.0261525 0.0132999 -0.0753268 1.40589 -2.86903 0.0119454 0.0141652 
18.7899 0.0196211 -0.65307 1.51749 -3.10205 0.025651 0.0159735 0.0150541 -0.0777409 1.41986 3.01575 0.0314996 0.0140576 
18.819 0.0198099 -0.653951 1.51931 -3.09782 0.0340694 0.0153597 0.0159792 -0.0758318 1.41169 -2.87935 -0.0679809 0.00493441 
18.8387 0.0200134 -0.655014 1.52159 -3.09208 0.0326281 0.0142733 0.0163166 -0.0759112 1.41145 -2.87901 -0.0506724 0.00798687 
18.8657 0.021173 -0.645849 1.50559 0.789352 -3.09744 3.11827 0.0190078 -0.0776254 1.42224 3.02735 0.0846311 0.00956757 
18.8956 0.021207 -0.645808 1.50549 0.788969 -3.10228 3.12036 0.0200526 -0.0759813 1.4129 -2.87448 -0.0445737 0.00466878 
18.9257 0.0211474 -0.644592 1.49733 -3.12964 0.0550597 0.01948 0.020562 -0.0753675 1.40564 -2.85267 -0.0224293 0.0051413 
18.9553 0.0213934 -0.642011 1.49125 -3.14123 0.0387539 0.0122515 0.0207496 -0.0768082 1.40195 2.95614 0.0216016 0.00384057 
18.9861 0.0215752 -0.639914 1.4863 3.13282 0.0256147 0.00648132 0.0209247 -0.0770092 1.4037 2.95574 0.0400152 0.00587772 
19.0152 0.0216791 -0.640574 1.48785 3.13463 0.0310769 0.00884268 0.0211528 -0.0769088 1.40441 2.95377 0.0632658 0.0075547 
19.0455 0.0219775 -0.642337 1.49198 3.13929 0.0489854 0.0165543 0.0213509 -0.0770104 1.4065 2.95709 0.0793894 0.00834592 
19.0767 0.0223342 -0.644293 1.49657 -3.13841 0.0681876 0.0247723 0.0218122 -0.0773729 1.4134 2.97435 0.0848112 0.00717413 
19.1075 0.0233959 -0.651975 1.51464 -3.10805 0.0542202 0.0187545 0.0239292 -0.0756993 1.40872 -2.85532 -0.0385754 0.00138484 
19.1374 0.0232992 -0.651241 1.51291 -3.11121 0.0572106 0.0200396 0.0243012 -0.0753817 1.40261 -2.84522 0.00254281 0.00119345 
19.1665 0.0233959 -0.651975 1.51464 -3.10805 0.0542202 0.0187545 0.0243589 -0.0769969 1.40163 2.95654 0.00666288 0.00396538 
19.1959 0.0238076 -0.655084 1.52196 -3.09399 0.0385081 0.0119841 0.0243502 -0.0769774 1.40187 2.95284 0.0222167 0.00304764 
19.2272 0.0238076 -0.655084 1.52196 -3.09399 0.0385081 0.0119841 0.024421 -0.0769185 1.40131 2.94466 0.0344273 0.00146613 
19.2585 0.0241652 -0.657499 1.52776 -3.08378 0.01493 0.00432751 0.0259949 -0.0778856 1.42262 3.00135 0.0741192 0.00374885 
19.2887 0.0240341 -0.656729 1.52572 -3.08807 0.0238961 0.00768069 0.0262009 -0.0780282 1.42619 3.01694 0.0630839 0.00322628 
19.3208 0.0241652 -0.657499 1.52776 -3.08378 0.01493 0.00432751 0.0263105 -0.0781005 1.42807 3.02602 0.0563825 0.00288834 
19.3504 0.0240278 -0.656701 1.52578 -3.08616 0.0282031 0.00752174 0.0263105 -0.0781005 1.42807 3.02602 0.0563825 0.00288834 
19.379 0.02381 -0.655104 1.52201 -3.09387 0.0381834 0.011844 0.0265457 -0.0782432 1.43204 3.048 0.0398885 0.00196783 
19.4092 0.0238076 -0.655084 1.52196 -3.09399 0.0385081 0.0119841 0.0265457 -0.0782432 1.43204 3.048 0.0398885 0.00196783 
19.4392 0.0234675 -0.652659 1.51625 -3.10439 0.0445463 0.0145966 0.0266746 -0.0783112 1.43416 3.0622 0.0294776 0.00129038 
19.4697 0.022932 -0.648719 1.50698 -3.12093 0.0570775 0.0199955 0.0268007 -0.0783688 1.4362 3.07803 0.0193346 0.000516823 
19.5016 0.0222211 -0.643881 1.49561 -3.1388 0.0548502 0.0190648 0.0268007 -0.0783688 1.4362 3.07803 0.0193346 0.000516823 
19.5297 0.0201416 -0.657511 1.52773 -3.08208 0.021763 0.00492094 0.0259019 -0.0778663 1.42312 3.01603 0.02702 0.00101691 
19.5567 0.0201416 -0.657511 1.52773 -3.08208 0.021763 0.00492094 0.0247693 -0.0771491 1.40648 2.95979 0.0322651 0.00131677 
19.5872 0.0199305 -0.655895 1.52392 -3.09019 0.0335535 0.0100293 0.0243351 -0.0768662 1.40038 2.94549 0.018478 0.000385883 
19.6169 0.0201415 -0.657511 1.52773 -3.08208 0.0217757 0.00492086 0.0243351 -0.0768662 1.40038 2.94549 0.018478 0.000385883 
19.6473 0.0184682 -0.64483 1.49787 -3.13592 0.0608473 0.0218095 0.0243351 -0.0768662 1.40038 2.94549 0.018478 0.000385883 
19.6804 0.0176497 -0.639699 1.48584 3.13256 0.0197303 0.00412907 0.0243351 -0.0768662 1.40038 2.94549 0.018478 0.000385883 
19.7089 0.0176497 -0.639699 1.48584 3.13256 0.0197303 0.00412907 0.0243149 -0.0768893 1.40079 -0.196502 3.13027 3.14149 
19.739 0.0137611 -0.639706 1.4859 3.13258 0.0188164 0.00392991 0.0229586 -0.0774942 1.43409 0.17378 3.10002 3.14103 
19.7696 0.0137611 -0.639706 1.4859 3.13258 0.0188164 0.00392991 0.0224649 -0.0767674 1.42435 -2.90827 0.0757506 0.00125718 
19.8001 0.0137611 -0.639706 1.4859 3.13258 0.0188164 0.00392991 0.021582 -0.0759443 1.41054 0.280583 3.05949 3.14065 
19.8289 0.0122381 -0.656474 1.52537 -3.08641 0.0203894 0.00471159 0.0209341 -0.0755154 1.40331 0.289846 3.1227 3.13746 
19.8582 0.0121429 -0.657515 1.52783 -3.08205 0.0205575 0.00477833 0.0207439 -0.0768674 1.40045 2.94557 0.0160495 0.000298745 
19.8887 0.0119517 -0.655873 1.52395 -3.09028 0.0322146 0.00985289 0.0206728 -0.0769391 1.40178 -0.196247 -3.13934 3.14067 
19.9179 0.0100268 -0.640841 1.4886 3.13587 0.0254201 0.00699423 0.0203121 -0.0771916 1.40529 -0.190762 -3.0979 3.1345 
19.9493 0.00987267 -0.639713 1.48595 3.13261 0.0178896 0.00373988 0.0201191 -0.0773911 1.40949 -0.180235 -3.09038 3.13374 
19.979 0.00987267 -0.639713 1.48595 3.13261 0.0178896 0.00373988 0.0198214 -0.0774357 1.41172 -0.171032 -3.06664 3.13403 
20.0094 0.00863512 -0.652403 1.51582 -3.10219 0.0249941 0.00692475 0.0194939 -0.0779116 1.42346 -0.121582 -3.08879 3.13445 
20.0403 0.00824544 -0.656477 1.52542 -3.0864 0.0197117 0.00462827 0.0180307 -0.0758282 1.40922 0.278706 3.05877 3.13831 
20.0709 0.00814385 -0.657517 1.52787 -3.08205 0.0198959 0.0047069 0.0180316 -0.0759622 1.41057 0.273088 3.06845 3.13664 
20.1005 0.00772498 -0.654112 1.51986 -3.09551 0.0142565 0.00228999 0.0175469 -0.0757145 1.40592 0.284877 3.10243 3.13706 
20.1307 0.00433072 -0.655539 1.52325 -3.08869 0.0305303 0.00959126 0.0158347 -0.0779753 1.42455 -0.109749 -3.11631 3.1307 
20.1612 0.00414465 -0.65752 1.52791 -3.08204 0.0192914 0.00463335 0.0151976 -0.0766837 1.42175 0.226324 3.06544 3.13749 
20.1913 0.00414465 -0.65752 1.52791 -3.08204 0.0192914 0.00463335 0.0145218 -0.0760759 1.41236 0.267651 3.06988 3.13663 
20.2217 0.00191203 -0.641301 1.48976 3.13938 0.0253923 0.00743749 0.0111147 -0.076109 1.41263 0.261504 3.05494 3.13703 
20.2491 0.00114839 -0.647737 1.50493 -3.1172 0.0469228 0.0170034 0.010669 -0.0759432 1.41033 0.2741 3.09302 3.13539 
20.2799 0.000347824 -0.655506 1.52321 -3.08892 0.0292528 0.00921932 0.0102238 -0.0756281 1.40452 0.286515 3.12206 3.13623 
20.3099 0.000188064 -0.657046 1.52683 -3.08319 0.0247086 0.00722319 0.00983386 -0.0770123 1.40184 -0.191303 3.13235 3.13696 
20.3393 0.000145615 -0.657524 1.52795 -3.08203 0.0186515 0.00456243 0.00947472 -0.0772558 1.40606 -0.186704 -3.09872 3.13282 
20.37 -1.4959e-05 -0.655841 1.52398 -3.09043 0.0302409 0.0095771 0.00929589 -0.0773463 1.40789 -0.181027 -3.08716 3.13151 
20.4012 -1.79765e-05 -0.655827 1.52395 -3.09042 0.0296107 0.00930577 0.00895071 -0.0775406 1.41252 -0.164384 -3.07582 3.13054 
20.4321 -9.67103e-05 -0.654988 1.52197 -3.09441 0.0344399 0.0113876 0.00803008 -0.076844 1.42343 0.218052 3.06037 3.13967 
20.4619 -0.000653012 -0.649481 1.509 -3.11755 0.0467587 0.0166977 0.00712732 -0.0757387 1.40856 0.283429 3.06586 3.1393 
20.4911 -0.00146195 -0.642031 1.49148 3.13791 0.0458744 0.0163575 0.00670184 -0.0756183 1.40538 0.290758 3.10118 3.1385 
20.5213 -0.00179298 -0.639742 1.48612 3.13269 0.0151316 0.00313089 0.00634633 -0.0769046 1.40065 -0.193359 3.12591 3.14005 
20.5516 -0.00179298 -0.639742 1.48612 3.13269 0.0151316 0.00313089 0.00624701 -0.0769947 1.40223 -0.194352 -3.13319 3.13809 
20.5815 -0.00179298 -0.639742 1.48612 3.13269 0.0151316 0.00313089 0.00601025 -0.077148 1.40518 -0.193807 -3.09614 3.13606 
20.6119 -0.00412799 -0.654305 1.52049 -3.09931 0.0306819 0.0124682 0.00207185 -0.0774325 1.41146 -0.177741 -3.08574 3.1356 
20.6397 -0.0045438 -0.649566 1.50922 -3.11822 0.0566689 0.0211107 0.00125673 -0.0781938 1.42981 -0.106205 -3.12653 3.1375 
20.6701 -0.00465732 -0.64834 1.50634 -3.12312 0.0589637 0.0220954 0.00114405 -0.0781635 1.43 -0.0932696 -3.10634 3.13576 
20.7705 -0.00491239 -0.645861 1.50051 -3.13241 0.058369 0.0218562 0.000767898 -0.0771377 1.42956 0.203149 3.09107 3.14147 
20.8011 -0.00529143 -0.642451 1.49249 3.13883 0.0515766 0.0189768 0.000319273 -0.0766072 1.42217 -2.89952 0.0426855 1.64549e-05 
20.8205 -0.00565355 -0.63994 1.48661 3.13287 0.0191275 0.0050562 -0.000771929 -0.0769737 1.40235 -0.187385 3.13527 3.13932 
20.8474 -0.00683293 -0.649615 1.51451 0.775706 -3.06901 3.10752 -0.00220043 -0.0779706 1.4242 -0.130806 -3.09312 3.13573 
20.8776 -0.00763118 -0.655663 1.52352 -3.08463 0.0318099 0.0133918 -0.00229515 -0.0780371 1.42683 -0.121551 -3.08967 3.13771 
20.9069 -0.00786919 -0.653288 1.51814 -3.10055 0.0423371 0.0178529 -0.00261412 -0.078315 1.43509 -0.0702813 -3.12684 3.13983 
20.9397 -0.00782641 -0.656371 1.52526 -3.0862 0.0147592 0.0084132 -0.00311601 -0.076937 1.42773 -2.9218 0.0278193 0.000719929 
20.9665 -0.00796463 -0.654706 1.52133 -3.09431 0.0250519 0.0128283 -0.00385094 -0.0757963 1.41065 -2.85662 0.0496913 0.00200879 
20.9966 -0.00849279 -0.649527 1.50916 -3.11839 0.0559357 0.0209695 -0.00440106 -0.0768809 1.40099 -0.195173 3.14111 3.14124 
21.0268 -0.00899604 -0.64397 1.49609 -3.13972 0.0612252 0.0232533 -0.00440106 -0.0768809 1.40099 -0.195173 3.14111 3.14124 
21.0576 -0.00880835 -0.645861 1.50053 -3.13285 0.0625808 0.023819 -0.00440106 -0.0768809 1.40099 -0.195173 3.14111 3.14124 
21.0876 -0.00927184 -0.641876 1.49117 3.13719 0.0454852 0.0165506 -0.00451974 -0.0769654 1.40249 -0.196785 -3.11512 3.13948 
21.119 -0.00950868 -0.640238 1.48734 3.13361 0.0212829 0.00616834 -0.00472502 -0.0770745 1.40453 -0.197211 -3.08467 3.13782 
21.1493 -0.00950868 -0.640238 1.48734 3.13361 0.0212829 0.00616834 -0.00553737 -0.0776994 1.41835 -0.159591 -3.06875 3.13705 
21.1773 -0.0093357 -0.641348 1.49005 3.1341 0.0360836 0.0145237 -0.00629037 -0.0783092 1.43485 -0.0727416 -3.12205 3.13955 
21.209 -0.00915211 -0.642645 1.49309 3.13745 0.0504647 0.0206511 -0.0063784 -0.0782418 1.43301 -0.0823737 -3.12328 3.1397 
21.3096 -0.00861728 -0.648079 1.50571 -3.12412 0.0481233 0.0225577 -0.00645564 -0.07819 1.43134 -0.094037 -3.13306 3.14054 
21.341 -0.00850991 -0.649011 1.50792 -3.11875 0.0553967 0.0258553 -0.0065442 -0.078243 1.43311 -0.0812364 3.13951 3.14138 
21.3591 -0.00834171 -0.651083 1.5128 -3.1101 0.0492245 0.0232396 -0.00686823 -0.0778916 1.42318 3.00373 0.0497079 0.00265488 
21.3857 -0.00818961 -0.651688 1.51449 -3.1073 0.0310798 0.0192267 -0.00659644 -0.078177 1.43042 3.03623 0.0326451 0.00179887 
21.4159 -0.00793622 -0.653945 1.51968 -3.09888 0.0370351 0.0152165 -0.00679048 -0.077955 1.42462 3.00814 0.053014 0.00281841 
21.4478 -0.007545 -0.65266 1.51705 -3.10211 0.0399376 0.0229009 -0.00679048 -0.077955 1.42462 3.00814 0.053014 0.00281841 
21.477 -0.0060141 -0.64622 1.50216 -3.13495 0.0237655 0.0266212 -0.00652546 -0.0782494 1.43249 3.04823 0.0240257 0.00128742 
21.5074 -0.00538318 -0.64634 1.50226 -3.13248 0.0426753 0.0308355 -0.00629817 -0.0784633 1.43665 3.07987 -0.0178371 0.0018462 
21.5374 -0.00490869 -0.646471 1.5026 -3.13473 0.0255154 0.0252169 -0.00627969 -0.0783326 1.43501 -0.0772 -3.13345 3.14052 
21.568 -0.000359706 -0.648494 1.50775 -3.12264 -0.00410672 0.0254078 -0.00425122 -0.0770941 1.40437 2.95117 0.03948 0.00431975 
21.5974 6.36335e-05 -0.647902 1.5063 -3.13383 0.0190918 0.0302946 -0.00409412 -0.0770279 1.40639 2.95808 0.0575993 0.00624352 
21.6279 0.000658045 -0.646379 1.50227 3.13688 0.0192913 0.0360025 -0.00379594 -0.0771558 1.40869 2.95921 0.0712083 0.0065917 
21.6582 0.00131425 -0.646141 1.50747 -2.33636 -0.0339321 0.00723315 -0.00346802 -0.0774546 1.41595 2.98817 0.0547386 0.0092925 
21.6877 0.0016939 -0.647784 1.50559 -3.13706 0.00161584 0.0295519 -0.0030807 -0.0777576 1.42229 3.01563 0.0546257 0.00826301 
21.7185 0.00227321 -0.650053 1.51151 -3.11407 0.0379417 0.0413322 -0.00259442 -0.0780695 1.43235 3.10008 -0.00331056 0.0100048 
21.7495 0.00290968 -0.647643 1.50571 -3.12813 0.0146077 0.0334212 -0.00213545 -0.0766603 1.42207 -2.91735 -0.0467497 0.00652039 
21.7781 0.00343943 -0.648322 1.50746 -3.12407 0.00795468 0.0283119 -0.00164422 -0.076024 1.41362 -2.88021 -0.0431865 0.00828887 
21.8086 0.00376816 -0.650702 1.51248 -3.12407 -0.00274565 0.0222819 -0.00131354 -0.0757659 1.40959 -2.86956 -0.0450737 0.00827918 
21.8375 0.00434483 -0.652585 1.51698 -3.11253 -0.00651771 0.020993 -0.000781841 -0.0767109 1.4027 2.96269 0.00763673 0.00603216 
21.8687 0.00487307 -0.653844 1.52008 -3.10753 0.0101115 0.0264164 -0.000348538 -0.0769063 1.40602 2.96461 0.0440198 0.0114036 
21.8992 0.00541141 -0.651642 1.51514 -3.1087 0.0261462 0.0344351 -0.000195939 -0.0770215 1.40857 2.97094 0.0523464 0.0117735 
21.9287 0.00602867 -0.65058 1.51255 -3.11416 0.046748 0.0418094 8.00862e-06 -0.0770834 1.41079 2.97679 0.0507557 0.0138211 
21.9583 0.00679759 -0.649173 1.50924 -3.12296 0.0220794 0.032325 0.00076084 -0.0778482 1.42453 3.04113 0.0311296 0.0124624 
21.9893 0.00748897 -0.648348 1.50733 -3.12362 0.00848011 0.0256205 0.00122714 -0.0767139 1.42343 -2.94154 -0.0357849 0.0116507 
22.0191 0.00788438 -0.650795 1.51275 -3.12426 -0.00731764 0.0223425 0.00174362 -0.0760669 1.41392 -2.88741 -0.0594168 0.00775144 
22.0493 0.00837538 -0.65073 1.51261 -3.12125 0.0118599 0.0283497 0.00190587 -0.0760405 1.41327 -2.8783 -0.0367146 0.0109018 
22.0792 0.0100253 -0.649141 1.50941 -3.11932 0.0445057 0.0399962 0.00363521 -0.0771844 1.41192 2.98086 0.0352115 0.0149624 
22.1087 0.010455 -0.647994 1.50659 -3.1243 0.0366196 0.0346386 0.00436415 -0.0778729 1.42376 3.03729 0.0178196 0.0134851 
22.1407 0.0111208 -0.647532 1.50544 -3.1297 0.00828796 0.0231181 0.0048768 -0.0767107 1.42335 -2.94135 -0.0333794 0.0117114 
22.1709 0.0114788 -0.649981 1.51083 -3.12266 0.0177599 0.0218843 0.00536734 -0.0758504 1.41177 -2.88768 -0.0476521 0.0120818 
22.2014 0.0118146 -0.652536 1.51702 -3.10907 0.00121884 0.0166695 0.00573932 -0.0757424 1.40914 -2.86829 -0.0439576 0.00825477 
22.2311 0.0122405 -0.652711 1.51753 -3.10029 0.00759622 0.0200136 0.00635589 -0.0757473 1.41065 -2.88858 -0.0295333 0.0125317 
22.2613 0.0128163 -0.650361 1.5166 0.781278 -3.11454 3.13752 0.00663764 -0.076991 1.40785 2.98034 0.055639 0.0147685 
22.2906 0.013794 -0.64733 1.50471 -3.12421 0.0431392 0.0343421 0.00769903 -0.0775441 1.41649 3.00345 0.0582275 0.0138686 
22.3206 0.0142502 -0.645382 1.50011 -3.13521 0.030269 0.0284431 0.00861837 -0.0765564 1.42069 -2.92263 -0.047804 0.00890831 
22.3514 0.0147761 -0.645507 1.50055 -3.13606 0.0141716 0.0238697 0.0091219 -0.0758462 1.41054 -2.87563 -0.056562 0.00776691 
22.3814 0.0150457 -0.647516 1.50529 -3.12863 0.013167 0.0234484 0.00947653 -0.0756862 1.40973 -2.87264 -0.0116675 0.0145385 
22.411 0.0171008 -0.64909 1.50829 -3.11715 0.0774418 0.0367037 0.0118132 -0.0779069 1.42616 3.05157 0.0297398 0.0122904 
22.4446 0.0175854 -0.647593 1.50484 -3.11605 0.0758339 0.0401996 0.0124837 -0.0763319 1.41772 -2.9033 -0.0445072 0.00846153 
22.4717 0.018016 -0.646749 1.50278 -3.12663 0.0605646 0.0337557 0.0127957 -0.0761073 1.41286 -2.88708 -0.0345418 0.0110387 
22.5046 0.018614 -0.646235 1.50161 -3.12732 0.0471902 0.0273575 0.0133913 -0.0754167 1.40542 -2.8574 -0.0143161 0.00733517 
22.5318 0.0190169 -0.648031 1.50619 -3.12269 0.0246894 0.0237576 0.0137927 -0.0770462 1.4073 2.97093 0.0654969 0.0105729 
22.562 0.020821 -0.650726 1.51745 0.773141 -3.11341 3.13507 0.0162526 -0.0759816 1.41312 -2.88807 -0.0408693 0.0103966 
22.5921 0.0211106 -0.646601 1.50754 0.788773 -3.10368 3.12878 0.0164979 -0.0759149 1.41079 -2.87692 -0.0344884 0.00986931 
22.6222 0.0210417 -0.648 1.50539 -3.11053 0.0746902 0.0330951 0.0168256 -0.0756601 1.40607 -2.86187 -0.0113694 0.00933716 
22.6523 0.024084 -0.655702 1.52344 -3.08873 0.0392075 0.0123454 0.0207735 -0.0753675 1.40529 -2.86058 0.00161352 0.00645915 
22.7484 0.0240662 -0.653649 1.51938 -3.08782 0.0662121 0.0157264 0.0212714 -0.0769835 1.40533 2.9634 0.0470919 0.0124246 
22.7761 0.0246302 -0.652115 1.51983 0.76182 -3.11639 3.12842 0.0213599 -0.0770365 1.40647 2.96574 0.0524947 0.0126917 
22.7967 0.0247737 -0.649463 1.51358 0.771441 -3.11046 3.12792 0.0215476 -0.077212 1.40908 2.96927 0.062309 0.011863 
22.8234 0.0251416 -0.647091 1.50825 0.781952 -3.09949 3.12132 0.0222826 -0.0777267 1.42019 3.01129 0.0378895 0.0123195 
22.8539 0.0251884 -0.646496 1.50163 -3.12094 0.0708792 0.0289068 0.0224734 -0.0775634 1.4183 3.01404 0.0783091 0.0132524 
22.8837 0.0254028 -0.642636 1.49267 -3.13948 0.0452645 0.0148839 0.0232389 -0.0767209 1.42399 -2.93055 -0.0198207 0.00853515 
22.9137 0.0256522 -0.645364 1.49908 -3.13029 0.0842434 0.0318108 0.0235774 -0.0763749 1.41882 -2.89406 -0.0248334 0.00581205 
22.944 0.0259469 -0.642626 1.49272 3.13836 0.0490131 0.0183864 0.0238152 -0.0758407 1.41075 -2.86539 -0.0359211 0.00513842 
22.9744 0.0264987 -0.646584 1.50191 -3.12932 0.0755207 0.0277822 0.0239525 -0.0756652 1.40793 -2.85935 -0.0237302 0.00585859 
23.004 0.0266276 -0.646794 1.5024 -3.12921 0.0696614 0.0252176 0.0241674 -0.0754159 1.40376 -2.85405 0.00901747 0.00751028 
23.0359 0.0268192 -0.648188 1.50555 -3.12569 0.0633609 0.0246055 0.0243619 -0.0768874 1.40219 2.95271 0.0327211 0.00301625 
23.0641 0.0273942 -0.652225 1.51505 -3.10518 0.0479319 0.0185309 0.0246122 -0.0769538 1.40465 2.95665 0.0598505 0.0062207 
23.095 0.0271953 -0.650804 1.51171 -3.11132 0.0537926 0.0210401 0.0248744 -0.077074 1.40702 2.95884 0.0852944 0.00754835 
23.1241 0.0274998 -0.652981 1.51683 -3.10179 0.0441294 0.0169007 0.025155 -0.0772269 1.40903 2.96339 0.0786918 0.00912585 
23.1586 0.0274328 -0.652561 1.51584 -3.10745 0.0481405 0.018028 0.0255677 -0.0774999 1.4153 2.98342 0.0745137 0.00889239 
23.1884 0.0276103 -0.653772 1.5187 -3.09815 0.0396086 0.0149597 0.0258117 -0.0776646 1.41924 2.99789 0.0669352 0.0085044 
23.2179 0.0277115 -0.654476 1.52036 -3.09495 0.0362975 0.0135357 0.0263106 -0.0778701 1.42649 3.02667 0.0506003 0.00766373 
23.2491 0.0277138 -0.654495 1.5204 -3.09484 0.03597 0.0133947 0.0265236 -0.0780916 1.4293 3.04943 0.0480945 0.00646698 
23.2759 0.0280225 -0.656706 1.52575 -3.08615 0.0288018 0.00759712 0.0265236 -0.0780916 1.4293 3.04943 0.0480945 0.00646698 
23.3072 0.024641 -0.650561 1.51134 -3.10715 0.0543644 0.0190142 0.0273426 -0.0763916 1.4193 0.251364 -3.12355 3.14036 
23.3369 0.0242707 -0.655569 1.52313 -3.08863 0.0333224 0.00978514 0.0271488 -0.076924 1.42704 0.217124 -3.13767 3.1411 
23.3662 0.0241638 -0.657576 1.52772 -3.07975 0.01531 0.00436447 0.0269585 -0.0774385 1.43415 0.178416 3.13634 3.14155 
23.399 0.0241408 -0.657509 1.52769 -3.08209 0.0224148 0.00500602 0.0269585 -0.0774385 1.43415 0.178416 3.13634 3.14155 
23.4295 0.0238076 -0.655084 1.52196 -3.09399 0.0385081 0.0119841 0.026899 -0.0775802 1.43607 0.167356 3.1368 3.14158 
23.4599 0.0235642 -0.653374 1.51794 -3.10122 0.0414043 0.0132404 0.0268007 -0.0783688 1.4362 3.07803 0.0193346 0.000516823 
23.4878 0.0224169 -0.645161 1.49861 -3.13434 0.0576336 0.0202517 0.0267953 -0.0783533 1.43635 -0.0563887 3.13181 3.14122 
23.5168 0.0215752 -0.639914 1.4863 3.13282 0.0256147 0.00648132 0.0268007 -0.0783688 1.4362 3.07803 0.0193346 0.000516823 
23.5478 0.0215382 -0.639694 1.48579 3.13254 0.0206913 0.00433979 0.0267953 -0.0783533 1.43635 -0.0563887 3.13181 3.14122 
23.6501 0.0215382 -0.639694 1.48579 3.13254 0.0206913 0.00433979 0.0256091 -0.0776714 1.41798 2.99023 0.0545466 0.00270068 
23.685 0.0201416 -0.657511 1.52773 -3.08208 0.021763 0.00492094 0.0243351 -0.0768662 1.40038 2.94549 0.018478 0.000385883 
23.702 0.0201416 -0.657511 1.52773 -3.08208 0.021763 0.00492094 0.0243351 -0.0768662 1.40038 2.94549 0.018478 0.000385883 
23.7307 0.0145227 -0.645127 1.49863 -3.13302 0.0400731 0.0130867 0.0231335 -0.0782655 1.43375 -0.0729753 -3.12838 3.13932 
23.8278 0.0137611 -0.639706 1.4859 3.13258 0.0188164 0.00392991 0.0213853 -0.0756313 1.40794 -2.84627 0.0824608 0.00349967 
23.8562 0.00977087 -0.640743 1.48838 3.13661 0.0207195 0.00498367 0.0170854 -0.076925 1.40025 -0.191668 3.10935 3.13869 
23.8799 0.00830893 -0.655876 1.52399 -3.08965 0.0138963 0.00208099 0.0171518 -0.0768686 1.40052 2.94566 0.0139221 0.000200156 
23.9033 0.00820858 -0.656909 1.52643 -3.08543 0.0136311 0.00196309 0.0171061 -0.076913 1.40131 -0.196784 -3.14144 3.14084 
23.9339 0.00801742 -0.656477 1.52542 -3.0864 0.0196495 0.00461889 0.0165026 -0.0773768 1.40934 -0.181625 -3.08414 3.13387 
23.9638 0.00731852 -0.650487 1.51131 -3.11222 0.0342629 0.0109617 0.0159565 -0.0779343 1.42362 -0.126614 -3.09376 3.13521 
23.9943 0.00598426 -0.639722 1.48601 3.13263 0.0169331 0.00352992 0.0154607 -0.0772584 1.42919 0.189537 3.07703 3.13917 
24.0243 0.00598426 -0.639722 1.48601 3.13263 0.0169331 0.00352992 0.015111 -0.0768156 1.42352 0.229951 3.07177 3.14001 
24.0538 0.00598426 -0.639722 1.48601 3.13263 0.0169331 0.00352992 0.0141054 -0.075799 1.40818 0.283535 3.08873 3.13908 
24.0852 0.00459669 -0.652943 1.51714 -3.09901 0.0319471 0.0102019 0.0135281 -0.0769006 1.4005 -0.193625 3.12093 3.14016 
24.1164 0.00422453 -0.656551 1.52564 -3.08445 0.0309908 0.00978234 0.0134386 -0.0769903 1.40206 -0.194637 -3.13763 3.13829 
24.1476 0.00414465 -0.65752 1.52791 -3.08204 0.0192914 0.00463335 0.0132167 -0.0771424 1.40499 -0.194148 -3.10058 3.13626 
24.1778 0.00385772 -0.654862 1.52164 -3.09433 0.0298152 0.00920386 0.0126643 -0.0775669 1.41368 -0.166006 -3.08144 3.13309 
24.2066 0.00223576 -0.640843 1.48867 3.13586 0.0236066 0.00659519 0.0121898 -0.0780337 1.42556 -0.111579 -3.10313 3.13332 
24.2367 0.00209563 -0.639731 1.48606 3.13266 0.0160419 0.00332911 0.0116386 -0.0769584 1.42525 0.214365 3.0688 3.1397 
24.2666 0.00149089 -0.644767 1.49793 -3.12901 0.0421926 0.0148784 0.00984019 -0.0769682 1.39978 -0.187815 3.0969 3.13575 
24.2979 0.000231505 -0.656541 1.52565 -3.08451 0.0302909 0.0096834 0.00993674 -0.0769025 1.40058 -0.193473 3.12324 3.14008 
24.3248 0.000145566 -0.657524 1.52795 -3.08203 0.0186479 0.00455735 0.00940244 -0.0773104 1.40722 -0.184509 -3.09341 3.13257 
24.3546 -0.000167901 -0.654178 1.52006 -3.0983 0.0400088 0.0137826 0.00921875 -0.0774174 1.40946 -0.176811 -3.08551 3.13142 
24.3849 -0.000198189 -0.654103 1.51989 -3.0978 0.0324264 0.0105263 0.00855261 -0.0780303 1.42456 -0.114134 -3.10673 3.13155 
24.4148 -0.00150435 -0.64172 1.49075 3.137 0.0435554 0.0153658 0.00720268 -0.0758837 1.40962 0.280798 3.05567 3.14078 
24.4459 -0.0017255 -0.640231 1.48726 3.13362 0.0230895 0.00657244 0.0069362 -0.0757858 1.40819 0.286791 3.07798 3.13978 
24.4762 -0.00231836 -0.643722 1.49551 -3.13258 0.0437585 0.0157751 0.0063758 -0.0768736 1.40074 -0.195635 3.13435 3.14149 
24.5084 -0.00278452 -0.64774 1.50497 -3.11752 0.0438333 0.0158386 0.00619386 -0.0770318 1.40291 -0.194855 -3.12203 3.13742 
24.5385 -0.0037136 -0.655995 1.5244 -3.08606 0.0348605 0.0118893 0.00597627 -0.0771709 1.40565 -0.193119 -3.09296 3.1359 
24.5676 -0.00383073 -0.657577 1.52821 -3.08349 0.0105126 0.00378536 0.00535405 -0.0777388 1.41671 -0.155412 -3.09635 3.13195 
24.6688 -0.00393085 -0.656671 1.52597 -3.08632 0.0236848 0.00693788 0.00445744 -0.0770139 1.42719 0.201314 3.08593 3.13765 
24.6971 -0.00481176 -0.647351 1.50402 -3.12581 0.0470935 0.0170287 0.00413053 -0.0766765 1.42295 0.233662 3.0887 3.13835 
24.7221 -0.0051898 -0.643451 1.49484 -3.14072 0.0515473 0.018959 0.00349839 -0.0759558 1.41091 0.279987 3.07215 3.14023 
24.7517 -0.00568156 -0.639753 1.48618 3.13272 0.0141972 0.002919 0.00278326 -0.0768757 1.40082 -0.195501 3.13646 3.1414 
24.7807 -0.00799454 -0.655809 1.52397 -3.09052 0.0282933 0.00910926 -0.000808702 -0.0768782 1.4009 -0.195342 3.13879 3.14133 
24.8146 -0.00819352 -0.653302 1.51805 -3.10216 0.0414813 0.0147795 -0.000907122 -0.0769599 1.40248 -0.1944 -3.12844 3.14025 
24.841 -0.00911394 -0.643127 1.49411 3.14099 0.0539482 0.0201503 -0.00173269 -0.0775109 1.41326 -0.171978 -3.06913 3.13476 
24.8701 -0.00938464 -0.641266 1.48975 3.13637 0.0306728 0.0101974 -0.00217826 -0.0779696 1.42323 -0.132494 -3.10015 3.13399 
24.9018 -0.00925827 -0.642172 1.49187 3.13858 0.0418901 0.015011 -0.00241731 -0.0781678 1.4294 -0.10485 -3.11347 3.1367 
24.9314 -0.00933332 -0.641591 1.49051 3.13696 0.0367175 0.0127978 -0.00284518 -0.0774233 1.43267 0.1813 3.10999 3.13967 
24.9606 -0.00947604 -0.640484 1.48792 3.13413 0.0248864 0.00771996 -0.00292999 -0.0772936 1.43124 0.197054 3.11244 3.13981 
24.9905 -0.00950976 -0.64022 1.4873 3.13352 0.0215613 0.00628846 -0.00398991 -0.0755944 1.40751 -2.84693 0.05184 0.00215028 
25.0207 -0.00954356 -0.639945 1.48665 3.13287 0.0182558 0.00486382 -0.00440106 -0.0768809 1.40099 -0.195173 3.14111 3.14124 
25.0508 -0.010322 -0.645098 1.49881 -3.12715 0.0541102 0.0207456 -0.00440106 -0.0768809 1.40099 -0.195173 3.14111 3.14124 
25.0849 -0.0103257 -0.645131 1.50421 0.793307 -3.07281 3.10921 -0.00440106 -0.0768809 1.40099 -0.195173 3.14111 3.14124 
25.1158 -0.0104662 -0.647042 1.50861 0.785763 -3.06709 3.10682 -0.00448909 -0.0769469 1.40216 -0.196352 -3.12148 3.13986 
25.1422 -0.010491 -0.646116 1.50648 0.790311 -3.06664 3.10655 -0.00476141 -0.0770924 1.40487 -0.197063 -3.08034 3.1376 
25.1721 -0.0109149 -0.649975 1.51537 0.774407 -3.07286 3.10934 -0.00542429 -0.077597 1.41599 -0.167578 -3.0657 3.13692 
25.2017 -0.0109149 -0.649975 1.51537 0.774407 -3.07286 3.10934 -0.00610387 -0.0782141 1.43133 -0.101718 -3.11275 3.13918 
25.2317 -0.0108603 -0.650299 1.51611 0.772868 -3.06714 3.10693 -0.00627832 -0.0783329 1.43503 -0.0770319 -3.13305 3.14052 
25.2634 -0.0114922 -0.654262 1.52038 -3.09202 0.0519782 0.0198759 -0.00629037 -0.0783092 1.43485 -0.0727416 -3.12205 3.13955 
25.293 -0.0115202 -0.654254 1.52037 -3.09142 0.0462336 0.0173863 -0.0064731 -0.0774435 1.43457 -2.96294 0.0236512 0.000182159 
25.3223 -0.0115202 -0.654254 1.52037 -3.09142 0.0462336 0.0173863 -0.0066001 -0.0771071 1.43019 -2.93305 0.0408717 0.00112816 
25.3558 -0.0114846 -0.654434 1.52066 -3.08881 0.0377553 0.0162662 -0.00714207 -0.0762198 1.4173 -2.87573 0.0544562 0.00228223 
25.3863 -0.0103014 -0.645426 1.50489 0.792513 -3.06311 3.10508 -0.00799395 -0.0768835 1.40107 -0.195008 -3.13989 3.14115 
25.4161 -0.010241 -0.644963 1.50382 0.794211 -3.06366 3.10531 -0.00799395 -0.0768835 1.40107 -0.195008 -3.13989 3.14115 
25.4463 -0.0100364 -0.643794 1.50113 0.797606 -3.07196 3.10892 -0.00799395 -0.0768835 1.40107 -0.195008 -3.13989 3.14115 
25.4767 -0.00998642 -0.644739 1.49781 -3.12822 0.0598362 0.0258417 -0.00799395 -0.0768835 1.40107 -0.195008 -3.13989 3.14115 
25.5067 -0.00842693 -0.65019 1.51095 -3.11477 0.0342054 0.0203485 -0.00799395 -0.0768835 1.40107 -0.195008 -3.13989 3.14115 
25.5363 -0.00819267 -0.651643 1.51444 -3.10323 0.0321644 0.0198217 -0.00799395 -0.0768835 1.40107 -0.195008 -3.13989 3.14115 
25.5671 -0.00801698 -0.652423 1.51653 -3.10228 0.0322332 0.0190454 -0.00799395 -0.0768835 1.40107 -0.195008 -3.13989 3.14115 
25.597 -0.00484437 -0.647271 1.50432 -3.12955 0.0360844 0.0254811 -0.00636369 -0.0784386 1.43697 3.07641 0.00103928 0.000809216 
25.6256 -0.00461167 -0.648099 1.50673 -3.12496 0.0125519 0.0224765 -0.00637068 -0.0783804 1.43686 -0.061548 3.13847 3.14142 
25.6558 -0.00406153 -0.651551 1.51477 -3.10664 0.00163042 0.0198796 -0.00625051 -0.0776957 1.43687 -2.98506 -0.0172877 0.000512672 
25.6859 -0.00370072 -0.652195 1.51615 -3.10348 0.00456816 0.0208134 -0.00615083 -0.077557 1.43502 -2.97372 -0.0157884 0.000548352 
25.7155 -0.00325629 -0.651123 1.5139 -3.10781 0.0127598 0.0273599 -0.00528994 -0.0761126 1.41563 0.271418 -3.07339 3.13803 
25.7453 -0.00266265 -0.647684 1.5108 -2.35617 -0.0389028 0.000590861 -0.00489237 -0.0756991 1.40919 0.291203 -3.05938 3.13727 
25.7756 -0.00212825 -0.648504 1.50792 -3.12796 0.0302844 0.0345607 -0.00446799 -0.0754011 1.40319 -2.84609 -0.0188837 0.000466314 
25.8061 -0.00165529 -0.649567 1.51023 -3.11907 0.0401 0.0391865 -0.00441282 -0.0768997 1.40275 2.95348 0.0151772 0.00223639 
25.8357 -0.00107698 -0.649792 1.51045 -3.12564 0.0430878 0.0318617 -0.00416189 -0.0770524 1.40564 2.95409 0.0524625 0.00443383 
25.8663 -0.00026402 -0.649607 1.51036 -3.11835 -8.89862e-05 0.0233678 -0.00379594 -0.0771558 1.40869 2.95921 0.0712083 0.0065917 
25.8984 0.000289347 -0.650156 1.51162 -3.12433 0.00783891 0.025531 -0.00331783 -0.0776674 1.4196 2.99822 0.0507216 0.0077539 
25.9287 0.000887274 -0.649815 1.51051 -3.12667 0.0113002 0.0281085 -0.00284154 -0.0781339 1.4304 3.04967 0.0239719 0.00506812 
25.9593 0.00139489 -0.651941 1.51571 -3.1102 0.0277932 0.034765 -0.00248072 -0.0773889 1.43242 -2.96589 -0.0224933 0.00414287 
25.985 0.00332042 -0.648299 1.50727 -3.13304 0.00690035 0.0260186 -0.000840314 -0.0768794 1.40234 2.95347 0.0123593 0.00205609 
26.0145 0.00380225 -0.650455 1.51226 -3.12212 -0.0105115 0.0214979 -0.00059691 -0.0769085 1.4053 2.96118 0.0411037 0.0067944 
26.0451 0.00430116 -0.65237 1.51686 -3.11159 0.00909383 0.0215084 -0.000165022 -0.0771034 1.40911 2.96932 0.0563861 0.0107706 
26.0754 0.00492084 -0.650575 1.51777 -2.36734 -0.0189804 0.0134246 0.000473299 -0.0777398 1.42156 3.00948 0.0538192 0.0079638 
26.1047 0.00559312 -0.65081 1.51317 -3.11809 0.0495914 0.0398572 0.000979792 -0.0781619 1.43241 3.07433 -0.00284226 0.00659419 
26.1347 0.0064713 -0.649459 1.51015 -3.12439 0.0365235 0.0358323 0.00165145 -0.0765746 1.42073 -2.90075 -0.0257427 0.00944694 
26.165 0.00707316 -0.647724 1.50564 -3.13267 0.0101196 0.0248689 0.00224188 -0.0757901 1.40921 -2.86539 -0.0379835 0.00675768 
26.1948 0.00761898 -0.649942 1.51129 -3.12074 -0.010496 0.0210265 0.00270453 -0.0769266 1.40466 2.96219 0.043675 0.00562848 
26.2255 0.011038 -0.648084 1.50657 -3.13308 0.0201058 0.0249623 0.0055727 -0.0759657 1.41258 -2.87884 -0.0456826 0.00816016 
26.2552 0.0116748 -0.651141 1.514 -3.11447 0.000632973 0.0195723 0.0060273 -0.0753885 1.40746 -2.86217 -0.0234844 0.00909804 
26.2861 0.0120904 -0.652874 1.51812 -3.10472 -0.00409884 0.0175049 0.00644798 -0.0767505 1.40595 2.97575 0.0560008 0.0115197 
26.3164 0.0128555 -0.649757 1.51534 0.785337 -3.11512 3.13922 0.00694273 -0.0769579 1.40709 2.9672 0.0531427 0.0118169 
26.3464 0.0133168 -0.649835 1.51056 -3.1166 0.0440127 0.034497 0.00746447 -0.0774811 1.41457 2.99138 0.0508867 0.0131601 
26.382 0.0201297 -0.653355 1.5188 -3.10041 -0.0146805 0.0158749 0.0140682 -0.0771365 1.40707 2.96985 0.0474541 0.0135456 
26.4073 0.020325 -0.652975 1.51766 -3.1006 0.00155721 0.019662 0.0145406 -0.0772324 1.41195 2.98422 0.0308567 0.0167078 
26.4415 0.0208417 -0.64994 1.51577 -2.36505 -0.013734 0.0101636 0.0148004 -0.077098 1.41195 2.99438 0.0619035 0.0179032 
26.5099 0.0209412 -0.650128 1.51069 -3.11266 0.0730765 0.0346733 0.0154168 -0.0777653 1.42273 3.03911 0.0527345 0.0140352 
26.5326 0.0215014 -0.647686 1.50497 -3.11954 0.0697563 0.0373948 0.0163206 -0.0760441 1.41355 -2.88462 -0.0432906 0.0082618 
26.5564 0.0219805 -0.647669 1.50537 -3.12947 0.0466605 0.0347822 0.0166018 -0.075858 1.41001 -2.87286 -0.0250153 0.0102915 
26.5858 0.0238032 -0.648072 1.50624 -3.11038 0.0861345 0.0295419 0.0199459 -0.0758395 1.41094 -2.88048 -0.0400024 0.010331 
26.6161 0.024917 -0.648623 1.51191 0.773938 -3.10499 3.12618 0.020212 -0.0758693 1.40965 -2.86943 -0.00938762 0.0132703 
26.6453 0.025216 -0.646998 1.50803 0.782649 -3.09073 3.11757 0.0207351 -0.0756038 1.40769 -2.87602 -0.00388571 0.0114609 
26.6747 0.025203 -0.648568 1.50649 -3.11254 0.0738464 0.034849 0.0210345 -0.0770254 1.40567 2.96726 0.0550177 0.0119876 
26.7052 0.0255922 -0.646687 1.50194 -3.1204 0.0738581 0.0325786 0.0214075 -0.0770655 1.40711 2.96722 0.054646 0.0127931 
26.7366 0.0259363 -0.645865 1.50039 -3.12668 0.0673002 0.0312735 0.0219671 -0.0775235 1.41523 2.99199 0.050809 0.0129787 
26.7668 0.0273663 -0.652 1.51463 -3.11165 0.0430769 0.0183396 0.0240469 -0.0755935 1.40584 -2.85838 -0.00961551 0.00800893 
26.797 0.0274219 -0.652324 1.51538 -3.10631 0.0413707 0.0180683 0.0243659 -0.0769145 1.40189 2.95613 0.0178919 0.00436639 
26.8252 0.0278366 -0.65519 1.522 -3.09507 0.0206755 0.0112226 0.0246447 -0.0771107 1.40419 2.94863 0.0719937 0.00594509 
26.8567 0.027938 -0.655463 1.52269 -3.09299 0.0346933 0.0122103 0.024887 -0.0772225 1.40647 2.95147 0.0907662 0.00682546 
26.8887 0.0281557 -0.657577 1.52768 -3.08383 0.0183852 0.00509212 0.0254167 -0.0773733 1.41274 2.98061 0.0643842 0.0119016 
26.9177 0.0281295 -0.656004 1.52371 -3.08516 0.021517 0.0114813 0.025917 -0.0777433 1.41925 3.00668 0.0531057 0.0119202 
26.9459 0.0282833 -0.656411 1.52468 -3.08198 0.0204836 0.0110486 0.0262616 -0.0778872 1.42429 3.02974 0.0527818 0.0101206 
26.9766 0.0282833 -0.656411 1.52468 -3.08198 0.0204836 0.0110486 0.0267188 -0.0781311 1.43182 3.07832 0.0199056 0.00798535 
27.0062 0.0282703 -0.655712 1.5233 -3.08446 0.0366453 0.0136736 0.0270803 -0.0762174 1.41781 -2.894 -0.0333308 0.00594167 
27.0376 0.0282442 -0.65621 1.52446 -3.08303 0.0319901 0.0116201 0.0274628 -0.0757804 1.40981 -2.8631 -0.0335689 0.00499795 
27.0695 0.0282624 -0.655809 1.52353 -3.08394 0.0374725 0.014041 0.0278315 -0.0754274 1.4031 -2.85183 0.0143435 0.00547318 
27.1702 0.0282873 -0.655949 1.52372 -3.08116 0.030525 0.0134616 0.0278672 -0.0753747 1.40219 -2.85116 0.0236605 0.00583006 
27.202 0.0283114 -0.655472 1.52261 -3.08248 0.0354405 0.0156369 0.0279093 -0.0769272 1.40168 2.94916 0.0342309 0.00144873 
27.221 0.0283114 -0.655472 1.52261 -3.08248 0.0354405 0.0156369 0.028244 -0.0770129 1.40337 2.95172 0.0453361 0.00596542 
27.2492 0.028286 -0.65531 1.52236 -3.08533 0.0423207 0.0161868 0.0282867 -0.0769998 1.40397 2.94927 0.0614594 0.00456949 
27.2775 0.0281667 -0.657052 1.52657 -3.0832 0.0288236 0.00762754 0.0283812 -0.0770521 1.40507 2.95142 0.06643 0.00483376 
27.3067 0.0282599 -0.655573 1.52309 -3.08872 0.0332965 0.00957113 0.0284375 -0.0770858 1.4058 2.95326 0.0676894 0.00489885 
27.3367 0.0283094 -0.655236 1.52217 -3.0872 0.0313577 0.0113189 0.0284428 -0.0770904 1.40591 2.95372 0.0669643 0.00486091 
27.367 0.028189 -0.657178 1.52673 -3.08037 0.0217604 0.00712584 0.0288675 -0.0773954 1.41129 2.96403 0.0816538 0.00403241 
27.3979 0.0280492 -0.656799 1.52583 -3.08363 0.0210283 0.00694215 0.0285553 -0.0772024 1.40701 2.95212 0.0792143 0.00390228 
27.4279 0.0280225 -0.656706 1.52575 -3.08615 0.0288176 0.00760402 0.0284153 -0.0771286 1.40547 2.9492 0.071706 0.00352846 
27.4593 0.0278219 -0.655248 1.52218 -3.09129 0.0316313 0.0115256 0.0284714 -0.077162 1.40619 2.95098 0.0729762 0.0035947 
27.4904 0.0254656 -0.639915 1.48626 3.13282 0.0265118 0.00668452 0.0279474 -0.076878 1.4005 2.94447 0.0274654 0.000941526 
27.5207 0.025173 -0.643534 1.49479 -3.13475 0.0468372 0.015629 0.0279579 -0.0769029 1.40026 2.9482 0.0114074 0.00206236 
27.5494 0.0244618 -0.653203 1.51743 -3.09479 0.0362198 0.013661 0.0279579 -0.0769029 1.40026 2.9482 0.0114074 0.00206236 
27.5788 0.0215382 -0.639694 1.48579 3.13254 0.0206913 0.00433979 0.02631 -0.0781063 1.42844 3.0305 0.0465257 0.00233814 
27.6082 0.0209665 -0.646365 1.50151 -3.12245 0.050241 0.017393 0.0243786 -0.0768949 1.40097 2.94632 0.0221738 0.000639373 
27.639 0.0201415 -0.65751 1.52773 -3.08209 0.0217882 0.00493187 0.0243351 -0.0768662 1.40038 2.94549 0.018478 0.000385883 
27.6708 0.0201415 -0.65751 1.52773 -3.08209 0.0217882 0.00493187 0.0243351 -0.0768662 1.40038 2.94549 0.018478 0.000385883 
27.7011 0.0198229 -0.655067 1.52197 -3.09406 0.0378232 0.0118753 0.0243351 -0.0768662 1.40038 2.94549 0.018478 0.000385883 
27.7312 0.0176497 -0.639699 1.48584 3.13256 0.0197303 0.00412907 0.0241378 -0.0770248 1.40327 -0.197843 -3.11313 3.13911 
27.7623 0.0176497 -0.639699 1.48584 3.13256 0.0197303 0.00412907 0.0234159 -0.0779397 1.42392 -0.135824 -3.10444 3.13863 
27.7954 0.0164267 -0.654207 1.51998 -3.09705 0.0105789 0.000220188 0.0231662 -0.078318 1.43435 -0.0791015 3.13503 3.14113 
27.8217 0.0161422 -0.657513 1.52778 -3.08207 0.0211772 0.00485841 0.0231498 -0.0782912 1.43408 -0.075426 -3.13697 3.14017 
27.8513 0.0154621 -0.652322 1.51555 -3.10448 0.03119 0.00922261 0.0207439 -0.0768674 1.40045 2.94557 0.0160495 0.000298745 
27.882 0.0137611 -0.639706 1.4859 3.13258 0.0188164 0.00392991 0.0207439 -0.0768674 1.40045 2.94557 0.0160495 0.000298745 
27.9113 0.0137611 -0.639706 1.4859 3.13258 0.0188164 0.00392991 0.0207439 -0.0768674 1.40045 2.94557 0.0160495 0.000298745 
27.9444 0.0137611 -0.639706 1.4859 3.13258 0.0188164 0.00392991 0.019989 -0.0775659 1.41504 -0.169787 -3.07971 3.13754 
27.9758 0.0122729 -0.656017 1.5243 -3.08752 0.0260651 0.00719951 0.0194743 -0.078279 1.4326 -0.08274 3.1396 3.13829 
28.0054 0.0098727 -0.639713 1.48595 3.13261 0.0178906 0.00374031 0.0171518 -0.0768686 1.40052 2.94566 0.0139221 0.000200156 
28.0353 0.00824547 -0.656478 1.52542 -3.0864 0.0197129 0.00462878 0.0167268 -0.077213 1.40642 -0.191651 -3.09424 3.13597 
28.0638 0.00414465 -0.65752 1.52791 -3.08204 0.0192834 0.00462986 0.0125641 -0.0777777 1.41845 -0.151105 -3.09579 3.13387 
28.0903 0.00362362 -0.652572 1.51624 -3.10474 0.0406004 0.0138561 0.0121351 -0.0781066 1.42761 -0.100017 -3.11081 3.13362 
28.1211 0.00209563 -0.639731 1.48606 3.13266 0.0160419 0.00332911 0.0113923 -0.0768035 1.42349 0.232683 3.08209 3.13977 
28.1535 0.00209563 -0.639731 1.48606 3.13266 0.0160419 0.00332911 0.0103806 -0.0757559 1.40667 0.283544 3.10422 3.13704 
28.1837 0.0016166 -0.643805 1.49566 -3.13347 0.0353027 0.0118208 0.00993674 -0.0769025 1.40058 -0.193473 3.12324 3.14008 
28.2136 0.000558537 -0.653434 1.51833 -3.09641 0.0359009 0.0121478 0.00949923 -0.0772502 1.40574 -0.18617 -3.10499 3.13251 
28.244 0.000145598 -0.657524 1.52795 -3.08203 0.0186377 0.00455644 0.00891034 -0.077759 1.41736 -0.150318 -3.09604 3.13174 
28.2734 -9.67103e-05 -0.654988 1.52197 -3.09441 0.0344399 0.0113876 0.00852547 -0.0779886 1.4237 -0.115772 -3.09991 3.131 
28.3035 -0.000688699 -0.648867 1.50755 -3.1206 0.054194 0.0198783 0.00715393 -0.0758321 1.40882 0.283116 3.05662 3.14075 
28.3331 -0.00172815 -0.640196 1.48718 3.13343 0.0236459 0.00681273 0.00676368 -0.0757323 1.40638 0.285277 3.10334 3.1371 
28.3629 -0.00179298 -0.639742 1.48612 3.13269 0.0151316 0.00313089 0.00634633 -0.0769046 1.40065 -0.193359 3.12591 3.14005 
28.3936 -0.00251481 -0.646253 1.50674 0.787397 -3.0916 3.11697 0.00610339 -0.0771207 1.40394 -0.191564 -3.12162 3.1352 
28.4238 -0.00368603 -0.656004 1.52441 -3.0876 0.0234215 0.00685202 0.00586817 -0.0772501 1.40733 -0.189838 -3.08559 3.13556 
28.4532 -0.00393085 -0.656671 1.52597 -3.08632 0.0236848 0.00693788 0.00521176 -0.077639 1.41573 -0.155426 -3.07116 3.13213 
28.4832 -0.00393085 -0.656671 1.52597 -3.08632 0.0236848 0.00693788 0.00439136 -0.0770209 1.42698 0.209664 3.07755 3.14053 
28.5192 -0.00428748 -0.652555 1.51626 -3.10547 0.0454483 0.0163049 0.00357762 -0.076024 1.4111 0.274777 3.06705 3.13905 
28.5441 -0.00504345 -0.644821 1.49806 -3.13582 0.0530845 0.019608 0.00275272 -0.0769061 1.40072 -0.193249 3.12764 3.1399 
28.5739 -0.00568156 -0.639753 1.48618 3.13272 0.0141972 0.002919 0.00265168 -0.0769969 1.40231 -0.194232 -3.13075 3.13803 
28.6038 -0.00819233 -0.653327 1.51811 -3.10203 0.0411684 0.0146455 -0.000808702 -0.0768782 1.4009 -0.195342 3.13879 3.14133 
28.6336 -0.00849279 -0.649527 1.50916 -3.11839 0.0559357 0.0209695 -0.000867531 -0.0769359 1.40124 -0.193137 3.13556 3.13914 
28.6679 -0.0116355 -0.655403 1.52307 -3.08788 0.0381181 0.0137738 -0.00442977 -0.0769049 1.40142 -0.195527 -3.13493 3.14074 
28.6936 -0.0117463 -0.656511 1.52567 -3.08468 0.0283063 0.00942537 -0.0045224 -0.0769687 1.40257 -0.196375 -3.11598 3.13953 
28.7234 -0.0117996 -0.657036 1.5269 -3.08327 0.0227752 0.00698365 -0.00525406 -0.0774995 1.41297 -0.174205 -3.07768 3.13523 
28.7543 -0.0119797 -0.655812 1.524 -3.0906 0.0282812 0.00929945 -0.0050952 -0.0773615 1.40986 -0.183662 -3.07526 3.13514 
28.7847 -0.0120451 -0.654946 1.52196 -3.09462 0.0323845 0.0110818 -0.00540241 -0.0776188 1.41566 -0.16627 -3.07717 3.1352 
28.8209 -0.0124311 -0.649497 1.50911 -3.11869 0.0569992 0.0216243 -0.00592992 -0.0780353 1.42588 -0.123064 -3.09649 3.13589 
28.8461 -0.0128131 -0.644933 1.49838 -3.13631 0.0616855 0.023644 -0.00600695 -0.0781018 1.42763 -0.114391 -3.10334 3.13621 
28.8771 -0.0129895 -0.643151 1.49419 3.1406 0.0584923 0.0222958 -0.00610994 -0.0780982 1.42813 -0.105052 -3.0943 3.13522 
28.9069 -0.013239 -0.641715 1.49083 3.1379 0.0305424 0.0103479 -0.00653523 -0.0770951 1.42888 0.203778 3.08911 3.1414 
28.9367 -0.013459 -0.639779 1.48629 3.13278 0.0123534 0.00252112 -0.00663855 -0.07713 1.42888 0.207036 3.09934 3.1402 
28.9667 -0.013459 -0.639779 1.48629 3.13278 0.0123534 0.00252112 -0.00663855 -0.07713 1.42888 0.207036 3.09934 3.1402 
28.9972 -0.013756 -0.641803 1.49107 3.14159 0.0255572 0.00833502 -0.00664588 -0.077047 1.42856 -2.92819 0.0445385 2.37746e-06 
29.0289 -0.0141059 -0.644549 1.50289 0.794297 -3.08029 3.11268 -0.00669379 -0.0769982 1.42708 0.21709 3.09366 3.14048 
29.0582 -0.0141706 -0.645022 1.50398 0.792572 -3.07965 3.11242 -0.00670191 -0.076915 1.42673 -2.91845 0.0504447 0.000337099 
29.0885 -0.0141059 -0.644549 1.50289 0.794297 -3.08029 3.11268 -0.00663855 -0.07713 1.42888 0.207036 3.09934 3.1402 
29.1181 -0.0157953 -0.657032 1.52692 -3.08331 0.0221781 0.00690533 -0.00669379 -0.0769982 1.42708 0.21709 3.09366 3.14048 
29.1488 -0.0155967 -0.655473 1.52325 -3.08913 0.0265572 0.00884631 -0.00658599 -0.0770332 1.42724 0.208746 3.08486 3.14037 
29.179 -0.01571 -0.656504 1.52567 -3.08635 0.0158386 0.00412303 -0.00658599 -0.0770332 1.42724 0.208746 3.08486 3.14037 
29.2091 -0.0155378 -0.65493 1.52197 -3.0907 0.0312562 0.0109254 -0.00609663 -0.0780508 1.42614 -0.109778 -3.09303 3.13285 
29.2393 -0.015211 -0.652263 1.5157 -3.10017 0.0403176 0.0149392 -0.006019 -0.0779787 1.42421 -0.119833 -3.08618 3.13259 
29.2697 -0.0141059 -0.644549 1.50289 0.794297 -3.08029 3.11268 -0.00620602 -0.0782361 1.42989 -0.0903265 -3.13319 3.13335 
29.3005 -0.0140426 -0.643748 1.49565 -3.13344 0.0342456 0.0121874 -0.00547532 -0.0776162 1.41572 -0.163742 -3.07031 3.13479 
29.3315 -0.0135337 -0.640297 1.48751 3.13502 0.0157747 0.00402376 -0.00518981 -0.0774354 1.41149 -0.179222 -3.0739 3.13508 
29.3606 -0.013459 -0.639779 1.48629 3.13278 0.0123534 0.00252112 -0.00495908 -0.0772592 1.40762 -0.189327 -3.0787 3.1353 
29.3914 -0.0102247 -0.644644 1.50309 0.794422 -3.07887 3.11184 -0.00235306 -0.0778972 1.42396 -0.126235 -3.06811 3.13589 
29.4209 -0.00957037 -0.639765 1.48623 3.13275 0.013309 0.00271954 -0.00220043 -0.0779706 1.4242 -0.130806 -3.09312 3.13573 
29.4514 -0.00896508 -0.644718 1.49785 -3.13631 0.0533133 0.0198709 -0.00115984 -0.0770899 1.40479 -0.197203 -3.08283 3.13768 
29.4815 -0.00812034 -0.65421 1.52019 -3.0981 0.037573 0.0131011 -0.000841627 -0.0769072 1.40147 -0.194917 -3.13912 3.14096 
29.5119 -0.00784228 -0.656187 1.52496 -3.08924 0.0218922 0.00893382 -0.000808702 -0.0768782 1.4009 -0.195342 3.13879 3.14133 
29.5429 -0.00710661 -0.651566 1.51901 0.767223 -3.08148 3.11289 -0.000344123 -0.0756165 1.40786 -2.84726 0.0579204 0.00242455 
29.5778 -0.00608688 -0.642847 1.49359 -3.1381 0.0331224 0.0131189 0.000682144 -0.076902 1.42714 -2.92019 0.0607458 0.00184844 
29.6021 -0.00536006 -0.642783 1.49328 3.14073 0.0560428 0.0209537 0.001153 -0.0782429 1.43259 -0.0888384 -3.11585 3.13908 
29.6333 -0.0040576 -0.655095 1.52235 -3.09565 0.0265236 0.0106847 0.0026722 -0.0769598 1.40231 -0.19713 -3.11978 3.13964 
29.6631 -0.00363033 -0.655514 1.52337 -3.08968 0.0296182 0.0117438 0.00278326 -0.0768757 1.40082 -0.195501 3.13646 3.1414 
29.6932 0.00344783 -0.650169 1.51124 -3.1164 0.0322004 0.0207698 0.00856491 -0.078169 1.43035 -0.102041 -3.11089 3.13873 
29.7246 0.00410731 -0.654155 1.52084 -3.0993 0.00745915 0.0142365 0.00930578 -0.0773676 1.4107 -0.182975 -3.07394 3.13727 
29.7547 0.00476489 -0.651667 1.52005 0.768608 -3.11536 3.14014 0.0099681 -0.0768719 1.40067 2.94587 0.00941293 6.35156e-06 
29.7848 0.00537585 -0.648621 1.50752 -3.12252 0.0537321 0.0299342 0.0099681 -0.0768719 1.40067 2.94587 0.00941293 6.35156e-06 
29.8145 0.00676565 -0.645673 1.50054 -3.14122 0.0429394 0.0254434 0.0114293 -0.0768894 1.42659 -2.92444 0.0186559 0.000207705 
29.8442 0.00723698 -0.648799 1.50786 -3.12023 0.0431088 0.0229427 0.0121154 -0.0783001 1.43443 -0.074418 -3.13182 3.13997 
29.8796 0.00779333 -0.653656 1.51939 -3.10048 0.0171842 0.0141154 0.0123079 -0.0781341 1.42901 -0.113075 -3.11435 3.13915 
29.9088 0.00831148 -0.656871 1.52691 -3.09152 -0.0139996 0.00483059 0.0135597 -0.0768699 1.40059 2.94572 0.0117131 9.55799e-05 
29.9374 0.00855234 -0.65442 1.52117 -3.09513 0.0284662 0.0193667 0.0135597 -0.0768699 1.40059 2.94572 0.0117131 9.55799e-05 
29.9678 0.0121869 -0.655677 1.52388 -3.08941 0.0198996 0.0112789 0.0171518 -0.0768686 1.40052 2.94566 0.0139221 0.000200156 
29.9986 0.012315 -0.655557 1.52334 -3.08906 0.03452 0.0132402 0.0189616 -0.0769833 1.42841 -2.92078 0.0569133 0.00185391 
30.0278 0.0131192 -0.646416 1.50698 0.788237 -3.09032 3.11554 0.019524 -0.0782306 1.43209 -0.0903093 -3.12564 3.13951 
30.0583 0.0132617 -0.644962 1.49846 -3.12472 0.0569267 0.0228932 0.0195812 -0.0781424 1.43082 -0.098276 -3.12986 3.13867 
30.0889 0.0140166 -0.641959 1.49135 3.14121 0.04547 0.0176494 0.0205545 -0.0769773 1.40343 -0.193745 -3.12111 3.13803 
30.1193 0.0147008 -0.646426 1.50167 -3.12994 0.073044 0.0272503 0.0207439 -0.0768674 1.40045 2.94557 0.0160495 0.000298745 
30.149 0.0154222 -0.651382 1.51358 -3.10979 0.0445614 0.0195321 0.0207439 -0.0768674 1.40045 2.94557 0.0160495 0.000298745 
30.1795 0.0171379 -0.645438 1.50468 0.791875 -3.09415 3.117 0.0242205 -0.0769643 1.4021 -0.198273 -3.1271 3.13988 
30.2091 0.0172053 -0.64537 1.50453 0.791033 -3.1041 3.12131 0.0243351 -0.0768662 1.40038 2.94549 0.018478 0.000385883 
30.24 0.0173292 -0.643068 1.49379 -3.13546 0.0437948 0.0147399 0.0244493 -0.0753343 1.40272 -2.84381 0.0265959 0.000567431 
30.271 0.0179958 -0.642514 1.49244 3.1405 0.0538555 0.0188944 0.0256121 -0.0762496 1.41745 -2.87693 0.0783067 0.00309415 
30.3016 0.018633 -0.646481 1.50176 -3.12972 0.0738255 0.0274257 0.0268 -0.0780314 1.42733 -0.106466 -3.09829 3.13711 
30.3303 0.0193472 -0.651226 1.51291 -3.11144 0.0582307 0.0206562 0.0270043 -0.0779445 1.42421 -0.131624 -3.10048 3.13815 
30.3606 0.0198278 -0.655088 1.52202 -3.09407 0.038732 0.0122668 0.0276526 -0.0770684 1.40402 -0.198393 -3.10054 3.13846 
30.3916 0.0200661 -0.656209 1.52467 -3.08744 0.0336057 0.0100773 0.0279267 -0.0768653 1.40031 2.94543 0.0207356 0.000449779 
30.4215 0.020236 -0.656029 1.52426 -3.08598 0.0379328 0.0120203 0.0279267 -0.0768653 1.40031 2.94543 0.0207356 0.000449779 
30.452 0.0220171 -0.642515 1.4924 3.13956 0.0532449 0.0183828 0.0305373 -0.078213 1.43043 -0.0959563 -3.13994 3.13795 
30.4818 0.0225833 -0.646127 1.50088 -3.13133 0.0642868 0.0230949 0.0311468 -0.0772144 1.40716 -0.190204 -3.09893 3.13838 
30.5119 0.0233037 -0.651287 1.51302 -3.11098 0.0566194 0.0197862 0.0314348 -0.0769606 1.40205 -0.196095 -3.14136 3.14066 
30.5425 0.0235968 -0.6535 1.51823 -3.1013 0.0471397 0.0157078 0.0314598 -0.0769271 1.40135 -0.19756 3.1395 3.14081 
30.5728 0.0242194 -0.656123 1.52444 -3.08545 0.0395269 0.01252 0.0315194 -0.0768649 1.40026 2.94542 0.0227966 0.000579626 
30.603 0.0242995 -0.655287 1.52234 -3.08543 0.0416623 0.0160929 0.0317741 -0.0754101 1.40395 -2.84423 0.0468582 0.00138559 
30.634 0.0249191 -0.647279 1.50884 0.783954 -3.10774 3.12247 0.0329318 -0.0762241 1.41708 -2.87294 0.097399 0.0041481 
30.6642 0.0264365 -0.645654 1.49973 -3.13309 0.0652603 0.0233419 0.0343108 -0.0779393 1.42399 -0.132041 -3.10438 3.1384 
30.695 0.0267952 -0.647952 1.50513 -3.12472 0.0679049 0.0244605 0.0345266 -0.0775049 1.41346 -0.174165 -3.08698 3.13788 
30.724 0.027684 -0.654331 1.52015 -3.0975 0.0433354 0.0138889 0.0349361 -0.0770362 1.40341 -0.196406 -3.12274 3.13959 
30.7538 0.0281404 -0.657507 1.52764 -3.08211 0.0229979 0.00507308 0.0350094 -0.0769606 1.40188 -0.198469 -3.13361 3.14019 
30.7855 0.0282375 -0.656292 1.52466 -3.08256 0.0329327 0.0120313 0.0351118 -0.0768644 1.4002 2.94539 0.0249221 0.000690199 
30.8155 0.0291359 -0.644618 1.50267 0.793684 -3.10689 3.1219 0.0351118 -0.0768644 1.4002 2.94539 0.0249221 0.000690199 
30.8453 0.0291929 -0.644631 1.49733 -3.13057 0.0753349 0.0278751 0.0351118 -0.0768644 1.4002 2.94539 0.0249221 0.000690199 
30.8754 0.0321937 -0.65706 1.52657 -3.08284 0.0205891 0.00764794 0.0351118 -0.0768644 1.4002 2.94539 0.0249221 0.000690199 
30.9055 0.0322302 -0.656604 1.52549 -3.07972 0.0224514 0.0092603 0.0351118 -0.0768644 1.4002 2.94539 0.0249221 0.000690199 
30.9358 0.0322056 -0.656517 1.52542 -3.08231 0.0299318 0.0099258 0.0351118 -0.0768644 1.4002 2.94539 0.0249221 0.000690199 
30.9658 0.0321666 -0.655075 1.52148 -3.08768 0.0319477 0.0158524 0.0351118 -0.0768644 1.4002 2.94539 0.0249221 0.000690199 
30.9964 0.0318729 -0.653234 1.51728 -3.09837 0.0502949 0.0214126 0.0351118 -0.0768644 1.4002 2.94539 0.0249221 0.000690199 
31.0261 0.031965 -0.65505 1.52154 -3.09194 0.0346786 0.0145752 0.0351118 -0.0768644 1.4002 2.94539 0.0249221 0.000690199 
31.0569 0.0319856 -0.655223 1.52182 -3.08901 0.0285686 0.0143408 0.0351118 -0.0768644 1.4002 2.94539 0.0249221 0.000690199 
31.0868 0.031859 -0.654382 1.51984 -3.09308 0.0338512 0.0166289 0.0351118 -0.0768644 1.4002 2.94539 0.0249221 0.000690199 
31.1172 0.0313194 -0.650656 1.51119 -3.10804 0.0568629 0.0244905 0.0348887 -0.0771303 1.40552 -0.190149 -3.12465 3.13969 
31.1484 0.0310925 -0.650509 1.51083 -3.11823 0.0537428 0.0222233 0.0342411 -0.0782546 1.4322 -0.0926303 3.13993 3.1407 
31.1778 0.0306292 -0.647334 1.50336 -3.12367 0.0580243 0.0251139 0.0341924 -0.0782905 1.43389 -0.0759546 3.14019 3.14044 
31.2082 0.0287399 -0.649109 1.51262 0.775149 -3.11581 3.1324 0.0315194 -0.0768649 1.40026 2.94542 0.0227966 0.000579626 
31.2383 0.0281497 -0.655628 1.52283 -3.0859 0.0275224 0.0141192 0.0314598 -0.0769271 1.40135 -0.19756 3.1395 3.14081 
31.2685 0.0275101 -0.652408 1.51522 -3.10326 0.0409119 0.0198352 0.0305278 -0.0783159 1.4342 -0.0792977 3.13166 3.14129 
31.2987 0.0266921 -0.647296 1.50332 -3.12382 0.0572327 0.0249604 0.0303389 -0.0782853 1.43427 -0.0689887 3.12878 3.14141 
31.3289 0.0257258 -0.641441 1.48957 3.14093 0.0255119 0.011394 0.0286704 -0.0773332 1.41065 2.97349 0.0300469 0.00109978 
31.3592 0.0249423 -0.643655 1.50082 0.788065 -3.0768 3.10058 0.0279267 -0.0768653 1.40031 2.94543 0.0207356 0.000449779 
31.3897 0.0238546 -0.649591 1.50956 -3.10097 0.089386 0.0269692 0.0279267 -0.0768653 1.40031 2.94543 0.0207356 0.000449779 
31.4201 0.0234041 -0.650581 1.5111 -3.10836 0.0553732 0.0242163 0.0272763 -0.0775809 1.41541 -0.166549 -3.09418 3.13813 
31.45 0.0224013 -0.644735 1.4976 -3.13685 0.0688771 0.0250645 0.0267359 -0.0776003 1.43634 -2.97595 0.0260192 0.000296837 
31.4801 0.02167 -0.640423 1.48722 3.13818 0.0159973 0.00749365 0.0257008 -0.0777404 1.42038 3.00928 0.0160985 0.000206304 
31.5103 0.0185772 -0.64543 1.49915 -3.13261 0.0622187 0.0249964 0.0231662 -0.078318 1.43435 -0.0791015 3.13503 3.14113 
31.5406 0.0177455 -0.64025 1.48699 3.13545 0.0229284 0.00817199 0.0224255 -0.0767796 1.42509 -2.91341 0.0582255 0.00168638 
31.571 0.017157 -0.645463 1.50446 0.787769 -3.09885 3.12333 0.0207439 -0.0768674 1.40045 2.94557 0.0160495 0.000298745 
31.6014 0.0161468 -0.653666 1.51847 -3.0914 0.0442371 0.0200286 0.0207439 -0.0768674 1.40045 2.94557 0.0160495 0.000298745 
31.6313 0.0153769 -0.651168 1.51282 -3.1115 0.055697 0.0197681 0.0196391 -0.0781292 1.42881 -0.113471 -3.11818 3.13934 
31.6622 0.0145271 -0.644483 1.49696 -3.13602 0.0602611 0.0243553 0.0192699 -0.0774998 1.43444 0.17732 3.11207 3.14085 
31.692 0.0137952 -0.639915 1.48639 3.13282 0.0237848 0.00607816 0.0171518 -0.0768686 1.40052 2.94566 0.0139221 0.000200156 
31.7225 0.0133985 -0.644412 1.50236 0.795418 -3.08658 3.11395 0.0171518 -0.0768686 1.40052 2.94566 0.0139221 0.000200156 
31.7524 0.0124178 -0.654769 1.52112 -3.08514 0.0353505 0.0164052 0.0171518 -0.0768686 1.40052 2.94566 0.0139221 0.000200156 
31.7827 0.00936602 -0.645071 1.49844 -3.12535 0.0500397 0.0206638 0.0134757 -0.0769532 1.40222 -0.1946 -3.13819 3.14067 
31.8129 0.00900446 -0.648656 1.51188 0.775251 -3.09221 3.1209 0.0121766 -0.0782348 1.43228 -0.0898217 -3.12159 3.13935 
31.8437 0.00877618 -0.651686 1.51875 0.764062 -3.1047 3.12868 0.0115308 -0.0780285 1.42767 -0.102668 3.13718 3.14117 
31.8743 0.00815664 -0.654191 1.51965 -3.0919 0.0344974 0.0181775 0.0099681 -0.0768719 1.40067 2.94587 0.00941293 6.35156e-06 
31.9038 0.00762795 -0.650971 1.51204 -3.10861 0.0460973 0.0230567 0.0099681 -0.0768719 1.40067 2.94587 0.00941293 6.35156e-06 
31.9338 0.00721527 -0.648894 1.50728 -3.11752 0.0499495 0.0227691 0.00861258 -0.0781827 1.43107 -0.0943588 3.14095 3.14095 
31.9637 0.0069514 -0.646584 1.50185 -3.12661 0.053732 0.0243744 0.00848999 -0.0783079 1.43379 -0.0728891 -3.11259 3.14095 
31.994 0.00647392 -0.645478 1.49926 -3.12891 0.0648063 0.0292972 0.00758286 -0.0777993 1.42115 3.00039 0.0436723 0.00224914 
32.0247 0.00430686 -0.649528 1.50847 -3.10883 0.05284 0.0306542 0.00431851 -0.0781083 1.42873 3.03073 0.0349832 0.00179663 
32.0545 0.00406206 -0.651176 1.51205 -3.1086 0.0396752 0.0272458 0.00300564 -0.0770586 1.40345 2.94939 0.0284733 0.00363083 
32.0853 0.00360845 -0.649491 1.50819 -3.11635 0.0432845 0.0273321 0.00281561 -0.0769143 1.40079 2.94889 -0.00424302 0.00141788 
32.1153 0.00319638 -0.648333 1.50526 -3.13291 0.0231186 0.0244152 0.00223153 -0.0758117 1.40999 0.285369 -3.08081 3.13985 
32.1454 0.00317112 -0.648969 1.50706 -3.12183 0.0341603 0.0260785 0.000901465 -0.0781182 1.42987 3.04618 0.0510544 0.0035567 
32.1755 0.00277976 -0.646414 1.50108 -3.13052 0.0321629 0.0289074 0.00079486 -0.0782327 1.43082 3.04297 0.019488 0.00325565 
32.2059 0.00225831 -0.647977 1.50423 -3.12653 0.0532478 0.0377499 -0.000502207 -0.0770786 1.40471 2.94712 0.0498435 0.00255042 
32.2364 0.0014064 -0.650904 1.51133 -3.10524 0.0452632 0.0363132 -0.000940122 -0.0755245 1.4042 -2.85181 -0.0140194 0.00213412 
32.2664 0.00100904 -0.65014 1.51456 -2.36816 -0.0319314 0.00462889 -0.00219216 -0.0770231 1.42723 -2.92458 -0.0464656 0.000554127 
32.2967 0.000631456 -0.650181 1.50955 -3.10898 0.0276869 0.0295878 -0.00275402 -0.078233 1.43176 3.05784 0.027476 0.00431695 
32.3268 0.000202062 -0.651723 1.51318 -3.11603 0.0121729 0.0255736 -0.00334393 -0.0777625 1.41892 2.98832 0.0579638 0.00523707 
32.3572 -0.000142814 -0.649692 1.50844 -3.12177 0.0137541 0.0294286 -0.00401725 -0.077123 1.40559 2.94731 0.059499 0.00304146 
32.3873 -0.00279968 -0.65094 1.5114 -3.10876 0.0186269 0.032917 -0.00672179 -0.077982 1.42687 3.02269 0.042166 0.00357871 
32.4178 -0.00329582 -0.650311 1.51016 -3.10762 0.0170708 0.0294869 -0.00731562 -0.0774007 1.41059 2.9609 0.0666132 0.00548381 
32.4478 -0.00394179 -0.65098 1.51187 -3.11753 0.000540715 0.0259568 -0.00774019 -0.07714 1.4051 2.94978 0.0549712 0.00523768 
32.478 -0.00440844 -0.648471 1.50609 -3.12406 0.0147952 0.0274541 -0.00804691 -0.0769429 1.40238 2.95016 0.0119423 0.000528249 
32.5085 -0.00487754 -0.646626 1.50223 -3.1339 0.00113026 0.0263562 -0.00797827 -0.0768949 1.40122 2.94554 0.00515684 3.09308e-05 
32.5387 -0.00808953 -0.650104 1.51042 -3.1099 0.0155636 0.0258832 -0.0111692 -0.0771538 1.40623 2.94766 0.0626589 0.00318173 
32.5686 -0.00837962 -0.648014 1.50561 -3.11759 0.0219081 0.027246 -0.0113652 -0.0770513 1.40427 2.94723 0.0356295 0.00183818 
32.5987 -0.00923021 -0.648048 1.50554 -3.11808 0.0526319 0.0354996 -0.0115725 -0.0768973 1.4013 -0.195931 3.13844 3.14149 
32.6292 -0.0125597 -0.648743 1.50805 -3.12184 0.0136825 0.0242552 -0.0134482 -0.077239 1.43084 0.194189 -3.08437 3.14114 
32.6596 -0.0126547 -0.647653 1.50548 -3.12609 0.0152756 0.0249206 -0.0138493 -0.0782136 1.43195 3.04961 0.028738 0.0019154 
32.69 -0.0130186 -0.648436 1.50701 -3.11632 0.0469632 0.0334013 -0.0138493 -0.0782136 1.43195 3.04961 0.028738 0.0019154 
32.7201 -0.0133666 -0.648399 1.50697 -3.11609 0.052574 0.0364181 -0.0137508 -0.078364 1.43499 3.06986 -0.00850842 0.00165792 
32.7505 -0.0134204 -0.647757 1.50535 -3.11664 0.057449 0.0363436 -0.0138217 -0.0783049 1.43303 3.0558 0.00226441 0.00238542 
32.7806 -0.0135902 -0.64833 1.50681 -3.11517 0.0578133 0.038803 -0.0138217 -0.0783049 1.43303 3.0558 0.00226441 0.00238542 
32.811 -0.0136024 -0.648035 1.50601 -3.11451 0.0642926 0.0391086 -0.0137508 -0.078364 1.43499 3.06986 -0.00850842 0.00165792 
32.841 -0.0136206 -0.649002 1.5084 -3.11204 0.0641263 0.0415959 -0.0137508 -0.078364 1.43499 3.06986 -0.00850842 0.00165792 
32.8716 -0.0134801 -0.64832 1.50679 -3.11568 0.0563556 0.0381236 -0.0138217 -0.0783049 1.43303 3.0558 0.00226441 0.00238542 
32.9574 -0.0132998 -0.647944 1.5059 -3.11793 0.0515284 0.0359519 -0.0138493 -0.0782136 1.43195 3.04961 0.028738 0.0019154 
32.9912 -0.0129294 -0.649479 1.5099 -3.11886 0.0278694 0.0320542 -0.0138493 -0.0782136 1.43195 3.04961 0.028738 0.0019154 
33.011 -0.0126547 -0.647653 1.50548 -3.12609 0.0152756 0.0249206 -0.0133992 -0.0772418 1.43221 0.200421 -3.09848 3.13992 
33.0365 -0.0124255 -0.64884 1.50839 -3.12014 0.00325401 0.0213681 -0.0135644 -0.0783481 1.43508 3.07612 -0.0192379 0.000750594 
33.0672 -0.00876249 -0.646742 1.50373 -3.13551 2.50714e-05 0.0244551 -0.0110033 -0.0772725 1.40875 2.95278 0.0742751 0.00369692 
33.0968 -0.00831183 -0.648884 1.50897 -3.12144 -0.0100922 0.0224501 -0.0103915 -0.0780316 1.42662 3.01743 0.0433737 0.00230652 
33.1271 -0.00791175 -0.649892 1.5115 -3.11657 -0.00850364 0.0245293 -0.010104 -0.078285 1.43416 3.06449 0.0210444 0.00141236 
33.1589 -0.00727765 -0.65182 1.51537 -3.11583 -0.00204028 0.0222432 -0.0094628 -0.0768196 1.42628 0.231498 -3.0823 3.13883 
33.1912 -0.00673886 -0.650078 1.51169 -3.12005 0.0269491 0.0330177 -0.00851195 -0.0757865 1.41048 0.285156 -3.06793 3.13796 
33.2232 -0.00616884 -0.648774 1.50879 -3.12316 0.0177811 0.03506 -0.00804691 -0.0769429 1.40238 2.95016 0.0119423 0.000528249 
33.2533 -0.00557589 -0.6475 1.5055 -3.12852 0.0235031 0.0348367 -0.00794935 -0.077003 1.40345 2.94905 0.0309743 0.0017146 
33.2833 -0.00483305 -0.646533 1.50357 -3.13177 0.00188915 0.0253063 -0.00765815 -0.0770267 1.40472 2.94746 0.0556418 0.00444079 
33.315 -0.00424355 -0.648042 1.50684 -3.12546 -0.0035917 0.0271875 -0.00705797 -0.0775859 1.41725 2.98341 0.0655647 0.00485883 
33.3446 -0.00374076 -0.651226 1.51423 -3.11239 -0.010898 0.0224887 -0.00654589 -0.0782362 1.43096 3.04332 0.0155489 0.00310716 
33.3747 -0.00330217 -0.645936 1.50198 3.14156 0.024759 0.0363747 -0.00606598 -0.0773313 1.43238 0.192567 -3.10751 3.1415 
33.4053 -0.00258386 -0.647835 1.50636 -3.13057 0.00198385 0.0293095 -0.00537149 -0.0763022 1.41756 0.260457 -3.07999 3.13996 
33.4346 -0.00197356 -0.64964 1.51083 -3.11372 0.0265132 0.0398921 -0.00449645 -0.0754208 1.40354 -2.84611 -0.0234227 0.000272331 
33.4651 -0.00167177 -0.650132 1.51184 -3.11565 0.0328965 0.0407425 -0.00432948 -0.0770058 1.40341 2.9478 0.039201 0.00208693 
33.4951 -0.0007976 -0.648078 1.50737 -3.12553 -0.0104597 0.0258196 -0.00379594 -0.0771558 1.40869 2.95921 0.0712083 0.0065917 
33.5263 0.0063098 -0.648151 1.50696 -3.12746 0.0490373 0.0357803 0.00831956 -0.0776158 1.43673 0.164187 3.12825 3.14153 
33.5556 0.00663185 -0.646237 1.50233 -3.13494 0.0393536 0.0290835 0.00844579 -0.0783241 1.43468 -0.0782254 -3.1404 3.1408 
33.5866 0.00708218 -0.646864 1.50403 -3.13414 0.0171799 0.0235453 0.00994296 -0.0768965 1.40111 -0.195953 3.13899 3.14113 
33.6164 0.00730881 -0.649029 1.5089 -3.12229 0.0233507 0.0221955 0.0099681 -0.0768719 1.40067 2.94587 0.00941293 6.35156e-06 
33.6466 0.00764351 -0.651581 1.51515 -3.1195 0.00138775 0.0170476 0.0099681 -0.0768719 1.40067 2.94587 0.00941293 6.35156e-06 
33.6771 0.00806584 -0.654542 1.52193 -3.10181 -0.00456706 0.0114221 0.0115902 -0.0780682 1.4287 -0.0977692 3.13793 3.14111 
33.7076 0.00829849 -0.655452 1.5242 -3.09785 -0.0142608 0.00893937 0.012003 -0.077611 1.43664 -2.97693 0.0158552 2.0342e-05 
33.7374 0.00851092 -0.65424 1.5206 -3.09813 0.0266018 0.0166259 0.0122506 -0.0782002 1.43084 -0.103066 -3.12263 3.13961 
33.7682 0.00908214 -0.647572 1.5102 0.781414 -3.10127 3.12891 0.0135597 -0.0768699 1.40059 2.94572 0.0117131 9.55799e-05 
33.7994 0.00956668 -0.644024 1.49649 -3.13304 0.0419993 0.0200132 0.0135597 -0.0768699 1.40059 2.94572 0.0117131 9.55799e-05 
33.8288 0.0104326 -0.64385 1.49576 -3.14091 0.0633918 0.0253189 0.0135597 -0.0768699 1.40059 2.94572 0.0117131 9.55799e-05 
33.8591 0.0109264 -0.647671 1.50475 -3.12697 0.0657341 0.0263066 0.0154905 -0.0782142 1.4325 -0.0793832 3.13608 3.14114 
33.8894 0.011455 -0.651321 1.51349 -3.11024 0.0450623 0.0194682 0.0158497 -0.078233 1.4322 -0.0900064 -3.12386 3.13942 
33.9194 0.0119301 -0.655166 1.52276 -3.09618 0.0168867 0.0108626 0.0163816 -0.0776076 1.41619 -0.163868 -3.09093 3.13802 
33.9494 0.0122238 -0.656988 1.52685 -3.08238 0.0144292 0.00684032 0.0171518 -0.0768686 1.40052 2.94566 0.0139221 0.000200156 
33.9803 0.0129324 -0.648845 1.51257 0.778391 -3.09362 3.11701 0.0171518 -0.0768686 1.40052 2.94566 0.0139221 0.000200156 
34.0102 0.013324 -0.644246 1.50211 0.793687 -3.09704 3.12092 0.017196 -0.0769 1.40117 2.94684 0.0168687 0.000402848 
34.0404 0.0139596 -0.641478 1.49051 3.13164 0.0212036 0.0122855 0.0190566 -0.0771194 1.43029 -2.93114 0.0494669 0.00142267 
34.0708 0.014775 -0.64622 1.50133 -3.12909 0.0635438 0.0252165 0.019571 -0.0781611 1.43004 -0.102868 -3.11675 3.13901 
34.1003 0.0158805 -0.655123 1.52241 -3.09279 0.0254435 0.0112939 0.0205613 -0.0770371 1.40372 -0.194537 -3.12175 3.13962 
34.1308 0.0163045 -0.655577 1.52334 -3.0891 0.0342442 0.0129204 0.0207439 -0.0768674 1.40045 2.94557 0.0160495 0.000298745 
34.161 0.017219 -0.644525 1.50258 0.795197 -3.09539 3.11752 0.0207439 -0.0768674 1.40045 2.94557 0.0160495 0.000298745 
34.1917 0.0174867 -0.643784 1.49546 -3.13435 0.0601271 0.0218091 0.0226178 -0.0769829 1.42807 -2.92593 0.0577851 0.00158877 
34.2223 0.0183012 -0.644166 1.49632 -3.13813 0.0715588 0.0264681 0.0231669 -0.0783179 1.43435 -0.0791111 3.13522 3.14114 
34.2525 0.0190754 -0.649125 1.50797 -3.12002 0.063344 0.0228538 0.0232607 -0.0781944 1.43057 -0.103604 -3.12865 3.13988 
34.2826 0.0199005 -0.654583 1.5211 -3.09416 0.0320117 0.0139905 0.024138 -0.077023 1.40323 -0.198028 -3.11279 3.13909 
34.313 0.0206526 -0.650316 1.5159 0.774694 -3.10794 3.12744 0.0243351 -0.0768662 1.40038 2.94549 0.018478 0.000385883 
34.3426 0.0209404 -0.647347 1.50918 0.781764 -3.10344 3.12333 0.0243351 -0.0768662 1.40038 2.94549 0.018478 0.000385883 
34.3729 0.0214881 -0.644947 1.49843 -3.12912 0.0620941 0.02671 0.0243351 -0.0768662 1.40038 2.94549 0.018478 0.000385883 
34.4035 0.0221861 -0.644145 1.49623 -3.1378 0.0675262 0.0245572 0.0262193 -0.0770166 1.42841 -2.93005 0.0365446 0.000781884 
34.4343 0.0229826 -0.648735 1.50728 -3.12103 0.0560803 0.0236549 0.0267359 -0.0776003 1.43634 -2.97595 0.0260192 0.000296837 
34.4638 0.0237303 -0.653763 1.51886 -3.09899 0.0481395 0.0161766 0.0269687 -0.0781255 1.42864 -0.113773 -3.12231 3.13951 
34.4941 0.0240579 -0.653813 1.51899 -3.09627 0.0593751 0.021158 0.0270608 -0.077996 1.42545 -0.126853 -3.11952 3.13934 
34.5246 0.0247869 -0.650813 1.51698 0.769501 -3.10293 3.1205 0.0279267 -0.0768653 1.40031 2.94543 0.0207356 0.000449779 
34.5546 0.0250451 -0.646454 1.50694 0.787555 -3.09574 3.11732 0.0279267 -0.0768653 1.40031 2.94543 0.0207356 0.000449779 
34.5845 0.0251851 -0.647211 1.50345 -3.12034 0.0954214 0.0369249 0.0279267 -0.0768653 1.40031 2.94543 0.0207356 0.000449779 
34.6155 0.0280315 -0.654676 1.52058 -3.09066 0.0322436 0.0161617 0.030566 -0.0782558 1.43229 -0.0924529 -3.14143 3.1406 
34.6448 0.0280315 -0.654676 1.52058 -3.09066 0.0322436 0.0161617 0.0310173 -0.0775295 1.41449 -0.164698 -3.11796 3.13931 
34.676 0.0280315 -0.654676 1.52058 -3.09066 0.0322436 0.0161617 0.0306876 -0.0780589 1.42705 -0.118794 -3.12768 3.1398 
34.7059 0.027938 -0.655463 1.52269 -3.09299 0.0346933 0.0122103 0.0313606 -0.0770416 1.40371 -0.193786 -3.13038 3.14001 
34.7359 0.0280315 -0.654676 1.52058 -3.09066 0.0322436 0.0161617 0.0314311 -0.0769808 1.40258 -0.193485 3.13632 3.141 
34.767 0.0278865 -0.653677 1.51836 -3.09736 0.0436188 0.0186758 0.0314326 -0.0769737 1.40239 -0.194422 3.1383 3.14088 
34.7971 0.0276818 -0.653281 1.51781 -3.09822 0.034266 0.0171125 0.0314763 -0.0769254 1.40147 -0.194661 3.12745 3.14158 
34.8273 0.02772 -0.653899 1.51913 -3.09827 0.0472341 0.0156065 0.0314311 -0.0769808 1.40258 -0.193485 3.13632 3.141 
34.8575 0.0274289 -0.652383 1.51552 -3.10598 0.0404113 0.0176583 0.03143 -0.0769862 1.40272 -0.192762 3.13476 3.1411 
34.8885 0.0268286 -0.648213 1.50561 -3.12197 0.061426 0.0243041 0.0314073 -0.0770098 1.40317 -0.192602 3.13995 3.14078 
34.918 0.026581 -0.64652 1.50163 -3.12854 0.0637909 0.0253166 0.0313359 -0.0770477 1.40374 -0.195238 -3.12263 3.13958 
34.948 0.0262862 -0.644601 1.49711 -3.13555 0.0627895 0.0248951 0.0312822 -0.0770628 1.40392 -0.197299 -3.10935 3.13889 
34.9779 0.0258448 -0.642186 1.49132 -3.14 0.0297027 0.0131958 0.0306014 -0.0781909 1.4304 -0.103869 -3.13228 3.14005 
35.0088 0.0253025 -0.642815 1.4931 -3.13806 0.0468795 0.0156172 0.0305278 -0.0783159 1.4342 -0.0792977 3.13166 3.14129 
35.0391 0.0240455 -0.654048 1.51942 -3.09251 0.0479071 0.0187538 0.0300523 -0.0771249 1.4299 -2.93733 0.0555367 0.00130043 
35.07 0.0240278 -0.656701 1.52578 -3.08616 0.0282058 0.00752197 0.0298773 -0.076958 1.42774 -2.92227 0.0528099 0.00143411 
35.0999 0.0228536 -0.647906 1.50506 -3.12489 0.0671242 0.0242981 0.0295059 -0.0765841 1.42225 -2.8992 0.0587339 0.0018155 
35.1302 0.0224013 -0.644735 1.4976 -3.13685 0.0688771 0.0250645 0.0279267 -0.0768653 1.40031 2.94543 0.0207356 0.000449779 
35.1607 0.0220434 -0.642548 1.49247 3.13916 0.0591993 0.0209358 0.0279267 -0.0768653 1.40031 2.94543 0.0207356 0.000449779 
35.1903 0.0216253 -0.640231 1.48705 3.13365 0.028606 0.00777533 0.0279267 -0.0768653 1.40031 2.94543 0.0207356 0.000449779 
35.2208 0.020734 -0.650585 1.51635 0.768904 -3.10561 3.12399 0.0274936 -0.0771125 1.40497 -0.196479 -3.0819 3.1374 
35.2515 0.0202117 -0.654473 1.52034 -3.09148 0.0422032 0.0185284 0.0268744 -0.0781185 1.42911 -0.103704 -3.1129 3.13846 
35.2855 0.0201226 -0.655955 1.52382 -3.08744 0.0277273 0.0121485 0.0261229 -0.0767918 1.42556 -2.90807 0.0681456 0.00239963 
35.3122 0.020157 -0.657594 1.52781 -3.08374 0.0171639 0.0049386 0.0245944 -0.0754443 1.40455 -2.8467 0.0371994 0.00101094 
35.3424 0.0193376 -0.651204 1.51286 -3.11137 0.0564626 0.0198996 0.0243351 -0.0768662 1.40038 2.94549 0.018478 0.000385883 
35.3727 0.0187171 -0.646437 1.50152 -3.12887 0.0621649 0.0249706 0.0243351 -0.0768662 1.40038 2.94549 0.018478 0.000385883 
35.4079 0.0185105 -0.644963 1.49805 -3.1343 0.0618262 0.0248307 0.0243351 -0.0768662 1.40038 2.94549 0.018478 0.000385883 
35.4328 0.0181547 -0.642641 1.4926 3.14112 0.053544 0.021306 0.0242183 -0.0769746 1.40236 -0.197077 -3.12951 3.14002 
35.4628 0.0168213 -0.648585 1.51139 0.77455 -3.10358 3.12973 0.0207439 -0.0768674 1.40045 2.94557 0.0160495 0.000298745 
35.4936 0.0163761 -0.652934 1.51664 -3.09442 0.0439535 0.0219946 0.0195403 -0.0782599 1.43252 -0.0921175 -3.1358 3.14036 
35.524 0.0161684 -0.653885 1.51873 -3.09044 0.0340899 0.0198926 0.0194237 -0.0783555 1.43652 -0.0558903 3.13535 3.14105 
35.5538 0.0155471 -0.65017 1.51009 -3.10738 0.0529905 0.0258515 0.0190771 -0.0781707 1.43063 3.04547 0.0255112 0.00105856 
35.5841 0.015564 -0.651264 1.51225 -3.10975 0.037975 0.0237296 0.0171701 -0.0768807 1.40069 2.94465 0.0208808 0.000659322 
35.615 0.01492 -0.647569 1.50349 -3.13014 0.0302292 0.0249 0.0171834 -0.0769065 1.40047 2.94842 0.00459264 0.00181803 
35.6448 0.0151303 -0.649187 1.50744 -3.12186 0.0312112 0.0232305 0.0171834 -0.0769065 1.40047 2.94842 0.00459264 0.00181803 
35.6749 0.0147165 -0.646048 1.50005 -3.13378 0.0339289 0.0243954 0.0160482 -0.0780849 1.42882 3.04133 0.0138313 0.000246215 
35.7054 0.0131507 -0.646715 1.50691 0.786575 -3.11037 3.13634 0.0136216 -0.0769416 1.40041 2.95113 -0.0066765 0.0032014 
35.7353 0.0129587 -0.649042 1.51216 0.779399 -3.11511 3.13996 0.0134343 -0.0755706 1.4047 -2.85545 0.00461545 0.00277035 
35.7655 0.0123898 -0.65288 1.51575 -3.09953 0.0243296 0.0235638 0.0123859 -0.0771578 1.43055 0.201335 -3.12969 3.14094 
35.7973 0.0121074 -0.652954 1.51563 -3.1059 0.0157302 0.0232528 0.0119697 -0.0783272 1.43256 3.06059 -0.00254198 0.00407253 
35.8269 0.0115473 -0.65148 1.51184 -3.12017 0.00852145 0.0232599 0.0111664 -0.0776841 1.41797 2.98286 0.077367 0.0038514 
35.8565 0.0086119 -0.650988 1.51122 -3.10775 0.0293348 0.0276523 0.00751981 -0.0777012 1.4185 2.98615 0.0667744 0.00340343 
35.8866 0.00810861 -0.652613 1.51543 -3.10256 0.0231191 0.0235457 0.00669838 -0.0771124 1.40446 2.94976 0.042729 0.00439891 
35.9172 0.00737792 -0.649722 1.50827 -3.12699 0.0282004 0.0253013 0.00642761 -0.0769317 1.40095 2.94822 0.00427483 0.00207756 
35.9473 0.00674798 -0.647882 1.50424 -3.12576 0.0470423 0.0304368 0.00626763 -0.075497 1.40374 -2.85002 -0.011583 0.00216303 
35.979 0.00584248 -0.64935 1.50756 -3.11746 0.0710994 0.0433622 0.0048359 -0.0784003 1.4366 3.10297 -0.019862 0.00279007 
36.0079 0.00519664 -0.646597 1.50603 -2.34737 -0.0242014 0.00932063 0.00461877 -0.0783306 1.43271 3.0608 -0.00621846 0.00393144 
36.044 0.00462195 -0.647068 1.50163 -3.1293 0.0365824 0.0358695 0.00331962 -0.0772165 1.40756 2.95224 0.0680593 0.00341785 
36.0685 0.00384199 -0.650978 1.51129 -3.11533 0.0321993 0.0268829 0.00280016 -0.0768875 1.40098 2.94507 0.0119785 0.000272998 
36.0989 0.00322665 -0.64766 1.50327 -3.13686 0.0179719 0.0270707 0.00284657 -0.0769481 1.40066 2.95152 -0.0132934 0.00292001 
36.1289 -0.00111849 -0.645643 1.49957 -3.13128 0.0532965 0.0262906 -0.000871352 -0.0754226 1.4034 -2.8489 -0.0067579 0.000943736 
36.1599 -0.0020583 -0.646765 1.50225 -3.12176 0.0767633 0.0369076 -0.00220542 -0.0770213 1.42885 0.212808 -3.11163 3.1403 
36.1894 -0.0026689 -0.649047 1.50751 -3.11152 0.068138 0.0352798 -0.00262076 -0.0783533 1.43678 3.07521 -0.0138549 0.00098742 
36.2201 -0.00306232 -0.65017 1.51499 0.772081 -3.09548 3.13084 -0.00301146 -0.0781108 1.42885 3.03101 0.0309881 0.00163531 
36.2495 -0.00368444 -0.652767 1.51587 -3.10144 0.0273647 0.0226397 -0.00414164 -0.0770508 1.40415 2.94586 0.0458516 0.00235874 
36.28 -0.00433308 -0.650617 1.51116 -3.11258 0.020082 0.0224555 -0.00438571 -0.0768919 1.40113 2.94533 0.00754016 0.00010166 
36.3118 -0.00470932 -0.647961 1.50473 -3.12674 0.0280102 0.0237406 -0.00436903 -0.0769193 1.40095 2.94918 -0.00875506 0.00125698 
36.3412 -0.00509525 -0.645118 1.4985 -3.13117 0.0531862 0.0247719 -0.00545342 -0.0765087 1.42127 0.242817 -3.1097 3.14014 
36.3715 -0.0059469 -0.645429 1.49927 -3.12485 0.0669731 0.0312005 -0.00615212 -0.0775578 1.43503 -2.9738 -0.0153708 0.000609603 
36.4015 -0.00612074 -0.645487 1.50468 0.786735 -3.06499 3.11031 -0.00627969 -0.0783326 1.43501 -0.0772 -3.13345 3.14052 
36.4319 -0.00810545 -0.650727 1.5116 -3.10502 0.0455187 0.0237888 -0.00797827 -0.0768949 1.40122 2.94554 0.00515684 3.09308e-05 
36.4633 -0.00830475 -0.651586 1.51372 -3.10423 0.0374545 0.0227857 -0.00796173 -0.0769225 1.40104 2.94939 -0.0109963 0.00115871 
36.4931 -0.00842021 -0.650168 1.51038 -3.11036 0.0426519 0.0249738 -0.00802886 -0.0769116 1.40161 -0.194743 -3.13433 3.14076 
36.5235 -0.00847844 -0.649439 1.5089 -3.11689 0.0447028 0.025395 -0.0091326 -0.0764785 1.42104 0.248377 -3.09114 3.13924 
36.553 -0.00849151 -0.649293 1.50845 -3.11579 0.0496031 0.0257286 -0.00969601 -0.0781451 1.43087 3.0532 0.0082224 0.00040842 
36.583 -0.00865304 -0.647368 1.50392 -3.1236 0.054252 0.0276864 -0.00973022 -0.0772441 1.43221 0.200047 -3.10164 3.14001 
36.6129 -0.00807017 -0.648827 1.50793 -3.12301 0.0373941 0.0301086 -0.010217 -0.0782377 1.43102 3.04345 0.0137321 0.00302817 
36.6434 -0.00783325 -0.649223 1.50853 -3.12333 0.041021 0.0285483 -0.0101617 -0.0782842 1.43127 3.04957 -0.0027909 0.0043036 
36.6734 -0.00751944 -0.650519 1.5118 -3.10182 0.0257603 0.0263756 -0.010217 -0.0782377 1.43102 3.04345 0.0137321 0.00302817 
36.7049 -0.0070395 -0.650197 1.51577 0.780422 -3.09658 3.13374 -0.0102361 -0.0781343 1.42966 3.03632 0.0380116 0.00234701 
36.7395 -0.00715822 -0.649511 1.51007 -3.1084 0.0057934 0.0272134 -0.0102361 -0.0781343 1.42966 3.03632 0.0380116 0.00234701 
36.7648 -0.00658884 -0.648629 1.51252 0.787641 -3.07519 3.12307 -0.0101717 -0.078211 1.43185 3.04906 0.0300359 0.00192831 
36.7948 -0.00654698 -0.648979 1.5082 -3.12542 0.0608994 0.0390994 -0.0101717 -0.078211 1.43185 3.04906 0.0300359 0.00192831 
36.8254 -0.00642257 -0.646859 1.50906 -2.34915 -0.0326529 0.0128745 -0.0101899 -0.0781994 1.43032 3.04362 0.0232318 0.00378333 
36.8552 -0.00607826 -0.648479 1.50769 -3.1276 0.024658 0.0368184 -0.00967579 -0.0769732 1.42815 0.215263 -3.07874 3.13925 
36.8865 -0.00460589 -0.647849 1.50615 -3.12322 0.00227324 0.0267667 -0.00820993 -0.0755678 1.40598 0.292842 -3.08105 3.1403 
36.9221 -0.00446987 -0.647838 1.50623 -3.12216 -0.00765053 0.0238645 -0.00801526 -0.075409 1.40425 0.295673 -3.1033 3.1398 
36.9466 -0.00438508 -0.647809 1.5063 -3.12356 0.00222309 0.0259285 -0.00804691 -0.0769429 1.40238 2.95016 0.0119423 0.000528249 
36.9767 -0.00298504 -0.646072 1.50175 -3.14128 0.0226 0.0330989 -0.00568392 -0.0767038 1.42444 0.236386 -3.09157 3.13922 
37.0067 -0.00269935 -0.650124 1.5162 0.780507 -3.08908 3.13244 -0.00448665 -0.0753622 1.40352 0.298388 -3.11552 3.14018 
37.0376 -0.00249922 -0.64593 1.5073 -2.343 -0.0349931 0.00489741 -0.00440106 -0.0768809 1.40099 -0.195173 3.14111 3.14124 
37.0671 -0.00250154 -0.649878 1.51129 -3.11181 0.018238 0.0328644 -0.00440106 -0.0768809 1.40099 -0.195173 3.14111 3.14124 
37.0977 -0.0023465 -0.644794 1.50464 0.807403 -3.09822 3.13704 -0.00420385 -0.0770236 1.40369 2.94695 0.0338277 0.00172794 
37.128 -0.0021868 -0.645357 1.50608 0.806163 -3.09134 3.13504 -0.00372846 -0.0773681 1.41095 2.96127 0.0671452 0.00342589 
37.158 -0.00213978 -0.648129 1.5067 -3.12554 0.0621947 0.0384294 -0.00291648 -0.0781893 1.43079 3.03897 0.031407 0.00166999 
37.1876 -0.00210874 -0.64819 1.50673 -3.12377 0.0693757 0.0397987 -0.00276737 -0.0783188 1.43465 3.06293 0.0152765 0.00067837 
37.219 -0.00138374 -0.64475 1.49902 3.1324 0.0236272 0.0261403 -0.00248135 -0.0782403 1.433 -0.0817253 3.13729 3.14147 
37.2488 -0.00108291 -0.645363 1.50048 -3.13367 0.0236634 0.0252351 -0.000867071 -0.076928 1.40206 2.95029 0.00647849 4.59469e-06 
37.2793 -0.000780074 -0.646973 1.50415 -3.12637 0.0137883 0.0235916 -0.000808702 -0.0768782 1.4009 -0.195342 3.13879 3.14133 
37.3086 -0.00066469 -0.648049 1.50669 -3.12215 0.0121605 0.0228962 -0.000662177 -0.0769877 1.403 2.94706 0.0262942 0.00125153 
37.339 -0.000418482 -0.650455 1.51225 -3.11522 0.00570092 0.019553 0.000213011 -0.0777595 1.42063 3.00318 0.0217987 0.00102409 
37.3694 -9.64264e-05 -0.651271 1.51471 -3.11259 0.0002631 0.0203741 0.000824453 -0.0782472 1.43238 3.04795 0.0275616 0.00143085 
37.3995 -5.71864e-05 -0.651977 1.51611 -3.11029 0.00680888 0.0191235 0.00108389 -0.078328 1.43484 -0.0777858 -3.13682 3.14065 
37.4314 0.000304143 -0.653178 1.519 -3.09809 -0.00917942 0.0172944 0.00209057 -0.077498 1.41458 -0.158403 -3.13081 3.14029 
37.4602 0.000508308 -0.655398 1.52415 -3.09615 -0.013971 0.010282 0.00278326 -0.0768757 1.40082 -0.195501 3.13646 3.1414 
37.4909 0.000909967 -0.649818 1.5165 -2.36583 -0.0206906 0.0104283 0.00278326 -0.0768757 1.40082 -0.195501 3.13646 3.1414 
37.5209 0.00146406 -0.64472 1.50461 0.810226 -3.10687 3.14079 0.00278326 -0.0768757 1.40082 -0.195501 3.13646 3.1414 
37.551 0.00168159 -0.649323 1.50987 -3.12034 0.0413128 0.0358945 0.00439473 -0.0781751 1.43091 3.04636 0.0171532 0.000667508 
37.5833 0.00275695 -0.645474 1.50084 -3.13728 0.0213839 0.0268833 0.0046878 -0.0783752 1.43663 3.07917 0.00840551 6.98547e-05 
37.6117 0.00313203 -0.646878 1.50395 -3.13635 0.0202683 0.0231845 0.00485306 -0.0782563 1.43297 -0.0861603 -3.13953 3.14078 
37.6421 0.00364911 -0.651662 1.51504 -3.11431 0.0096507 0.0174244 0.0063758 -0.0768736 1.40074 -0.195635 3.13435 3.14149 
37.6722 0.00406536 -0.65339 1.51936 -3.10793 -0.000497608 0.0153444 0.0063758 -0.0768736 1.40074 -0.195635 3.13435 3.14149 
37.7025 0.00442676 -0.655738 1.52436 -3.09704 0.00346297 0.010197 0.0063758 -0.0768736 1.40074 -0.195635 3.13435 3.14149 
37.7339 0.00478309 -0.651053 1.51903 -2.36969 -0.0192409 0.00716006 0.00843518 -0.0783021 1.43451 -0.0742193 -3.13 3.13989 
37.7639 0.00845331 -0.655271 1.52324 -3.09833 0.0101614 0.0126454 0.0116117 -0.0780869 1.42892 3.04162 0.0112875 0.000135526 
37.7931 0.00908018 -0.64855 1.5132 -2.35596 -0.0300159 0.00197415 0.012003 -0.077611 1.43664 -2.97693 0.0158552 2.0342e-05 
37.8232 0.00988464 -0.645808 1.50117 -3.13107 0.0412427 0.0292036 0.0122506 -0.0782002 1.43084 -0.103066 -3.12263 3.13961 
37.8533 0.010727 -0.645793 1.50112 -3.13582 0.0350793 0.026218 0.0135597 -0.0768699 1.40059 2.94572 0.0117131 9.55799e-05 
37.884 0.0113398 -0.649663 1.51036 -3.11965 0.0201977 0.0214345 0.0135597 -0.0768699 1.40059 2.94572 0.0117131 9.55799e-05 
37.9142 0.0120759 -0.654471 1.52164 -3.09555 -0.0125666 0.0111864 0.0136427 -0.0769306 1.40184 2.94786 0.0179964 0.000523449 
37.9449 0.0124847 -0.655025 1.52273 -3.1007 0.00425834 0.0127364 0.0151454 -0.0779939 1.42585 3.01996 0.0401017 0.00200288 
37.9751 0.0129271 -0.648885 1.51331 0.785417 -3.1067 3.13178 0.0157946 -0.078298 1.43433 -0.0748257 -3.13385 3.14005 
38.0051 0.0135592 -0.648208 1.50718 -3.1205 0.0405764 0.0341402 0.0160096 -0.0781221 1.42921 -0.10519 -3.13759 3.14053 
38.035 0.0195494 -0.651067 1.51366 -3.11349 0.0162567 0.020662 0.0210126 -0.0770338 1.40373 2.94841 0.0456482 0.00218369 
38.0652 0.019793 -0.650392 1.51226 -3.1213 0.0184857 0.0251286 0.0224418 -0.0779527 1.42429 3.00777 0.0691646 0.00351864 
38.0972 0.020315 -0.656497 1.52598 -3.09487 -0.0021928 0.00686075 0.0231157 -0.0783695 1.43626 3.07814 0.0174031 0.000423788 
38.1261 0.0215304 -0.64692 1.50307 -3.12207 0.0828696 0.0357598 0.0243351 -0.0768662 1.40038 2.94549 0.018478 0.000385883 
38.156 0.0216012 -0.645968 1.50071 -3.12474 0.0818734 0.0332187 0.0243351 -0.0768662 1.40038 2.94549 0.018478 0.000385883 
38.1866 0.0216772 -0.645888 1.50039 -3.12352 0.0733022 0.0321521 0.024428 -0.0769273 1.40165 2.94766 0.0247406 0.000813526 
38.2171 0.0218175 -0.645281 1.4992 -3.13038 0.0701464 0.0299233 0.0256064 -0.0776842 1.41892 3.00241 0.0214413 0.000605127 
38.2472 0.0217909 -0.645868 1.50092 -3.13283 0.0532663 0.0291959 0.026111 -0.076925 1.42699 -2.9258 0.0317541 0.000620028 
38.2786 0.0220247 -0.644403 1.49746 -3.13971 0.0443797 0.0252322 0.0266218 -0.0774326 1.4343 -2.95871 0.0352999 0.000625754 
38.3084 0.0219485 -0.643332 1.4946 -3.13894 0.054461 0.0235068 0.0267359 -0.0776003 1.43634 -2.97595 0.0260192 0.000296837 
38.3385 0.0220055 -0.643034 1.49362 -3.14149 0.0629547 0.0226032 0.0268367 -0.0782884 1.43392 -0.0764603 -3.13912 3.14023 
38.3685 0.0219591 -0.643424 1.49454 -3.13959 0.0667334 0.0242653 0.026917 -0.0781406 1.42941 -0.105563 -3.11961 3.13909 
38.3996 0.0220055 -0.643034 1.49362 -3.14149 0.0629547 0.0226032 0.026907 -0.0781575 1.42987 -0.10317 -3.12086 3.13915 
38.4289 0.0219033 -0.643101 1.49378 -3.1406 0.0646686 0.0233806 0.026907 -0.0781575 1.42987 -0.10317 -3.12086 3.13915 
38.4595 0.0217743 -0.64251 1.4924 3.14139 0.0534959 0.0185799 0.0276237 -0.0770899 1.40445 -0.197824 -3.09705 3.13829 
38.4928 0.0214095 -0.644529 1.49717 -3.13183 0.0645846 0.0235435 0.0276237 -0.0770899 1.40445 -0.197824 -3.09705 3.13829 
38.5204 0.021357 -0.643606 1.495 -3.13468 0.0575491 0.0204956 0.0276526 -0.0770684 1.40402 -0.198393 -3.10054 3.13846 
38.5505 0.0211491 -0.644606 1.49737 -3.12971 0.0541966 0.0190971 0.0276526 -0.0770684 1.40402 -0.198393 -3.10054 3.13846 
38.5804 0.021207 -0.645808 1.50549 0.788969 -3.10228 3.12036 0.0276526 -0.0770684 1.40402 -0.198393 -3.10054 3.13846 
38.6151 0.0212447 -0.645336 1.50441 0.79073 -3.10276 3.12056 0.0276526 -0.0770684 1.40402 -0.198393 -3.10054 3.13846 
38.6411 0.021207 -0.645808 1.50549 0.788969 -3.10228 3.12036 0.0276526 -0.0770684 1.40402 -0.198393 -3.10054 3.13846 
38.6752 0.0212447 -0.645336 1.50441 0.79073 -3.10276 3.12056 0.0276237 -0.0770899 1.40445 -0.197824 -3.09705 3.13829 
38.7015 0.0211387 -0.645845 1.50558 0.789949 -3.09232 3.11605 0.0276813 -0.0770492 1.40364 -0.198715 -3.10452 3.13865 
38.7314 0.0211387 -0.645845 1.50558 0.789949 -3.09232 3.11605 0.0276526 -0.0770684 1.40402 -0.198393 -3.10054 3.13846 
38.762 0.0211251 -0.646131 1.50608 0.786708 -3.0938 3.11903 0.0276526 -0.0770684 1.40402 -0.198393 -3.10054 3.13846 
38.7919 0.0208189 -0.651012 1.51732 0.766337 -3.10194 3.1226 0.026941 -0.0780865 1.42791 -0.113861 -3.11317 3.13875 
38.8218 0.0208129 -0.650714 1.5168 0.770252 -3.09693 3.11812 0.0269733 -0.078015 1.42602 -0.123286 -3.10637 3.13843 
38.8526 0.0203964 -0.65392 1.5193 -3.09308 0.0586921 0.021171 0.0266183 -0.0774259 1.43422 -2.95796 0.0359671 0.00065216 
38.8825 0.0203579 -0.65462 1.52082 -3.08786 0.0434438 0.0170962 0.0263997 -0.0771317 1.43036 -2.93236 0.0529123 0.00149142 
38.9128 0.0203964 -0.65392 1.5193 -3.09308 0.0586921 0.021171 0.0262426 -0.0769547 1.42785 -2.9201 0.0578647 0.00179187 
38.9437 0.0206591 -0.652188 1.52004 0.761417 -3.11386 3.12755 0.0256913 -0.076445 1.42013 -2.89303 0.0506439 0.00152195 
38.974 0.020219 -0.652151 1.51475 -3.09817 0.0503418 0.0245691 0.0243351 -0.0768662 1.40038 2.94549 0.018478 0.000385883 
39.0033 0.0202156 -0.655045 1.52155 -3.08781 0.0298995 0.0155724 0.0243351 -0.0768662 1.40038 2.94549 0.018478 0.000385883 
39.0335 0.0202207 -0.656671 1.52564 -3.086 0.0284027 0.0098549 0.0243351 -0.0768662 1.40038 2.94549 0.018478 0.000385883 
39.0638 0.0201889 -0.657147 1.52676 -3.08479 0.0229974 0.00748639 0.0243149 -0.0768893 1.40079 -0.196502 3.13027 3.14149 
39.0937 0.0200693 -0.654656 1.52062 -3.09075 0.0308598 0.0159565 0.0241652 -0.0770094 1.40299 -0.197546 -3.11853 3.1394 
39.1246 0.0200377 -0.65515 1.52178 -3.0894 0.0258911 0.0137737 0.02368 -0.0774967 1.41346 -0.173962 -3.08479 3.13774 
39.1548 0.0199264 -0.654294 1.51976 -3.09353 0.0311311 0.016039 0.0231662 -0.078318 1.43435 -0.0791015 3.13503 3.14113 
39.1846 0.0195981 -0.653326 1.51773 -3.10403 0.0428594 0.0161061 0.0231662 -0.078318 1.43435 -0.0791015 3.13503 3.14113 
39.2154 0.0186263 -0.645894 1.49997 -3.13104 0.0526345 0.0249613 0.0207157 -0.0769008 1.40114 2.94677 0.0128691 7.77425e-05 
39.2455 0.0183514 -0.643939 1.49551 -3.13606 0.053054 0.0235326 0.0202877 -0.0774221 1.41275 -0.162216 3.13616 3.14116 
39.2757 0.0179346 -0.644836 1.49765 -3.12972 0.0675031 0.0300153 0.019556 -0.0782494 1.43264 -0.0870603 3.13605 3.14114 
39.3063 0.0175863 -0.645537 1.49932 -3.12442 0.0741199 0.033115 0.0194299 -0.0783703 1.43633 3.07828 0.0156828 0.000360642 
39.3362 0.0173539 -0.644636 1.50252 0.789771 -3.09795 3.12321 0.0190771 -0.0781707 1.43063 3.04547 0.0255112 0.00105856 
39.3666 0.0171044 -0.646386 1.50633 0.783949 -3.10687 3.13109 0.0174409 -0.0770401 1.40379 2.94655 0.0531136 0.00260571 
39.3968 0.0167537 -0.646125 1.50573 0.783872 -3.09009 3.12401 0.0171701 -0.0768807 1.40069 2.94465 0.0208808 0.000659322 
39.4267 0.0159315 -0.649568 1.50803 -3.11241 0.0470587 0.0317807 0.0171834 -0.0769065 1.40047 2.94842 0.00459264 0.00181803 
39.4569 0.0141308 -0.644681 1.49676 -3.13501 0.0410026 0.0258458 0.0154068 -0.0781715 1.43069 3.0455 0.0234672 0.000977975 
39.4879 0.0132697 -0.647234 1.50323 -3.11672 0.0665487 0.0319116 0.0138405 -0.0770409 1.40384 2.94658 0.0508575 0.00251492 
39.5178 0.0130257 -0.648139 1.5103 0.779032 -3.10724 3.13319 0.0135597 -0.0768699 1.40059 2.94572 0.0117131 9.55799e-05 
39.5485 0.012803 -0.650947 1.51705 0.771332 -3.10857 3.12962 0.0135597 -0.0768699 1.40059 2.94572 0.0117131 9.55799e-05 
39.579 0.0109428 -0.647255 1.50298 -3.12614 0.041752 0.024486 0.011843 -0.078243 1.43254 3.05358 0.0222617 0.000935793 
39.6084 0.010234 -0.645844 1.49925 -3.13427 0.0404094 0.0290328 0.0105745 -0.0772612 1.40856 2.95644 0.0660954 0.00330482 
39.6394 0.0094587 -0.64683 1.50681 -2.3533 -0.0314535 0.000411649 0.00998522 -0.0768836 1.40083 2.94484 0.0164476 0.000457127 
39.6693 0.0089384 -0.64972 1.51318 -2.3588 -0.0138598 0.0135633 0.00999955 -0.07691 1.40062 2.94863 0.000244922 0.0016013 
39.6994 0.00818162 -0.652745 1.51505 -3.10802 0.0161201 0.025549 0.00996769 -0.0768716 1.40066 2.94582 0.00951981 1.37631e-05 
39.7294 0.00505727 -0.648614 1.51182 0.775494 -3.08847 3.11948 0.00639317 -0.0768854 1.4009 2.94492 0.0140599 0.00038525 
39.7597 0.00436469 -0.647008 1.50254 -3.12191 0.0631731 0.0347143 0.00637535 -0.0768733 1.40073 -0.195687 3.13424 3.1415 
39.7899 0.00374661 -0.650803 1.51142 -3.10867 0.0411092 0.0248235 0.00485241 -0.0782561 1.43296 -0.0862909 -3.13971 3.1408 
39.8206 0.00338569 -0.648007 1.50479 -3.12486 0.0390327 0.0277196 0.00468701 -0.0783749 1.43661 3.07894 0.00861065 7.0302e-05 
39.8503 0.00292729 -0.646089 1.49948 3.14115 0.0180119 0.0250127 0.00440341 -0.078178 1.43067 3.04147 0.0272339 0.00134177 
39.8804 0.00256686 -0.644971 1.49769 -3.13326 0.0444595 0.0258642 0.00323747 -0.0771899 1.40713 2.95365 0.0540973 0.00273834 
39.9107 0.000426226 -0.656058 1.52399 -3.08931 0.0107712 0.012667 0.00109752 -0.0783087 1.43481 -0.0724985 3.13495 3.14154 
39.9408 0.000130641 -0.653159 1.51728 -3.09691 0.0369066 0.0195949 0.000910501 -0.0783154 1.43452 3.06237 0.0172059 0.000774742 
39.9716 -0.000241667 -0.650348 1.51065 -3.1104 0.0493667 0.0248944 0.000722263 -0.0781748 1.43089 3.04565 0.0163477 0.000695411 
40.0009 -0.000671292 -0.649051 1.50716 -3.12083 0.0333969 0.0231428 -0.000462847 -0.0771094 1.40537 2.94867 0.0515775 0.0026425 
40.0329 -0.000764995 -0.648252 1.505 -3.13168 0.0287186 0.0245329 -0.00074019 -0.0769282 1.40178 2.94527 0.0189558 0.000792508 
40.0618 -0.00108719 -0.645329 1.498 3.13865 0.0259964 0.0244549 -0.000776744 -0.0769169 1.40087 2.94905 -0.00645124 0.00133363 
40.0922 -0.0011122 -0.644975 1.49745 -3.13841 0.0314509 0.0241017 -0.000745173 -0.0769508 1.40075 2.95168 -0.0155724 0.00284779 
40.1224 -0.00185413 -0.646583 1.50167 -3.12208 0.065197 0.0340532 -0.00120798 -0.0757726 1.40987 0.278541 -3.12158 3.14049 
40.1527 -0.00205759 -0.646782 1.50229 -3.12168 0.076519 0.0369252 -0.00230287 -0.0770747 1.42985 0.213466 -3.09805 3.13966 
40.1834 -0.00216196 -0.646869 1.50264 -3.11875 0.0772998 0.0355401 -0.00256826 -0.0776923 1.4368 -2.98481 -0.0143389 0.000630906 
40.2136 -0.00214761 -0.646128 1.50089 -3.12117 0.07538 0.0347359 -0.0027681 -0.0783183 1.43465 3.06311 0.0149062 0.000652613 
40.2439 -0.00231299 -0.647667 1.50438 -3.11652 0.0770206 0.0373162 -0.00292937 -0.0781761 1.43041 3.03672 0.0333973 0.00178101 
40.2742 -0.0023733 -0.649472 1.5077 -3.1158 0.0438917 0.0349988 -0.00422681 -0.0770022 1.40322 2.94567 0.0337564 0.0017037 
40.3046 -0.00245184 -0.650627 1.51035 -3.11254 0.0481653 0.0377574 -0.00438571 -0.0768919 1.40113 2.94533 0.00754016 0.00010166 
40.3344 -0.0025061 -0.649479 1.5082 -3.11472 0.034377 0.032391 -0.00438571 -0.0768919 1.40113 2.94533 0.00754016 0.00010166 
40.3646 -0.00239469 -0.646134 1.50546 0.791408 -3.09986 3.1368 -0.00438571 -0.0768919 1.40113 2.94533 0.00754016 0.00010166 
40.3956 -0.00256746 -0.6502 1.51113 -3.1072 0.0425967 0.0358437 -0.0044641 -0.0754177 1.40337 -2.84843 -0.0105689 0.000843441 
40.426 -0.00256724 -0.648218 1.50603 -3.11222 0.0464678 0.0359242 -0.0048174 -0.0757009 1.40816 0.287329 -3.09349 3.14072 
40.4563 -0.00251659 -0.648839 1.50717 -3.11325 0.0532869 0.0342818 -0.00481169 -0.0757284 1.40773 -2.8552 -0.0494578 0.000520312 
40.4858 -0.0030235 -0.645735 1.50056 3.13493 0.0161645 0.0353437 -0.00568716 -0.0767653 1.4244 0.232551 -3.09261 3.1407 
40.516 -0.00283015 -0.649523 1.51448 -2.35582 -0.0365047 0.000222219 -0.00543065 -0.0764358 1.41866 0.252997 -3.08196 3.14148 
40.546 -0.00320186 -0.650813 1.51252 -3.10782 0.0170262 0.0282114 -0.0048999 -0.0757089 1.40843 0.28995 -3.07679 3.13973 
40.5763 -0.00329599 -0.649919 1.51034 -3.11015 0.0130084 0.0276337 -0.00543065 -0.0764358 1.41866 0.252997 -3.08196 3.14148 
40.6069 -0.00328359 -0.651221 1.5133 -3.10277 0.0107446 0.0251183 -0.00541705 -0.0764554 1.41889 -2.89097 -0.0526947 0.000316574 
40.6369 -0.00343036 -0.650777 1.51213 -3.10379 0.0199516 0.026677 -0.00516276 -0.0761463 1.41419 -2.87512 -0.0515232 0.000393945 
40.6668 -0.00308353 -0.651064 1.51765 -2.35891 -0.0241813 0.00675629 -0.0050221 -0.0759477 1.41199 0.275602 -3.09339 3.14073 
40.6979 -0.00313193 -0.651574 1.51893 -2.36297 -0.0268696 0.00335791 -0.00462694 -0.075586 1.40609 -2.8543 -0.0203346 0.000452009 
40.7278 -0.00336086 -0.654826 1.52144 -3.10171 0.000238474 0.0156335 -0.00438571 -0.0768919 1.40113 2.94533 0.00754016 0.00010166 
40.7586 -0.00341128 -0.653172 1.51821 -3.10571 0.0148372 0.0198503 -0.00436903 -0.0769193 1.40095 2.94918 -0.00875506 0.00125698 
40.7883 -0.00341861 -0.652546 1.51726 -3.10292 -0.0137777 0.0196701 -0.00440106 -0.0768809 1.40099 -0.195173 3.14111 3.14124 
40.8183 -0.00360242 -0.653212 1.51842 -3.10494 0.0172898 0.0189702 -0.00440106 -0.0768809 1.40099 -0.195173 3.14111 3.14124 
40.8485 -0.00349648 -0.651805 1.51551 -3.10644 -0.0081964 0.0220821 -0.00438571 -0.0768919 1.40113 2.94533 0.00754016 0.00010166 
40.8793 -0.0033742 -0.652099 1.51611 -3.10265 -0.00696077 0.0212653 -0.0042253 -0.0770045 1.40328 2.94591 0.0333638 0.00168179 
40.909 -0.00334658 -0.65285 1.51722 -3.10282 0.0144552 0.0203284 -0.0040864 -0.0770754 1.40459 2.94546 0.0544462 0.00279456 
40.9388 -0.00341789 -0.653191 1.51797 -3.10266 0.0190058 0.0184915 -0.00367218 -0.0774402 1.41263 2.96718 0.0623508 0.00318994 
40.9695 -0.00269594 -0.648151 1.51176 0.784267 -3.08688 3.12504 -0.0024725 -0.0774025 1.43422 0.185883 -3.11583 3.14064 
41.0006 -0.00242683 -0.645352 1.50606 -2.34249 -0.0378795 0.0015478 -0.00256522 -0.077602 1.43667 0.16571 -3.12668 3.14113 
41.0302 -0.00245392 -0.649061 1.50921 -3.11503 0.0437406 0.0347982 -0.000808702 -0.0768782 1.4009 -0.195342 3.13879 3.14133 
41.0601 -0.00212765 -0.647454 1.50504 -3.12178 0.0612443 0.0364653 -0.000808702 -0.0768782 1.4009 -0.195342 3.13879 3.14133 
41.0905 -0.00158781 -0.647021 1.50417 -3.12446 0.0513782 0.0340874 -0.000808511 -0.0768781 1.4009 -0.195374 3.13888 3.14133 
41.121 -2.58289e-05 -0.652097 1.51626 -3.10766 -0.00239344 0.0185614 0.000911153 -0.0783158 1.43451 3.06215 0.0176382 0.000804644 
41.1516 0.000196374 -0.65317 1.519 -3.10567 0.000566505 0.0196533 0.00109372 -0.0783111 1.4349 -0.0716827 3.13444 3.14158 
41.1817 0.00050798 -0.653146 1.51914 -3.10054 0.000334183 0.0212316 0.00131371 -0.0781394 1.43065 3.05258 0.0143497 0.000621501 
41.2119 0.00102888 -0.649803 1.5164 -2.36628 -0.0262598 0.0092118 0.00278326 -0.0768757 1.40082 -0.195501 3.13646 3.1414 
41.242 0.00148682 -0.648474 1.51363 -2.35831 -0.0385804 0.00630624 0.00278326 -0.0768757 1.40082 -0.195501 3.13646 3.1414 
41.2723 0.00196351 -0.647685 1.50625 -3.13127 0.0328415 0.0347371 0.00278326 -0.0768757 1.40082 -0.195501 3.13646 3.1414 
41.3025 0.00270491 -0.645092 1.49991 3.13117 0.0204064 0.0255594 0.00295279 -0.0770068 1.40345 2.94935 0.0243173 0.00105748 
41.3326 0.00338063 -0.648472 1.50825 -3.12902 -0.000707242 0.0218226 0.00440404 -0.0781783 1.43067 3.0414 0.0275146 0.00135329 
41.3629 0.00365278 -0.649356 1.51011 -3.12484 0.00981288 0.0239028 0.00468704 -0.0783751 1.43662 3.07915 0.00862451 4.49346e-05 
41.3935 0.00416647 -0.652893 1.51834 -3.10622 -0.0129198 0.0167651 0.00476436 -0.078326 1.43476 -0.0779514 -3.13879 3.14072 
41.4243 0.00725939 -0.64781 1.50681 -3.12942 0.00152845 0.0228258 0.00685884 -0.0771427 1.40584 2.94671 0.0745086 0.0037038 
41.4542 0.00748853 -0.648098 1.50744 -3.13471 0.0064367 0.0254202 0.00826658 -0.0783061 1.43467 3.06881 0.00991105 8.23805e-05 
41.4893 0.00817665 -0.652502 1.51794 -3.10615 -0.0256036 0.0166661 0.00844631 -0.078324 1.43467 -0.0782492 -3.14025 3.14082 
41.5189 0.00859241 -0.654211 1.52148 -3.09708 -0.00355193 0.015639 0.00994286 -0.0753275 1.40277 0.298004 -3.1359 3.14097 
41.5448 0.00899146 -0.649716 1.51592 -2.3601 -0.0294856 0.00128678 0.0099681 -0.0768719 1.40067 2.94587 0.00941293 6.35156e-06 
41.5748 0.00932072 -0.649377 1.50958 -3.11437 0.0552723 0.0355938 0.0099681 -0.0768719 1.40067 2.94587 0.00941293 6.35156e-06 
41.6087 0.012232 -0.653675 1.52036 -3.10215 -0.0095822 0.0177992 0.0135597 -0.0768699 1.40059 2.94572 0.0117131 9.55799e-05 
41.6348 0.0124149 -0.652755 1.51838 -3.10545 -0.00733539 0.0192366 0.0135597 -0.0768699 1.40059 2.94572 0.0117131 9.55799e-05 
41.6657 0.0128148 -0.649745 1.51596 -2.36433 -0.0165003 0.00758108 0.0135597 -0.0768699 1.40059 2.94572 0.0117131 9.55799e-05 
41.6951 0.0130584 -0.648036 1.51214 -2.36075 -0.0217551 0.00788784 0.0135597 -0.0768699 1.40059 2.94572 0.0117131 9.55799e-05 
41.7272 0.0133422 -0.646685 1.50838 0.794915 -3.09655 3.12892 0.013883 -0.0770523 1.40398 2.9451 0.060455 0.0030129 
41.7561 0.0134408 -0.648207 1.50707 -3.11842 0.0448217 0.0344389 0.0148214 -0.0777463 1.41968 2.99323 0.0576475 0.00292762 
41.7862 0.0136824 -0.646644 1.50322 -3.12793 0.042328 0.0313405 0.0156275 -0.0783034 1.43453 3.0684 0.0136802 0.000247493 
41.8166 0.0140103 -0.646181 1.50213 -3.13243 0.0467645 0.0330545 0.0158064 -0.0783207 1.43451 -0.0787016 3.13895 3.14097 
41.8474 0.0145788 -0.644946 1.49947 -3.13667 0.0217059 0.0253544 0.0159548 -0.0781796 1.43092 -0.0946601 3.13712 3.14111 
41.8784 0.015564 -0.65153 1.51489 -3.11403 0.00570618 0.0177962 0.0171518 -0.0768686 1.40052 2.94566 0.0139221 0.000200156 
41.9077 0.0155504 -0.651554 1.51484 -3.11232 0.00975778 0.0180393 0.0172773 -0.076956 1.40231 2.94846 0.0240934 0.000885903 
41.9369 0.0163585 -0.655131 1.5224 -3.09198 0.0332466 0.0146519 0.0207439 -0.0768674 1.40045 2.94557 0.0160495 0.000298745 
41.9679 0.0167648 -0.650686 1.51716 0.77488 -3.10965 3.12918 0.0207047 -0.076845 1.40098 -0.193388 3.12691 3.14024 
41.9988 0.0167739 -0.650582 1.51679 0.773811 -3.10693 3.12633 0.0207439 -0.0768674 1.40045 2.94557 0.0160495 0.000298745 
42.0281 0.0168583 -0.649206 1.51364 0.771435 -3.10589 3.12674 0.0207439 -0.0768674 1.40045 2.94557 0.0160495 0.000298745 
42.0585 0.0171379 -0.645437 1.50468 0.791879 -3.09413 3.11699 0.0207439 -0.0768674 1.40045 2.94557 0.0160495 0.000298745 
42.0882 0.0171379 -0.645437 1.50468 0.791879 -3.09413 3.11699 0.0207439 -0.0768674 1.40045 2.94557 0.0160495 0.000298745 
42.1189 0.0171379 -0.645437 1.50468 0.791879 -3.09413 3.11699 0.0207439 -0.0768674 1.40045 2.94557 0.0160495 0.000298745 
42.1495 0.0172062 -0.645787 1.50549 0.790268 -3.08866 3.11468 0.0224255 -0.0767796 1.42509 -2.91341 0.0582255 0.00168638 
42.1804 0.0174777 -0.643397 1.49998 0.797966 -3.10092 3.11996 0.0227257 -0.077077 1.4295 -2.9308 0.061471 0.0017412 
42.2114 0.0173122 -0.644285 1.49665 -3.13126 0.0570221 0.0205196 0.0229256 -0.0773854 1.43354 -2.9578 0.0448315 0.000785539 
42.2402 0.0175527 -0.64411 1.49622 -3.13356 0.0649003 0.0238746 0.0231669 -0.0783179 1.43435 -0.0791111 3.13522 3.14114 
42.2704 0.0179873 -0.64234 1.49203 3.13951 0.057971 0.0206571 0.0231669 -0.0783179 1.43435 -0.0791111 3.13522 3.14114 
42.3005 0.0182081 -0.643578 1.49505 3.14145 0.0632141 0.0250392 0.0231669 -0.0783179 1.43435 -0.0791111 3.13522 3.14114 
42.3362 0.0183012 -0.644166 1.49632 -3.13813 0.0715588 0.0264681 0.0231662 -0.078318 1.43435 -0.0791015 3.13503 3.14113 
42.3659 0.0184935 -0.645476 1.49939 -3.13346 0.0737576 0.0274015 0.0232607 -0.0781944 1.43057 -0.103604 -3.12865 3.13988 
42.3916 0.0187815 -0.647594 1.50437 -3.12544 0.0727635 0.0269668 0.0233034 -0.0781273 1.42872 -0.113694 -3.12036 3.13942 
42.4216 0.0189929 -0.648481 1.50646 -3.12261 0.0649762 0.0235546 0.0233437 -0.0780592 1.42692 -0.122658 -3.11314 3.13905 
42.4514 0.0190754 -0.649125 1.50797 -3.12002 0.063344 0.0228538 0.0233437 -0.0780592 1.42692 -0.122658 -3.11314 3.13905 
42.4818 0.0193376 -0.651204 1.51286 -3.11137 0.0564626 0.0198996 0.0240214 -0.0770941 1.4046 -0.197516 -3.09524 3.13822 
42.5134 0.0195543 -0.652913 1.51676 -3.10211 0.0430504 0.0167967 0.024081 -0.0770532 1.40377 -0.198416 -3.10272 3.13858 
42.5425 0.0199612 -0.652915 1.51709 -3.09712 0.0534261 0.0207993 0.0241365 -0.0770349 1.40352 -0.196781 -3.11512 3.13922 
42.573 0.0202378 -0.65427 1.52016 -3.09242 0.0497389 0.0212363 0.0241378 -0.0770248 1.40327 -0.197843 -3.11313 3.13911 
42.6033 0.0203745 -0.65479 1.52109 -3.08909 0.0389901 0.0171452 0.0241378 -0.0770248 1.40327 -0.197843 -3.11313 3.13911 
42.6335 0.0204075 -0.654262 1.51985 -3.09076 0.0425171 0.018708 0.0241652 -0.0770094 1.40299 -0.197546 -3.11853 3.1394 
42.6636 0.020726 -0.65103 1.51712 0.766697 -3.11553 3.1327 0.0241647 -0.0770132 1.40309 -0.19714 -3.11931 3.13944 
42.6942 0.0206831 -0.651775 1.51883 0.763355 -3.11828 3.13389 0.0241091 -0.0770453 1.40367 -0.197527 -3.10898 3.13889 
42.7247 0.020726 -0.65103 1.51712 0.766697 -3.11553 3.1327 0.024081 -0.0770532 1.40377 -0.198416 -3.10272 3.13858 
42.7545 0.020726 -0.65103 1.51712 0.766697 -3.11553 3.1327 0.0238988 -0.0772045 1.40694 -0.192695 -3.08572 3.13778 
42.786 0.0202942 -0.654051 1.51939 -3.08798 0.0338483 0.0193443 0.0231662 -0.078318 1.43435 -0.0791015 3.13503 3.14113 
42.815 0.0201656 -0.65309 1.51695 -3.09537 0.0433938 0.0214875 0.0231662 -0.078318 1.43435 -0.0791015 3.13503 3.14113 
42.8454 0.018746 -0.646685 1.50197 -3.12618 0.056177 0.0248586 0.0207439 -0.0768674 1.40045 2.94557 0.0160495 0.000298745 
42.8758 0.0183601 -0.644713 1.49734 -3.13265 0.0595371 0.0263795 0.0207439 -0.0768674 1.40045 2.94557 0.0160495 0.000298745 
42.9055 0.0181289 -0.642532 1.49221 -3.14047 0.045319 0.0202395 0.0207439 -0.0768674 1.40045 2.94557 0.0160495 0.000298745 
42.9359 0.017686 -0.645433 1.49907 -3.12572 0.0724509 0.0323122 0.0207227 -0.0768905 1.40086 -0.196422 3.1327 3.1414 
42.9663 0.0173146 -0.645026 1.50342 0.788408 -3.09661 3.12263 0.0197305 -0.0780668 1.42806 -0.106521 3.13456 3.14126 
42.9974 0.0171168 -0.646145 1.50588 0.783032 -3.10207 3.12666 0.0195403 -0.0782599 1.43252 -0.0921175 -3.1358 3.14036 
43.0275 0.0166877 -0.649133 1.51275 0.769625 -3.09678 3.12447 0.0194237 -0.0783555 1.43652 -0.0558903 3.13535 3.14105 
43.0579 0.0159747 -0.652179 1.51484 -3.09654 0.0473907 0.0236131 0.0191855 -0.0782323 1.43254 3.0581 0.016758 0.000413422 
43.0874 0.0153491 -0.649974 1.50971 -3.11164 0.0416367 0.0233389 0.0178387 -0.077302 1.40947 2.96047 0.0643487 0.00321241 
43.1191 0.014863 -0.646999 1.5027 -3.12452 0.0441179 0.0242812 0.0171701 -0.0768807 1.40069 2.94465 0.0208808 0.000659322 
43.1477 0.0146163 -0.645174 1.49846 -3.13179 0.055103 0.024585 0.0171701 -0.0768807 1.40069 2.94465 0.0208808 0.000659322 
43.1788 0.0141331 -0.642843 1.49298 -3.13838 0.0437119 0.0197972 0.0171518 -0.0768686 1.40052 2.94566 0.0139221 0.000200156 
43.2085 0.0134704 -0.644807 1.49764 -3.12525 0.0523962 0.0239562 0.0171518 -0.0768686 1.40052 2.94566 0.0139221 0.000200156 
43.2384 0.0128268 -0.649196 1.51284 0.771975 -3.1012 3.12893 0.0157949 -0.0782979 1.43432 -0.0748447 -3.13375 3.14005 
43.2688 0.0123482 -0.654155 1.51941 -3.08828 0.0303503 0.0185167 0.0156882 -0.07825 1.43268 -0.0872876 3.13866 3.141 
43.2992 0.00843764 -0.653227 1.51728 -3.09097 0.0381512 0.0221884 0.0118352 -0.0782341 1.43271 3.0591 0.0116207 0.000165509 
43.3307 0.0081897 -0.654268 1.5197 -3.08966 0.0271174 0.0172312 0.0101812 -0.0770209 1.40363 2.94892 0.0338325 0.00158162 
43.36 0.00792848 -0.653772 1.51838 -3.09612 0.0244868 0.0176832 0.0099681 -0.0768719 1.40067 2.94587 0.00941293 6.35156e-06 
43.39 0.0076296 -0.651887 1.51392 -3.10576 0.031151 0.0205017 0.00998522 -0.0768836 1.40083 2.94484 0.0164476 0.000457127 
43.4205 0.00732755 -0.649201 1.50746 -3.11929 0.0386279 0.0250622 0.00996769 -0.0768716 1.40066 2.94582 0.00951981 1.37631e-05 
43.4504 0.0068878 -0.646427 1.50037 3.14064 0.024855 0.0254727 0.00993595 -0.0769693 1.40182 2.9503 -0.00773552 0.00106073 
43.4808 0.00686192 -0.646124 1.50008 -3.13418 0.0337963 0.0243733 0.00869589 -0.0781097 1.42925 -0.101942 3.14014 3.14102 
43.5109 0.00661145 -0.646019 1.49998 -3.1315 0.0437066 0.027315 0.00844533 -0.0783238 1.43466 -0.0783701 -3.14053 3.14083 
43.5423 0.0061598 -0.647305 1.50287 -3.12585 0.0559746 0.0341846 0.00816871 -0.0782441 1.4326 3.05365 0.0200649 0.000870759 
43.5723 0.00576938 -0.647503 1.50353 -3.12089 0.047892 0.0290791 0.00673826 -0.0770974 1.40503 2.94758 0.0572493 0.00290127 
43.6021 0.00557293 -0.648251 1.51035 0.778522 -3.08872 3.1292 0.00642761 -0.0769317 1.40095 2.94822 0.00427483 0.00207756 
43.6327 0.00547744 -0.647824 1.50963 0.780363 -3.08548 3.12419 0.00639317 -0.0768854 1.4009 2.94492 0.0140599 0.00038525 
43.6629 0.00512976 -0.648107 1.51027 0.779881 -3.09778 3.12941 0.00639317 -0.0768854 1.4009 2.94492 0.0140599 0.00038525 
43.6927 0.0046046 -0.646878 1.5013 -3.13172 0.041676 0.0359769 0.0048407 -0.0783356 1.43461 3.07437 -0.00992596 0.00111515 
43.7227 0.00432408 -0.647182 1.50173 -3.13207 0.0386644 0.0377772 0.00460767 -0.078282 1.434 3.06449 0.0290408 0.00176158 
43.753 0.0041234 -0.649099 1.50636 -3.12408 0.0333568 0.0344407 0.00452369 -0.0782765 1.43099 3.049 0.00473805 0.00462569 
43.7837 0.00316859 -0.648039 1.5043 -3.1342 0.0154407 0.0246947 0.00254083 -0.0755077 1.40509 0.296214 -3.0985 3.14084 
43.814 0.00293608 -0.646907 1.50207 -3.1317 0.0333349 0.0271654 0.00202715 -0.0761639 1.4145 0.267358 -3.08566 3.14158 
43.8452 0.00283164 -0.646224 1.50011 -3.13666 0.0307653 0.0271053 0.00111672 -0.078283 1.43459 3.0733 0.0162887 0.000850972 
43.8743 0.00239543 -0.648363 1.50485 -3.12987 0.0443098 0.0361683 0.00114594 -0.0774713 1.43473 -2.95563 -0.00484312 0.00214511 
43.9051 0.00206516 -0.649395 1.50728 -3.12426 0.0511344 0.0400959 0.000812235 -0.0781968 1.4302 3.04363 0.0296891 0.00406337 
43.9345 0.00181302 -0.650269 1.5092 -3.11775 0.0499172 0.0418291 0.000715896 -0.0781652 1.42897 3.03245 0.0270836 0.00381088 
43.965 0.00155198 -0.650163 1.50923 -3.11663 0.0496288 0.0382488 4.74779e-06 -0.0774924 1.4138 2.97109 0.062843 0.00321189 
43.9957 0.001419 -0.650251 1.50943 -3.11553 0.0434534 0.034811 -0.000134523 -0.0773286 1.41 2.95777 0.0734217 0.00368756 
44.0258 0.00131998 -0.64819 1.51006 0.781695 -3.09633 3.13666 -0.000567747 -0.0770052 1.40303 2.94167 0.0543628 0.00277511 
44.0562 0.0010578 -0.647617 1.5084 -2.35167 -0.0318361 0.00630765 -0.000792511 -0.0768897 1.40106 2.94522 0.00972934 0.00019817 
44.0859 0.000665073 -0.649461 1.50783 -3.11209 0.036073 0.0300335 -0.000758218 -0.0769364 1.40112 2.94852 -0.000110891 0.00189923 
44.1162 0.000513357 -0.651987 1.51432 -3.09809 0.0309961 0.024431 -0.000745173 -0.0769508 1.40075 2.95168 -0.0155724 0.00284779 
44.1457 0.000211133 -0.651947 1.51406 -3.10268 0.0292359 0.0249303 -0.000962706 -0.0755322 1.40439 -2.85089 -0.0208101 0.00184993 
44.1767 -0.00105359 -0.646528 1.50099 -3.1337 0.0333915 0.0271007 -0.00269088 -0.0783338 1.43458 3.07348 0.00763584 0.0028161 
44.2069 -0.00154632 -0.647764 1.50434 -3.12014 0.0559532 0.0359336 -0.00285179 -0.0782481 1.43246 3.0486 0.0249433 0.00129606 
44.2382 -0.00338627 -0.651528 1.51339 -3.10126 0.0290995 0.0255209 -0.00412781 -0.0770746 1.40472 2.94815 0.0422336 0.00216992 
44.267 -0.00345182 -0.651964 1.5143 -3.09803 0.031496 0.0248582 -0.00416296 -0.0770474 1.40414 2.947 0.0399518 0.00204643 
44.2979 -0.0036445 -0.651957 1.5144 -3.0975 0.03374 0.0243425 -0.00410625 -0.0770777 1.40471 2.947 0.048097 0.00247595 
44.3274 -0.00371498 -0.652291 1.51531 -3.09863 0.0363282 0.0231684 -0.00410625 -0.0770777 1.40471 2.947 0.048097 0.00247595 
44.3581 -0.00371217 -0.652216 1.51538 -3.09871 0.0346571 0.0227057 -0.0040864 -0.0770754 1.40459 2.94546 0.0544462 0.00279456 
44.3895 -0.00349159 -0.655028 1.52161 -3.09215 0.0265629 0.0166053 -0.00416296 -0.0770474 1.40414 2.947 0.0399518 0.00204643 
44.4193 -0.00360246 -0.653376 1.5181 -3.09311 0.0186692 0.0197416 -0.00426287 -0.0769861 1.40298 2.9468 0.0248558 0.00120943 
44.4489 -0.00359543 -0.652488 1.51592 -3.09474 0.0381234 0.0224277 -0.00408754 -0.0770732 1.40454 2.94526 0.0547565 0.00280957 
44.4794 -0.00371217 -0.652216 1.51538 -3.09871 0.0346571 0.0227057 -0.00401604 -0.0771254 1.40564 2.94752 0.0591881 0.0030267 
44.5099 -0.00308477 -0.651222 1.51808 0.770339 -3.09041 3.11888 -0.00383304 -0.0773052 1.40966 2.95925 0.0577052 0.00296413 
44.5403 -0.00347291 -0.651544 1.51381 -3.09975 0.0371208 0.0238525 -0.00339622 -0.0777026 1.41863 2.98634 0.0607147 0.00312628 
44.5696 -0.00338038 -0.65029 1.51076 -3.10206 0.0485889 0.0270785 -0.00346339 -0.0776604 1.41775 2.98473 0.0546565 0.00283621 
44.6014 -0.00310966 -0.650399 1.51602 0.76628 -3.09182 3.12619 -0.00302205 -0.0781116 1.42911 3.03511 0.0218103 0.00108204 
44.6307 -0.00322506 -0.65063 1.51178 -3.10396 0.0517988 0.0279492 -0.00292937 -0.0781761 1.43041 3.03672 0.0333973 0.00178101 
44.6618 -0.00272015 -0.648394 1.51193 0.77707 -3.09206 3.13036 -0.00277039 -0.0783164 1.43457 3.06246 0.0155154 0.000694544 
44.6922 -0.00181682 -0.647011 1.50375 -3.12198 0.060763 0.0364999 -0.002465 -0.0774597 1.43474 0.17692 -3.12678 3.14106 
44.7211 -0.00123815 -0.646232 1.50195 -3.13381 0.025497 0.0274702 -0.0022485 -0.0771373 1.43031 0.201596 -3.12271 3.14078 
44.7519 -0.000869716 -0.647543 1.50486 -3.1274 0.0274204 0.0254404 -0.000808702 -0.0768782 1.4009 -0.195342 3.13879 3.14133 
44.782 -0.000672818 -0.64823 1.50661 -3.12323 0.0151959 0.0224487 -0.000792511 -0.0768897 1.40106 2.94522 0.00972934 0.00019817 
44.8118 -0.000343299 -0.649462 1.50943 -3.11497 0.0247609 0.0244793 -0.000808702 -0.0768782 1.4009 -0.195342 3.13879 3.14133 
44.8421 -3.52152e-05 -0.650412 1.51169 -3.10911 0.0243892 0.0248892 -0.000768633 -0.0769071 1.40137 2.94499 0.0148557 0.000533012 
44.8723 0.000409259 -0.653534 1.51921 -3.09461 -0.00543853 0.0177239 -0.00050224 -0.0770478 1.40392 2.94315 0.0593978 0.00303452 
44.9032 0.000644637 -0.654154 1.52067 -3.1054 0.00502988 0.0156091 0.000175165 -0.0776628 1.41778 2.985 0.0561359 0.00290223 
44.9332 0.00126057 -0.647493 1.511 -2.34728 -0.0298888 0.00800813 0.000663295 -0.0781007 1.42831 3.02547 0.0442949 0.00234761 
44.9628 0.00157307 -0.644816 1.50479 0.808841 -3.10336 3.14004 0.000824453 -0.0782472 1.43238 3.04795 0.0275616 0.00143085 
44.993 0.00393032 -0.652588 1.51712 -3.11041 0.00827245 0.0181313 0.00278326 -0.0768757 1.40082 -0.195501 3.13646 3.1414 
45.0241 0.0043412 -0.653711 1.51967 -3.1005 0.000323008 0.0173361 0.00292237 -0.0769861 1.40306 2.94925 0.0195936 0.000762268 
45.0542 0.00457491 -0.652068 1.51605 -3.10458 0.00951835 0.0255294 0.00341662 -0.0772955 1.4093 2.95701 0.0693169 0.00347323 
45.0845 0.00494354 -0.650459 1.51754 -2.36626 -0.0242615 0.00762436 0.00431922 -0.0781082 1.42871 3.03043 0.0356812 0.00183015 
45.1162 0.00523351 -0.651823 1.5156 -3.1089 0.0484647 0.0361454 0.00449831 -0.078246 1.43232 3.04786 0.029652 0.00150238 
45.1463 0.00557974 -0.650936 1.51382 -3.10762 0.0366661 0.0387833 0.00470875 -0.0783476 1.43643 3.08433 0.0180983 0.00102632 
45.176 0.00591819 -0.650585 1.51301 -3.11062 0.0458172 0.0426218 0.0050375 -0.0771261 1.43034 0.206616 -3.11546 3.14045 
45.2055 0.0063781 -0.648675 1.50836 -3.1231 0.0458828 0.0365053 0.00631548 -0.0769297 1.40208 2.9512 0.0140137 0.000388035 
45.2353 0.00675195 -0.648 1.50663 -3.12551 0.0268621 0.0308116 0.0063758 -0.0768736 1.40074 -0.195635 3.13435 3.14149 
45.2659 0.00806809 -0.652108 1.51661 -3.10735 -0.0114817 0.0188784 0.00827195 -0.0783134 1.43438 3.06172 0.0210979 0.000955475 
45.2962 0.00809569 -0.65162 1.51567 -3.11663 -0.00237352 0.0208934 0.00844596 -0.078324 1.43467 -0.0782417 -3.14036 3.14082 
45.3262 0.0082772 -0.653001 1.51874 -3.10213 -0.0159511 0.0169916 0.00873911 -0.0780629 1.42863 3.04371 0.0181046 0.000785207 
45.3566 0.00847023 -0.653083 1.51904 -3.10238 -0.0021153 0.0213318 0.0099681 -0.0768719 1.40067 2.94587 0.00941293 6.35156e-06 
45.387 0.0087585 -0.651158 1.5191 -2.36368 -0.02058 0.0038461 0.0099681 -0.0768719 1.40067 2.94587 0.00941293 6.35156e-06 
45.4184 0.00878267 -0.650981 1.51857 0.777183 -3.11687 3.14148 0.0099681 -0.0768719 1.40067 2.94587 0.00941293 6.35156e-06 
45.4484 0.0101216 -0.646521 1.5032 -3.13429 0.0351009 0.031195 0.0121897 -0.0782638 1.4327 -0.0916619 -3.13204 3.14017 
45.4776 0.0102525 -0.646523 1.50313 -3.12947 0.0422623 0.033188 0.0135597 -0.0768699 1.40059 2.94572 0.0117131 9.55799e-05 
45.5075 0.0108045 -0.644845 1.49962 3.14072 0.00736289 0.0235238 0.0135597 -0.0768699 1.40059 2.94572 0.0117131 9.55799e-05 
45.5393 0.0110977 -0.647383 1.50534 -3.13382 0.0137041 0.0232764 0.0135597 -0.0768699 1.40059 2.94572 0.0117131 9.55799e-05 
45.5684 0.0112368 -0.648487 1.50794 -3.12954 0.0113883 0.0222946 0.0135597 -0.0768699 1.40059 2.94572 0.0117131 9.55799e-05 
45.5989 0.0113674 -0.649661 1.51059 -3.12311 0.0122676 0.0209859 0.0136006 -0.0769 1.40121 2.94674 0.0149972 0.000320853 
45.6295 0.0115866 -0.651546 1.51492 -3.11337 0.00861661 0.0178807 0.0145946 -0.0776221 1.41745 2.9948 0.0221101 0.000823338 
45.6592 0.0117508 -0.652874 1.51799 -3.1064 0.00199041 0.0149038 0.0154905 -0.0782142 1.4325 -0.0793832 3.13608 3.14114 
45.6894 0.0121848 -0.654732 1.52241 -3.09539 -0.0048665 0.0119937 0.0160619 -0.0780617 1.42753 -0.114619 -3.12988 3.14004 
45.7198 0.012404 -0.65413 1.52102 -3.0954 0.00466962 0.0161947 0.0170721 -0.0769514 1.40214 -0.194721 -3.14031 3.14077 
45.7503 0.0128728 -0.649541 1.51495 0.784321 -3.10958 3.13394 0.0171518 -0.0768686 1.40052 2.94566 0.0139221 0.000200156 
45.7802 0.0144443 -0.643226 1.49527 3.13819 0.0173992 0.0217579 0.017534 -0.0771396 1.40647 2.96127 0.0201316 0.000627811 
45.8117 0.0147885 -0.645819 1.50126 -3.13461 0.027609 0.0244205 0.0192659 -0.0774364 1.43444 -2.95904 0.0301969 0.000481403 
45.8414 0.0152149 -0.64906 1.5089 -3.12211 0.0228762 0.0223939 0.01937 -0.0776056 1.43649 -2.97648 0.0208591 0.000157782 
45.8711 0.0155504 -0.651554 1.51484 -3.11232 0.00975778 0.0180393 0.0195405 -0.0782602 1.43253 -0.0920309 -3.13581 3.14034 
45.9013 0.0159421 -0.653754 1.52005 -3.1012 0.000117913 0.0139252 0.0195409 -0.07826 1.43253 -0.0920434 -3.13567 3.14035 
45.9316 0.0163318 -0.656412 1.52582 -3.09521 -0.00335388 0.00671314 0.0196391 -0.0781292 1.42881 -0.113471 -3.11818 3.13934 
45.9621 0.0163729 -0.650654 1.51281 -3.11903 0.0232102 0.0255902 0.0205306 -0.0770675 1.40436 -0.193287 -3.11915 3.13947 
45.993 0.0167897 -0.650191 1.51627 0.780007 -3.11341 3.13444 0.0207439 -0.0768674 1.40045 2.94557 0.0160495 0.000298745 
46.0234 0.0170493 -0.646636 1.50809 0.794274 -3.10803 3.13216 0.0207439 -0.0768674 1.40045 2.94557 0.0160495 0.000298745 
46.0522 0.017888 -0.645855 1.50132 -3.13384 0.044159 0.0307718 0.0207439 -0.0768674 1.40045 2.94557 0.0160495 0.000298745 
46.0826 0.0183899 -0.64466 1.49803 -3.13476 0.0516383 0.0266516 0.0207439 -0.0768674 1.40045 2.94557 0.0160495 0.000298745 
46.1127 0.0184963 -0.645328 1.49973 3.13923 0.0416757 0.0255977 0.0207439 -0.0768674 1.40045 2.94557 0.0160495 0.000298745 
46.143 0.0187543 -0.647244 1.50399 -3.1235 0.0470133 0.0272778 0.0207439 -0.0768674 1.40045 2.94557 0.0160495 0.000298745 
46.1734 0.018973 -0.648801 1.5079 -3.12091 0.0456827 0.0260822 0.020825 -0.0769221 1.40155 2.94694 0.023921 0.000833662 
46.2041 0.0192459 -0.64966 1.51028 -3.11963 0.0217305 0.0217172 0.0213331 -0.077255 1.40869 2.96305 0.0437158 0.00208911 
46.2338 0.0193081 -0.65027 1.51155 -3.11463 0.0253728 0.0211209 0.022124 -0.0777836 1.42093 3.0043 0.0365787 0.00171224 
46.2653 0.0194994 -0.651557 1.5147 -3.11068 0.0149972 0.0184483 0.0214339 -0.0772829 1.40897 2.95863 0.0688529 0.00344175 
46.2948 0.0195776 -0.651811 1.51469 -3.10412 0.0308608 0.0201748 0.0228714 -0.0782434 1.43206 3.04749 0.0389269 0.00193609 
46.3245 0.0194868 -0.651117 1.51306 -3.10721 0.0340492 0.0215439 0.0222206 -0.0778186 1.42124 2.99835 0.0636654 0.00323357 
46.3558 0.0194627 -0.651034 1.51276 -3.10588 0.0402583 0.0219892 0.0216298 -0.0773963 1.4114 2.96404 0.0776758 0.00387443 
46.3852 0.0183316 -0.644456 1.49686 -3.13535 0.0653963 0.0264383 0.0207439 -0.0768674 1.40045 2.94557 0.0160495 0.000298745 
46.4156 0.0181575 -0.643348 1.49426 -3.13902 0.0607765 0.02447 0.0207439 -0.0768674 1.40045 2.94557 0.0160495 0.000298745 
46.446 0.0176763 -0.644724 1.49753 -3.13037 0.0692142 0.0283771 0.0207439 -0.0768674 1.40045 2.94557 0.0160495 0.000298745 
46.4766 0.0173634 -0.645219 1.49871 -3.12566 0.0650478 0.0267614 0.0207439 -0.0768674 1.40045 2.94557 0.0160495 0.000298745 
46.5064 0.0171379 -0.645437 1.50468 0.791879 -3.09413 3.11699 0.0207439 -0.0768674 1.40045 2.94557 0.0160495 0.000298745 
46.537 0.0172001 -0.646087 1.50602 0.786803 -3.09152 3.11825 0.0207439 -0.0768674 1.40045 2.94557 0.0160495 0.000298745 
46.568 0.0169265 -0.648245 1.51115 0.780808 -3.09607 3.11786 0.0205082 -0.0770533 1.40391 -0.196794 -3.10786 3.13887 
46.5973 0.0163421 -0.650804 1.51175 -3.10099 0.0581447 0.0262044 0.0198031 -0.0779611 1.42492 -0.126256 -3.12577 3.13978 
46.627 0.0159037 -0.652196 1.51513 -3.10122 0.0543207 0.0218985 0.0195409 -0.07826 1.43253 -0.0920434 -3.13567 3.14035 
46.658 0.0152177 -0.648883 1.50741 -3.11986 0.0553473 0.0246329 0.019524 -0.0782306 1.43209 -0.0903093 -3.12564 3.13951 
46.6881 0.0154319 -0.651545 1.51367 -3.10971 0.0423751 0.0190344 0.019524 -0.0782306 1.43209 -0.0903093 -3.12564 3.13951 
46.7187 0.0141697 -0.64206 1.49141 3.13746 0.0564967 0.0201473 0.0171518 -0.0768686 1.40052 2.94566 0.0139221 0.000200156 
46.7546 0.0139922 -0.641169 1.48919 3.13781 0.0312166 0.0119413 0.0171518 -0.0768686 1.40052 2.94566 0.0139221 0.000200156 
46.7788 0.0135056 -0.643501 1.4947 -3.13241 0.0492415 0.020004 0.0171518 -0.0768686 1.40052 2.94566 0.0139221 0.000200156 
46.8092 0.013518 -0.643701 1.50056 0.795168 -3.09563 3.1202 0.0171518 -0.0768686 1.40052 2.94566 0.0139221 0.000200156 
46.8388 0.0133107 -0.645565 1.50485 0.788846 -3.08832 3.11706 0.0171518 -0.0768686 1.40052 2.94566 0.0139221 0.000200156 
46.8691 0.0130109 -0.648076 1.51051 0.777394 -3.09687 3.12267 0.0171061 -0.076913 1.40131 -0.196784 -3.14144 3.14084 
46.9008 0.0129157 -0.649343 1.51342 0.77206 -3.09921 3.12368 0.0169639 -0.0770299 1.40358 -0.195474 -3.11754 3.1394 
46.9308 0.0122112 -0.65553 1.52277 -3.08646 0.0239473 0.0133486 0.0158488 -0.0782347 1.43226 -0.0895047 -3.12437 3.13945 
46.9606 0.0119703 -0.654859 1.52139 -3.0915 0.0213821 0.0126935 0.0154905 -0.0782142 1.4325 -0.0793832 3.13608 3.14114 
46.9907 0.0118793 -0.654086 1.51957 -3.09521 0.0261029 0.0147135 0.0145166 -0.0775653 1.41605 2.98898 0.0262584 0.00109522 
47.0207 0.0101562 -0.644038 1.49584 -3.13317 0.0537203 0.0243971 0.0121256 -0.0783223 1.43459 -0.0784807 3.14069 3.14091 
47.0508 0.00994237 -0.644317 1.49651 -3.13058 0.0571841 0.0260161 0.0120521 -0.0783584 1.43669 -0.0552796 3.139 3.1409 
47.0811 0.00974787 -0.644826 1.49771 -3.12717 0.0561848 0.0256998 0.0119461 -0.0783048 1.43457 3.0681 0.0126617 0.000224222 
47.1109 0.00944289 -0.646643 1.50177 -3.11795 0.0470064 0.0254738 0.0110223 -0.0775852 1.41576 2.97657 0.073663 0.00367964 
47.1424 0.00934034 -0.6455 1.50398 0.789809 -3.11041 3.13837 0.0101662 -0.076996 1.40296 2.9453 0.0425704 0.00206009 
47.1721 0.00920912 -0.64672 1.50693 0.787377 -3.10501 3.13408 0.00998522 -0.0768836 1.40083 2.94484 0.0164476 0.000457127 
47.2021 0.00912445 -0.64755 1.50895 0.782091 -3.10057 3.13011 0.00998522 -0.0768836 1.40083 2.94484 0.0164476 0.000457127 
47.2323 0.00906574 -0.648288 1.51051 0.777127 -3.10337 3.13314 0.00998522 -0.0768836 1.40083 2.94484 0.0164476 0.000457127 
47.2627 0.00895661 -0.649659 1.51362 0.776795 -3.11333 3.13981 0.00996769 -0.0768716 1.40066 2.94582 0.00951981 1.37631e-05 
47.2927 0.00853343 -0.652997 1.51634 -3.09787 0.0293466 0.0227368 0.00880787 -0.078008 1.42691 -0.109412 3.1339 3.1415 
47.3227 0.00837306 -0.653371 1.51693 -3.10202 0.0224616 0.0224657 0.00846019 -0.0783056 1.43466 3.06865 0.0100219 0.000127094 
47.3547 0.0083073 -0.654438 1.51931 -3.09675 0.0092553 0.0188074 0.00832801 -0.078335 1.43452 3.07385 -0.00777256 0.00122141 
47.3836 0.00810175 -0.652853 1.5157 -3.10205 0.0230563 0.023613 0.00751981 -0.0777012 1.4185 2.98615 0.0667744 0.00340343 
47.4146 0.00661134 -0.647174 1.502 -3.13302 0.0291658 0.0298251 0.00629035 -0.0754841 1.40348 -2.85062 -0.00522353 0.00241898 
47.4452 0.00609807 -0.648702 1.50603 -3.12132 0.0630436 0.0388688 0.00513635 -0.0770658 1.42763 -2.93019 -0.0304976 0.00117102 
47.4744 0.00566105 -0.648824 1.5059 -3.12435 0.0458108 0.0376179 0.0048407 -0.0783356 1.43461 3.07437 -0.00992596 0.00111515 
47.5047 0.00366919 -0.650199 1.50931 -3.11774 0.0282002 0.0272287 0.00280016 -0.0768875 1.40098 2.94507 0.0119785 0.000272998 
47.5352 0.00349046 -0.648465 1.5055 -3.12468 0.0416198 0.0292206 0.0028763 -0.0769776 1.40045 2.95396 -0.0220124 0.00432978 
47.5651 0.00314874 -0.647883 1.50407 -3.13288 0.020051 0.0245752 0.00284657 -0.0769481 1.40066 2.95152 -0.0132934 0.00292001 
47.5958 0.00281987 -0.645185 1.49736 3.13806 0.0162015 0.0242449 0.00281561 -0.0769143 1.40079 2.94889 -0.00424302 0.00141788 
47.6258 0.00267296 -0.64394 1.49484 3.13958 0.0237393 0.0225999 0.00223153 -0.0758117 1.40999 0.285369 -3.08081 3.13985 
47.6555 0.00205222 -0.646868 1.50187 -3.127 0.0529004 0.0337829 0.0011604 -0.0783378 1.4347 3.07464 -0.0118639 0.00103495 
47.686 0.00157392 -0.649523 1.50779 -3.11553 0.0443626 0.0350205 0.00119382 -0.0782383 1.43292 -0.0820061 3.13518 3.14152 
47.7171 0.00121137 -0.652216 1.51407 -3.10506 0.0274395 0.0316907 0.000988911 -0.0783322 1.43452 3.07338 0.00963332 0.00287198 
47.7479 0.00115121 -0.648735 1.5113 0.780686 -3.10885 3.14113 0.000823554 -0.0782467 1.43237 3.0479 0.0278164 0.00141032 
47.7769 0.000685395 -0.652879 1.51574 -3.10026 0.0171797 0.022948 0.000740328 -0.0781754 1.43036 3.03665 0.0352093 0.00186922 
47.8076 0.000490023 -0.651167 1.51183 -3.10602 0.0319963 0.0282322 0.000641901 -0.0781083 1.42899 3.03453 0.0242141 0.00120459 
47.8382 0.000138809 -0.649457 1.50791 -3.11672 0.045209 0.0315837 -5.73305e-05 -0.0774615 1.41321 2.97082 0.0552621 0.00284842 
47.8681 5.79711e-05 -0.651691 1.51329 -3.10714 0.0351133 0.025438 -0.000328128 -0.0772272 1.40798 2.9558 0.0527053 0.00270448 
47.8982 -0.000370763 -0.650195 1.50974 -3.11633 0.0345818 0.0250996 -0.000505424 -0.0770737 1.40459 2.94668 0.0506428 0.00259284 
47.9281 -0.000725826 -0.647455 1.50368 -3.12614 0.0489167 0.0261661 -0.000708629 -0.0769767 1.40188 2.94845 0.00985265 0.00255527 
47.9591 -0.000779369 -0.64808 1.50474 -3.13037 0.0321067 0.0244868 -0.000792511 -0.0768897 1.40106 2.94522 0.00972934 0.00019817 
47.9884 -0.00114414 -0.644624 1.49689 -3.13948 0.0393273 0.0241425 -0.000792511 -0.0768897 1.40106 2.94522 0.00972934 0.00019817 
48.019 -0.00109554 -0.645206 1.49785 3.14016 0.027801 0.0244428 -0.000792511 -0.0768897 1.40106 2.94522 0.00972934 0.00019817 
48.0502 -0.00114534 -0.644775 1.49683 3.1387 0.0266882 0.0239697 -0.000792511 -0.0768897 1.40106 2.94522 0.00972934 0.00019817 
48.0803 -0.00120763 -0.644205 1.49563 3.13867 0.0285717 0.0232763 -0.000792511 -0.0768897 1.40106 2.94522 0.00972934 0.00019817 
48.1097 -0.00122261 -0.64403 1.49536 3.13993 0.0321369 0.0231744 -0.000792511 -0.0768897 1.40106 2.94522 0.00972934 0.00019817 
48.1407 -0.00125548 -0.644692 1.49719 -3.13663 0.0456865 0.0246952 -0.000792511 -0.0768897 1.40106 2.94522 0.00972934 0.00019817 
48.1706 -0.00133808 -0.644877 1.49777 -3.13358 0.0535791 0.026389 -0.000792511 -0.0768897 1.40106 2.94522 0.00972934 0.00019817 
48.2005 -0.00127426 -0.645524 1.49915 -3.1332 0.0509844 0.0270029 -0.000792511 -0.0768897 1.40106 2.94522 0.00972934 0.00019817 
48.232 -0.00129582 -0.644899 1.49796 -3.1316 0.0592593 0.0272059 -0.000776744 -0.0769169 1.40087 2.94905 -0.00645124 0.00133363 
48.2611 -0.00118496 -0.644946 1.49807 -3.132 0.0563985 0.0259243 -0.000776744 -0.0769169 1.40087 2.94905 -0.00645124 0.00133363 
48.2913 -0.000157154 -0.651776 1.51427 -3.10419 0.0298181 0.0209911 -0.00074019 -0.0769282 1.40178 2.94527 0.0189558 0.000792508 
48.3213 -7.39338e-05 -0.647954 1.5054 -3.11914 0.0464625 0.0306746 -0.000651228 -0.0769905 1.403 2.94623 0.0304404 0.00148614 
48.3518 0.000216139 -0.653073 1.51693 -3.10629 0.0292094 0.0213702 -0.000651228 -0.0769905 1.403 2.94623 0.0304404 0.00148614 
48.3818 0.000440956 -0.652182 1.51504 -3.09355 0.0355665 0.0234281 -0.000482085 -0.07711 1.40546 2.95016 0.0450902 0.00230454 
48.4122 0.000666716 -0.649102 1.50808 -3.11828 0.0322112 0.0286945 -0.000170285 -0.077347 1.41057 2.96198 0.0596705 0.00305362 
48.4424 0.000894264 -0.652423 1.51576 -3.1106 0.0366548 0.0271909 0.000116912 -0.0775672 1.41541 2.97468 0.0699104 0.0035395 
48.4741 0.00206445 -0.64828 1.50665 -3.12011 0.0549965 0.0395957 0.00126083 -0.0771895 1.43118 0.20066 -3.10161 3.14008 
48.5035 0.00235499 -0.647982 1.5061 -3.12067 0.0418313 0.0357502 0.00109752 -0.0783087 1.43481 -0.0724985 3.13495 3.14154 
48.5337 0.00257603 -0.647937 1.506 -3.12178 0.0382745 0.0341215 0.00129411 -0.0772849 1.43249 0.193252 -3.12047 3.14069 
48.5639 0.00297524 -0.646625 1.50289 -3.12923 0.0210484 0.025679 0.00223241 -0.0758143 1.41003 0.28514 -3.08131 3.13987 
48.5939 0.00315412 -0.648202 1.50648 -3.1263 0.0202946 0.0249766 0.00275324 -0.0769732 1.40219 2.9543 0.00202629 0.00187185 
48.6245 0.00323155 -0.64671 1.50319 -3.13716 0.0155767 0.0297069 0.00278309 -0.0768756 1.40081 -0.195521 3.13642 3.1414 
48.6554 0.00354097 -0.648389 1.50734 -3.12182 0.00901055 0.0255584 0.00280016 -0.0768875 1.40098 2.94507 0.0119785 0.000272998 
48.6859 0.00359455 -0.649009 1.50865 -3.12161 0.0110033 0.0245739 0.00280016 -0.0768875 1.40098 2.94507 0.0119785 0.000272998 
48.7149 0.00376088 -0.650485 1.51205 -3.11329 0.00260972 0.0225433 0.00278326 -0.0768757 1.40082 -0.195501 3.13646 3.1414 
48.7451 0.00435233 -0.653157 1.51839 -3.10268 0.01653 0.0201444 0.00409757 -0.0778801 1.42269 3.00034 0.0644721 0.00328672 
48.7761 0.00468647 -0.652498 1.52186 -2.37492 -0.0181991 0.00475444 0.00449828 -0.0782459 1.43232 3.04786 0.0296767 0.00150441 
48.8058 0.00462069 -0.651591 1.51493 -3.10616 0.012058 0.0266487 0.0046877 -0.0783752 1.43663 3.07916 0.00843083 5.5365e-05 
48.8367 0.00470979 -0.652434 1.51693 -3.10212 0.00704623 0.0243304 0.00479845 -0.078282 1.43453 3.0732 0.0177643 0.000915767 
48.8669 0.00487382 -0.651211 1.5191 -2.37169 -0.0190416 0.0121579 0.00614494 -0.0754631 1.40524 0.298105 -3.10095 3.13934 
48.8971 0.00496827 -0.65174 1.51485 -3.10996 0.0526002 0.0305104 0.0063758 -0.0768736 1.40074 -0.195635 3.13435 3.14149 
48.9278 0.00503137 -0.651367 1.51409 -3.11299 0.0488443 0.0306227 0.0063758 -0.0768736 1.40074 -0.195635 3.13435 3.14149 
48.9584 0.00524682 -0.651391 1.51461 -3.10476 0.0285214 0.0321504 0.0063758 -0.0768736 1.40074 -0.195635 3.13435 3.14149 
48.9879 0.00538453 -0.650569 1.51268 -3.10852 0.0335134 0.0342829 0.0063758 -0.0768736 1.40074 -0.195635 3.13435 3.14149 
49.018 0.00554364 -0.650006 1.51131 -3.11528 0.0335789 0.0338101 0.0063758 -0.0768736 1.40074 -0.195635 3.13435 3.14149 
49.0478 0.0057224 -0.649974 1.5113 -3.1129 0.0585367 0.0407276 0.0063758 -0.0768736 1.40074 -0.195635 3.13435 3.14149 
49.0782 0.00726374 -0.648498 1.50777 -3.12614 0.0183627 0.02252 0.00993681 -0.0769037 1.40131 -0.19482 3.13628 3.14131 
49.1082 0.00735904 -0.649076 1.50937 -3.12722 0.00898331 0.0214428 0.0099681 -0.0768719 1.40067 2.94587 0.00941293 6.35156e-06 
49.1386 0.0074849 -0.650307 1.51208 -3.11935 0.00979922 0.0199203 0.0099681 -0.0768719 1.40067 2.94587 0.00941293 6.35156e-06 
49.1691 0.00769748 -0.651136 1.5141 -3.12044 0.00390539 0.0193146 0.0099681 -0.0768719 1.40067 2.94587 0.00941293 6.35156e-06 
49.1994 0.0078642 -0.652402 1.5172 -3.11646 -0.00632217 0.0161623 0.0099681 -0.0768719 1.40067 2.94587 0.00941293 6.35156e-06 
49.2294 0.00816677 -0.653844 1.52078 -3.10623 -0.0182865 0.0129078 0.0099681 -0.0768719 1.40067 2.94587 0.00941293 6.35156e-06 
49.2603 0.00897618 -0.648862 1.51329 0.785525 -3.103 3.13041 0.0120011 -0.0776103 1.43663 -2.97688 0.0163874 0.000106731 
49.2896 0.00922132 -0.646082 1.50689 0.796395 -3.10084 3.12949 0.0121251 -0.0783224 1.4346 -0.078461 3.14057 3.14088 
49.3205 0.00939748 -0.648154 1.50639 -3.12434 0.0614041 0.0340346 0.0121897 -0.0782638 1.4327 -0.0916619 -3.13204 3.14017 
49.3508 0.0101216 -0.646521 1.5032 -3.13429 0.0351009 0.031195 0.0124207 -0.0780503 1.42751 -0.111965 -3.13676 3.14051 
49.3809 0.0106105 -0.643616 1.49646 3.1362 0.0108455 0.0220553 0.0135597 -0.0768699 1.40059 2.94572 0.0117131 9.55799e-05 
49.4107 0.0119881 -0.653683 1.52014 -3.10483 -0.00846113 0.0133023 0.0135597 -0.0768699 1.40059 2.94572 0.0117131 9.55799e-05 
49.4424 0.012105 -0.654162 1.52149 -3.10552 -0.022984 0.0106467 0.0137463 -0.0769987 1.40316 2.94864 0.0315963 0.00139617 
49.4716 0.0124421 -0.655502 1.52384 -3.09928 -0.000130877 0.0107959 0.0149061 -0.0778285 1.4219 3.00504 0.0411884 0.00204277 
49.5022 0.0126449 -0.65074 1.51838 -2.36765 -0.0155139 0.00931363 0.0154956 -0.0782163 1.4326 -0.078287 3.13713 3.14104 
49.5326 0.0129651 -0.648345 1.5122 0.789114 -3.10792 3.13375 0.0156866 -0.0776096 1.43658 -2.97688 0.0183636 8.55471e-05 
49.5633 0.0132037 -0.646497 1.50844 -2.35199 -0.0245744 0.00506773 0.0157946 -0.078298 1.43433 -0.0748257 -3.13385 3.14005 
49.593 0.0133938 -0.645688 1.50671 -2.34795 -0.0244006 0.00637604 0.01585 -0.0782329 1.43219 -0.0900243 -3.12377 3.13943 
49.6232 0.0137193 -0.646819 1.50403 -3.12822 0.0306729 0.0311728 0.0158806 -0.0782512 1.43273 -0.0867503 3.13793 3.14105 
49.6529 0.0155883 -0.651408 1.51487 -3.11373 -0.00173616 0.0176667 0.0171518 -0.0768686 1.40052 2.94566 0.0139221 0.000200156 
49.6828 0.0156137 -0.651007 1.51383 -3.11298 0.0076557 0.0203696 0.0171518 -0.0768686 1.40052 2.94566 0.0139221 0.000200156 
49.7136 0.0156015 -0.651066 1.51381 -3.11514 0.0113817 0.0202654 0.0171518 -0.0768686 1.40052 2.94566 0.0139221 0.000200156 
49.7445 0.0156361 -0.649552 1.51043 -3.12736 0.0169468 0.0257937 0.0171518 -0.0768686 1.40052 2.94566 0.0139221 0.000200156 
49.774 0.015882 -0.649873 1.5112 -3.12449 0.0188273 0.0267265 0.0171518 -0.0768686 1.40052 2.94566 0.0139221 0.000200156 
49.8046 0.016481 -0.654946 1.52267 -3.09828 0.000667276 0.0129751 0.017238 -0.0769294 1.40178 2.9478 0.0201991 0.000628177 
49.8345 0.0168699 -0.64897 1.51359 0.786599 -3.11271 3.13562 0.0190773 -0.0781706 1.43065 3.04581 0.0247758 0.00102124 
49.8652 0.0168257 -0.649596 1.51503 0.78404 -3.11407 3.13619 0.0191862 -0.0782318 1.43258 3.05886 0.0154277 0.000321492 
49.8959 0.0168616 -0.649015 1.51383 0.787974 -3.1148 3.13784 0.0191946 -0.0782417 1.43244 3.05356 0.0257277 0.00110129 
49.9258 0.0168787 -0.648907 1.51332 0.785318 -3.11041 3.13317 0.0193699 -0.0776056 1.43649 -2.97648 0.0208783 0.000160905 
49.9557 0.0168345 -0.649538 1.51477 0.78273 -3.11176 3.13374 0.0193699 -0.0776056 1.43649 -2.97648 0.0208783 0.000160905 
49.986 0.0168437 -0.64946 1.51446 0.781528 -3.10926 3.13109 0.0193699 -0.0776056 1.43649 -2.97648 0.0208783 0.000160905 
50.0161 0.0167443 -0.650866 1.51783 0.777145 -3.11539 3.13528 0.0193699 -0.0776056 1.43649 -2.97648 0.0208783 0.000160905 
50.0467 0.0167547 -0.650784 1.51751 0.77597 -3.11253 3.13224 0.0193699 -0.0776056 1.43649 -2.97648 0.0208783 0.000160905 
50.0773 0.0164659 -0.654229 1.5205 -3.09817 0.0296535 0.0169643 0.0193699 -0.0776056 1.43649 -2.97648 0.0208783 0.000160905 
50.1072 0.0164295 -0.654731 1.52168 -3.09659 0.0261764 0.015424 0.0193699 -0.0776056 1.43649 -2.97648 0.0208783 0.000160905 
50.1372 0.0163782 -0.655506 1.52349 -3.09429 0.0179972 0.0122478 0.0193699 -0.0776056 1.43649 -2.97648 0.0208783 0.000160905 
50.1674 0.0156034 -0.65097 1.51279 -3.10693 0.0477193 0.0229058 0.0192502 -0.0774688 1.43463 -2.9659 0.0200933 0.000175053 
50.1982 0.0154384 -0.651415 1.51382 -3.10716 0.040477 0.0197185 0.0192605 -0.0774247 1.43431 -2.9577 0.0313983 0.000528558 
50.2277 0.0154384 -0.651415 1.51382 -3.10716 0.040477 0.0197185 0.0182977 -0.0776624 1.41814 2.99453 0.0344971 0.00159728 
50.2582 0.0154384 -0.651415 1.51382 -3.10716 0.040477 0.0197185 0.018202 -0.0776 1.41679 2.99123 0.0297261 0.00128789 
50.2881 0.0147588 -0.646891 1.50272 -3.12792 0.0609403 0.0270016 0.0173227 -0.076987 1.40296 2.9497 0.0267612 0.00105982 
50.3188 0.0147008 -0.646426 1.50167 -3.12994 0.073044 0.0272503 0.017238 -0.0769294 1.40178 2.9478 0.0201991 0.000628177 
50.3489 0.0142173 -0.643032 1.49369 3.14126 0.0660939 0.0242959 0.0171518 -0.0768686 1.40052 2.94566 0.0139221 0.000200156 
50.3854 0.0142173 -0.643032 1.49369 3.14126 0.0660939 0.0242959 0.0171518 -0.0768686 1.40052 2.94566 0.0139221 0.000200156 
50.4097 0.0138795 -0.644563 1.49731 -3.13371 0.0753727 0.0284865 0.0171518 -0.0768686 1.40052 2.94566 0.0139221 0.000200156 
50.4401 0.0134811 -0.643251 1.49425 -3.13525 0.0557748 0.0201382 0.0171518 -0.0768686 1.40052 2.94566 0.0139221 0.000200156 
50.47 0.0135203 -0.643682 1.50067 0.797182 -3.09533 3.11773 0.0171518 -0.0768686 1.40052 2.94566 0.0139221 0.000200156 
50.5004 0.0136057 -0.642797 1.49863 0.800341 -3.09682 3.11836 0.0171518 -0.0768686 1.40052 2.94566 0.0139221 0.000200156 
50.5303 0.0134376 -0.644332 1.50202 0.793214 -3.09155 3.11844 0.0171518 -0.0768686 1.40052 2.94566 0.0139221 0.000200156 
50.5604 0.0129325 -0.648845 1.51257 0.77839 -3.09361 3.117 0.0157946 -0.078298 1.43433 -0.0748257 -3.13385 3.14005 
50.5908 0.012902 -0.649604 1.51392 0.772931 -3.10424 3.12824 0.0156275 -0.0783034 1.43453 3.0684 0.0136802 0.000247493 
50.6212 0.012902 -0.649604 1.51392 0.772931 -3.10424 3.12824 0.0152192 -0.0780357 1.42667 3.02062 0.0486633 0.00249151 
50.6513 0.012803 -0.650974 1.51707 0.766982 -3.10801 3.12988 0.0147056 -0.0776937 1.41886 2.99617 0.0348453 0.00164883 
50.6816 0.012803 -0.650974 1.51707 0.766982 -3.10801 3.12988 0.0142778 -0.0773655 1.41109 2.9675 0.0507646 0.00252883 
50.7118 0.0127358 -0.650365 1.51567 0.768971 -3.10229 3.12747 0.0138575 -0.0770666 1.40451 2.94995 0.0433973 0.0020967 
50.7424 0.0123266 -0.653981 1.51913 -3.09109 0.0366625 0.0189646 0.0136427 -0.0769306 1.40184 2.94786 0.0179964 0.000523449 
50.7719 0.0122877 -0.654509 1.52037 -3.08946 0.0327996 0.0172549 0.0135597 -0.0768699 1.40059 2.94572 0.0117131 9.55799e-05 
50.8025 0.0114804 -0.651484 1.51345 -3.10646 0.0469254 0.0236691 0.0135597 -0.0768699 1.40059 2.94572 0.0117131 9.55799e-05 
50.8327 0.011228 -0.649463 1.5084 -3.11671 0.0348867 0.0223988 0.0134243 -0.0770148 1.40368 -0.189123 3.1386 3.14109 
50.8627 0.011228 -0.649463 1.5084 -3.11671 0.0348867 0.0223988 0.0121253 -0.0783224 1.43459 -0.0784827 3.14061 3.14089 
50.893 0.00930811 -0.648032 1.505 -3.11534 0.0616966 0.0318056 0.00998522 -0.0768836 1.40083 2.94484 0.0164476 0.000457127 
50.9232 0.0093156 -0.646527 1.50683 0.785055 -3.0908 3.12246 0.00998522 -0.0768836 1.40083 2.94484 0.0164476 0.000457127 
50.9535 0.00909619 -0.647898 1.50987 0.778317 -3.09904 3.12769 0.00998522 -0.0768836 1.40083 2.94484 0.0164476 0.000457127 
50.984 0.00895841 -0.649644 1.51358 0.776898 -3.11281 3.13932 0.00996769 -0.0768716 1.40066 2.94582 0.00951981 1.37631e-05 
51.0142 0.0087372 -0.651074 1.51686 0.770171 -3.11253 3.13927 0.00999955 -0.07691 1.40062 2.94863 0.000244922 0.0016013 
51.0446 0.00837306 -0.653371 1.51693 -3.10202 0.0224616 0.0224657 0.0089356 -0.0769182 1.42597 -2.92823 -0.00248623 0.000959663 
51.0741 0.00825751 -0.653158 1.51629 -3.102 0.0182108 0.02273 0.00870525 -0.0771189 1.43021 0.207274 -3.11674 3.14042 
51.1049 0.00807286 -0.653433 1.51692 -3.10243 0.0159361 0.0217221 0.008439 -0.0783993 1.43637 3.08447 -0.00937112 0.00110777 
51.135 0.00763078 -0.650336 1.50946 -3.11923 0.0264171 0.0273845 0.00822785 -0.0782841 1.43272 3.05969 0.0029738 0.00208479 
51.1651 0.00692041 -0.646599 1.5012 -3.13246 0.0341148 0.0245059 0.00686097 -0.0772258 1.40687 2.95482 0.0512096 0.00484569 
51.1952 0.00624713 -0.647785 1.50414 -3.12229 0.0626164 0.0356711 0.00642761 -0.0769317 1.40095 2.94822 0.00427483 0.00207756 
51.2262 0.00567128 -0.648717 1.50663 -3.11525 0.0773915 0.0386761 0.00639317 -0.0768854 1.4009 2.94492 0.0140599 0.00038525 
51.2562 0.00548905 -0.64755 1.50911 0.779322 -3.08144 3.12052 0.00639317 -0.0768854 1.4009 2.94492 0.0140599 0.00038525 
51.2861 0.0051712 -0.647742 1.50931 0.783491 -3.10107 3.13259 0.00639317 -0.0768854 1.4009 2.94492 0.0140599 0.00038525 
51.3167 0.00520212 -0.646331 1.50596 0.785758 -3.09948 3.13448 0.00643827 -0.0769455 1.40057 2.95134 -0.0110577 0.00300851 
51.3472 0.00479044 -0.646684 1.50086 -3.13193 0.0379106 0.0343175 0.00643827 -0.0769455 1.40057 2.95134 -0.0110577 0.00300851 
51.377 0.00467101 -0.64964 1.50767 -3.12272 0.0313044 0.0320359 0.0055652 -0.0765084 1.41917 -2.90149 -0.0111514 0.00205213 
51.4071 0.00440579 -0.650914 1.51065 -3.11549 0.0251034 0.0308126 0.00492807 -0.078267 1.43274 3.06457 -0.00894876 0.00117156 
51.4373 0.0026905 -0.644035 1.49534 3.13997 0.0329992 0.0233666 0.00386709 -0.0777113 1.41889 2.98904 0.0570394 0.00292119 
51.4675 0.00256964 -0.643198 1.49338 3.13786 0.0233042 0.0192047 0.00337707 -0.0773043 1.40966 2.96064 0.0557814 0.00283024 
51.4975 0.00216737 -0.646255 1.50099 -3.12593 0.0689895 0.0329576 0.00297983 -0.0770114 1.4034 2.94676 0.036025 0.00175594 
51.5283 0.00246176 -0.643934 1.49552 -3.13692 0.0510588 0.0256 0.00282958 -0.0769098 1.40142 2.94541 0.016094 0.000542497 
51.5584 0.00224163 -0.645474 1.49859 -3.13367 0.0425241 0.0284843 0.00280016 -0.0768875 1.40098 2.94507 0.0119785 0.000272998 
51.5892 0.0022488 -0.646898 1.50123 -3.13781 0.0291515 0.0310016 0.00284657 -0.0769481 1.40066 2.95152 -0.0132934 0.00292001 
51.6188 0.00187304 -0.649053 1.50615 -3.12582 0.031771 0.0334202 0.0028763 -0.0769776 1.40045 2.95396 -0.0220124 0.00432978 
51.6493 0.00154782 -0.649025 1.50569 -3.13256 0.0203351 0.0311526 0.0028763 -0.0769776 1.40045 2.95396 -0.0220124 0.00432978 
51.6797 0.00108143 -0.649272 1.51301 0.774444 -3.09789 3.12978 0.00119382 -0.0782383 1.43292 -0.0820061 3.13518 3.14152 
51.7101 0.00108143 -0.649272 1.51301 0.774444 -3.09789 3.12978 0.00119382 -0.0782383 1.43292 -0.0820061 3.13518 3.14152 
51.7404 0.00108044 -0.649282 1.51303 0.774381 -3.09815 3.13002 0.00117578 -0.0782584 1.43305 -0.0859392 -3.13797 3.14071 
51.77 0.00122553 -0.64794 1.50973 0.783761 -3.10346 3.13555 0.00123613 -0.0782797 1.43267 3.05915 -0.0213747 0.000316866 
51.8004 0.00128684 -0.647364 1.50833 0.782792 -3.10113 3.13422 0.00121557 -0.0782123 1.43261 3.06243 0.0152524 0.000727344 
51.8306 0.00119487 -0.648123 1.51037 0.779132 -3.09665 3.12923 0.000909905 -0.078315 1.43451 3.06224 0.0173452 0.000744439 
51.8608 0.00136674 -0.647243 1.5087 0.779242 -3.0892 3.12504 0.000931659 -0.0782807 1.43397 3.06395 0.0269476 0.00161774 
51.8917 0.00156406 -0.647165 1.50862 0.777604 -3.07535 3.11688 0.000872318 -0.0781639 1.43082 3.0478 0.0439955 0.00287703 
51.9216 0.00153411 -0.648136 1.50561 -3.11159 0.0727898 0.0373612 0.000931659 -0.0782807 1.43397 3.06395 0.0269476 0.00161774 
51.9521 0.00173074 -0.648552 1.50615 -3.11393 0.0770515 0.0408681 0.00105155 -0.077715 1.43677 -2.97947 0.00748705 0.00363779 
51.9819 0.00193741 -0.650082 1.50888 -3.12085 0.0603888 0.0432584 0.00090207 -0.0782654 1.43225 3.05651 0.019711 0.00349152 
52.013 0.00190904 -0.650078 1.50873 -3.12282 0.0528529 0.0420244 0.000925973 -0.078229 1.4316 3.05682 0.0284126 0.00426579 
52.0421 0.00186919 -0.648248 1.50415 -3.13331 0.0339099 0.0354502 0.000918599 -0.0782319 1.4317 3.0577 0.0294271 0.0043661 
52.0726 0.00179213 -0.648486 1.505 -3.12801 0.0398726 0.0363793 0.000872318 -0.0781639 1.43082 3.0478 0.0439955 0.00287703 
52.1025 0.0017214 -0.648595 1.50611 -3.11585 0.073945 0.0416623 0.000992753 -0.0783302 1.43444 3.07265 0.00909788 0.00281835 
52.1335 0.00169006 -0.648457 1.50622 -3.11303 0.0731294 0.0392369 0.000927721 -0.0782823 1.43404 3.0645 0.0275099 0.00167255 
52.1636 0.00289456 -0.645788 1.49905 -3.1393 0.0254056 0.0248056 0.00258607 -0.0755152 1.40508 0.293379 -3.11202 3.14153 
52.1937 0.00281146 -0.645016 1.49751 -3.13819 0.0310172 0.0243321 0.00254347 -0.0754999 1.40498 0.296706 -3.09772 3.1408 
52.224 0.00267802 -0.644567 1.49701 -3.13514 0.0529101 0.0264702 0.00281561 -0.0769143 1.40079 2.94889 -0.00424302 0.00141788 
52.2545 0.00263134 -0.645838 1.50031 -3.12505 0.0610214 0.0300448 0.00278326 -0.0768757 1.40082 -0.195501 3.13646 3.1414 
52.2844 0.00280979 -0.645412 1.49988 -3.13621 0.0354081 0.0254207 0.00278326 -0.0768757 1.40082 -0.195501 3.13646 3.1414 
52.3147 0.00282711 -0.645372 1.50015 -3.14137 0.0305748 0.0251912 0.00278326 -0.0768757 1.40082 -0.195501 3.13646 3.1414 
52.3449 0.00310422 -0.647503 1.50538 -3.12693 0.0170539 0.02577 0.00278326 -0.0768757 1.40082 -0.195501 3.13646 3.1414 
52.3747 0.00315412 -0.648202 1.50648 -3.1263 0.0202946 0.0249766 0.00278326 -0.0768757 1.40082 -0.195501 3.13646 3.1414 
52.4052 0.00332242 -0.648004 1.50574 -3.11856 0.0368498 0.0254092 0.0029074 -0.0769586 1.4023 2.9448 0.0307149 0.001446 
52.4359 0.00333105 -0.648013 1.50536 -3.12012 0.0590993 0.0292799 0.0030383 -0.0770439 1.40401 2.94678 0.044403 0.00222224 
52.4659 0.00333746 -0.648388 1.50622 -3.12009 0.0488434 0.0247447 0.00339728 -0.0773032 1.40956 2.95912 0.0620007 0.00313547 
52.4968 0.00338283 -0.646744 1.50223 -3.12687 0.0557369 0.0298847 0.00388041 -0.0777007 1.41853 2.98616 0.0649619 0.00329838 
52.5267 0.00338283 -0.646744 1.50223 -3.12687 0.0557369 0.0298847 0.00440341 -0.078178 1.43067 3.04147 0.0272339 0.00134177 
52.5572 0.00380538 -0.650741 1.51313 -3.11537 0.00169274 0.0214517 0.00468704 -0.0783751 1.43662 3.07915 0.00862451 4.49346e-05 
52.5874 0.00383825 -0.650162 1.51198 -3.12466 0.00980624 0.0233288 0.00476389 -0.078326 1.43476 -0.0779591 -3.13894 3.14072 
52.6176 0.00415558 -0.652937 1.51833 -3.10437 -0.00918917 0.0170016 0.00477924 -0.0783074 1.43475 3.06904 0.00826541 1.97607e-05 
52.6477 0.00434967 -0.654879 1.52257 -3.0941 0.00544238 0.0132669 0.00612179 -0.0771189 1.40617 -0.180715 3.13676 3.14132 
52.6783 0.00449517 -0.653605 1.51932 -3.09832 0.0256848 0.0221245 0.0063758 -0.0768736 1.40074 -0.195635 3.13435 3.14149 
52.7084 0.00493678 -0.651267 1.51809 0.764675 -3.09628 3.12577 0.00637535 -0.0768733 1.40073 -0.195687 3.13424 3.1415 
52.7402 0.00508631 -0.649408 1.51378 0.773597 -3.08344 3.11541 0.0063758 -0.0768736 1.40074 -0.195635 3.13435 3.14149 
52.7701 0.00538492 -0.646208 1.50625 0.78445 -3.08174 3.11683 0.0063758 -0.0768736 1.40074 -0.195635 3.13435 3.14149 
52.7991 0.00540573 -0.64711 1.50833 0.780578 -3.0788 3.1156 0.0063758 -0.0768736 1.40074 -0.195635 3.13435 3.14149 
52.8289 0.00784675 -0.653323 1.51814 -3.09351 0.0210706 0.0166883 0.0099681 -0.0768719 1.40067 2.94587 0.00941293 6.35156e-06 
52.8595 0.00804712 -0.654308 1.52031 -3.09032 0.0217917 0.0151347 0.00996769 -0.0768716 1.40066 2.94582 0.00951981 1.37631e-05 
52.89 0.00832024 -0.654529 1.52063 -3.08659 0.0278745 0.01733 0.0099681 -0.0768719 1.40067 2.94587 0.00941293 6.35156e-06 
52.9198 0.0083795 -0.654084 1.51969 -3.08968 0.0260446 0.0185364 0.0099681 -0.0768719 1.40067 2.94587 0.00941293 6.35156e-06 
52.9505 0.00884001 -0.650661 1.51717 0.774983 -3.10273 3.12701 0.0099681 -0.0768719 1.40067 2.94587 0.00941293 6.35156e-06 
52.9809 0.00897618 -0.648862 1.51329 0.785525 -3.103 3.13041 0.0099681 -0.0768719 1.40067 2.94587 0.00941293 6.35156e-06 
53.0115 0.00909219 -0.647941 1.51231 -2.35134 -0.0206515 0.0126114 0.0104257 -0.0771814 1.40696 2.95475 0.0512657 0.00257332 
53.0417 0.0093717 -0.643725 1.50305 -2.3224 -0.017336 0.0111292 0.0118353 -0.078234 1.43271 3.05906 0.0115694 0.000161146 
53.0717 0.011111 -0.647339 1.50539 -3.13176 0.0100045 0.0234323 0.0120589 -0.0783724 1.43648 3.07869 0.0120752 0.000222994 
53.1021 0.0113035 -0.649209 1.50921 -3.12036 0.012314 0.0218015 0.0122822 -0.0781823 1.43104 -0.0940708 3.13841 3.14107 
53.1321 0.0126031 -0.64881 1.51499 -2.36773 -0.00271377 0.0274258 0.0138091 -0.0770331 1.40379 2.94828 0.0417573 0.00200129 
53.1617 0.0129346 -0.647795 1.51225 -2.33854 -0.0160427 0.0116173 0.0143903 -0.077447 1.41292 2.97298 0.0513054 0.00256636 
53.1925 0.013082 -0.646421 1.50843 -2.34921 -0.0183521 0.00836103 0.0153752 -0.0781426 1.43062 -0.0884006 3.13652 3.14111 
53.2228 0.0132382 -0.646043 1.50753 -2.34878 -0.0220402 0.0073876 0.0156275 -0.0783034 1.43453 3.0684 0.0136802 0.000247493 
53.2533 0.0134344 -0.645502 1.50576 0.792298 -3.10698 3.13727 0.0156275 -0.0783034 1.43453 3.0684 0.0136802 0.000247493 
53.2835 0.0134358 -0.64636 1.50195 -3.12396 0.0713087 0.0335985 0.0156866 -0.0776096 1.43658 -2.97688 0.0183636 8.55471e-05 
53.3128 0.0135433 -0.647244 1.50442 -3.12169 0.0581617 0.0340097 0.0158064 -0.0783207 1.43451 -0.0787016 3.13895 3.14097 
53.3431 0.0135671 -0.647453 1.50502 -3.12261 0.0514188 0.0336103 0.0157949 -0.0782979 1.43432 -0.0748447 -3.13375 3.14005 
53.3736 0.0136939 -0.646705 1.50353 -3.12524 0.0386477 0.0316522 0.0158806 -0.0782512 1.43273 -0.0867503 3.13793 3.14105 
53.4039 0.0138137 -0.646493 1.50294 -3.13569 0.0463698 0.0335072 0.0158806 -0.0782512 1.43273 -0.0867503 3.13793 3.14105 
53.4342 0.0145442 -0.642815 1.49533 3.13517 -0.0122116 0.0217546 0.0171518 -0.0768686 1.40052 2.94566 0.0139221 0.000200156 
53.464 0.0144827 -0.643139 1.49545 3.13682 0.00653049 0.0217402 0.0171518 -0.0768686 1.40052 2.94566 0.0139221 0.000200156 
53.495 0.0149531 -0.646818 1.50389 -3.13037 0.0191849 0.0242373 0.0171518 -0.0768686 1.40052 2.94566 0.0139221 0.000200156 
53.5252 0.0148373 -0.647258 1.50436 -3.13294 0.0402574 0.0261595 0.0171518 -0.0768686 1.40052 2.94566 0.0139221 0.000200156 
53.5551 0.0144635 -0.644572 1.49799 3.13687 0.0364856 0.0240158 0.0171518 -0.0768686 1.40052 2.94566 0.0139221 0.000200156 
53.5873 0.0142572 -0.643275 1.49454 -3.14024 0.0566494 0.0244616 0.0171518 -0.0768686 1.40052 2.94566 0.0139221 0.000200156 
53.6166 0.0143621 -0.643719 1.4962 3.14046 0.0300944 0.0239134 0.0171518 -0.0768686 1.40052 2.94566 0.0139221 0.000200156 
53.6464 0.0143927 -0.643734 1.49652 3.14127 0.0217933 0.0240034 0.0171518 -0.0768686 1.40052 2.94566 0.0139221 0.000200156 
53.6809 0.0145131 -0.642982 1.49546 3.13517 -0.00256149 0.0217767 0.0171518 -0.0768686 1.40052 2.94566 0.0139221 0.000200156 
53.7071 0.0148714 -0.64734 1.50484 -3.13182 0.031488 0.0261906 0.0171518 -0.0768686 1.40052 2.94566 0.0139221 0.000200156 
53.7372 0.0142678 -0.643373 1.49471 3.13921 0.0539421 0.0238447 0.0171518 -0.0768686 1.40052 2.94566 0.0139221 0.000200156 
53.7677 0.0142173 -0.643032 1.49369 3.14126 0.0660939 0.0242959 0.0171518 -0.0768686 1.40052 2.94566 0.0139221 0.000200156 
53.7974 0.0142173 -0.643032 1.49369 3.14126 0.0660939 0.0242959 0.0171518 -0.0768686 1.40052 2.94566 0.0139221 0.000200156 
53.8279 0.0141839 -0.642817 1.49335 -3.14007 0.0597869 0.0238021 0.0171518 -0.0768686 1.40052 2.94566 0.0139221 0.000200156 
53.8579 0.0142723 -0.64302 1.49467 3.1368 0.0215276 0.0219464 0.0171518 -0.0768686 1.40052 2.94566 0.0139221 0.000200156 
53.8886 0.0143119 -0.642154 1.4929 3.13744 0.00486234 0.018121 0.0171518 -0.0768686 1.40052 2.94566 0.0139221 0.000200156 
53.9189 0.0143454 -0.642016 1.49292 3.13228 -0.00533873 0.0179033 0.0171518 -0.0768686 1.40052 2.94566 0.0139221 0.000200156 
53.9488 0.0143085 -0.643352 1.49534 3.13934 0.0281006 0.0230637 0.0171518 -0.0768686 1.40052 2.94566 0.0139221 0.000200156 
53.9791 0.0142358 -0.643141 1.49412 -3.13905 0.0618597 0.024689 0.0171518 -0.0768686 1.40052 2.94566 0.0139221 0.000200156 
54.0096 0.0141656 -0.642715 1.49295 3.14028 0.0640223 0.023411 0.0171518 -0.0768686 1.40052 2.94566 0.0139221 0.000200156 
54.0394 0.0140704 -0.643972 1.49731 3.14139 0.0134931 0.0234905 0.0171518 -0.0768686 1.40052 2.94566 0.0139221 0.000200156 
54.0701 0.0140455 -0.644811 1.49906 -3.13541 0.0266766 0.0262546 0.0171518 -0.0768686 1.40052 2.94566 0.0139221 0.000200156 
54.1005 0.0140236 -0.644075 1.49683 -3.1361 0.0433678 0.024948 0.0171518 -0.0768686 1.40052 2.94566 0.0139221 0.000200156 
54.1317 0.0139254 -0.642976 1.49344 -3.13803 0.050562 0.0203655 0.0171518 -0.0768686 1.40052 2.94566 0.0139221 0.000200156 
54.1605 0.0136947 -0.644894 1.49798 -3.12858 0.0764889 0.0318109 0.016009 -0.0781219 1.42921 -0.105266 -3.13772 3.14054 
54.1907 0.0134262 -0.644983 1.4982 -3.12629 0.0682012 0.0283456 0.0159205 -0.0781982 1.43075 -0.103275 -3.1247 3.13972 
54.2213 0.0136116 -0.644752 1.50298 0.791028 -3.08468 3.11556 0.0167054 -0.0773392 1.41053 -0.174838 -3.12093 3.13958 
54.2524 0.0134862 -0.643692 1.5007 0.797711 -3.09033 3.11556 0.0158214 -0.0783034 1.43453 3.06841 0.0137391 0.000259408 
54.2827 0.0133484 -0.645035 1.50393 0.790536 -3.09052 3.11817 0.0157949 -0.0782979 1.43432 -0.0748447 -3.13375 3.14005 
54.3172 0.0133035 -0.645661 1.50588 0.789488 -3.10343 3.13188 0.0157946 -0.0782981 1.43433 -0.0748324 -3.13384 3.14005 
54.3426 0.0124274 -0.653107 1.51696 -3.09168 0.0370602 0.0214916 0.0136093 -0.0769033 1.40117 2.94493 0.0229324 0.000853924 
54.377 0.0123113 -0.653845 1.51894 -3.09372 0.0434021 0.0192508 0.0136216 -0.0769416 1.40041 2.95113 -0.0066765 0.0032014 
54.403 0.0120756 -0.653433 1.51782 -3.09166 0.0366993 0.0191694 0.0135915 -0.0769081 1.40055 2.94852 0.00243351 0.00168804 
54.4339 0.0117272 -0.653055 1.51718 -3.10424 0.0461219 0.0176995 0.0135597 -0.0768699 1.40059 2.94572 0.0117131 9.55799e-05 
54.4638 0.0115273 -0.650956 1.51249 -3.10871 0.0428432 0.0215496 0.0135597 -0.0768699 1.40059 2.94572 0.0117131 9.55799e-05 
54.494 0.0115207 -0.65052 1.51194 -3.11316 0.0254544 0.0218203 0.0135597 -0.0768699 1.40059 2.94572 0.0117131 9.55799e-05 
54.5241 0.0112402 -0.649008 1.50866 -3.11994 0.0290904 0.0226611 0.0135299 -0.0769018 1.40124 -0.194942 3.1339 3.14141 
54.5541 0.0111076 -0.647961 1.50599 -3.12128 0.0297161 0.0238237 0.0123429 -0.0781238 1.42929 -0.105067 -3.13564 3.14043 
54.5847 0.0108196 -0.646853 1.50269 -3.1284 0.0605698 0.0267126 0.0120587 -0.0783725 1.43648 3.07867 0.0121259 0.000194636 
54.616 0.0105517 -0.644783 1.49771 -3.13426 0.0646989 0.0265031 0.012003 -0.077611 1.43664 -2.97693 0.0158552 2.0342e-05 
54.6454 0.00923036 -0.646498 1.50654 0.785993 -3.10224 3.13083 0.0100525 -0.0769548 1.40138 2.94863 0.0106484 0.00242532 
54.6756 0.00900446 -0.648656 1.51188 0.775251 -3.09221 3.1209 0.0099681 -0.0768719 1.40067 2.94587 0.00941293 6.35156e-06 
54.7057 0.00873049 -0.652425 1.52045 0.760481 -3.10938 3.1307 0.0099681 -0.0768719 1.40067 2.94587 0.00941293 6.35156e-06 
54.7352 0.00813524 -0.652726 1.5165 -3.09329 0.0420677 0.0214742 0.0099681 -0.0768719 1.40067 2.94587 0.00941293 6.35156e-06 
54.7657 0.00810626 -0.653318 1.51805 -3.08873 0.0339847 0.0198359 0.0099681 -0.0768719 1.40067 2.94587 0.00941293 6.35156e-06 
54.796 0.0074973 -0.650483 1.51129 -3.11341 0.0592729 0.0217355 0.0099681 -0.0768719 1.40067 2.94587 0.00941293 6.35156e-06 
54.8268 0.00758715 -0.650399 1.51083 -3.10921 0.0517548 0.0234234 0.0085462 -0.078235 1.43277 3.05916 0.00995204 9.78688e-05 
54.8573 0.00734241 -0.650248 1.51005 -3.12147 0.0374261 0.0222509 0.00844516 -0.0783239 1.43466 -0.0783541 -3.14057 3.14081 
54.8871 0.00726562 -0.649595 1.50796 -3.12837 0.0247181 0.0238076 0.00844533 -0.0783238 1.43466 -0.0783701 -3.14053 3.14083 
54.9177 0.00681655 -0.645836 1.49857 3.13643 0.0133484 0.0250134 0.00848559 -0.078375 1.43535 3.09125 -0.0370212 0.000996131 
54.9475 0.00571319 -0.647582 1.50395 -3.12015 0.0632302 0.0323177 0.00641875 -0.076903 1.40122 2.94472 0.0191821 0.000719788 
54.9772 0.00562194 -0.646862 1.50776 0.781301 -3.07016 3.11193 0.0063758 -0.0768736 1.40074 -0.195635 3.13435 3.14149 
55.0079 0.00551853 -0.646977 1.50802 0.780896 -3.07462 3.11383 0.0063758 -0.0768736 1.40074 -0.195635 3.13435 3.14149 
55.0376 0.00435073 -0.650377 1.50912 -3.11829 0.0218676 0.032378 0.00492807 -0.078267 1.43274 3.06457 -0.00894876 0.00117156 
55.0685 0.00412491 -0.652705 1.51457 -3.10771 0.0065742 0.0248711 0.00490892 -0.0782052 1.43102 -0.102637 -3.11884 3.13943 
55.0983 0.0038304 -0.65175 1.51283 -3.11315 0.01971 0.0246726 0.00469549 -0.0784326 1.43671 3.07525 0.00636707 0.001033 
55.129 0.00377369 -0.651163 1.51199 -3.11125 0.0343641 0.0248487 0.00458537 -0.0783077 1.43472 3.06854 0.00880787 8.46812e-05 
55.1587 0.00371196 -0.650377 1.51068 -3.11026 0.0501505 0.0250363 0.00449785 -0.0782459 1.43235 3.04831 0.0286263 0.00146368 
55.1893 0.00363404 -0.649585 1.50882 -3.11366 0.0531376 0.0263133 0.00440404 -0.0781783 1.43067 3.0414 0.0275146 0.00135329 
55.2197 0.00341416 -0.6493 1.5084 -3.12028 0.0593228 0.0237842 0.00449242 -0.0782453 1.43267 3.05389 0.0185029 0.000777417 
55.251 0.0034134 -0.647378 1.50362 -3.12281 0.0599409 0.0292184 0.00439453 -0.0781748 1.43088 3.04589 0.0179144 0.00072715 
55.2811 0.00341314 -0.647316 1.50348 -3.1194 0.0593472 0.0290951 0.00386709 -0.0777113 1.41889 2.98904 0.0570394 0.00292119 
55.3103 0.00342146 -0.650469 1.50979 -3.12508 0.0138371 0.0227433 0.00307495 -0.0770691 1.40454 2.94773 0.0469937 0.00236257 
55.341 0.00333155 -0.647616 1.50264 -3.13668 0.0091001 0.0294037 0.00312437 -0.0771965 1.40491 2.95918 0.00946437 0.00647958 
55.3715 0.00329401 -0.648174 1.5038 -3.13732 0.00224474 0.0271105 0.00283474 -0.076934 1.40104 2.94837 0.00211476 0.00197905 
55.4013 0.00322344 -0.648456 1.50473 -3.13679 0.0027406 0.0247328 0.00283474 -0.076934 1.40104 2.94837 0.00211476 0.00197905 
55.4331 0.00311997 -0.647621 1.50318 -3.13775 0.013125 0.0249836 0.00280016 -0.0768875 1.40098 2.94507 0.0119785 0.000272998 
55.464 0.00302588 -0.647593 1.50395 -3.12535 0.0398435 0.0268258 0.00280016 -0.0768875 1.40098 2.94507 0.0119785 0.000272998 
55.4924 0.00311471 -0.647554 1.50357 -3.13026 0.027801 0.0244181 0.00284657 -0.0769481 1.40066 2.95152 -0.0132934 0.00292001 
55.5225 0.00283807 -0.646451 1.49937 3.13677 0.00147306 0.0265912 0.00281561 -0.0769143 1.40079 2.94889 -0.00424302 0.00141788 
55.5531 0.00274877 -0.646831 1.50108 -3.14013 0.0249102 0.0291428 0.00281561 -0.0769143 1.40079 2.94889 -0.00424302 0.00141788 
55.583 0.00278632 -0.645676 1.49922 -3.13306 0.0409643 0.0269119 0.00257719 -0.0754388 1.40486 0.298589 -3.10165 3.13943 
55.6131 0.00275149 -0.645094 1.49855 -3.12887 0.052847 0.0264448 0.00256419 -0.0755112 1.40509 0.29486 -3.10506 3.14119 
55.6431 0.00275149 -0.645094 1.49855 -3.12887 0.052847 0.0264448 0.00254083 -0.0755077 1.40509 0.296214 -3.0985 3.14084 
55.6733 0.00275396 -0.645245 1.49848 -3.13097 0.0482774 0.0267883 0.00273818 -0.0753934 1.40296 -2.84686 -0.00758901 0.000899127 
55.7592 0.00281987 -0.645185 1.49736 3.13806 0.0162015 0.0242449 0.00258607 -0.0755152 1.40508 0.293379 -3.11202 3.14153 
55.7932 0.00292744 -0.646056 1.49941 -3.13854 0.0176086 0.0247601 0.00281561 -0.0769143 1.40079 2.94889 -0.00424302 0.00141788 
55.8176 0.00291536 -0.645951 1.49875 3.13854 0.00730435 0.0247433 0.0028763 -0.0769776 1.40045 2.95396 -0.0220124 0.00432978 
55.8387 0.00287268 -0.645627 1.4984 3.13955 0.0172667 0.0246983 0.00281561 -0.0769143 1.40079 2.94889 -0.00424302 0.00141788 
55.8678 0.00266201 -0.64544 1.49893 -3.12966 0.0509985 0.0273706 0.00281561 -0.0769143 1.40079 2.94889 -0.00424302 0.00141788 
55.8978 0.00263968 -0.645062 1.49848 -3.12843 0.0557634 0.0277431 0.00281561 -0.0769143 1.40079 2.94889 -0.00424302 0.00141788 
55.9292 0.00253809 -0.64598 1.50076 -3.12575 0.0582552 0.030909 0.00278326 -0.0768757 1.40082 -0.195501 3.13646 3.1414 
55.9613 0.0028084 -0.644996 1.49746 -3.13829 0.0317775 0.0242974 0.00280016 -0.0768875 1.40098 2.94507 0.0119785 0.000272998 
55.9934 0.00285595 -0.645483 1.49819 3.14094 0.021075 0.0245776 0.0028763 -0.0769776 1.40045 2.95396 -0.0220124 0.00432978 
56.0251 0.00284158 -0.645405 1.4976 3.13497 0.0114655 0.0243854 0.0028763 -0.0769776 1.40045 2.95396 -0.0220124 0.00432978 
56.0549 0.00281987 -0.645185 1.49736 3.13806 0.0162015 0.0242449 0.00280016 -0.0768875 1.40098 2.94507 0.0119785 0.000272998 
56.0856 0.00270375 -0.645279 1.49798 3.14113 0.0327881 0.0264233 0.00286082 -0.0769331 1.40188 2.94592 0.0197948 0.000779347 
56.1158 0.00329673 -0.649359 1.50813 -3.12686 0.0443471 0.0231034 0.004493 -0.0782454 1.43268 3.05391 0.0183278 0.000789979 
56.1461 0.00349538 -0.650388 1.51042 -3.12371 0.0421918 0.0236635 0.00458537 -0.0783077 1.43472 3.06854 0.00880787 8.46812e-05 
56.1764 0.00374661 -0.650803 1.51142 -3.10867 0.0411092 0.0248235 0.004718 -0.0783758 1.43435 3.07407 -0.0183176 0.00303268 
56.2074 0.0038544 -0.653719 1.51801 -3.10564 0.0165698 0.0175186 0.00468714 -0.0783749 1.43661 3.07896 0.00858295 8.46215e-05 
56.2369 0.00388879 -0.652234 1.51493 -3.10412 0.0393404 0.0219755 0.00476369 -0.0783258 1.43475 -0.078093 -3.13897 3.14073 
56.2672 0.00402169 -0.65441 1.52006 -3.09917 0.0261309 0.0159606 0.00580094 -0.0774209 1.41313 2.98369 0.0105682 0.000155877 
56.2974 0.00525215 -0.649441 1.50891 -3.10503 0.0643654 0.0340003 0.0063758 -0.0768736 1.40074 -0.195635 3.13435 3.14149 
56.3279 0.00556119 -0.648567 1.50658 -3.11056 0.0825315 0.0376064 0.00639317 -0.0768854 1.4009 2.94492 0.0140599 0.00038525 
56.3575 0.00595635 -0.646761 1.5023 -3.12099 0.080807 0.0365149 0.00667693 -0.077106 1.40439 2.9508 0.0367002 0.00407537 
56.3876 0.00640601 -0.646671 1.50207 -3.12358 0.0731572 0.0329832 0.00698044 -0.0772567 1.40841 2.95469 0.0703139 0.00354248 
56.4188 0.00677055 -0.645923 1.5003 -3.12841 0.059191 0.0267589 0.00797614 -0.0781081 1.42893 3.03468 0.0273793 0.00133429 
56.4492 0.00698395 -0.646739 1.50252 -3.12135 0.0455015 0.0249023 0.00824131 -0.0781971 1.4311 3.04322 0.00919508 1.03359e-05 
56.4796 0.0073456 -0.649318 1.50915 -3.11483 0.01461 0.0219052 0.00843518 -0.0783021 1.43451 -0.0742193 -3.13 3.13989 
56.5094 0.00759753 -0.650019 1.51125 -3.11727 -0.00376091 0.0213591 0.00844631 -0.078324 1.43467 -0.0782492 -3.14025 3.14082 
56.5399 0.0077749 -0.650735 1.51315 -3.12098 -0.000756416 0.0210748 0.00844579 -0.0783241 1.43468 -0.0782254 -3.1404 3.1408 
56.5698 0.00814887 -0.652802 1.5182 -3.10822 -0.015398 0.0167175 0.0099681 -0.0768719 1.40067 2.94587 0.00941293 6.35156e-06 
56.6 0.00882579 -0.651065 1.51746 0.76386 -3.10894 3.13289 0.0099681 -0.0768719 1.40067 2.94587 0.00941293 6.35156e-06 
56.6309 0.00898833 -0.648942 1.5128 0.772723 -3.1016 3.12914 0.0099681 -0.0768719 1.40067 2.94587 0.00941293 6.35156e-06 
56.6609 0.00911471 -0.648544 1.51201 0.775924 -3.09234 3.12333 0.0099681 -0.0768719 1.40067 2.94587 0.00941293 6.35156e-06 
56.6921 0.00919868 -0.647556 1.50987 0.777376 -3.09552 3.12707 0.0099681 -0.0768719 1.40067 2.94587 0.00941293 6.35156e-06 
56.7212 0.00929022 -0.648256 1.50652 -3.12177 0.0638499 0.0332553 0.0099681 -0.0768719 1.40067 2.94587 0.00941293 6.35156e-06 
56.7512 0.010682 -0.645381 1.50027 -3.13892 0.0304725 0.0257861 0.0120585 -0.0783725 1.43647 3.07866 0.0121976 0.000190749 
56.7815 0.010727 -0.645793 1.50112 -3.13582 0.0350793 0.026218 0.0120585 -0.0783725 1.43647 3.07866 0.0121976 0.000190749 
56.812 0.011024 -0.647394 1.5045 -3.12581 0.0345044 0.0240285 0.0121254 -0.0783224 1.43459 -0.0784642 3.14064 3.14089 
56.8417 0.0110927 -0.647951 1.50581 -3.12363 0.0335929 0.0236397 0.0122834 -0.0781812 1.431 -0.094464 3.1389 3.14103 
56.8736 0.0112355 -0.649121 1.50857 -3.11893 0.0308607 0.0224746 0.0135008 -0.0769315 1.40183 -0.194272 3.13842 3.1411 
56.9031 0.0113886 -0.649781 1.51067 -3.11959 0.0070689 0.020766 0.0135597 -0.0768699 1.40059 2.94572 0.0117131 9.55799e-05 
56.9345 0.0114008 -0.64976 1.51073 -3.12126 0.00345568 0.0205751 0.0135597 -0.0768699 1.40059 2.94572 0.0117131 9.55799e-05 
56.963 0.0116743 -0.650967 1.51399 -3.11643 -5.58592e-05 0.0198396 0.0135597 -0.0768699 1.40059 2.94572 0.0117131 9.55799e-05 
56.9935 0.0117356 -0.651929 1.51636 -3.11446 -0.0154101 0.0155678 0.0135597 -0.0768699 1.40059 2.94572 0.0117131 9.55799e-05 
57.0245 0.0119958 -0.653673 1.52011 -3.10476 -0.0108735 0.0131392 0.0135597 -0.0768699 1.40059 2.94572 0.0117131 9.55799e-05 
57.0537 0.0119439 -0.653809 1.52011 -3.09939 0.00567022 0.014272 0.0135597 -0.0768699 1.40059 2.94572 0.0117131 9.55799e-05 
57.0841 0.0119113 -0.652727 1.51745 -3.11176 0.0113401 0.0174625 0.0135597 -0.0768699 1.40059 2.94572 0.0117131 9.55799e-05 
57.1142 0.0120302 -0.654679 1.52176 -3.09404 0.00248855 0.0119767 0.0136427 -0.0769306 1.40184 2.94786 0.0179964 0.000523449 
57.1444 0.0120713 -0.654213 1.52067 -3.09524 0.00811151 0.0144352 0.0136427 -0.0769306 1.40184 2.94786 0.0179964 0.000523449 
57.1761 0.0122835 -0.652554 1.51785 -3.11156 -0.00535964 0.0194639 0.015473 -0.0773084 1.43268 -2.95014 0.0270588 0.000412571 
57.2058 0.0124617 -0.653845 1.52095 -3.10083 -0.0167262 0.014998 0.0156275 -0.0783034 1.43453 3.0684 0.0136802 0.000247493 
57.2357 0.012404 -0.65286 1.51842 -3.11182 -0.00278283 0.0188302 0.0156275 -0.0783034 1.43453 3.0684 0.0136802 0.000247493 
57.2661 0.0124517 -0.654752 1.52176 -3.09647 0.0237971 0.0151909 0.0156866 -0.0776096 1.43658 -2.97688 0.0183636 8.55471e-05 
57.296 0.0124343 -0.654693 1.52152 -3.09498 0.0294496 0.0156592 0.0157946 -0.078298 1.43433 -0.0748257 -3.13385 3.14005 
57.3263 0.0128031 -0.650658 1.51713 0.775022 -3.10594 3.12781 0.0157946 -0.078298 1.43433 -0.0748257 -3.13385 3.14005 
57.3559 0.0129408 -0.648472 1.51275 0.787712 -3.1143 3.14019 0.0158806 -0.0782512 1.43273 -0.0867503 3.13793 3.14105 
57.3879 0.0127131 -0.65103 1.5189 -2.36949 -0.0117112 0.00997772 0.0158806 -0.0782512 1.43273 -0.0867503 3.13793 3.14105 
57.417 0.0131103 -0.646344 1.50799 -2.348 -0.0253162 0.00127968 0.0158806 -0.0782512 1.43273 -0.0867503 3.13793 3.14105 
57.4467 0.0131347 -0.645925 1.50716 -2.34893 -0.0198763 0.00650488 0.0159375 -0.0781929 1.43093 -0.0985377 -3.13583 3.1404 
57.4766 0.0132437 -0.646251 1.50749 0.790255 -3.10683 3.13595 0.0159915 -0.0781306 1.42915 -0.108951 -3.12727 3.13987 
57.5075 0.0132722 -0.645968 1.50646 0.787094 -3.09959 3.12817 0.0159915 -0.0781306 1.42915 -0.108951 -3.12727 3.13987 
57.5375 0.0133259 -0.645368 1.50495 0.788006 -3.0974 3.12531 0.0168063 -0.077154 1.40612 -0.191799 -3.10028 3.13849 
57.5677 0.0132935 -0.645756 1.50622 0.790523 -3.10597 3.13462 0.0160096 -0.0781221 1.42921 -0.10519 -3.13759 3.14053 
57.5986 0.0133126 -0.645469 1.50582 0.79049 -3.11325 3.14147 0.0159915 -0.0781306 1.42915 -0.108951 -3.12727 3.13987 
57.6284 0.0134774 -0.644957 1.5052 -2.34737 -0.0177354 0.0106863 0.0158806 -0.0782512 1.43273 -0.0867503 3.13793 3.14105 
57.66 0.0134761 -0.644878 1.50485 -2.3452 -0.0211317 0.00776449 0.0159915 -0.0781306 1.42915 -0.108951 -3.12727 3.13987 
57.6892 0.0135695 -0.648149 1.50677 -3.12197 0.05332 0.0361743 0.0159915 -0.0781306 1.42915 -0.108951 -3.12727 3.13987 
57.7194 0.0134867 -0.646917 1.50437 -3.12804 0.0227917 0.0289486 0.0157946 -0.078298 1.43433 -0.0748257 -3.13385 3.14005 
57.7498 0.0134089 -0.647199 1.50524 -3.11967 0.0159682 0.0283157 0.0158065 -0.0783206 1.43451 -0.0787047 3.13896 3.14097 
57.7802 0.0133938 -0.645688 1.50671 -2.34795 -0.0244006 0.00637604 0.0156866 -0.0776096 1.43658 -2.97688 0.0183636 8.55471e-05 
57.8099 0.0134111 -0.645637 1.50634 -2.35081 -0.0283512 0.0020875 0.0156275 -0.0783034 1.43453 3.0684 0.0136802 0.000247493 
57.84 0.0132935 -0.645756 1.50622 0.790523 -3.10597 3.13462 0.0156275 -0.0783034 1.43453 3.0684 0.0136802 0.000247493 
57.8706 0.0133054 -0.645474 1.50494 0.788947 -3.08973 3.11783 0.0155191 -0.0782424 1.43249 3.05358 0.0238587 0.00101063 
57.9008 0.0132618 -0.645945 1.50602 0.787197 -3.08924 3.11763 0.0149099 -0.0778182 1.42145 3.00069 0.0518551 0.00263408 
57.9307 0.0130808 -0.648134 1.51107 0.778554 -3.09019 3.11808 0.0145086 -0.0775491 1.41544 2.98363 0.0394612 0.00191011 
57.9623 0.0130679 -0.648324 1.51164 0.775185 -3.09449 3.12232 0.014174 -0.077293 1.40949 2.9632 0.0485719 0.00240352 
57.9916 0.0127909 -0.65078 1.51754 0.775963 -3.10919 3.13127 0.0137032 -0.0769691 1.40254 2.94749 0.0288532 0.00122514 
58.022 0.0124762 -0.654783 1.52206 -3.09984 0.0155615 0.0145217 0.0136427 -0.0769306 1.40184 2.94786 0.0179964 0.000523449 
58.0522 0.0124714 -0.655037 1.52265 -3.09897 0.00888588 0.0130792 0.0135597 -0.0768699 1.40059 2.94572 0.0117131 9.55799e-05 
58.0818 0.0122485 -0.654334 1.52135 -3.09418 -0.00681929 0.0137217 0.0135597 -0.0768699 1.40059 2.94572 0.0117131 9.55799e-05 
58.1125 0.0120302 -0.654679 1.52176 -3.09404 0.00248855 0.0119767 0.0135597 -0.0768699 1.40059 2.94572 0.0117131 9.55799e-05 
58.1426 0.0116644 -0.651814 1.51501 -3.11767 0.0240328 0.018555 0.0135597 -0.0768699 1.40059 2.94572 0.0117131 9.55799e-05 
58.1726 0.0115273 -0.650956 1.51249 -3.10871 0.0428432 0.0215496 0.0135597 -0.0768699 1.40059 2.94572 0.0117131 9.55799e-05 
58.2041 0.0112629 -0.648814 1.50735 -3.11629 0.0557287 0.0247265 0.0135597 -0.0768699 1.40059 2.94572 0.0117131 9.55799e-05 
58.2328 0.0111222 -0.649301 1.50854 -3.12013 0.0515636 0.0249727 0.0135597 -0.0768699 1.40059 2.94572 0.0117131 9.55799e-05 
58.2638 0.00919054 -0.647582 1.50954 0.781104 -3.08435 3.11559 0.0116415 -0.0781072 1.42888 3.03475 0.0292106 0.00140318 
58.2957 0.00901598 -0.648659 1.51189 0.775015 -3.09417 3.12174 0.0102648 -0.0770783 1.40483 2.95117 0.0392138 0.00190005 
58.3248 0.00885741 -0.650696 1.51657 0.766206 -3.09912 3.12388 0.0099681 -0.0768719 1.40067 2.94587 0.00941293 6.35156e-06 
58.3546 0.00868895 -0.652981 1.52183 0.75579 -3.10712 3.12733 0.0099681 -0.0768719 1.40067 2.94587 0.00941293 6.35156e-06 
58.3845 0.00834359 -0.65385 1.51899 -3.08969 0.040117 0.0186891 0.0099681 -0.0768719 1.40067 2.94587 0.00941293 6.35156e-06 
58.4152 0.00813524 -0.652726 1.5165 -3.09329 0.0420677 0.0214742 0.0099681 -0.0768719 1.40067 2.94587 0.00941293 6.35156e-06 
58.4461 0.00803532 -0.65274 1.51662 -3.10071 0.0542949 0.0197435 0.0099681 -0.0768719 1.40067 2.94587 0.00941293 6.35156e-06 
58.4753 0.00743033 -0.649978 1.5097 -3.11386 0.0464774 0.0231544 0.00964759 -0.0771473 1.40621 -0.188947 -3.1102 3.13904 
58.5055 0.00734246 -0.650248 1.51005 -3.12147 0.0374205 0.0222486 0.00859527 -0.0781967 1.4311 -0.0981796 -3.132 3.14024 
58.5364 0.00725579 -0.649252 1.50808 -3.11946 0.0400235 0.0224484 0.00850588 -0.0783414 1.4342 3.06654 -0.019614 0.000343197 
58.567 0.00714654 -0.648279 1.50583 -3.12 0.0513606 0.023368 0.00844516 -0.0783239 1.43466 -0.0783541 -3.14057 3.14081 
58.5983 0.0069514 -0.646584 1.50185 -3.12661 0.053732 0.0243744 0.00844533 -0.0783238 1.43466 -0.0783701 -3.14053 3.14083 
58.6265 0.00659015 -0.645488 1.49928 -3.12947 0.061781 0.027941 0.007507 -0.077711 1.41884 2.98895 0.0589385 0.00303005 
58.657 0.00635189 -0.646269 1.50113 -3.12502 0.0720702 0.0325199 0.00686839 -0.0772352 1.4071 2.95576 0.0497038 0.00477229 
58.6872 0.006297 -0.647154 1.5028 -3.12333 0.0608924 0.0333946 0.00664033 -0.0770811 1.40387 2.94998 0.0337535 0.00390969 
58.7181 0.0061598 -0.647305 1.50287 -3.12585 0.0559746 0.0341846 0.00642761 -0.0769317 1.40095 2.94822 0.00427483 0.00207756 
58.7493 0.0060918 -0.648532 1.50576 -3.12071 0.0632919 0.0373977 0.00639317 -0.0768854 1.4009 2.94492 0.0140599 0.00038525 
58.7793 0.00590251 -0.648742 1.50642 -3.11639 0.0721428 0.0401884 0.00642761 -0.0769317 1.40095 2.94822 0.00427483 0.00207756 
58.8088 0.00573439 -0.648306 1.50567 -3.11334 0.0736415 0.037656 0.00642761 -0.0769317 1.40095 2.94822 0.00427483 0.00207756 
58.839 0.00554246 -0.648441 1.50613 -3.11337 0.0840158 0.0399954 0.00639317 -0.0768854 1.4009 2.94492 0.0140599 0.00038525 
58.8696 0.00545214 -0.648864 1.50713 -3.11116 0.0807711 0.0386343 0.00639317 -0.0768854 1.4009 2.94492 0.0140599 0.00038525 
58.901 0.00537705 -0.648409 1.50606 -3.11256 0.0737692 0.0356016 0.00637535 -0.0768733 1.40073 -0.195687 3.13424 3.1415 
58.9303 0.00513782 -0.647187 1.50727 -2.34754 -0.0221771 0.011482 0.00490071 -0.0783478 1.43409 3.07821 -0.0280834 0.00207047 
58.9605 0.00485236 -0.646231 1.49981 -3.12999 0.034632 0.033898 0.00479776 -0.0782815 1.43451 3.07295 0.0179374 0.000929003 
58.9927 0.00485236 -0.646231 1.49981 -3.12999 0.034632 0.033898 0.00479788 -0.0782815 1.43451 3.07297 0.017913 0.000939683 
59.0201 0.00416998 -0.648586 1.50516 -3.12565 0.0357585 0.0354968 0.00452369 -0.0782765 1.43099 3.049 0.00473805 0.00462569 
59.0518 0.0039549 -0.651199 1.51114 -3.12007 0.0179587 0.0287047 0.00461212 -0.0783112 1.43261 3.06516 -0.0165559 0.0031079 
59.082 0.00401286 -0.65342 1.5165 -3.10988 0.00576148 0.0215367 0.00438111 -0.078164 1.42892 3.0324 0.0291777 0.00389107 
59.1114 0.00383651 -0.65178 1.51291 -3.11294 0.0179431 0.0247279 0.00438111 -0.078164 1.42892 3.0324 0.0291777 0.00389107 
59.141 0.00363365 -0.649843 1.50874 -3.11899 0.0373047 0.0273551 0.00431851 -0.0781083 1.42873 3.03073 0.0349832 0.00179663 
59.1721 0.00354879 -0.648967 1.50682 -3.12059 0.0424862 0.0283503 0.00388041 -0.0777007 1.41853 2.98616 0.0649619 0.00329838 
59.2041 0.00347812 -0.648286 1.50521 -3.12338 0.0444681 0.029204 0.00392419 -0.0777741 1.41925 2.99143 0.0533614 0.0050256 
59.2326 0.00346443 -0.648088 1.50489 -3.12217 0.0476016 0.0291848 0.00388041 -0.0777007 1.41853 2.98616 0.0649619 0.00329838 
59.2628 0.00330686 -0.646459 1.5006 -3.13802 0.0302474 0.0311198 0.0037416 -0.0775922 1.41608 2.97877 0.0625915 0.00318041 
59.2925 0.00322672 -0.646645 1.50131 -3.13404 0.0337601 0.0292677 0.00351988 -0.0773899 1.41144 2.96359 0.0675088 0.00340008 
59.3243 0.00321042 -0.647516 1.50307 -3.13541 0.0218608 0.0271236 0.00341528 -0.0772965 1.40933 2.9572 0.0687028 0.00345127 
59.3535 0.00314561 -0.647869 1.50403 -3.13296 0.020824 0.0245468 0.0030383 -0.0770439 1.40401 2.94678 0.044403 0.00222224 
59.3834 0.00315638 -0.647991 1.50418 -3.13449 0.0185009 0.0245781 0.0030383 -0.0770439 1.40401 2.94678 0.044403 0.00222224 
59.4142 0.00294946 -0.646318 1.49974 3.13808 0.0132237 0.0251312 0.0030383 -0.0770439 1.40401 2.94678 0.044403 0.00222224 
59.4444 0.00292729 -0.646089 1.49948 3.14115 0.0180119 0.0250127 0.00337707 -0.0773043 1.40966 2.96064 0.0557814 0.00283024 
59.4744 0.00290071 -0.64582 1.49913 -3.13913 0.0238808 0.0248731 0.00315289 -0.0771251 1.40573 2.95023 0.0512493 0.0025885 
59.5049 0.00287844 -0.645662 1.49889 -3.14142 0.0294322 0.0249561 0.00315289 -0.0771251 1.40573 2.95023 0.0512493 0.0025885 
59.5351 0.00287844 -0.645662 1.49889 -3.14142 0.0294322 0.0249561 0.00337707 -0.0773043 1.40966 2.96064 0.0557814 0.00283024 
59.5649 0.00287844 -0.645662 1.49889 -3.14142 0.0294322 0.0249561 0.00339728 -0.0773032 1.40956 2.95912 0.0620007 0.00313547 
59.5958 0.00292729 -0.646089 1.49948 3.14115 0.0180119 0.0250127 0.00386709 -0.0777113 1.41889 2.98904 0.0570394 0.00292119 
59.6259 0.00292729 -0.646089 1.49948 3.14115 0.0180119 0.0250127 0.0033526 -0.0772681 1.40879 2.95707 0.0610149 0.00308592 
59.6563 0.0031276 -0.647702 1.50378 -3.13167 0.0249531 0.0244548 0.0037481 -0.077629 1.4171 2.98464 0.0504353 0.00258276 
59.6864 0.0034847 -0.648083 1.50528 -3.11994 0.0580357 0.0284054 0.00449242 -0.0782453 1.43267 3.05389 0.0185029 0.000777417 
59.7168 0.0037591 -0.652825 1.51604 -3.10757 0.0240808 0.0191879 0.00459089 -0.0783141 1.43446 3.06221 0.0189718 0.000845839 
59.7469 0.00371196 -0.650377 1.51068 -3.11026 0.0501505 0.0250363 0.00459089 -0.0783141 1.43446 3.06221 0.0189718 0.000845839 
59.7773 0.00377513 -0.650045 1.50978 -3.10902 0.0489329 0.0267789 0.00468701 -0.0783749 1.43661 3.07894 0.00861065 7.0302e-05 
59.8074 0.00402266 -0.652573 1.51574 -3.09765 0.0374289 0.0218627 0.00475366 -0.0784011 1.43646 3.08474 -0.0111234 0.00107387 
59.838 0.00424686 -0.649048 1.50706 -3.1151 0.0505287 0.0324039 0.00476369 -0.0783258 1.43475 -0.078093 -3.13897 3.14073 
59.8682 0.00521895 -0.646842 1.50774 0.782717 -3.08667 3.11869 0.00623905 -0.0770045 1.40369 2.9548 0.0099538 9.30838e-05 
59.8987 0.00520309 -0.648643 1.50689 -3.11104 0.0802166 0.0341521 0.00637535 -0.0768733 1.40073 -0.195687 3.13424 3.1415 
59.9859 0.00527691 -0.648542 1.50652 -3.1095 0.0735337 0.0337873 0.00637535 -0.0768733 1.40073 -0.195687 3.13424 3.1415 
60.0194 0.00554636 -0.648282 1.50591 -3.11193 0.0851446 0.0387201 0.00639317 -0.0768854 1.4009 2.94492 0.0140599 0.00038525 
60.0388 0.00576569 -0.647662 1.50444 -3.11572 0.0940644 0.0424525 0.00639317 -0.0768854 1.4009 2.94492 0.0140599 0.00038525 
60.0652 0.00617414 -0.646614 1.50195 -3.12252 0.0789718 0.0356204 0.00639317 -0.0768854 1.4009 2.94492 0.0140599 0.00038525 
60.0989 0.0063047 -0.646914 1.50251 -3.12386 0.0732869 0.0348317 0.00642761 -0.0769317 1.40095 2.94822 0.00427483 0.00207756 
60.126 0.00666465 -0.646192 1.5008 -3.1288 0.0586274 0.0283134 0.00639317 -0.0768854 1.4009 2.94492 0.0140599 0.00038525 
60.1564 0.0068487 -0.645817 1.49991 -3.13136 0.0498903 0.0244655 0.00639317 -0.0768854 1.4009 2.94492 0.0140599 0.00038525 
60.1878 0.00745691 -0.649813 1.50986 -3.10933 0.0371009 0.0235617 0.00816871 -0.0782441 1.4326 3.05365 0.0200649 0.000870759 
60.2204 0.00767005 -0.65067 1.512 -3.10634 0.031625 0.0232047 0.00836708 -0.0783599 1.43676 -0.0551424 3.14115 3.14084 
60.25 0.00789073 -0.652775 1.51686 -3.095 0.0265769 0.0190988 0.00837344 -0.0783737 1.43653 3.07871 0.0101922 0.000126375 
60.28 0.00782549 -0.653739 1.5187 -3.10313 0.0379785 0.0163118 0.00844533 -0.0783238 1.43466 -0.0783701 -3.14053 3.14083 
60.31 0.00812748 -0.652709 1.51633 -3.0954 0.0382952 0.0218518 0.00844533 -0.0783238 1.43466 -0.0783701 -3.14053 3.14083 
60.34 0.00816844 -0.654101 1.51944 -3.09243 0.0333385 0.0176636 0.0085462 -0.078235 1.43277 3.05916 0.00995204 9.78688e-05 
60.3714 0.00826439 -0.653082 1.51722 -3.0927 0.0371535 0.0213902 0.00878204 -0.0780242 1.42763 3.03909 0.0178445 0.00075102 
60.4013 0.00836196 -0.654012 1.51941 -3.08817 0.0317934 0.0190621 0.0099681 -0.0768719 1.40067 2.94587 0.00941293 6.35156e-06 
60.4314 0.00847578 -0.654056 1.51995 -3.09538 0.0382707 0.0176067 0.0099681 -0.0768719 1.40067 2.94587 0.00941293 6.35156e-06 
60.4614 0.00921352 -0.647391 1.50936 0.780616 -3.09123 3.12284 0.0099681 -0.0768719 1.40067 2.94587 0.00941293 6.35156e-06 
60.4921 0.00932002 -0.646195 1.50648 0.783971 -3.08853 3.11989 0.010292 -0.0770898 1.40501 2.9505 0.0449349 0.00222336 
60.5229 0.00930888 -0.646356 1.50697 0.784658 -3.09131 3.12287 0.0111485 -0.0777593 1.42055 3.00352 0.0269762 0.00121492 
60.553 0.00950748 -0.645453 1.5049 0.783792 -3.09105 3.12338 0.0118352 -0.0782341 1.43271 3.0591 0.0116207 0.000165509 
60.5836 0.00934768 -0.647943 1.50599 -3.11611 0.0607766 0.0335504 0.0118441 -0.0782434 1.43255 3.05371 0.021945 0.000941906 
60.613 0.00945679 -0.647138 1.50409 -3.11944 0.0567375 0.0317568 0.012003 -0.077611 1.43664 -2.97693 0.0158552 2.0342e-05 
60.6435 0.00963357 -0.646683 1.50324 -3.12555 0.0457601 0.031335 0.012003 -0.077611 1.43664 -2.97693 0.0158552 2.0342e-05 
60.6733 0.00980953 -0.646103 1.50176 -3.12765 0.0511761 0.0316819 0.0120585 -0.0783725 1.43647 3.07866 0.0121976 0.000190749 
60.7029 0.0100281 -0.645 1.49904 -3.13191 0.0562301 0.0312376 0.0121897 -0.0782638 1.4327 -0.0916619 -3.13204 3.14017 
60.7349 0.0102494 -0.644868 1.4985 -3.13045 0.0655517 0.030655 0.0123249 -0.0781329 1.42924 -0.108721 -3.12543 3.13978 
60.7643 0.0104694 -0.644064 1.49672 3.13673 0.0390078 0.0236073 0.0123995 -0.078064 1.42762 -0.114399 -3.12802 3.13995 
60.794 0.0113545 -0.649669 1.51049 -3.12136 0.0160131 0.0211923 0.0135597 -0.0768699 1.40059 2.94572 0.0117131 9.55799e-05 
60.8247 0.0115737 -0.651563 1.51484 -3.11153 0.0124675 0.0181258 0.0135597 -0.0768699 1.40059 2.94572 0.0117131 9.55799e-05 
60.8548 0.0115857 -0.651568 1.51491 -3.11228 0.00901943 0.0179173 0.0135597 -0.0768699 1.40059 2.94572 0.0117131 9.55799e-05 
60.8848 0.0117077 -0.651747 1.51534 -3.11052 0.0114265 0.0189867 0.0135597 -0.0768699 1.40059 2.94572 0.0117131 9.55799e-05 
60.9163 0.0118766 -0.653098 1.51853 -3.10435 0.0037989 0.0157115 0.0135597 -0.0768699 1.40059 2.94572 0.0117131 9.55799e-05 
60.9458 0.0119439 -0.653809 1.52011 -3.09939 0.00567022 0.014272 0.0135597 -0.0768699 1.40059 2.94572 0.0117131 9.55799e-05 
60.9759 0.012053 -0.654461 1.52175 -3.0978 -0.00536956 0.0117573 0.0136809 -0.0769574 1.40238 2.94855 0.0218104 0.000776052 
61.0066 0.0121848 -0.654732 1.52241 -3.09539 -0.0048665 0.0119937 0.0136809 -0.0769574 1.40238 2.94855 0.0218104 0.000776052 
61.0366 0.0122258 -0.654299 1.5214 -3.09651 0.000391849 0.014293 0.0138575 -0.0770666 1.40451 2.94995 0.0433973 0.0020967 
61.0668 0.0124847 -0.655025 1.52273 -3.1007 0.00425834 0.0127364 0.0144471 -0.0775039 1.41439 2.9801 0.040211 0.00194927 
61.0982 0.0124965 -0.653879 1.52051 -3.0978 0.00800045 0.0198643 0.0144918 -0.0775445 1.41547 2.98579 0.0313 0.00141496 
61.1276 0.0127717 -0.650899 1.51807 0.778571 -3.11399 3.13634 0.0146551 -0.0776592 1.41809 2.99394 0.0333383 0.00155248 
61.158 0.0129742 -0.648278 1.51191 0.78787 -3.10569 3.13137 0.0156275 -0.0783034 1.43453 3.0684 0.0136802 0.000247493 
61.1882 0.0128975 -0.649054 1.51396 0.779772 -3.11514 3.13998 0.0156275 -0.0783034 1.43453 3.0684 0.0136802 0.000247493 
61.2184 0.0131557 -0.646104 1.5069 0.796289 -3.10452 3.13087 0.0156275 -0.0783034 1.43453 3.0684 0.0136802 0.000247493 
61.2483 0.0132666 -0.6462 1.50726 0.79704 -3.1017 3.13113 0.0156866 -0.0776096 1.43658 -2.97688 0.0183636 8.55471e-05 
61.2801 0.0132469 -0.646028 1.50736 -2.35026 -0.0239312 0.00534162 0.0156866 -0.0776096 1.43658 -2.97688 0.0183636 8.55471e-05 
61.3104 0.0133938 -0.645688 1.50671 -2.34795 -0.0244006 0.00637604 0.0156866 -0.0776096 1.43658 -2.97688 0.0183636 8.55471e-05 
61.3397 0.01338 -0.647081 1.50993 -2.35339 -0.0314348 0.00338115 0.0157946 -0.078298 1.43433 -0.0748257 -3.13385 3.14005 
61.3694 0.0133316 -0.645146 1.50533 -2.34713 -0.0217857 0.00625505 0.0156866 -0.0776096 1.43658 -2.97688 0.0183636 8.55471e-05 
61.3999 0.0132562 -0.645998 1.50716 -2.35167 -0.026024 0.00307567 0.0157946 -0.0782981 1.43433 -0.0748324 -3.13384 3.14005 
61.4304 0.0132562 -0.645998 1.50716 -2.35167 -0.026024 0.00307567 0.0156866 -0.0776096 1.43658 -2.97688 0.0183636 8.55471e-05 
61.4603 0.0133422 -0.646683 1.50838 0.794924 -3.09651 3.12889 0.0156866 -0.0776096 1.43658 -2.97688 0.0183636 8.55471e-05 
61.4906 0.0132382 -0.646043 1.50753 -2.34878 -0.0220402 0.0073876 0.0156866 -0.0776096 1.43658 -2.97688 0.0183636 8.55471e-05 
61.521 0.0132037 -0.646497 1.50844 -2.35199 -0.0245744 0.00506773 0.0156866 -0.0776096 1.43658 -2.97688 0.0183636 8.55471e-05 
61.5512 0.0131964 -0.646862 1.50906 0.789492 -3.10883 3.13852 0.0156275 -0.0783034 1.43453 3.0684 0.0136802 0.000247493 
61.5812 0.0124714 -0.655037 1.52265 -3.09897 0.00888588 0.0130792 0.0149409 -0.0778318 1.42167 3.00017 0.0571353 0.00291082 
61.6119 0.0123314 -0.653441 1.51926 -3.0967 0.00257057 0.017843 0.0144215 -0.0774603 1.41315 2.97255 0.0563874 0.0028352 
61.6435 0.0122606 -0.654276 1.52132 -3.09612 -0.0110762 0.0134133 0.0139035 -0.0770975 1.40516 2.95136 0.0455426 0.00222009 
61.6729 0.0121959 -0.654678 1.52239 -3.09733 -0.00868034 0.011721 0.01376 -0.0770114 1.40348 2.95013 0.0288406 0.00122637 
61.7022 0.0120938 -0.654033 1.52075 -3.09885 0.000241483 0.0142048 0.0135597 -0.0768699 1.40059 2.94572 0.0117131 9.55799e-05 
61.7327 0.0118975 -0.653024 1.51858 -3.10801 -0.0028841 0.015277 0.0135597 -0.0768699 1.40059 2.94572 0.0117131 9.55799e-05 
61.7626 0.0117629 -0.652836 1.51801 -3.1082 -0.00171579 0.0146692 0.0135597 -0.0768699 1.40059 2.94572 0.0117131 9.55799e-05 
61.7943 0.0116103 -0.651072 1.51364 -3.11187 0.0192273 0.0206842 0.0135597 -0.0768699 1.40059 2.94572 0.0117131 9.55799e-05 
61.8236 0.011494 -0.650917 1.51332 -3.11434 0.0153955 0.0193799 0.0135597 -0.0768699 1.40059 2.94572 0.0117131 9.55799e-05 
61.8534 0.0107381 -0.644882 1.49909 -3.13797 0.0259442 0.0238976 0.0135597 -0.0768699 1.40059 2.94572 0.0117131 9.55799e-05 
61.8838 0.0106096 -0.644905 1.49903 -3.1389 0.0335856 0.0255832 0.0135597 -0.0768699 1.40059 2.94572 0.0117131 9.55799e-05 
61.9141 0.0102272 -0.645556 1.50057 -3.13421 0.044413 0.0304193 0.0124207 -0.0780503 1.42751 -0.111965 -3.13676 3.14051 
61.9441 0.0101678 -0.645947 1.5015 -3.13222 0.0493528 0.0325993 0.0123429 -0.0781238 1.42929 -0.105067 -3.13564 3.14043 
61.9772 0.00983905 -0.645525 1.50051 -3.13182 0.038291 0.0279384 0.0121897 -0.0782638 1.4327 -0.0916619 -3.13204 3.14017 
62.0057 0.0095952 -0.646507 1.50271 -3.12479 0.0402626 0.0270172 0.0121251 -0.0783224 1.4346 -0.078461 3.14057 3.14088 
62.0354 0.00930643 -0.647458 1.50463 -3.11444 0.0732757 0.0343954 0.0120587 -0.0783724 1.43648 3.07868 0.0121469 0.000219109 
62.0674 0.00944943 -0.645915 1.50638 0.787055 -3.0927 3.12545 0.012003 -0.077611 1.43664 -2.97693 0.0158552 2.0342e-05 
62.0963 0.00930419 -0.646253 1.50703 0.784814 -3.0925 3.12341 0.012003 -0.077611 1.43664 -2.97693 0.0158552 2.0342e-05 
62.1266 0.0088128 -0.65105 1.51778 0.760912 -3.11155 3.13582 0.0099681 -0.0768719 1.40067 2.94587 0.00941293 6.35156e-06 
62.1564 0.00875744 -0.65176 1.51941 0.757686 -3.11406 3.1369 0.0099681 -0.0768719 1.40067 2.94587 0.00941293 6.35156e-06 
62.187 0.00850434 -0.65444 1.52043 -3.08511 0.0295804 0.0181236 0.0099681 -0.0768719 1.40067 2.94587 0.00941293 6.35156e-06 
62.2173 0.00831872 -0.653532 1.51861 -3.0969 0.0470375 0.0189579 0.0099681 -0.0768719 1.40067 2.94587 0.00941293 6.35156e-06 
62.2471 0.00836196 -0.654012 1.51941 -3.08817 0.0317934 0.0190621 0.0099681 -0.0768719 1.40067 2.94587 0.00941293 6.35156e-06 
62.2772 0.00822262 -0.653613 1.51846 -3.09108 0.0333123 0.0196925 0.0099681 -0.0768719 1.40067 2.94587 0.00941293 6.35156e-06 
62.3076 0.00823418 -0.653644 1.5187 -3.08821 0.0293707 0.0198711 0.0099681 -0.0768719 1.40067 2.94587 0.00941293 6.35156e-06 
62.3382 0.00822262 -0.653613 1.51846 -3.09108 0.0333123 0.0196925 0.0099681 -0.0768719 1.40067 2.94587 0.00941293 6.35156e-06 
62.3704 0.00795991 -0.653397 1.51819 -3.09406 0.018712 0.0177372 0.00844533 -0.0783238 1.43466 -0.0783701 -3.14053 3.14083 
62.3989 0.00765117 -0.650582 1.51168 -3.105 0.0371019 0.0236158 0.00844533 -0.0783238 1.43466 -0.0783701 -3.14053 3.14083 
62.4288 0.0062625 -0.646785 1.50235 -3.12231 0.0778899 0.035092 0.0063758 -0.0768736 1.40074 -0.195635 3.13435 3.14149 
62.4594 0.00615101 -0.646705 1.50217 -3.1219 0.0810283 0.0365201 0.00639317 -0.0768854 1.4009 2.94492 0.0140599 0.00038525 
62.4889 0.00592947 -0.64735 1.5037 -3.118 0.0892273 0.0402304 0.00639317 -0.0768854 1.4009 2.94492 0.0140599 0.00038525 
62.52 0.00563392 -0.647874 1.50494 -3.11409 0.0883056 0.0400349 0.00639317 -0.0768854 1.4009 2.94492 0.0140599 0.00038525 
62.5505 0.00545214 -0.648864 1.50713 -3.11116 0.0807711 0.0386343 0.00640751 -0.0769119 1.4007 2.94872 -0.00199277 0.00150232 
62.5798 0.00525629 -0.649403 1.5084 -3.10836 0.0764917 0.0368349 0.00640751 -0.0769119 1.4007 2.94872 -0.00199277 0.00150232 
62.6105 0.00556025 -0.647665 1.50949 0.780292 -3.07368 3.11552 0.00640751 -0.0769119 1.4007 2.94872 -0.00199277 0.00150232 
62.6411 0.00525912 -0.647759 1.50959 0.778931 -3.08931 3.12386 0.00604879 -0.0756497 1.40726 0.289271 -3.10325 3.14103 
62.6708 0.00508863 -0.648474 1.51123 0.776199 -3.09441 3.12604 0.0054441 -0.0764874 1.42017 0.248317 -3.09898 3.14084 
62.7019 0.00478883 -0.650731 1.51633 0.767679 -3.09939 3.13042 0.0048407 -0.0783356 1.43461 3.07437 -0.00992596 0.00111515 
62.7316 0.00500337 -0.646933 1.50763 0.787128 -3.0896 3.12651 0.0048407 -0.0783356 1.43461 3.07437 -0.00992596 0.00111515 
62.7621 0.00448904 -0.64937 1.50811 -3.10836 0.0523198 0.0304835 0.00477857 -0.078307 1.43473 3.06885 0.00843947 3.39311e-05 
62.7926 0.00435467 -0.648986 1.5072 -3.11065 0.0548538 0.0315497 0.00477857 -0.078307 1.43473 3.06885 0.00843947 3.39311e-05 
62.8232 0.00422322 -0.648635 1.50636 -3.11278 0.0567422 0.0323301 0.00468701 -0.0783749 1.43661 3.07894 0.00861065 7.0302e-05 
62.8547 0.00406285 -0.646934 1.50235 -3.12011 0.0633805 0.0351747 0.00468701 -0.0783749 1.43661 3.07894 0.00861065 7.0302e-05 
62.883 0.00378869 -0.650253 1.51013 -3.11018 0.0455637 0.0267882 0.00468701 -0.0783749 1.43661 3.07894 0.00861065 7.0302e-05 
62.9138 0.00357915 -0.649063 1.50746 -3.11409 0.0503073 0.0272938 0.00449242 -0.0782453 1.43267 3.05389 0.0185029 0.000777417 
62.9439 0.00348212 -0.650241 1.50967 -3.12283 0.0293245 0.0243399 0.00449242 -0.0782453 1.43267 3.05389 0.0185029 0.000777417 
62.9736 0.00344897 -0.647861 1.50449 -3.1211 0.0512244 0.0291475 0.00449242 -0.0782453 1.43267 3.05389 0.0185029 0.000777417 
63.0038 0.00346443 -0.648088 1.50489 -3.12217 0.0476016 0.0291848 0.00440341 -0.078178 1.43067 3.04147 0.0272339 0.00134177 
63.0346 0.00341357 -0.649595 1.50814 -3.12546 0.0308248 0.0252412 0.00440341 -0.078178 1.43067 3.04147 0.0272339 0.00134177 
63.0649 0.0032092 -0.647387 1.50332 -3.12811 0.0357695 0.026497 0.00440341 -0.078178 1.43067 3.04147 0.0272339 0.00134177 
63.0948 0.00330534 -0.649454 1.5078 -3.12693 0.0270627 0.0236175 0.00429669 -0.0781027 1.42907 3.03819 0.0173737 0.000681592 
63.1253 0.00332686 -0.649599 1.50801 -3.12455 0.0215973 0.023451 0.00440341 -0.078178 1.43067 3.04147 0.0272339 0.00134177 
63.1554 0.00330534 -0.649454 1.5078 -3.12693 0.0270627 0.0236175 0.00440341 -0.078178 1.43067 3.04147 0.0272339 0.00134177 
63.186 0.00332047 -0.647397 1.50336 -3.12726 0.0399284 0.0283312 0.00440341 -0.078178 1.43067 3.04147 0.0272339 0.00134177 
63.2159 0.00346443 -0.648088 1.50489 -3.12217 0.0476016 0.0291848 0.00440341 -0.078178 1.43067 3.04147 0.0272339 0.00134177 
63.2458 0.00342285 -0.648643 1.50618 -3.12073 0.0429312 0.0271327 0.00440341 -0.078178 1.43067 3.04147 0.0272339 0.00134177 
63.2762 0.00375926 -0.65098 1.5117 -3.10998 0.0379766 0.0248257 0.004493 -0.0782454 1.43268 3.05391 0.0183278 0.000789979 
63.3076 0.00377369 -0.651163 1.51199 -3.11125 0.0343641 0.0248487 0.00449785 -0.0782459 1.43235 3.04831 0.0286263 0.00146368 
63.3376 0.00396252 -0.652057 1.51425 -3.10428 0.0352267 0.0236874 0.00465445 -0.0783535 1.43459 3.06869 0.000508358 0.00201686 
63.3675 0.0041194 -0.648748 1.50635 -3.11703 0.0516907 0.0328804 0.004718 -0.0783758 1.43435 3.07407 -0.0183176 0.00303268 
63.3991 0.00421074 -0.649761 1.5086 -3.11471 0.0454136 0.0313759 0.00475356 -0.0784012 1.43646 3.08476 -0.0111021 0.00105956 
63.4291 0.00518312 -0.646642 1.50646 0.788503 -3.10557 3.14008 0.00498456 -0.0782825 1.43229 3.06846 -0.0259828 0.00220652 
63.4585 0.00511789 -0.648302 1.5106 0.781272 -3.10146 3.13276 0.00544746 -0.0765571 1.42106 0.241522 -3.11213 3.14151 
63.4885 0.00539482 -0.647816 1.50935 0.78068 -3.0953 3.13198 0.00604837 -0.0757558 1.4079 -2.85968 -0.0247306 0.0015651 
63.5192 0.00552266 -0.648727 1.51144 0.776714 -3.08803 3.12891 0.00638873 -0.076997 1.40176 2.95541 -0.00837444 0.00320328 
63.5494 0.00558847 -0.649141 1.5124 0.774799 -3.08293 3.12676 0.00643827 -0.0769455 1.40057 2.95134 -0.0110577 0.00300851 
63.5796 0.00612958 -0.647795 1.50418 -3.12111 0.0663327 0.0375668 0.00642761 -0.0769317 1.40095 2.94822 0.00427483 0.00207756 
63.61 0.00624713 -0.647785 1.50414 -3.12229 0.0626164 0.0356711 0.00642761 -0.0769317 1.40095 2.94822 0.00427483 0.00207756 
63.641 0.00642144 -0.647322 1.50305 -3.12497 0.0572582 0.0332795 0.00642761 -0.0769317 1.40095 2.94822 0.00427483 0.00207756 
63.6715 0.00658426 -0.646655 1.50162 -3.12656 0.053755 0.0302013 0.00639317 -0.0768854 1.4009 2.94492 0.0140599 0.00038525 
63.7005 0.00683129 -0.645771 1.49953 -3.13164 0.0402919 0.024275 0.00646234 -0.0769595 1.40152 2.94908 0.00757851 0.00230095 
63.7305 0.00702706 -0.647437 1.50331 -3.12739 0.0370567 0.0243732 0.00669838 -0.0771124 1.40446 2.94976 0.042729 0.00439891 
63.7614 0.00723779 -0.649041 1.50772 -3.11836 0.043979 0.022419 0.00817333 -0.0782454 1.4323 3.04822 0.0302469 0.00153863 
63.7915 0.00744901 -0.649908 1.50963 -3.11198 0.0397788 0.0229213 0.00848999 -0.0783079 1.43379 -0.0728891 -3.11259 3.14095 
63.8214 0.00739654 -0.650758 1.51139 -3.12114 0.0409395 0.0214166 0.00844533 -0.0783238 1.43466 -0.0783701 -3.14053 3.14083 
63.8516 0.0075318 -0.651699 1.51397 -3.10715 0.0347312 0.0185027 0.00844533 -0.0783238 1.43466 -0.0783701 -3.14053 3.14083 
63.8828 0.00755152 -0.650147 1.5101 -3.11223 0.0485754 0.0241091 0.00847842 -0.0782806 1.43446 3.07295 0.0196985 0.0010168 
63.9129 0.0076345 -0.650928 1.51194 -3.10886 0.0454809 0.022785 0.00863207 -0.0781623 1.43087 3.05019 0.00986191 8.544e-05 
63.9439 0.0077717 -0.653223 1.51748 -3.10553 0.0414746 0.0175886 0.00950858 -0.0773328 1.41077 -0.169751 -3.13652 3.14061 
63.9733 0.00784165 -0.653912 1.51897 -3.10441 0.0338335 0.0163327 0.00996769 -0.0768716 1.40066 2.94582 0.00951981 1.37631e-05 
64.0031 0.0080319 -0.653737 1.51857 -3.09516 0.0339181 0.0178703 0.00996769 -0.0768716 1.40066 2.94582 0.00951981 1.37631e-05 
64.0334 0.00821008 -0.653564 1.51818 -3.09404 0.0374693 0.0194893 0.0099681 -0.0768719 1.40067 2.94587 0.00941293 6.35156e-06 
64.0639 0.00906686 -0.648039 1.51046 0.7776 -3.09318 3.12131 0.0105389 -0.0772903 1.40957 2.96493 0.0391084 0.00190941 
64.0946 0.00933464 -0.645989 1.50587 0.787354 -3.08418 3.1155 0.0117367 -0.0781727 1.43078 3.04606 0.0207972 0.000849934 
64.1245 0.0093811 -0.645519 1.50479 0.789111 -3.08469 3.11572 0.0118352 -0.0782341 1.43271 3.0591 0.0116207 0.000165509 
64.1551 0.00932002 -0.646195 1.50648 0.783971 -3.08853 3.11989 0.0118441 -0.0782434 1.43255 3.05371 0.021945 0.000941906 
64.1854 0.00949057 -0.645464 1.50466 0.789061 -3.0815 3.11437 0.012003 -0.077611 1.43664 -2.97693 0.0158552 2.0342e-05 
64.2152 0.00960245 -0.643616 1.50056 0.797549 -3.09147 3.1163 0.012003 -0.077611 1.43664 -2.97693 0.0158552 2.0342e-05 
64.2457 0.0094404 -0.644928 1.49832 -3.12915 0.0385306 0.0199201 0.0120585 -0.0783725 1.43647 3.07866 0.0121976 0.000190749 
64.2766 0.00961175 -0.643571 1.49523 -3.13691 0.0250765 0.0156989 0.0121251 -0.0783224 1.4346 -0.078461 3.14057 3.14088 
64.3065 0.0099921 -0.643482 1.49489 -3.13897 0.044615 0.0225531 0.0121897 -0.0782638 1.4327 -0.0916619 -3.13204 3.14017 
64.3365 0.0103007 -0.643008 1.49387 3.13847 0.0377144 0.0215625 0.0123262 -0.078131 1.42918 -0.109173 -3.12481 3.13975 
64.3674 0.010485 -0.644299 1.4968 -3.13919 0.0509167 0.0250389 0.0123429 -0.0781238 1.42929 -0.105067 -3.13564 3.14043 
64.3968 0.010558 -0.644725 1.49816 3.14038 0.0469481 0.0251611 0.0135299 -0.0769018 1.40124 -0.194942 3.1339 3.14141 
64.4275 0.0108111 -0.645814 1.50066 -3.12999 0.0405063 0.0242946 0.0135597 -0.0768699 1.40059 2.94572 0.0117131 9.55799e-05 
64.4577 0.0108822 -0.647181 1.50405 -3.13577 0.0438983 0.0256913 0.0135597 -0.0768699 1.40059 2.94572 0.0117131 9.55799e-05 
64.4882 0.0115956 -0.651134 1.51344 -3.10637 0.0240132 0.0210986 0.0135597 -0.0768699 1.40059 2.94572 0.0117131 9.55799e-05 
64.5181 0.0117668 -0.652562 1.51676 -3.1041 0.015683 0.0176454 0.0135597 -0.0768699 1.40059 2.94572 0.0117131 9.55799e-05 
64.5485 0.0114392 -0.6498 1.51043 -3.12372 0.0281892 0.0223659 0.0135597 -0.0768699 1.40059 2.94572 0.0117131 9.55799e-05 
64.5789 0.0116731 -0.650661 1.51269 -3.12245 0.0180224 0.0217813 0.0135597 -0.0768699 1.40059 2.94572 0.0117131 9.55799e-05 
64.6091 0.0120713 -0.654213 1.52067 -3.09524 0.00811151 0.0144352 0.0135597 -0.0768699 1.40059 2.94572 0.0117131 9.55799e-05 
64.6393 0.0121438 -0.653673 1.51967 -3.09583 0.00302523 0.0163029 0.0135597 -0.0768699 1.40059 2.94572 0.0117131 9.55799e-05 
64.6694 0.0123689 -0.655706 1.524 -3.09367 0.0173932 0.0117563 0.0135597 -0.0768699 1.40059 2.94572 0.0117131 9.55799e-05 
64.7011 0.0121652 -0.653191 1.51844 -3.0955 0.0142161 0.0189239 0.0136006 -0.0769 1.40121 2.94674 0.0149972 0.000320853 
64.7312 0.012781 -0.65085 1.51783 0.77721 -3.11168 3.13391 0.0137032 -0.0769691 1.40254 2.94749 0.0288532 0.00122514 
64.7609 0.012781 -0.65085 1.51783 0.777211 -3.11169 3.13392 0.013781 -0.0770197 1.40357 2.94884 0.0360253 0.00166509 
64.7905 0.012781 -0.65085 1.51783 0.77721 -3.11168 3.13391 0.013879 -0.0770707 1.40451 2.94855 0.0503247 0.00248154 
64.8208 0.012781 -0.65085 1.51783 0.777211 -3.11169 3.13392 0.0138575 -0.0770666 1.40451 2.94995 0.0433973 0.0020967 
64.8511 0.0125499 -0.653379 1.51945 -3.10109 0.00768848 0.0211946 0.0138705 -0.0770613 1.40428 2.94758 0.0519672 0.00256952 
64.881 0.0124834 -0.653882 1.5204 -3.09607 0.0124681 0.0202197 0.0138135 -0.0770375 1.4039 2.94876 0.0408554 0.00194922 
64.912 0.0124847 -0.655025 1.52273 -3.1007 0.00425834 0.0127364 0.013781 -0.0770197 1.40357 2.94884 0.0360253 0.00166509 
64.9421 0.0124847 -0.655025 1.52273 -3.1007 0.00425834 0.0127364 0.0136809 -0.0769574 1.40238 2.94855 0.0218104 0.000776052 
64.9718 0.0124421 -0.655502 1.52384 -3.09928 -0.000130877 0.0107959 0.0136427 -0.0769306 1.40184 2.94786 0.0179964 0.000523449 
65.0022 0.0122606 -0.654276 1.52132 -3.09612 -0.0110762 0.0134133 0.0136427 -0.0769306 1.40184 2.94786 0.0179964 0.000523449 
65.0331 0.0122594 -0.654278 1.52132 -3.09613 -0.0106761 0.0134438 0.0135597 -0.0768699 1.40059 2.94572 0.0117131 9.55799e-05 
65.0628 0.0120938 -0.654033 1.52075 -3.09885 0.000241483 0.0142048 0.0135597 -0.0768699 1.40059 2.94572 0.0117131 9.55799e-05 
65.093 0.0120656 -0.654403 1.52173 -3.09971 -0.00953986 0.0114703 0.0135597 -0.0768699 1.40059 2.94572 0.0117131 9.55799e-05 
65.1241 0.0120741 -0.654344 1.5217 -3.10166 -0.0124809 0.0112865 0.0135597 -0.0768699 1.40059 2.94572 0.0117131 9.55799e-05 
65.1538 0.0120264 -0.653264 1.51916 -3.1059 -0.00218598 0.0157534 0.0135597 -0.0768699 1.40059 2.94572 0.0117131 9.55799e-05 
65.1842 0.01192 -0.652923 1.51856 -3.11167 -0.0102178 0.014853 0.0135597 -0.0768699 1.40059 2.94572 0.0117131 9.55799e-05 
65.2153 0.0118136 -0.652363 1.51702 -3.11104 0.000761151 0.0169812 0.0135597 -0.0768699 1.40059 2.94572 0.0117131 9.55799e-05 
65.2454 0.0116489 -0.651058 1.51394 -3.11685 0.00773261 0.0199629 0.0135597 -0.0768699 1.40059 2.94572 0.0117131 9.55799e-05 
65.275 0.0116489 -0.651058 1.51394 -3.11685 0.00773261 0.0199629 0.0135597 -0.0768699 1.40059 2.94572 0.0117131 9.55799e-05 
65.3053 0.0114406 -0.650291 1.512 -3.1194 0.0109415 0.0200821 0.0135597 -0.0768699 1.40059 2.94572 0.0117131 9.55799e-05 
65.3352 0.0110689 -0.647373 1.50508 -3.13052 0.0217654 0.0236445 0.0135597 -0.0768699 1.40059 2.94572 0.0117131 9.55799e-05 
65.3659 0.0109691 -0.646377 1.50297 -3.13751 0.0141503 0.023464 0.0135597 -0.0768699 1.40059 2.94572 0.0117131 9.55799e-05 
65.3964 0.0108108 -0.645353 1.50032 -3.13797 0.0228825 0.0239733 0.0135299 -0.0769018 1.40124 -0.194942 3.1339 3.14141 
65.4263 0.0106806 -0.645373 1.50025 -3.13896 0.0308519 0.0257981 0.0123429 -0.0781238 1.42929 -0.105067 -3.13564 3.14043 
65.4565 0.0106524 -0.644997 1.4996 3.13972 0.0216935 0.0251041 0.0121897 -0.0782638 1.4327 -0.0916619 -3.13204 3.14017 
65.4875 0.0104156 -0.645978 1.5018 -3.13679 0.0363596 0.0299991 0.0121897 -0.0782638 1.4327 -0.0916619 -3.13204 3.14017 
65.5179 0.0102379 -0.646443 1.50278 -3.13221 0.04644 0.0328941 0.0120587 -0.0783724 1.43648 3.07868 0.0121469 0.000219109 
65.5487 0.010098 -0.645461 1.50058 -3.13693 0.0362575 0.0302396 0.0120585 -0.0783725 1.43647 3.07866 0.0121976 0.000190749 
65.5779 0.00997762 -0.646293 1.50243 -3.13173 0.0451803 0.0322801 0.0120585 -0.0783725 1.43647 3.07866 0.0121976 0.000190749 
65.6081 0.00978578 -0.646765 1.50355 -3.1283 0.0447085 0.0322078 0.012003 -0.077611 1.43664 -2.97693 0.0158552 2.0342e-05 
65.6387 0.00967302 -0.646908 1.50399 -3.12881 0.031666 0.0281629 0.012003 -0.077611 1.43664 -2.97693 0.0158552 2.0342e-05 
65.6689 0.00922133 -0.646082 1.50689 0.796397 -3.10082 3.12948 0.0101512 -0.0770037 1.40332 2.94915 0.028628 0.00126537 
65.6987 0.0090767 -0.647675 1.51056 0.790284 -3.10127 3.12967 0.0099681 -0.0768719 1.40067 2.94587 0.00941293 6.35156e-06 
65.7303 0.00906014 -0.647774 1.51105 0.792957 -3.10492 3.13352 0.0099681 -0.0768719 1.40067 2.94587 0.00941293 6.35156e-06 
65.7598 0.00903758 -0.64816 1.51155 0.786887 -3.09949 3.12731 0.0099681 -0.0768719 1.40067 2.94587 0.00941293 6.35156e-06 
65.7895 0.00898688 -0.64877 1.51295 0.784416 -3.10049 3.12775 0.0099681 -0.0768719 1.40067 2.94587 0.00941293 6.35156e-06 
65.8199 0.00843827 -0.653035 1.51833 -3.09741 -0.00677227 0.0185669 0.0099681 -0.0768719 1.40067 2.94587 0.00941293 6.35156e-06 
65.8499 0.00838804 -0.653916 1.52 -3.09782 0.0244501 0.0176531 0.0099681 -0.0768719 1.40067 2.94587 0.00941293 6.35156e-06 
65.8806 0.0082443 -0.653557 1.51898 -3.10309 0.0299907 0.0179882 0.0099681 -0.0768719 1.40067 2.94587 0.00941293 6.35156e-06 
65.9109 0.0081949 -0.653212 1.51852 -3.09539 0.0122871 0.0187235 0.00991149 -0.076928 1.40201 2.95109 0.0160951 0.000492362 
65.9424 0.0080998 -0.653665 1.51921 -3.0934 0.0238621 0.0175329 0.00964705 -0.075646 1.40801 0.288535 -3.11004 3.13981 
65.9713 0.00795634 -0.652295 1.51584 -3.09794 0.0252797 0.0208223 0.00846071 -0.0783059 1.43467 3.06882 0.00989352 9.90453e-05 
66.0015 0.00773418 -0.650185 1.51097 -3.10924 0.0307737 0.0249527 0.00844596 -0.078324 1.43467 -0.0782417 -3.14036 3.14082 
66.0318 0.00768318 -0.650687 1.5122 -3.10377 0.0277647 0.0233654 0.00844533 -0.0783238 1.43466 -0.0783701 -3.14053 3.14083 
66.0623 0.00763584 -0.65114 1.51349 -3.10635 0.022918 0.0209545 0.00844596 -0.078324 1.43467 -0.0782417 -3.14036 3.14082 
66.0921 0.00748588 -0.649815 1.51037 -3.11212 0.0282723 0.0232511 0.00849197 -0.0783054 1.43376 -0.0732656 -3.11195 3.141 
66.1229 0.00732825 -0.648576 1.5071 -3.11215 0.0372108 0.0254395 0.00826658 -0.0783061 1.43467 3.06881 0.00991105 8.23805e-05 
66.1524 0.00722405 -0.648628 1.5072 -3.1174 0.0307734 0.0230642 0.00767605 -0.0778438 1.42194 2.99957 0.0584485 0.00299071 
66.1831 0.00657902 -0.64606 1.50091 -3.12596 0.056061 0.0298847 0.0063758 -0.0768736 1.40074 -0.195635 3.13435 3.14149 
66.2134 0.00634031 -0.644984 1.4987 -3.1387 0.0602171 0.0284038 0.0063758 -0.0768736 1.40074 -0.195635 3.13435 3.14149 
66.2437 0.006184 -0.64713 1.50344 -3.1195 0.0715174 0.0366102 0.0063758 -0.0768736 1.40074 -0.195635 3.13435 3.14149 
66.2742 0.00596776 -0.646726 1.50257 -3.1254 0.0590949 0.0327861 0.0063758 -0.0768736 1.40074 -0.195635 3.13435 3.14149 
66.3046 0.00565651 -0.649069 1.50803 -3.10864 0.0826094 0.0417675 0.0063758 -0.0768736 1.40074 -0.195635 3.13435 3.14149 
66.3356 0.00543005 -0.647073 1.50331 -3.11929 0.0713347 0.0321002 0.0063758 -0.0768736 1.40074 -0.195635 3.13435 3.14149 
66.3649 0.00526524 -0.648376 1.50642 -3.10945 0.0758917 0.0344017 0.0063758 -0.0768736 1.40074 -0.195635 3.13435 3.14149 
66.3961 0.00520309 -0.648643 1.50689 -3.11104 0.0802166 0.0341521 0.0063758 -0.0768736 1.40074 -0.195635 3.13435 3.14149 
66.4252 0.00451347 -0.652313 1.51529 -3.09662 0.044482 0.0228669 0.00637535 -0.0768733 1.40073 -0.195687 3.13424 3.1415 
66.4555 0.00442183 -0.651333 1.51298 -3.10122 0.0495853 0.0250682 0.00637535 -0.0768733 1.40073 -0.195687 3.13424 3.1415 
66.4862 0.00445589 -0.648839 1.50711 -3.11048 0.0620976 0.0305748 0.00637535 -0.0768733 1.40073 -0.195687 3.13424 3.1415 
66.5162 0.0043943 -0.652113 1.51468 -3.09648 0.0409679 0.0235611 0.00617141 -0.0755272 1.40606 0.291406 -3.12035 3.14032 
66.5463 0.00440706 -0.649383 1.50839 -3.1086 0.0604578 0.0298444 0.00546143 -0.0766425 1.42199 -2.91094 -0.00615442 0.000864989 
66.5773 0.00435908 -0.649934 1.50969 -3.10674 0.0584678 0.028958 0.00547497 -0.0765033 1.42109 0.24291 -3.11787 3.14034 
66.6075 0.00428762 -0.649266 1.50798 -3.11171 0.0584527 0.0308425 0.00545325 -0.076568 1.42197 0.237511 -3.12465 3.14065 
66.6373 0.00437359 -0.650194 1.51017 -3.10757 0.0542874 0.0290454 0.00500834 -0.0781254 1.42993 -0.0961881 3.1344 3.14151 
66.6679 0.00437359 -0.650194 1.51017 -3.10757 0.0542874 0.0290454 0.00505851 -0.0780847 1.42884 -0.101667 3.13625 3.14136 
66.6976 0.00428762 -0.649266 1.50798 -3.11171 0.0584527 0.0308425 0.0049112 -0.078277 1.43257 3.05879 -0.0194879 0.00039237 
66.7279 0.00458784 -0.645211 1.49819 -3.12659 0.0601961 0.0354492 0.00534471 -0.0767302 1.42358 -2.91101 -0.0251925 0.000126968 
66.7584 0.00466158 -0.645151 1.49778 -3.13399 0.0547595 0.0357686 0.00552323 -0.0763918 1.41869 0.252757 -3.10217 3.14101 
66.789 0.00488485 -0.64711 1.50786 0.779919 -3.08643 3.12714 0.00560412 -0.0763623 1.41804 -2.89096 -0.0228355 0.000218573 
66.8239 0.00468128 -0.646288 1.50059 -3.12398 0.0536163 0.0339206 0.00541584 -0.0766948 1.42206 -2.91008 -0.0199256 0.00168176 
66.8535 0.0047716 -0.646396 1.50045 -3.12913 0.042946 0.0341817 0.0058656 -0.0759914 1.41238 -2.872 -0.0218259 0.000254196 
66.8798 0.00512387 -0.644883 1.50255 0.796351 -3.09447 3.13381 0.00615889 -0.0755936 1.40618 -2.85364 -0.0178057 0.000427203 
66.91 0.0051813 -0.646658 1.5065 0.788397 -3.10607 3.14056 0.00620336 -0.07553 1.40519 -2.85063 -0.0181075 0.00041314 
66.9401 0.00551283 -0.648946 1.51183 0.778023 -3.09154 3.13206 0.00643827 -0.0769455 1.40057 2.95134 -0.0110577 0.00300851 
66.9737 0.0055804 -0.648031 1.50998 0.78144 -3.08643 3.12639 0.00643827 -0.0769455 1.40057 2.95134 -0.0110577 0.00300851 
67.0004 0.00614567 -0.647082 1.50249 -3.12466 0.0590806 0.0341591 0.00642761 -0.0769317 1.40095 2.94822 0.00427483 0.00207756 
67.0343 0.00626174 -0.648021 1.50455 -3.12343 0.0594769 0.0356838 0.00639317 -0.0768854 1.4009 2.94492 0.0140599 0.00038525 
67.0608 0.00627725 -0.647878 1.50449 -3.1238 0.0694911 0.0363071 0.00642761 -0.0769317 1.40095 2.94822 0.00427483 0.00207756 
67.0915 0.00654091 -0.646439 1.50083 -3.13144 0.0453942 0.0301674 0.00642761 -0.0769317 1.40095 2.94822 0.00427483 0.00207756 
67.1214 0.00660974 -0.646013 1.49996 -3.13144 0.0443575 0.0276005 0.00654567 -0.0770191 1.40265 2.94911 0.0218556 0.00321189 
67.1515 0.00666473 -0.646439 1.50097 -3.12994 0.0453327 0.0280149 0.00669838 -0.0771124 1.40446 2.94976 0.042729 0.00439891 
67.1817 0.00684713 -0.645956 1.49982 -3.13287 0.0369273 0.024326 0.00695308 -0.077295 1.40839 2.95871 0.0533393 0.00495867 
67.2125 0.00690557 -0.64643 1.50094 -3.13115 0.037257 0.024464 0.00730966 -0.0775768 1.41472 2.97732 0.0542909 0.00504317 
67.2429 0.00702706 -0.647437 1.50331 -3.12739 0.0370567 0.0243732 0.0074863 -0.0777234 1.41812 2.98902 0.050041 0.0048611 
67.2732 0.00702706 -0.647437 1.50331 -3.12739 0.0370567 0.0243732 0.00763701 -0.0778413 1.42214 3.00398 0.0432842 0.00223279 
67.3032 0.00674395 -0.64521 1.49779 3.14021 0.0294781 0.0248006 0.00823172 -0.0782828 1.43272 3.05955 0.00186798 0.00216095 
67.3334 0.00702706 -0.647437 1.50331 -3.12739 0.0370567 0.0243732 0.00829797 -0.0782238 1.43095 3.04693 -0.00754109 0.00130137 
67.3644 0.00705713 -0.647583 1.50393 -3.12293 0.0436114 0.0240772 0.00832801 -0.078335 1.43452 3.07385 -0.00777256 0.00122141 
67.3941 0.00724232 -0.64919 1.50752 -3.12184 0.0288504 0.0229585 0.00853893 -0.0783023 1.4328 3.06895 -0.0451718 0.000349667 
67.4237 0.00727875 -0.649442 1.50839 -3.11683 0.0344024 0.0222526 0.00848999 -0.0783079 1.43379 -0.0728891 -3.11259 3.14095 
67.4578 0.0072673 -0.649577 1.50847 -3.12421 0.0394279 0.0231232 0.00844533 -0.0783238 1.43466 -0.0783701 -3.14053 3.14083 
67.4845 0.0074495 -0.650209 1.51011 -3.11101 0.041176 0.0230891 0.00844533 -0.0783238 1.43466 -0.0783701 -3.14053 3.14083 
67.515 0.00746445 -0.649434 1.50842 -3.11519 0.0518716 0.0255265 0.00844533 -0.0783238 1.43466 -0.0783701 -3.14053 3.14083 
67.5492 0.00755856 -0.65223 1.51486 -3.11492 0.0352784 0.0189425 0.00861258 -0.0781827 1.43107 -0.0943588 3.14095 3.14095 
67.5795 0.00765682 -0.651134 1.51229 -3.10611 0.0397307 0.0225321 0.00863207 -0.0781623 1.43087 3.05019 0.00986191 8.544e-05 
67.6094 0.00765023 -0.65118 1.5124 -3.10585 0.0403474 0.022804 0.00949587 -0.0773302 1.4105 -0.173568 -3.12368 3.1398 
67.6371 0.00795149 -0.653117 1.51698 -3.09607 0.033448 0.0199148 0.00999955 -0.07691 1.40062 2.94863 0.000244922 0.0016013 
67.6666 0.00796083 -0.653047 1.51681 -3.09647 0.0325324 0.0195099 0.00996769 -0.0768716 1.40066 2.94582 0.00951981 1.37631e-05 
67.6964 0.00809453 -0.653381 1.51761 -3.09393 0.0322772 0.0194519 0.00996769 -0.0768716 1.40066 2.94582 0.00951981 1.37631e-05 
67.7266 0.0081897 -0.654268 1.5197 -3.08966 0.0271174 0.0172312 0.0099681 -0.0768719 1.40067 2.94587 0.00941293 6.35156e-06 
67.7568 0.00821008 -0.653564 1.51818 -3.09404 0.0374693 0.0194893 0.0099681 -0.0768719 1.40067 2.94587 0.00941293 6.35156e-06 
67.787 0.00835017 -0.653964 1.51913 -3.09118 0.035916 0.018858 0.00998522 -0.0768836 1.40083 2.94484 0.0164476 0.000457127 
67.818 0.00849322 -0.654397 1.52016 -3.08814 0.0336769 0.0179229 0.0099681 -0.0768719 1.40067 2.94587 0.00941293 6.35156e-06 
67.8476 0.00884202 -0.650949 1.51705 0.767124 -3.10427 3.12849 0.0099681 -0.0768719 1.40067 2.94587 0.00941293 6.35156e-06 
67.8789 0.00884202 -0.650949 1.51705 0.767124 -3.10427 3.12849 0.0099681 -0.0768719 1.40067 2.94587 0.00941293 6.35156e-06 
67.9084 0.00906686 -0.648039 1.51046 0.7776 -3.09318 3.12131 0.0099681 -0.0768719 1.40067 2.94587 0.00941293 6.35156e-06 
67.9386 0.0091167 -0.647451 1.50911 0.780007 -3.09249 3.12101 0.0099681 -0.0768719 1.40067 2.94587 0.00941293 6.35156e-06 
67.9686 0.0100913 -0.64471 1.49743 -3.13008 0.0669225 0.0301586 0.012003 -0.077611 1.43664 -2.97693 0.0158552 2.0342e-05 
67.9987 0.0104654 -0.644246 1.49632 -3.13431 0.0565904 0.0254902 0.0120585 -0.0783725 1.43647 3.07866 0.0121976 0.000190749 
68.0293 0.0104947 -0.644371 1.49674 -3.13569 0.063683 0.0260715 0.0120585 -0.0783725 1.43647 3.07866 0.0121976 0.000190749 
68.0596 0.0106106 -0.645222 1.49874 -3.13269 0.0654138 0.0268063 0.0121251 -0.0783224 1.4346 -0.078461 3.14057 3.14088 
68.0909 0.0106712 -0.645684 1.49983 -3.13101 0.0658684 0.0269988 0.0121897 -0.0782638 1.4327 -0.0916619 -3.13204 3.14017 
68.1213 0.0108915 -0.64751 1.50399 -3.12237 0.0595044 0.026729 0.0122215 -0.0782338 1.4327 3.05909 0.0119649 0.000172117 
68.1501 0.0108648 -0.647232 1.50347 -3.12517 0.0654909 0.0268349 0.0123429 -0.0781238 1.42929 -0.105067 -3.13564 3.14043 
68.1801 0.0110305 -0.648672 1.50673 -3.11777 0.0576532 0.025944 0.0133394 -0.0770891 1.40511 -0.188465 -3.12906 3.14009 
68.2109 0.0109548 -0.647964 1.50531 -3.12412 0.0593558 0.0261971 0.013388 -0.0770536 1.40453 -0.186956 3.13969 3.14101 
68.2417 0.0114954 -0.651494 1.51381 -3.11171 0.0422412 0.023156 0.0135597 -0.0768699 1.40059 2.94572 0.0117131 9.55799e-05 
68.2712 0.0115652 -0.651118 1.51308 -3.1114 0.0324893 0.0208164 0.0135597 -0.0768699 1.40059 2.94572 0.0117131 9.55799e-05 
68.3014 0.0115802 -0.651132 1.51328 -3.10886 0.0283383 0.0209829 0.0135597 -0.0768699 1.40059 2.94572 0.0117131 9.55799e-05 
68.3319 0.0116478 -0.651822 1.51475 -3.10831 0.0292948 0.0194549 0.0135597 -0.0768699 1.40059 2.94572 0.0117131 9.55799e-05 
68.3622 0.0116642 -0.651833 1.51493 -3.10574 0.0246957 0.0195774 0.0135597 -0.0768699 1.40059 2.94572 0.0117131 9.55799e-05 
68.3928 0.0117482 -0.652537 1.51659 -3.10255 0.0211201 0.0180446 0.0135597 -0.0768699 1.40059 2.94572 0.0117131 9.55799e-05 
68.4229 0.0114233 -0.649753 1.51021 -3.1223 0.0325973 0.0226198 0.0135597 -0.0768699 1.40059 2.94572 0.0117131 9.55799e-05 
68.4529 0.0116042 -0.651184 1.51363 -3.1219 0.020995 0.0195688 0.0135597 -0.0768699 1.40059 2.94572 0.0117131 9.55799e-05 
68.483 0.0115015 -0.650438 1.51177 -3.12349 0.0300669 0.0211034 0.0135597 -0.0768699 1.40059 2.94572 0.0117131 9.55799e-05 
68.5158 0.0117668 -0.652562 1.51676 -3.1041 0.015683 0.0176454 0.0135597 -0.0768699 1.40059 2.94572 0.0117131 9.55799e-05 
68.5439 0.0115217 -0.650474 1.51202 -3.12089 0.0245864 0.0212532 0.0135597 -0.0768699 1.40059 2.94572 0.0117131 9.55799e-05 
68.5791 0.0114204 -0.649735 1.51017 -3.12239 0.0333613 0.0226546 0.0135597 -0.0768699 1.40059 2.94572 0.0117131 9.55799e-05 
68.6046 0.0114392 -0.6498 1.51043 -3.12372 0.0281892 0.0223659 0.0135597 -0.0768699 1.40059 2.94572 0.0117131 9.55799e-05 
68.6345 0.0115175 -0.650454 1.51197 -3.121 0.0256867 0.0213061 0.0135597 -0.0768699 1.40059 2.94572 0.0117131 9.55799e-05 
68.6657 0.0116508 -0.651189 1.51389 -3.11103 0.00800266 0.020018 0.0135597 -0.0768699 1.40059 2.94572 0.0117131 9.55799e-05 
68.6956 0.0116107 -0.651649 1.51497 -3.10991 0.0022652 0.0175204 0.0135597 -0.0768699 1.40059 2.94572 0.0117131 9.55799e-05 
68.7255 0.0113545 -0.649669 1.51049 -3.12136 0.0160131 0.0211923 0.0135597 -0.0768699 1.40059 2.94572 0.0117131 9.55799e-05 
68.7553 0.0112656 -0.64906 1.50894 -3.12213 0.0221126 0.0222528 0.0135597 -0.0768699 1.40059 2.94572 0.0117131 9.55799e-05 
68.7863 0.0112656 -0.64906 1.50894 -3.12213 0.0221126 0.0222528 0.0135597 -0.0768699 1.40059 2.94572 0.0117131 9.55799e-05 
68.8163 0.0112081 -0.648487 1.50771 -3.12616 0.0195378 0.0226951 0.0135597 -0.0768699 1.40059 2.94572 0.0117131 9.55799e-05 
68.8469 0.0111933 -0.648473 1.50756 -3.1245 0.0236727 0.0229195 0.0135597 -0.0768699 1.40059 2.94572 0.0117131 9.55799e-05 
68.8765 0.0111362 -0.647916 1.50636 -3.12841 0.0211854 0.0232474 0.0135597 -0.0768699 1.40059 2.94572 0.0117131 9.55799e-05 
68.9069 0.0110675 -0.647367 1.50506 -3.13054 0.0221533 0.02366 0.0135597 -0.0768699 1.40059 2.94572 0.0117131 9.55799e-05 
68.9375 0.0110689 -0.647373 1.50508 -3.13052 0.0217654 0.0236445 0.0135597 -0.0768699 1.40059 2.94572 0.0117131 9.55799e-05 
68.9687 0.0109391 -0.646359 1.50269 -3.13427 0.0225082 0.0238124 0.0135597 -0.0768699 1.40059 2.94572 0.0117131 9.55799e-05 
68.9982 0.0108108 -0.645353 1.50032 -3.13797 0.0228825 0.0239733 0.0135597 -0.0768699 1.40059 2.94572 0.0117131 9.55799e-05 
69.028 0.0107511 -0.644894 1.49924 -3.13957 0.0223413 0.0237435 0.0135299 -0.0769018 1.40124 -0.194942 3.1339 3.14141 
69.0581 0.0107525 -0.6449 1.49925 -3.13954 0.0219632 0.0237319 0.0123995 -0.078064 1.42762 -0.114399 -3.12802 3.13995 
69.0888 0.0106806 -0.645373 1.50025 -3.13896 0.0308519 0.0257981 0.0123429 -0.0781238 1.42929 -0.105067 -3.13564 3.14043 
69.1186 0.0106241 -0.644945 1.49924 -3.14041 0.0295911 0.0254111 0.0121254 -0.0783224 1.43459 -0.0784642 3.14064 3.14089 
69.149 0.0104859 -0.64645 1.50303 -3.13686 0.0334908 0.0303089 0.0121254 -0.0783224 1.43459 -0.0784642 3.14064 3.14089 
69.18 0.010349 -0.645558 1.50069 -3.13645 0.0387106 0.0293191 0.0120585 -0.0783725 1.43647 3.07866 0.0121976 0.000190749 
69.2096 0.010257 -0.645708 1.50116 -3.137 0.0358514 0.0299904 0.0120585 -0.0783725 1.43647 3.07866 0.0121976 0.000190749 
69.241 0.0102115 -0.647063 1.50448 -3.13294 0.0413618 0.0338589 0.0120585 -0.0783725 1.43647 3.07866 0.0121976 0.000190749 
69.2704 0.00950637 -0.648303 1.50729 -3.12217 0.0422312 0.0330493 0.0118441 -0.0782434 1.43255 3.05371 0.021945 0.000941906 
69.3007 0.00927168 -0.649862 1.51072 -3.11246 0.0556764 0.0357805 0.0115503 -0.0780399 1.42704 3.02485 0.0366824 0.00185096 
69.3312 0.00927953 -0.649183 1.50913 -3.11475 0.0515842 0.0340081 0.010292 -0.0770898 1.40501 2.9505 0.0449349 0.00222336 
69.3613 0.00932109 -0.64727 1.50987 0.785848 -3.09958 3.13431 0.0101512 -0.0770037 1.40332 2.94915 0.028628 0.00126537 
69.3913 0.00913408 -0.648304 1.51215 0.785023 -3.10016 3.13172 0.0099681 -0.0768719 1.40067 2.94587 0.00941293 6.35156e-06 
69.4215 0.00902694 -0.648255 1.51189 0.787979 -3.10198 3.12998 0.0099681 -0.0768719 1.40067 2.94587 0.00941293 6.35156e-06 
69.4518 0.00897622 -0.648861 1.51329 0.785528 -3.10298 3.1304 0.0099681 -0.0768719 1.40067 2.94587 0.00941293 6.35156e-06 
69.4824 0.00881841 -0.650833 1.51782 0.777287 -3.10794 3.13251 0.0099681 -0.0768719 1.40067 2.94587 0.00941293 6.35156e-06 
69.5125 0.00881841 -0.650833 1.51782 0.777287 -3.10794 3.13251 0.0099681 -0.0768719 1.40067 2.94587 0.00941293 6.35156e-06 
69.543 0.0086715 -0.654182 1.52137 -3.097 -0.00137087 0.0184296 0.0099681 -0.0768719 1.40067 2.94587 0.00941293 6.35156e-06 
69.577 0.00780548 -0.650296 1.51197 -3.12452 0.00824694 0.0230338 0.0099681 -0.0768719 1.40067 2.94587 0.00941293 6.35156e-06 
69.6037 0.0077447 -0.651096 1.51415 -3.11776 -0.0100059 0.0189012 0.00856818 -0.0774543 1.43456 0.177065 -3.13475 3.14122 
69.6339 0.00719365 -0.647917 1.5064 -3.12844 0.0204186 0.0230968 0.00831956 -0.0776158 1.43673 0.164187 3.12825 3.14153 
69.6646 0.0070721 -0.647676 1.50569 -3.13029 0.00928778 0.0250679 0.00831956 -0.0776158 1.43673 0.164187 3.12825 3.14153 
69.6977 0.0068866 -0.647556 1.50501 -3.12997 0.0475321 0.0277271 0.00815917 -0.0782353 1.43278 3.05919 0.00980792 7.2065e-05 
69.7246 0.00673743 -0.647021 1.50416 -3.13198 0.0270864 0.0289132 0.00797593 -0.0781083 1.42894 3.03487 0.0272223 0.00129518 
69.7546 0.00664388 -0.646396 1.50245 -3.13087 0.0370041 0.0291654 0.00749246 -0.0777155 1.41906 2.99136 0.0517234 0.00264054 
69.785 0.00652902 -0.647284 1.50455 -3.12675 0.043797 0.0321658 0.00701247 -0.0773027 1.40952 2.95908 0.0639976 0.00321976 
69.8149 0.0062649 -0.64774 1.50564 -3.12371 0.0625609 0.0366347 0.00665639 -0.077049 1.40405 2.94628 0.0499731 0.00249577 
69.8454 0.00615912 -0.647843 1.50564 -3.11932 0.0639615 0.0374513 0.0063758 -0.0768736 1.40074 -0.195635 3.13435 3.14149 
69.8754 0.00597559 -0.648034 1.50598 -3.1157 0.0741505 0.0402483 0.0063758 -0.0768736 1.40074 -0.195635 3.13435 3.14149 
69.9082 0.00576958 -0.649044 1.50848 -3.11234 0.0762503 0.0430094 0.0063758 -0.0768736 1.40074 -0.195635 3.13435 3.14149 
69.9363 0.0056801 -0.647901 1.50557 -3.11271 0.0711701 0.0362507 0.0063758 -0.0768736 1.40074 -0.195635 3.13435 3.14149 
69.9685 0.00544997 -0.647308 1.50421 -3.12372 0.0639486 0.0314058 0.0063758 -0.0768736 1.40074 -0.195635 3.13435 3.14149 
69.9972 0.00574042 -0.646054 1.50643 0.790018 -3.08239 3.12115 0.0063758 -0.0768736 1.40074 -0.195635 3.13435 3.14149 
70.0273 0.00529639 -0.648892 1.50767 -3.10276 0.0659783 0.0346439 0.0063758 -0.0768736 1.40074 -0.195635 3.13435 3.14149 
70.0571 0.00518162 -0.64885 1.5077 -3.10457 0.0693596 0.0335762 0.0063758 -0.0768736 1.40074 -0.195635 3.13435 3.14149 
70.0878 0.0051988 -0.64908 1.50835 -3.10548 0.0635584 0.0331164 0.0063758 -0.0768736 1.40074 -0.195635 3.13435 3.14149 
70.118 0.00534751 -0.647574 1.50969 0.778476 -3.08058 3.11671 0.0063758 -0.0768736 1.40074 -0.195635 3.13435 3.14149 
70.1481 0.00533205 -0.647776 1.51028 0.775033 -3.08481 3.12091 0.0063758 -0.0768736 1.40074 -0.195635 3.13435 3.14149 
70.1787 0.00526995 -0.648615 1.51206 0.7692 -3.08806 3.12451 0.0063758 -0.0768736 1.40074 -0.195635 3.13435 3.14149 
70.2089 0.00536486 -0.646609 1.50742 0.785198 -3.08967 3.12449 0.00637535 -0.0768733 1.40073 -0.195687 3.13424 3.1415 
70.2393 0.0054031 -0.645936 1.50578 0.787662 -3.08048 3.11408 0.0063758 -0.0768736 1.40074 -0.195635 3.13435 3.14149 
70.2699 0.0054031 -0.645936 1.50578 0.787662 -3.08048 3.11408 0.00637535 -0.0768733 1.40073 -0.195687 3.13424 3.1415 
70.2998 0.0054031 -0.645936 1.50578 0.787662 -3.08048 3.11408 0.00637535 -0.0768733 1.40073 -0.195687 3.13424 3.1415 
70.3298 0.00525756 -0.647697 1.50971 0.777513 -3.09182 3.12596 0.006318 -0.0769271 1.40201 2.9507 0.01295 0.000308993 
70.3602 0.00512517 -0.648963 1.51288 0.772877 -3.08676 3.11936 0.00637535 -0.0768733 1.40073 -0.195687 3.13424 3.1415 
70.3905 0.0052919 -0.647253 1.50866 0.780185 -3.08299 3.11738 0.00617282 -0.0755233 1.406 0.291673 -3.11991 3.1403 
70.421 0.00528824 -0.647371 1.50893 0.779583 -3.08415 3.11788 0.00627211 -0.0769708 1.403 2.95373 0.0139691 0.000386505 
70.4514 0.00519612 -0.648122 1.51082 0.778998 -3.08125 3.11445 0.00620727 -0.0754875 1.40541 0.292751 -3.12275 3.14043 
70.4813 0.0051672 -0.647635 1.50942 0.777251 -3.09127 3.12262 0.00616083 -0.0756352 1.40669 -2.85817 -0.00492352 0.000955996 
70.5119 0.00530234 -0.648206 1.51085 0.776162 -3.07915 3.11576 0.00633643 -0.075357 1.40323 0.295963 -3.13648 3.141 
70.5413 0.00530159 -0.646967 1.50815 0.783668 -3.08029 3.11401 0.00621868 -0.0754562 1.40496 0.294893 -3.11917 3.14026 
70.5718 0.00562255 -0.648048 1.51037 0.778653 -3.07015 3.11403 0.00640751 -0.0769119 1.4007 2.94872 -0.00199277 0.00150232 
70.6021 0.00520174 -0.649024 1.50765 -3.11134 0.0777781 0.034865 0.00640751 -0.0769119 1.4007 2.94872 -0.00199277 0.00150232 
70.6321 0.00562255 -0.648048 1.51037 0.778653 -3.07015 3.11403 0.00637535 -0.0768733 1.40073 -0.195687 3.13424 3.1415 
70.6625 0.00561601 -0.648314 1.51087 0.775908 -3.0728 3.11687 0.00640751 -0.0769119 1.4007 2.94872 -0.00199277 0.00150232 
70.6931 0.00531059 -0.648926 1.50728 -3.1103 0.0757814 0.036511 0.00639317 -0.0768854 1.4009 2.94492 0.0140599 0.00038525 
70.7237 0.0053657 -0.648458 1.50618 -3.11223 0.074777 0.0360551 0.00639317 -0.0768854 1.4009 2.94492 0.0140599 0.00038525 
70.7533 0.00540821 -0.648651 1.50663 -3.11175 0.0779031 0.0374004 0.00639317 -0.0768854 1.4009 2.94492 0.0140599 0.00038525 
70.7834 0.00550805 -0.648414 1.50607 -3.11307 0.0794459 0.0380352 0.00639317 -0.0768854 1.4009 2.94492 0.0140599 0.00038525 
70.8138 0.00559923 -0.648009 1.50512 -3.11524 0.0823401 0.0392396 0.00639317 -0.0768854 1.4009 2.94492 0.0140599 0.00038525 
70.8443 0.00574984 -0.648098 1.50532 -3.11552 0.0852029 0.0404274 0.00639317 -0.0768854 1.4009 2.94492 0.0140599 0.00038525 
70.8741 0.00583044 -0.647425 1.50387 -3.11737 0.0888452 0.0401025 0.00642761 -0.0769317 1.40095 2.94822 0.00427483 0.00207756 
70.9052 0.00590647 -0.647378 1.50362 -3.11975 0.0825768 0.0391407 0.00639317 -0.0768854 1.4009 2.94492 0.0140599 0.00038525 
70.9352 0.0063446 -0.647497 1.50361 -3.12187 0.0641303 0.0348079 0.00639317 -0.0768854 1.4009 2.94492 0.0140599 0.00038525 
70.9649 0.00651523 -0.646012 1.50025 -3.12706 0.0553968 0.0292918 0.00660341 -0.0770197 1.40348 2.94597 0.0434306 0.00216843 
70.9957 0.00661363 -0.645751 1.49977 -3.12672 0.056244 0.0278735 0.00669838 -0.0771124 1.40446 2.94976 0.042729 0.00439891 
71.0259 0.00724232 -0.64919 1.50752 -3.12184 0.0288504 0.0229585 0.00848999 -0.0783079 1.43379 -0.0728891 -3.11259 3.14095 
71.0563 0.00720595 -0.648924 1.50695 -3.11958 0.0378911 0.0232438 0.00848999 -0.0783079 1.43379 -0.0728891 -3.11259 3.14095 
71.0861 0.00727593 -0.649747 1.50873 -3.12929 0.038096 0.0233417 0.00844533 -0.0783238 1.43466 -0.0783701 -3.14053 3.14083 
71.1169 0.00734911 -0.650063 1.50985 -3.11426 0.0325446 0.0214659 0.00850602 -0.0783413 1.43419 3.0665 -0.0196539 0.000358378 
71.1462 0.00734246 -0.650248 1.51005 -3.12147 0.0374205 0.0222486 0.00844516 -0.0783239 1.43466 -0.0783541 -3.14057 3.14081 
71.1768 0.00753472 -0.650243 1.50978 -3.11607 0.0353603 0.0254102 0.00859527 -0.0781967 1.4311 -0.0981796 -3.132 3.14024 
71.2075 0.00766578 -0.651367 1.51271 -3.1071 0.0366822 0.0228106 0.00861258 -0.0781827 1.43107 -0.0943588 3.14095 3.14095 
71.2377 0.00786125 -0.652269 1.51498 -3.09999 0.037794 0.021777 0.00909772 -0.0778152 1.42138 3.01577 -0.00225785 0.0015239 
71.2679 0.00788253 -0.654221 1.51943 -3.10315 0.0226995 0.0159835 0.00999955 -0.07691 1.40062 2.94863 0.000244922 0.0016013 
71.2979 0.00806758 -0.654049 1.51904 -3.09385 0.0239341 0.017477 0.00996769 -0.0768716 1.40066 2.94582 0.00951981 1.37631e-05 
71.3287 0.00820226 -0.654402 1.51988 -3.09116 0.0235701 0.0172436 0.00999955 -0.07691 1.40062 2.94863 0.000244922 0.0016013 
71.3586 0.00824374 -0.653893 1.51869 -3.09267 0.0277775 0.0190994 0.00996769 -0.0768716 1.40066 2.94582 0.00951981 1.37631e-05 
71.389 0.0082858 -0.653372 1.51747 -3.09426 0.0316232 0.0207988 0.00999955 -0.07691 1.40062 2.94863 0.000244922 0.0016013 
71.4207 0.00925258 -0.646075 1.5058 0.783397 -3.09468 3.12389 0.0101403 -0.0769926 1.40304 2.94788 0.0309476 0.00140681 
71.4494 0.00952773 -0.645344 1.50423 0.787118 -3.08523 3.11817 0.0111313 -0.0777145 1.41901 2.99134 0.0537334 0.00272414 
71.4797 0.00965737 -0.646081 1.50592 0.783841 -3.07618 3.11434 0.0112235 -0.0777944 1.42099 2.99979 0.0465007 0.0023745 
71.5098 0.00945247 -0.646534 1.50161 -3.12016 0.0575926 0.0281505 0.011843 -0.078243 1.43254 3.05358 0.0222617 0.000935793 
71.5397 0.00976179 -0.645069 1.49829 -3.12642 0.0626238 0.0284868 0.0118441 -0.0782434 1.43255 3.05371 0.021945 0.000941906 
71.5706 0.00979456 -0.645862 1.50016 -3.12331 0.0731755 0.0330936 0.0118441 -0.0782434 1.43255 3.05371 0.021945 0.000941906 
71.6007 0.00995514 -0.644718 1.49746 -3.12878 0.0641452 0.0290588 0.0118441 -0.0782434 1.43255 3.05371 0.021945 0.000941906 
71.631 0.0100913 -0.64471 1.49743 -3.13008 0.0669225 0.0301586 0.012003 -0.077611 1.43664 -2.97693 0.0158552 2.0342e-05 
71.6618 0.010197 -0.644671 1.49733 -3.13084 0.0652352 0.0293759 0.012003 -0.077611 1.43664 -2.97693 0.0158552 2.0342e-05 
71.692 0.0104154 -0.643923 1.49556 -3.1353 0.0544473 0.0245792 0.0120585 -0.0783725 1.43647 3.07866 0.0121976 0.000190749 
71.7215 0.0106712 -0.645684 1.49983 -3.13101 0.0658684 0.0269988 0.0134132 -0.0770113 1.40341 -0.192895 -3.13074 3.1402 
71.752 0.0108648 -0.647232 1.50347 -3.12517 0.0654909 0.0268349 0.0133838 -0.0770593 1.40469 -0.186054 3.13768 3.14115 
71.7825 0.0108915 -0.64751 1.50399 -3.12237 0.0595044 0.026729 0.0135597 -0.0768699 1.40059 2.94572 0.0117131 9.55799e-05 
71.8126 0.0108915 -0.64751 1.50399 -3.12237 0.0595044 0.026729 0.0135597 -0.0768699 1.40059 2.94572 0.0117131 9.55799e-05 
71.8428 0.01096 -0.648079 1.50533 -3.12013 0.0587231 0.0263977 0.0135597 -0.0768699 1.40059 2.94572 0.0117131 9.55799e-05 
71.8732 0.0110037 -0.648398 1.50621 -3.12059 0.0637445 0.0260896 0.0135597 -0.0768699 1.40059 2.94572 0.0117131 9.55799e-05 
71.9035 0.0110305 -0.648672 1.50673 -3.11777 0.0576532 0.025944 0.0135597 -0.0768699 1.40059 2.94572 0.0117131 9.55799e-05 
71.9339 0.0110305 -0.648672 1.50673 -3.11777 0.0576532 0.025944 0.0135597 -0.0768699 1.40059 2.94572 0.0117131 9.55799e-05 
71.964 0.011103 -0.649291 1.50819 -3.11526 0.0562642 0.0253547 0.0135597 -0.0768699 1.40059 2.94572 0.0117131 9.55799e-05 
71.9944 0.0111034 -0.649178 1.50814 -3.11897 0.0564182 0.0252833 0.0135597 -0.0768699 1.40059 2.94572 0.0117131 9.55799e-05 
72.0248 0.0111135 -0.648395 1.50621 -3.11977 0.0670507 0.0275676 0.0135597 -0.0768699 1.40059 2.94572 0.0117131 9.55799e-05 
72.0551 0.0111507 -0.64967 1.50921 -3.11543 0.0607503 0.0248125 0.0135597 -0.0768699 1.40059 2.94572 0.0117131 9.55799e-05 
72.0853 0.0112148 -0.649332 1.50829 -3.11424 0.0592704 0.0267085 0.0135597 -0.0768699 1.40059 2.94572 0.0117131 9.55799e-05 
72.1149 0.0111135 -0.648395 1.50621 -3.11977 0.0670507 0.0275676 0.0135597 -0.0768699 1.40059 2.94572 0.0117131 9.55799e-05 
72.1458 0.0110762 -0.649021 1.50768 -3.11809 0.0624206 0.0255248 0.0135597 -0.0768699 1.40059 2.94572 0.0117131 9.55799e-05 
72.1761 0.0111222 -0.649301 1.50854 -3.12013 0.0515636 0.0249727 0.0135597 -0.0768699 1.40059 2.94572 0.0117131 9.55799e-05 
72.2091 0.0111135 -0.648395 1.50621 -3.11977 0.0670507 0.0275676 0.0135597 -0.0768699 1.40059 2.94572 0.0117131 9.55799e-05 
72.236 0.0111507 -0.64967 1.50921 -3.11543 0.0607503 0.0248125 0.0135597 -0.0768699 1.40059 2.94572 0.0117131 9.55799e-05 
72.2668 0.0112355 -0.649121 1.50857 -3.11893 0.0308607 0.0224746 0.0135597 -0.0768699 1.40059 2.94572 0.0117131 9.55799e-05 
72.2972 0.0109525 -0.647765 1.50543 -3.13354 0.0427563 0.0252124 0.0135597 -0.0768699 1.40059 2.94572 0.0117131 9.55799e-05 
72.3273 0.0109961 -0.647189 1.50414 -3.12837 0.041072 0.0242145 0.0135597 -0.0768699 1.40059 2.94572 0.0117131 9.55799e-05 
72.3578 0.011036 -0.647309 1.5047 -3.12735 0.0307483 0.0241025 0.0135597 -0.0768699 1.40059 2.94572 0.0117131 9.55799e-05 
72.3882 0.011039 -0.647407 1.50468 -3.12347 0.0306415 0.024221 0.0135597 -0.0768699 1.40059 2.94572 0.0117131 9.55799e-05 
72.4187 0.0109445 -0.646683 1.5031 -3.12804 0.03782 0.024671 0.0135008 -0.0769315 1.40183 -0.194272 3.13842 3.1411 
72.4487 0.0109694 -0.646777 1.50344 -3.12939 0.0313319 0.0243537 0.0123632 -0.078107 1.42913 -0.102482 3.13867 3.14105 
72.4793 0.0109257 -0.646408 1.50244 -3.129 0.0266117 0.0243432 0.0123429 -0.0781238 1.42929 -0.105067 -3.13564 3.14043 
72.5092 0.01078 -0.645295 1.49995 -3.13486 0.0312952 0.0243455 0.0123429 -0.0781238 1.42929 -0.105067 -3.13564 3.14043 
72.5396 0.0107204 -0.64484 1.49888 -3.13647 0.0307118 0.0240988 0.0121897 -0.0782638 1.4327 -0.0916619 -3.13204 3.14017 
72.5702 0.0106674 -0.645339 1.50005 -3.13742 0.0344874 0.0259666 0.0120589 -0.0783724 1.43648 3.07869 0.0120752 0.000222994 
72.6001 0.0106096 -0.644905 1.49903 -3.1389 0.0335856 0.0255832 0.0120585 -0.0783725 1.43647 3.07866 0.0121976 0.000190749 
72.6304 0.0106096 -0.644905 1.49903 -3.1389 0.0335856 0.0255832 0.0120585 -0.0783725 1.43647 3.07866 0.0121976 0.000190749 
72.6618 0.010329 -0.646252 1.50221 -3.13183 0.049221 0.0324861 0.0120585 -0.0783725 1.43647 3.07866 0.0121976 0.000190749 
72.6907 0.0102272 -0.645556 1.50057 -3.13421 0.044413 0.0304193 0.0120585 -0.0783725 1.43647 3.07866 0.0121976 0.000190749 
72.7211 0.0101208 -0.645637 1.50076 -3.13335 0.0457953 0.0310597 0.012003 -0.077611 1.43664 -2.97693 0.0158552 2.0342e-05 
72.7512 0.009772 -0.647563 1.50541 -3.12485 0.0358835 0.0326693 0.0118441 -0.0782434 1.43255 3.05371 0.021945 0.000941906 
72.782 0.0095704 -0.647914 1.50648 -3.12553 0.0364914 0.0321135 0.0118352 -0.0782341 1.43271 3.0591 0.0116207 0.000165509 
72.8121 0.00941767 -0.648611 1.50801 -3.12037 0.039281 0.0316586 0.0116415 -0.0781072 1.42888 3.03475 0.0292106 0.00140318 
72.8423 0.00906108 -0.64778 1.51094 0.787282 -3.10547 3.13384 0.0099681 -0.0768719 1.40067 2.94587 0.00941293 6.35156e-06 
72.8722 0.00897618 -0.648862 1.51329 0.785525 -3.103 3.13041 0.0099681 -0.0768719 1.40067 2.94587 0.00941293 6.35156e-06 
72.9022 0.0089246 -0.649494 1.51474 0.782928 -3.10433 3.13098 0.0099681 -0.0768719 1.40067 2.94587 0.00941293 6.35156e-06 
72.9366 0.00879376 -0.650943 1.51835 0.775778 -3.11437 3.13883 0.0099681 -0.0768719 1.40067 2.94587 0.00941293 6.35156e-06 
72.9672 0.00881841 -0.650833 1.51782 0.777287 -3.10794 3.13251 0.0099681 -0.0768719 1.40067 2.94587 0.00941293 6.35156e-06 
72.9939 0.00869998 -0.652286 1.5213 0.772591 -3.1148 3.13661 0.0099681 -0.0768719 1.40067 2.94587 0.00941293 6.35156e-06 
73.0278 0.00851933 -0.653695 1.52007 -3.10221 -0.0103416 0.0160255 0.0099681 -0.0768719 1.40067 2.94587 0.00941293 6.35156e-06 
73.0545 0.00836186 -0.653704 1.52035 -3.10289 -0.0206291 0.0145137 0.0099681 -0.0768719 1.40067 2.94587 0.00941293 6.35156e-06 
73.0843 0.00826724 -0.653099 1.5188 -3.10426 -0.0121886 0.0169291 0.0099681 -0.0768719 1.40067 2.94587 0.00941293 6.35156e-06 
73.1145 0.00827635 -0.653046 1.51879 -3.10617 -0.015474 0.0167324 0.0099681 -0.0768719 1.40067 2.94587 0.00941293 6.35156e-06 
73.1447 0.00807624 -0.651697 1.51557 -3.11711 0.0043961 0.0209161 0.0099681 -0.0768719 1.40067 2.94587 0.00941293 6.35156e-06 
73.1751 0.00817029 -0.652805 1.51808 -3.10604 -0.0220518 0.0162448 0.0099681 -0.0768719 1.40067 2.94587 0.00941293 6.35156e-06 
73.2054 0.00779473 -0.65015 1.51191 -3.12467 0.0106372 0.0234982 0.0099681 -0.0768719 1.40067 2.94587 0.00941293 6.35156e-06 
73.2365 0.007751 -0.650641 1.51306 -3.12336 0.00584467 0.0213955 0.00976993 -0.0755933 1.40689 0.285111 -3.13895 3.14111 
73.2655 0.00737617 -0.649105 1.50946 -3.12737 0.0043098 0.0212475 0.00844631 -0.078324 1.43467 -0.0782492 -3.14025 3.14082 
73.2964 0.00733234 -0.649081 1.50914 -3.12379 0.0167857 0.0218484 0.00831956 -0.0776158 1.43673 0.164187 3.12825 3.14153 
73.3262 0.00728131 -0.648604 1.50789 -3.12391 0.013998 0.0223622 0.00831956 -0.0776158 1.43673 0.164187 3.12825 3.14153 
73.3564 0.00710857 -0.646998 1.50422 -3.13181 0.0105686 0.0233378 0.00824131 -0.0781971 1.4311 3.04322 0.00919508 1.03359e-05 
73.3913 0.00709455 -0.646997 1.5041 -3.13015 0.01459 0.0235216 0.00816883 -0.0782445 1.43262 3.05385 0.0200251 0.000837724 
73.4165 0.00690002 -0.647631 1.50531 -3.13134 0.043994 0.0277554 0.00788908 -0.0780403 1.42708 3.02485 0.0347775 0.00174784 
73.4467 0.00707134 -0.64695 1.50387 -3.12867 0.0210163 0.0238167 0.00766434 -0.0778531 1.42231 3.00312 0.0491617 0.00252173 
73.4775 0.00679721 -0.64652 1.50298 -3.13101 0.0225693 0.0270154 0.00723488 -0.0774888 1.41373 2.97214 0.061649 0.00311838 
73.5081 0.00673743 -0.647021 1.50416 -3.13198 0.0270864 0.0289132 0.00703143 -0.0772952 1.40926 2.95696 0.0713669 0.0035666 
73.5379 0.00669649 -0.646584 1.50324 -3.13198 0.0213618 0.0280797 0.00665639 -0.077049 1.40405 2.94628 0.0499731 0.00249577 
73.5684 0.00640866 -0.648039 1.50658 -3.12655 0.0511797 0.0352628 0.00648244 -0.0769557 1.4024 2.94815 0.01856 0.000653216 
73.5987 0.00597097 -0.649027 1.50903 -3.12211 0.0600547 0.0409111 0.0063758 -0.0768736 1.40074 -0.195635 3.13435 3.14149 
73.6289 0.00587802 -0.649311 1.50945 -3.11698 0.0577942 0.0410952 0.0063758 -0.0768736 1.40074 -0.195635 3.13435 3.14149 
73.6588 0.00580861 -0.649576 1.50996 -3.11396 0.0641783 0.0421675 0.0063758 -0.0768736 1.40074 -0.195635 3.13435 3.14149 
73.6893 0.00576035 -0.649353 1.50932 -3.11248 0.064174 0.0403139 0.0063758 -0.0768736 1.40074 -0.195635 3.13435 3.14149 
73.7201 0.00582338 -0.649758 1.5105 -3.11507 0.0593793 0.0418097 0.0063758 -0.0768736 1.40074 -0.195635 3.13435 3.14149 
73.7504 0.00577675 -0.649553 1.5099 -3.11352 0.0589171 0.0399289 0.0063758 -0.0768736 1.40074 -0.195635 3.13435 3.14149 
73.7805 0.00577675 -0.649553 1.5099 -3.11352 0.0589171 0.0399289 0.0063758 -0.0768736 1.40074 -0.195635 3.13435 3.14149 
73.8104 0.0057228 -0.650005 1.51097 -3.11161 0.0602621 0.040536 0.0063758 -0.0768736 1.40074 -0.195635 3.13435 3.14149 
73.8407 0.00576035 -0.649353 1.50932 -3.11248 0.064174 0.0403139 0.0063758 -0.0768736 1.40074 -0.195635 3.13435 3.14149 
73.8709 0.00568428 -0.649495 1.50954 -3.10994 0.072443 0.0414148 0.0063758 -0.0768736 1.40074 -0.195635 3.13435 3.14149 
73.9013 0.00568225 -0.649826 1.5103 -3.10835 0.0569261 0.0397526 0.0063758 -0.0768736 1.40074 -0.195635 3.13435 3.14149 
73.9315 0.00568428 -0.649495 1.50954 -3.10994 0.072443 0.0414148 0.0063758 -0.0768736 1.40074 -0.195635 3.13435 3.14149 
73.9619 0.00561258 -0.649674 1.50985 -3.10725 0.0792622 0.0423465 0.0063758 -0.0768736 1.40074 -0.195635 3.13435 3.14149 
73.9923 0.00547247 -0.649317 1.50912 -3.10914 0.0582205 0.0356428 0.0063758 -0.0768736 1.40074 -0.195635 3.13435 3.14149 
74.0224 0.00563353 -0.649985 1.5107 -3.1079 0.0727387 0.0418691 0.0063758 -0.0768736 1.40074 -0.195635 3.13435 3.14149 
74.0529 0.00555848 -0.649775 1.50996 -3.10426 0.0648958 0.0390001 0.0063758 -0.0768736 1.40074 -0.195635 3.13435 3.14149 
74.0833 0.00546132 -0.647526 1.50448 -3.11912 0.0621531 0.0311315 0.0063758 -0.0768736 1.40074 -0.195635 3.13435 3.14149 
74.1137 0.00574396 -0.645985 1.50628 0.790532 -3.08219 3.12023 0.0063758 -0.0768736 1.40074 -0.195635 3.13435 3.14149 
74.1435 0.00550726 -0.646975 1.50318 -3.12147 0.0630513 0.030534 0.0063758 -0.0768736 1.40074 -0.195635 3.13435 3.14149 
74.1741 0.00554682 -0.647482 1.50435 -3.11926 0.0508316 0.0299933 0.0063758 -0.0768736 1.40074 -0.195635 3.13435 3.14149 
74.204 0.00577694 -0.645802 1.50598 0.792342 -3.08686 3.12428 0.0063758 -0.0768736 1.40074 -0.195635 3.13435 3.14149 
74.2339 0.00554611 -0.646355 1.50161 -3.12233 0.0662875 0.0300244 0.0063758 -0.0768736 1.40074 -0.195635 3.13435 3.14149 
74.265 0.00571048 -0.648648 1.50703 -3.11046 0.0811678 0.0411173 0.0063758 -0.0768736 1.40074 -0.195635 3.13435 3.14149 
74.2948 0.0057229 -0.648294 1.50609 -3.11041 0.0919798 0.0437522 0.00639317 -0.0768854 1.4009 2.94492 0.0140599 0.00038525 
74.3249 0.00610051 -0.64637 1.50138 -3.12305 0.0793407 0.0357997 0.00657958 -0.0770105 1.40334 2.94669 0.0380005 0.00186383 
74.3553 0.00620322 -0.647069 1.50302 -3.12062 0.0824199 0.0371145 0.0063758 -0.0768736 1.40074 -0.195635 3.13435 3.14149 
74.3858 0.00620322 -0.647069 1.50302 -3.12062 0.0824199 0.0371145 0.00682266 -0.0771565 1.4063 2.95045 0.0608484 0.00308411 
74.4161 0.00688989 -0.646068 1.50063 -3.12856 0.053927 0.0244572 0.00816871 -0.0782441 1.4326 3.05365 0.0200649 0.000870759 
74.4464 0.0069514 -0.646584 1.50185 -3.12661 0.053732 0.0243744 0.00816871 -0.0782441 1.4326 3.05365 0.0200649 0.000870759 
74.4764 0.0069514 -0.646584 1.50185 -3.12661 0.053732 0.0243744 0.00826701 -0.0783063 1.43465 3.06832 0.010367 0.000151733 
74.507 0.00701457 -0.647124 1.50311 -3.12454 0.053256 0.0241723 0.00836708 -0.0783599 1.43676 -0.0551424 3.14115 3.14084 
74.5373 0.00716903 -0.648431 1.50628 -3.12081 0.0454391 0.023036 0.00848999 -0.0783079 1.43379 -0.0728891 -3.11259 3.14095 
74.5675 0.00723786 -0.64904 1.50771 -3.11836 0.0439909 0.0224243 0.00844533 -0.0783238 1.43466 -0.0783701 -3.14053 3.14083 
74.5977 0.00728317 -0.648398 1.50621 -3.12007 0.0493013 0.0247584 0.00844516 -0.0783239 1.43466 -0.0783541 -3.14057 3.14081 
74.6277 0.00735023 -0.649056 1.50776 -3.11735 0.0479056 0.0241745 0.00844533 -0.0783238 1.43466 -0.0783701 -3.14053 3.14083 
74.6583 0.00742263 -0.649719 1.50932 -3.11459 0.0458074 0.0232869 0.00844533 -0.0783238 1.43466 -0.0783701 -3.14053 3.14083 
74.6884 0.00743661 -0.648979 1.50748 -3.11523 0.0567052 0.0255282 0.00846006 -0.0783056 1.43465 3.06864 0.010057 0.000112415 
74.7183 0.0076345 -0.650928 1.51194 -3.10886 0.0454809 0.022785 0.00852885 -0.0782543 1.43288 -0.0864349 -3.1415 3.14089 
74.7488 0.00765023 -0.65118 1.5124 -3.10585 0.0403474 0.022804 0.00861258 -0.0781827 1.43107 -0.0943588 3.14095 3.14095 
74.7792 0.00788591 -0.65238 1.5151 -3.10165 0.0330163 0.0213902 0.00882302 -0.0779867 1.42671 3.03538 0.0184192 0.00079395 
74.8095 0.00796083 -0.653047 1.51681 -3.09647 0.0325324 0.0195099 0.00967865 -0.077159 1.40681 -0.182065 -3.13423 3.14046 
74.8395 0.00806758 -0.654049 1.51904 -3.09385 0.0239341 0.017477 0.00999955 -0.07691 1.40062 2.94863 0.000244922 0.0016013 
74.8704 0.00809453 -0.653381 1.51761 -3.09393 0.0322772 0.0194519 0.00996769 -0.0768716 1.40066 2.94582 0.00951981 1.37631e-05 
74.9002 0.00820316 -0.654406 1.51989 -3.09112 0.0233207 0.0172473 0.00996769 -0.0768716 1.40066 2.94582 0.00951981 1.37631e-05 
74.9307 0.00828664 -0.653378 1.51748 -3.09421 0.0313809 0.0208049 0.00996769 -0.0768716 1.40066 2.94582 0.00951981 1.37631e-05 
74.9612 0.00843695 -0.6539 1.51859 -3.09297 0.0262651 0.0200446 0.00999955 -0.07691 1.40062 2.94863 0.000244922 0.0016013 
74.9912 0.00841345 -0.653618 1.51819 -3.09004 0.0332036 0.0199856 0.00998522 -0.0768836 1.40083 2.94484 0.0164476 0.000457127 
75.0216 0.00871502 -0.651271 1.51764 0.762851 -3.10349 3.13013 0.00998522 -0.0768836 1.40083 2.94484 0.0164476 0.000457127 
75.0514 0.00875953 -0.65073 1.51629 0.767444 -3.10486 3.13242 0.00998522 -0.0768836 1.40083 2.94484 0.0164476 0.000457127 
75.0817 0.00898119 -0.649311 1.51303 0.774217 -3.10536 3.13257 0.00998522 -0.0768836 1.40083 2.94484 0.0164476 0.000457127 
75.1118 0.0090072 -0.648876 1.51224 0.77202 -3.09672 3.12477 0.00998522 -0.0768836 1.40083 2.94484 0.0164476 0.000457127 
75.1427 0.00924404 -0.646077 1.5058 0.783544 -3.09327 3.12328 0.0101662 -0.076996 1.40296 2.9453 0.0425704 0.00206009 
75.1728 0.00924404 -0.646077 1.5058 0.783544 -3.09327 3.12328 0.0099681 -0.0768719 1.40067 2.94587 0.00941293 6.35156e-06 
75.2031 0.00924404 -0.646077 1.5058 0.783544 -3.09327 3.12328 0.0101719 -0.0770109 1.40338 2.94781 0.0358165 0.00169803 
75.2329 0.00945843 -0.644935 1.50328 0.788975 -3.08848 3.11954 0.0102842 -0.0770805 1.40478 2.94953 0.0465864 0.00231324 
75.2634 0.00951767 -0.64561 1.50472 0.788154 -3.08913 3.12176 0.0105147 -0.0772411 1.40824 2.95756 0.0555435 0.00280159 
75.2934 0.00978352 -0.644944 1.49799 -3.12715 0.0606462 0.0276108 0.0119461 -0.0783048 1.43457 3.0681 0.0126617 0.000224222 
75.3241 0.00972039 -0.645323 1.49889 -3.12502 0.0659233 0.0299664 0.0119461 -0.0783048 1.43457 3.0681 0.0126617 0.000224222 
75.3544 0.00978352 -0.644944 1.49799 -3.12715 0.0606462 0.0276108 0.0118441 -0.0782434 1.43255 3.05371 0.021945 0.000941906 
75.3883 0.00982793 -0.64518 1.49855 -3.12654 0.0636684 0.0289048 0.0118441 -0.0782434 1.43255 3.05371 0.021945 0.000941906 
75.4183 0.00982184 -0.645129 1.49843 -3.12643 0.0658583 0.02988 0.0119471 -0.0783046 1.4346 3.06859 0.0117955 0.000182949 
75.4489 0.0099382 -0.644289 1.49644 -3.13048 0.0587528 0.0267125 0.0119471 -0.0783046 1.4346 3.06859 0.0117955 0.000182949 
75.4758 0.00998431 -0.644553 1.49706 -3.12974 0.061484 0.0278806 0.012003 -0.077611 1.43664 -2.97693 0.0158552 2.0342e-05 
75.5057 0.0101634 -0.64459 1.49714 -3.13072 0.0604655 0.0273437 0.012003 -0.077611 1.43664 -2.97693 0.0158552 2.0342e-05 
75.54 0.0100595 -0.64466 1.49731 -3.12982 0.0618838 0.0280103 0.012003 -0.077611 1.43664 -2.97693 0.0158552 2.0342e-05 
75.5702 0.010418 -0.643169 1.49378 -3.13857 0.0477198 0.0216466 0.0121256 -0.0783223 1.43459 -0.0784807 3.14069 3.14091 
75.5997 0.0104464 -0.643313 1.49425 -3.13994 0.0550692 0.0223377 0.0121256 -0.0783223 1.43459 -0.0784807 3.14069 3.14091 
75.6305 0.0104963 -0.643636 1.49501 -3.13895 0.0571804 0.0232359 0.0121256 -0.0783223 1.43459 -0.0784807 3.14069 3.14091 
75.6605 0.0104963 -0.643636 1.49501 -3.13895 0.0571804 0.0232359 0.0121256 -0.0783223 1.43459 -0.0784807 3.14069 3.14091 
75.6909 0.0105516 -0.64403 1.49594 -3.13761 0.0584244 0.0237644 0.0121899 -0.0782637 1.4327 -0.0916882 -3.13198 3.14019 
75.7168 0.0105517 -0.644783 1.49771 -3.13426 0.0646989 0.0265031 0.0122674 -0.0781933 1.43096 -0.0987938 -3.13341 3.14027 
75.7474 0.0105517 -0.644783 1.49771 -3.13426 0.0646989 0.0265031 0.0122834 -0.0781812 1.431 -0.094464 3.1389 3.14103 
75.7776 0.0106088 -0.644447 1.49692 -3.13617 0.0594155 0.0241849 0.0122834 -0.0781812 1.431 -0.094464 3.1389 3.14103 
75.8082 0.0105517 -0.644783 1.49771 -3.13426 0.0646989 0.0265031 0.0122834 -0.0781812 1.431 -0.094464 3.1389 3.14103 
75.8391 0.0106106 -0.645222 1.49874 -3.13269 0.0654138 0.0268063 0.0122834 -0.0781812 1.431 -0.094464 3.1389 3.14103 
75.8724 0.0106106 -0.645222 1.49874 -3.13269 0.0654138 0.0268063 0.0122834 -0.0781812 1.431 -0.094464 3.1389 3.14103 
75.8984 0.0105517 -0.644783 1.49771 -3.13426 0.0646989 0.0265031 0.0122834 -0.0781812 1.431 -0.094464 3.1389 3.14103 
75.9288 0.0105517 -0.644783 1.49771 -3.13426 0.0646989 0.0265031 0.0122674 -0.0781933 1.43096 -0.0987938 -3.13341 3.14027 
75.959 0.0105517 -0.644783 1.49771 -3.13426 0.0646989 0.0265031 0.0122834 -0.0781812 1.431 -0.094464 3.1389 3.14103 
75.9897 0.0106106 -0.645222 1.49874 -3.13269 0.0654138 0.0268063 0.0122674 -0.0781933 1.43096 -0.0987938 -3.13341 3.14027 
76.0196 0.0106106 -0.645222 1.49874 -3.13269 0.0654138 0.0268063 0.0121899 -0.0782637 1.4327 -0.0916882 -3.13198 3.14019 
76.0503 0.0105779 -0.645056 1.49822 -3.13152 0.0588574 0.0264534 0.0122058 -0.0782516 1.43276 -0.0870721 3.14032 3.14092 
76.0806 0.0105517 -0.644783 1.49771 -3.13426 0.0646989 0.0265031 0.0121254 -0.0783224 1.43459 -0.0784642 3.14064 3.14089 
76.1107 0.0105517 -0.644783 1.49771 -3.13426 0.0646989 0.0265031 0.0121256 -0.0783223 1.43459 -0.0784807 3.14069 3.14091 
76.1417 0.0104927 -0.644284 1.49678 -3.13943 0.0635105 0.0258295 0.0121253 -0.0783223 1.43459 -0.0784773 3.14062 3.1409 
76.1755 0.0104648 -0.64417 1.49638 -3.13801 0.056081 0.0252666 0.0120587 -0.0783724 1.43648 3.07868 0.0121469 0.000219109 
76.2066 0.0104648 -0.64417 1.49638 -3.13801 0.056081 0.0252666 0.0120585 -0.0783725 1.43647 3.07866 0.0121976 0.000190749 
76.2361 0.0102541 -0.642678 1.49312 3.13709 0.0493957 0.0218043 0.012003 -0.077611 1.43664 -2.97693 0.0158552 2.0342e-05 
76.2633 0.0101738 -0.64292 1.49381 3.13708 0.0452949 0.0222411 0.012003 -0.077611 1.43664 -2.97693 0.0158552 2.0342e-05 
76.2929 0.0100753 -0.644669 1.49802 -3.13982 0.0395035 0.026722 0.012003 -0.077611 1.43664 -2.97693 0.0158552 2.0342e-05 
76.3234 0.00990164 -0.645063 1.49909 -3.13944 0.0472059 0.0274643 0.0119471 -0.0783046 1.4346 3.06859 0.0117955 0.000182949 
76.3578 0.0096507 -0.643668 1.49567 -3.1395 0.0122744 0.0151868 0.0119471 -0.0783046 1.4346 3.06859 0.0117955 0.000182949 
76.3838 0.0096308 -0.64583 1.50049 -3.12359 0.0592926 0.0288027 0.0118441 -0.0782434 1.43255 3.05371 0.021945 0.000941906 
76.4139 0.00961463 -0.646366 1.50175 -3.12174 0.0656541 0.0315694 0.0118441 -0.0782434 1.43255 3.05371 0.021945 0.000941906 
76.4441 0.00935134 -0.648033 1.50596 -3.11204 0.0605324 0.0337816 0.0116415 -0.0781072 1.42888 3.03475 0.0292106 0.00140318 
76.4744 0.00943827 -0.646056 1.50683 0.787847 -3.09545 3.12842 0.0116415 -0.0781072 1.42888 3.03475 0.0292106 0.00140318 
76.5047 0.00929417 -0.646518 1.50748 0.781454 -3.09554 3.12706 0.010473 -0.0772361 1.40832 2.96073 0.0414221 0.0020373 
76.5351 0.00883061 -0.651736 1.52011 -2.37466 -0.0241032 0.00389091 0.0099681 -0.0768719 1.40067 2.94587 0.00941293 6.35156e-06 
76.5651 0.00878702 -0.651078 1.51838 0.767568 -3.11719 3.14148 0.0099681 -0.0768719 1.40067 2.94587 0.00941293 6.35156e-06 
76.5954 0.00882905 -0.650757 1.51752 0.776079 -3.10541 3.12984 0.0099681 -0.0768719 1.40067 2.94587 0.00941293 6.35156e-06 
76.6257 0.00865112 -0.654086 1.52065 -3.09384 -0.010408 0.0152612 0.0099681 -0.0768719 1.40067 2.94587 0.00941293 6.35156e-06 
76.6563 0.00851093 -0.65424 1.5206 -3.09812 0.0265911 0.0166268 0.0099681 -0.0768719 1.40067 2.94587 0.00941293 6.35156e-06 
76.6864 0.00852198 -0.654266 1.52083 -3.09524 0.0224526 0.0168273 0.0099681 -0.0768719 1.40067 2.94587 0.00941293 6.35156e-06 
76.7169 0.00847993 -0.654758 1.52199 -3.09369 0.0189153 0.0152618 0.0099681 -0.0768719 1.40067 2.94587 0.00941293 6.35156e-06 
76.7467 0.00832961 -0.653924 1.52048 -3.10124 -0.00878987 0.0149454 0.0099681 -0.0768719 1.40067 2.94587 0.00941293 6.35156e-06 
76.7772 0.00846481 -0.655239 1.52333 -3.09571 0.00584717 0.0127796 0.0099681 -0.0768719 1.40067 2.94587 0.00941293 6.35156e-06 
76.8074 0.00824342 -0.653223 1.51882 -3.10468 -0.00367758 0.0171395 0.0099681 -0.0768719 1.40067 2.94587 0.00941293 6.35156e-06 
76.8378 0.00820865 -0.653622 1.51986 -3.1053 -0.011705 0.0148572 0.0099681 -0.0768719 1.40067 2.94587 0.00941293 6.35156e-06 
76.8677 0.00822159 -0.653564 1.51984 -3.10714 -0.0161687 0.0145879 0.0099681 -0.0768719 1.40067 2.94587 0.00941293 6.35156e-06 
76.8983 0.0079336 -0.651976 1.51613 -3.11135 -0.00868001 0.0183316 0.00994296 -0.0768965 1.40111 -0.195953 3.13899 3.14113 
76.9284 0.007751 -0.650641 1.51306 -3.12336 0.00584467 0.0213955 0.0099681 -0.0768719 1.40067 2.94587 0.00941293 6.35156e-06 
76.9583 0.00772424 -0.651134 1.51413 -3.11614 -0.00375353 0.0192336 0.00993681 -0.0769037 1.40131 -0.19482 3.13628 3.14131 
76.9892 0.00747117 -0.649768 1.51089 -3.12268 -0.00421835 0.0200985 0.00844631 -0.078324 1.43467 -0.0782492 -3.14025 3.14082 
77.0196 0.00737949 -0.6492 1.50944 -3.12357 0.00400087 0.0212569 0.00844631 -0.078324 1.43467 -0.0782492 -3.14025 3.14082 
77.0493 0.00735446 -0.649094 1.50933 -3.12595 0.0104597 0.0215315 0.00844631 -0.078324 1.43467 -0.0782492 -3.14025 3.14082 
77.0798 0.00737949 -0.6492 1.50944 -3.12357 0.00400087 0.0212569 0.00837453 -0.078374 1.43655 3.07892 0.00991098 0.000118006 
77.1103 0.00729887 -0.648641 1.50801 -3.12426 0.00921099 0.022142 0.00837453 -0.078374 1.43655 3.07892 0.00991098 0.000118006 
77.1408 0.00731094 -0.648629 1.5081 -3.12588 0.0056757 0.0219654 0.00831956 -0.0776158 1.43673 0.164187 3.12825 3.14153 
77.1706 0.00729032 -0.648632 1.50796 -3.12377 0.0115932 0.0222518 0.00831956 -0.0776158 1.43673 0.164187 3.12825 3.14153 
77.2011 0.00717203 -0.647523 1.50546 -3.12981 0.00987473 0.0230453 0.00816883 -0.0782445 1.43262 3.05385 0.0200251 0.000837724 
77.2316 0.00708218 -0.646864 1.50403 -3.13414 0.0171799 0.0235453 0.00807447 -0.0781773 1.43061 3.04119 0.029318 0.0014388 
77.2615 0.00710857 -0.646998 1.50422 -3.13181 0.0105686 0.0233378 0.00789923 -0.0780369 1.42677 3.02075 0.0446464 0.00230431 
77.2916 0.00708561 -0.646964 1.50402 -3.1303 0.0169472 0.0236139 0.00758663 -0.077783 1.42058 2.99583 0.0545293 0.00279043 
77.3219 0.00704651 -0.646486 1.50301 -3.13371 0.0109761 0.0235092 0.00749246 -0.0777155 1.41906 2.99136 0.0517234 0.00264054 
77.3523 0.00698815 -0.647009 1.50424 -3.13135 0.0149777 0.0252644 0.00723488 -0.0774888 1.41373 2.97214 0.061649 0.00311838 
77.3827 0.00686978 -0.647023 1.50428 -3.13086 0.0187575 0.026923 0.00701247 -0.0773027 1.40952 2.95908 0.0639976 0.00321976 
77.4133 0.00681107 -0.646544 1.50315 -3.13259 0.0185147 0.0268184 0.00675565 -0.0770964 1.40495 2.94635 0.0626922 0.00314457 
77.4435 0.00644319 -0.648352 1.5073 -3.12214 0.0411361 0.0342611 0.0064454 -0.0769277 1.40182 2.94728 0.0151524 0.000430071 
77.474 0.00632334 -0.648336 1.50715 -3.1232 0.046345 0.035878 0.00645196 -0.0769338 1.40198 2.94805 0.013628 0.000328994 
77.5038 0.00631123 -0.648166 1.50699 -3.12741 0.0486522 0.0357663 0.00645196 -0.0769338 1.40198 2.94805 0.013628 0.000328994 
77.534 0.00631123 -0.648166 1.50699 -3.12741 0.0486522 0.0357663 0.0063758 -0.0768736 1.40074 -0.195635 3.13435 3.14149 
77.5648 0.00632334 -0.648336 1.50715 -3.1232 0.046345 0.035878 0.0063758 -0.0768736 1.40074 -0.195635 3.13435 3.14149 
77.5944 0.00632334 -0.648336 1.50715 -3.1232 0.046345 0.035878 0.0063758 -0.0768736 1.40074 -0.195635 3.13435 3.14149 
77.6246 0.00605752 -0.648104 1.5066 -3.12305 0.0460973 0.0358645 0.0063758 -0.0768736 1.40074 -0.195635 3.13435 3.14149 
77.6556 0.00599065 -0.64929 1.5094 -3.1179 0.0546324 0.039639 0.0063758 -0.0768736 1.40074 -0.195635 3.13435 3.14149 
77.6852 0.00593315 -0.648871 1.50842 -3.11889 0.0559056 0.0402457 0.0063758 -0.0768736 1.40074 -0.195635 3.13435 3.14149 
77.7159 0.00598103 -0.648354 1.50708 -3.11974 0.0555456 0.0382992 0.0063758 -0.0768736 1.40074 -0.195635 3.13435 3.14149 
77.746 0.00608873 -0.649131 1.5089 -3.1175 0.0562073 0.0385264 0.0063758 -0.0768736 1.40074 -0.195635 3.13435 3.14149 
77.777 0.00592489 -0.649608 1.51015 -3.11602 0.0605367 0.0419632 0.0063758 -0.0768736 1.40074 -0.195635 3.13435 3.14149 
77.8066 0.00607262 -0.648165 1.50627 -3.11586 0.0596039 0.0376464 0.0063758 -0.0768736 1.40074 -0.195635 3.13435 3.14149 
77.8372 0.00619925 -0.647266 1.50417 -3.12002 0.0661493 0.036657 0.0063758 -0.0768736 1.40074 -0.195635 3.13435 3.14149 
77.8681 0.00623097 -0.648469 1.50699 -3.11489 0.0615538 0.0389456 0.0063758 -0.0768736 1.40074 -0.195635 3.13435 3.14149 
77.8978 0.00620572 -0.647084 1.50351 -3.1171 0.0805566 0.0380555 0.0063758 -0.0768736 1.40074 -0.195635 3.13435 3.14149 
77.9279 0.0062518 -0.647646 1.50506 -3.11867 0.0675098 0.0372381 0.0063758 -0.0768736 1.40074 -0.195635 3.13435 3.14149 
77.9581 0.00632769 -0.648334 1.50655 -3.1143 0.0633412 0.0376178 0.0063758 -0.0768736 1.40074 -0.195635 3.13435 3.14149 
77.9885 0.00634864 -0.64669 1.50264 -3.12558 0.0663086 0.0342703 0.0063758 -0.0768736 1.40074 -0.195635 3.13435 3.14149 
78.0189 0.00663395 -0.644676 1.49808 3.14017 0.0468569 0.0249826 0.00644866 -0.0769308 1.4019 2.94766 0.014391 0.000379722 
78.0507 0.0065442 -0.646642 1.5024 -3.12506 0.0535205 0.0311505 0.0065811 -0.077022 1.40369 2.94896 0.0316906 0.00147025 
78.0795 0.00675084 -0.645663 1.50016 -3.13619 0.0477568 0.0258343 0.00701247 -0.0773027 1.40952 2.95908 0.0639976 0.00321976 
78.1097 0.0068991 -0.645949 1.50099 -3.13362 0.050291 0.0243605 0.00729571 -0.0775419 1.41496 2.9763 0.0599229 0.0030381 
78.1397 0.00696382 -0.646491 1.50227 -3.1316 0.0492974 0.0242475 0.00749246 -0.0777155 1.41906 2.99136 0.0517234 0.00264054 
78.1704 0.00690866 -0.647039 1.50309 -3.1216 0.0547783 0.0270769 0.0080665 -0.0781739 1.43082 3.04577 0.0194232 0.000815315 
78.2008 0.00690866 -0.647039 1.50309 -3.1216 0.0547783 0.0270769 0.00807495 -0.0781775 1.43062 3.0414 0.0287471 0.00143233 
78.2307 0.00710354 -0.648737 1.50709 -3.11485 0.0524577 0.0260844 0.00816871 -0.0782441 1.4326 3.05365 0.0200649 0.000870759 
78.261 0.00717891 -0.648419 1.50648 -3.11465 0.0430441 0.023843 0.00816871 -0.0782441 1.4326 3.05365 0.0200649 0.000870759 
78.2909 0.00725452 -0.649101 1.50801 -3.1157 0.0396529 0.0226447 0.00816871 -0.0782441 1.4326 3.05365 0.0200649 0.000870759 
78.3217 0.00725452 -0.649101 1.50801 -3.1157 0.0396529 0.0226447 0.00836708 -0.0783599 1.43676 -0.0551424 3.14115 3.14084 
78.352 0.00756218 -0.65126 1.51285 -3.11404 0.0491301 0.0211489 0.00844533 -0.0783238 1.43466 -0.0783701 -3.14053 3.14083 
78.3817 0.00763302 -0.651881 1.51445 -3.10931 0.049417 0.0195578 0.00844533 -0.0783238 1.43466 -0.0783701 -3.14053 3.14083 
78.4135 0.00782549 -0.653739 1.5187 -3.10313 0.0379785 0.0163118 0.00847848 -0.0782808 1.43446 3.07298 0.0196727 0.00103174 
78.4423 0.00784165 -0.653912 1.51897 -3.10441 0.0338335 0.0163327 0.00852885 -0.0782543 1.43288 -0.0864349 -3.1415 3.14089 
78.4726 0.00782549 -0.653739 1.5187 -3.10313 0.0379785 0.0163118 0.00861258 -0.0781827 1.43107 -0.0943588 3.14095 3.14095 
78.503 0.00807303 -0.653195 1.5173 -3.09673 0.0383614 0.0198298 0.00863207 -0.0781623 1.43087 3.05019 0.00986191 8.544e-05 
78.533 0.00821008 -0.653564 1.51818 -3.09404 0.0374693 0.0194893 0.00905025 -0.0766494 1.42312 0.232284 -3.12938 3.14084 
78.5636 0.00821008 -0.653564 1.51818 -3.09404 0.0374693 0.0194893 0.00992017 -0.0769199 1.40177 2.94956 0.0124146 0.00022249 
78.5941 0.00821008 -0.653564 1.51818 -3.09404 0.0374693 0.0194893 0.00996769 -0.0768716 1.40066 2.94582 0.00951981 1.37631e-05 
78.6241 0.00884202 -0.650949 1.51705 0.767124 -3.10427 3.12849 0.00998522 -0.0768836 1.40083 2.94484 0.0164476 0.000457127 
78.6549 0.00884202 -0.650949 1.51705 0.767124 -3.10427 3.12849 0.0099681 -0.0768719 1.40067 2.94587 0.00941293 6.35156e-06 
78.6842 0.0091571 -0.64711 1.50818 0.779323 -3.0946 3.12386 0.0099681 -0.0768719 1.40067 2.94587 0.00941293 6.35156e-06 
78.7148 0.0091571 -0.64711 1.50818 0.779323 -3.0946 3.12386 0.0099681 -0.0768719 1.40067 2.94587 0.00941293 6.35156e-06 
78.7451 0.0093227 -0.646294 1.50645 0.788204 -3.08863 3.11963 0.0101719 -0.0770109 1.40338 2.94781 0.0358165 0.00169803 
78.7757 0.00931761 -0.646258 1.50633 0.784166 -3.08546 3.11824 0.0102842 -0.0770805 1.40478 2.94953 0.0465864 0.00231324 
78.8054 0.00925258 -0.646075 1.5058 0.783397 -3.09468 3.12389 0.0105603 -0.077272 1.4089 2.9591 0.0574694 0.00290257 
78.8358 0.00946301 -0.644941 1.5033 0.788865 -3.08927 3.11988 0.0106027 -0.0773232 1.41017 2.96462 0.0487512 0.00244953 
78.8663 0.00941828 -0.645353 1.50425 0.787389 -3.08818 3.11941 0.0117235 -0.0781625 1.43079 3.04931 0.0132143 0.00025957 
78.896 0.00952773 -0.645344 1.50423 0.787118 -3.08523 3.11817 0.0117234 -0.0781614 1.43082 3.05014 0.0114489 0.000149768 
78.9264 0.00937045 -0.647285 1.50352 -3.11537 0.0687091 0.0313879 0.011843 -0.078243 1.43254 3.05358 0.0222617 0.000935793 
78.9563 0.00941543 -0.646712 1.50217 -3.11727 0.0707009 0.0322709 0.0118441 -0.0782434 1.43255 3.05371 0.021945 0.000941906 
78.9867 0.00949515 -0.645943 1.50036 -3.1211 0.0564073 0.0259407 0.0118441 -0.0782434 1.43255 3.05371 0.021945 0.000941906 
79.0171 0.00960612 -0.646318 1.50123 -3.12088 0.0690932 0.0313851 0.0118441 -0.0782434 1.43255 3.05371 0.021945 0.000941906 
79.0473 0.00978352 -0.644944 1.49799 -3.12715 0.0606462 0.0276108 0.0119471 -0.0783046 1.4346 3.06859 0.0117955 0.000182949 
79.0778 0.00976179 -0.645069 1.49829 -3.12642 0.0626238 0.0284868 0.0119471 -0.0783046 1.4346 3.06859 0.0117955 0.000182949 
79.1091 0.00978645 -0.645028 1.49819 -3.12639 0.0613865 0.0279659 0.012003 -0.077611 1.43664 -2.97693 0.0158552 2.0342e-05 
79.1384 0.0098798 -0.64471 1.49744 -3.12843 0.0624519 0.02836 0.012003 -0.077611 1.43664 -2.97693 0.0158552 2.0342e-05 
79.1682 0.00997028 -0.64435 1.49659 -3.13071 0.0637677 0.0288543 0.0120584 -0.0783725 1.43647 3.07863 0.0122287 0.000193465 
79.1989 0.0100948 -0.644452 1.49682 -3.13101 0.058662 0.0265861 0.012003 -0.077611 1.43664 -2.97693 0.0158552 2.0342e-05 
79.2291 0.00998431 -0.644553 1.49706 -3.12974 0.061484 0.0278806 0.0120585 -0.0783725 1.43647 3.07866 0.0121976 0.000190749 
79.2591 0.0102357 -0.644417 1.49673 -3.13229 0.0618263 0.0278661 0.0120585 -0.0783725 1.43647 3.07866 0.0121976 0.000190749 
79.2893 0.0102473 -0.643693 1.49502 -3.1354 0.0547369 0.0247664 0.0121253 -0.0783223 1.43459 -0.0784773 3.14062 3.1409 
79.3199 0.0104719 -0.643549 1.49467 -3.13732 0.0492246 0.0222861 0.0121256 -0.0783223 1.43459 -0.0784807 3.14069 3.14091 
79.3503 0.0105221 -0.64388 1.49545 -3.13631 0.0513459 0.0231872 0.0120587 -0.0783725 1.43648 3.07867 0.0121259 0.000194636 
79.3803 0.0106349 -0.644699 1.49738 -3.1335 0.0535627 0.0241281 0.0122215 -0.0782338 1.4327 3.05909 0.0119649 0.000172117 
79.4105 0.0106349 -0.644699 1.49738 -3.1335 0.0535627 0.0241281 0.0122674 -0.0781933 1.43096 -0.0987938 -3.13341 3.14027 
79.4405 0.0106349 -0.644699 1.49738 -3.1335 0.0535627 0.0241281 0.0121897 -0.0782638 1.4327 -0.0916737 -3.13207 3.14018 
79.471 0.0106349 -0.644699 1.49738 -3.1335 0.0535627 0.0241281 0.0126846 -0.0777756 1.42067 -0.141007 -3.12469 3.13978 
79.5009 0.0105779 -0.645056 1.49822 -3.13152 0.0588574 0.0264534 0.0122834 -0.0781812 1.431 -0.094464 3.1389 3.14103 
79.5314 0.0106349 -0.644699 1.49738 -3.1335 0.0535627 0.0241281 0.0122834 -0.0781812 1.431 -0.094464 3.1389 3.14103 
79.5614 0.0106349 -0.644699 1.49738 -3.1335 0.0535627 0.0241281 0.0122674 -0.0781933 1.43096 -0.0987938 -3.13341 3.14027 
79.5918 0.0105779 -0.645056 1.49822 -3.13152 0.0588574 0.0264534 0.0122834 -0.0781812 1.431 -0.094464 3.1389 3.14103 
79.6226 0.0105517 -0.644783 1.49771 -3.13426 0.0646989 0.0265031 0.012206 -0.0782515 1.43275 -0.0870867 3.14038 3.14094 
79.6525 0.0104947 -0.644371 1.49674 -3.13569 0.063683 0.0260715 0.0121899 -0.0782637 1.4327 -0.0916882 -3.13198 3.14019 
79.6833 0.0104947 -0.644371 1.49674 -3.13569 0.063683 0.0260715 0.0121254 -0.0783224 1.43459 -0.0784642 3.14064 3.14089 
79.7142 0.0104947 -0.644371 1.49674 -3.13569 0.063683 0.0260715 0.0121254 -0.0783224 1.43459 -0.0784642 3.14064 3.14089 
79.7438 0.00978171 -0.644991 1.49824 -3.12881 0.0716004 0.0298526 0.012003 -0.077611 1.43664 -2.97693 0.0158552 2.0342e-05 
79.7737 0.00973774 -0.644771 1.49772 -3.12938 0.0686051 0.0285673 0.012003 -0.077611 1.43664 -2.97693 0.0158552 2.0342e-05 
79.8039 0.00973774 -0.644771 1.49772 -3.12938 0.0686051 0.0285673 0.012003 -0.077611 1.43664 -2.97693 0.0158552 2.0342e-05 
79.8345 0.00933464 -0.645989 1.50587 0.787354 -3.08418 3.1155 0.0105389 -0.0772903 1.40957 2.96493 0.0391084 0.00190941 
79.8648 0.00922469 -0.647228 1.50886 0.779935 -3.08842 3.11986 0.0102648 -0.0770783 1.40483 2.95117 0.0392138 0.00190005 
79.8965 0.00917572 -0.647791 1.51015 0.777663 -3.08882 3.12004 0.0102354 -0.077063 1.40456 2.95153 0.0338934 0.00158781 
79.9265 0.00928745 -0.646489 1.50702 0.785436 -3.08395 3.11541 0.0101403 -0.0769926 1.40304 2.94788 0.0309476 0.00140681 
79.9594 0.00907518 -0.649008 1.51295 0.772607 -3.09051 3.12079 0.0099681 -0.0768719 1.40067 2.94587 0.00941293 6.35156e-06 
79.9868 0.00909023 -0.648801 1.51234 0.776081 -3.08593 3.11629 0.0099681 -0.0768719 1.40067 2.94587 0.00941293 6.35156e-06 
80.0203 0.00901241 -0.649816 1.51494 0.770546 -3.0947 3.12437 0.0099681 -0.0768719 1.40067 2.94587 0.00941293 6.35156e-06 
80.0502 0.00893643 -0.649583 1.51428 0.769987 -3.103 3.12975 0.0099681 -0.0768719 1.40067 2.94587 0.00941293 6.35156e-06 
80.0812 0.00885177 -0.650539 1.51676 0.774038 -3.09981 3.12393 0.0099681 -0.0768719 1.40067 2.94587 0.00941293 6.35156e-06 
80.1116 0.00882937 -0.650946 1.51741 0.764011 -3.1068 3.13139 0.0099681 -0.0768719 1.40067 2.94587 0.00941293 6.35156e-06 
80.137 0.00844711 -0.652956 1.51693 -3.09157 0.0384845 0.0220265 0.0099681 -0.0768719 1.40067 2.94587 0.00941293 6.35156e-06 
80.1675 0.00847578 -0.654056 1.51995 -3.09538 0.0382707 0.0176067 0.0099681 -0.0768719 1.40067 2.94587 0.00941293 6.35156e-06 
80.2015 0.0083823 -0.653281 1.51782 -3.09273 0.0419059 0.0210584 0.0099681 -0.0768719 1.40067 2.94587 0.00941293 6.35156e-06 
80.2281 0.00839042 -0.654097 1.51989 -3.08687 0.0220841 0.0186964 0.0099681 -0.0768719 1.40067 2.94587 0.00941293 6.35156e-06 
80.2619 0.00827633 -0.654093 1.51993 -3.09516 0.0433186 0.0173081 0.0099681 -0.0768719 1.40067 2.94587 0.00941293 6.35156e-06 
80.2888 0.00814724 -0.652784 1.5168 -3.09032 0.0381673 0.0216818 0.0099681 -0.0768719 1.40067 2.94587 0.00941293 6.35156e-06 
80.3187 0.00814542 -0.653776 1.51917 -3.09776 0.0433149 0.0172483 0.0099681 -0.0768719 1.40067 2.94587 0.00941293 6.35156e-06 
80.3485 0.00814542 -0.653776 1.51917 -3.09776 0.0433149 0.0172483 0.0099681 -0.0768719 1.40067 2.94587 0.00941293 6.35156e-06 
80.3812 0.00813911 -0.653823 1.51956 -3.09238 0.011916 0.0165956 0.0099681 -0.0768719 1.40067 2.94587 0.00941293 6.35156e-06 
80.4133 0.00812271 -0.653804 1.5194 -3.09073 0.0171497 0.017043 0.0099681 -0.0768719 1.40067 2.94587 0.00941293 6.35156e-06 
80.4433 0.00798505 -0.652329 1.51619 -3.09693 0.0162312 0.0205287 0.0099681 -0.0768719 1.40067 2.94587 0.00941293 6.35156e-06 
80.4737 0.00794994 -0.652187 1.51582 -3.10212 0.0265957 0.0208093 0.0099681 -0.0768719 1.40067 2.94587 0.00941293 6.35156e-06 
80.5002 0.00792888 -0.652868 1.51729 -3.098 0.0150073 0.0181582 0.00988749 -0.0769547 1.4025 -0.190704 3.13263 3.14157 
80.5306 0.00786014 -0.652132 1.51571 -3.09888 0.0150393 0.0199758 0.00863805 -0.0772765 1.43231 0.19395 -3.12529 3.14083 
80.561 0.00758671 -0.650005 1.51122 -3.11746 -0.000710355 0.0215235 0.00844568 -0.0783238 1.43466 -0.0783775 -3.14042 3.14084 
80.5912 0.00750314 -0.649298 1.5098 -3.12398 0.00428925 0.022646 0.00837382 -0.0783737 1.43653 3.07872 0.0100824 0.0001323 
80.6223 0.00747845 -0.649189 1.50967 -3.12636 0.0107553 0.0229196 0.00827195 -0.0783134 1.43438 3.06172 0.0210979 0.000955475 
80.6526 0.00739015 -0.649175 1.5095 -3.12525 0.000808254 0.021102 0.00826658 -0.0783061 1.43467 3.06881 0.00991105 8.23805e-05 
80.682 0.00735901 -0.649193 1.50932 -3.12211 0.00981692 0.0215483 0.00831956 -0.0776158 1.43673 0.164187 3.12825 3.14153 
80.7118 0.00736744 -0.649216 1.50937 -3.12193 0.00755459 0.0214402 0.00826658 -0.0783061 1.43467 3.06881 0.00991105 8.23805e-05 
80.7424 0.0072782 -0.648618 1.50785 -3.12285 0.0150358 0.0224378 0.00816883 -0.0782445 1.43262 3.05385 0.0200251 0.000837724 
80.7727 0.00729045 -0.6485 1.50801 -3.12952 0.0106038 0.02213 0.00807447 -0.0781773 1.43061 3.04119 0.029318 0.0014388 
80.8032 0.0071315 -0.647381 1.50513 -3.13051 0.020581 0.0234648 0.00816883 -0.0782445 1.43262 3.05385 0.0200251 0.000837724 
80.8379 0.00708561 -0.646964 1.50402 -3.1303 0.0169472 0.0236139 0.00788908 -0.0780403 1.42708 3.02485 0.0347775 0.00174784 
80.8635 0.00710857 -0.646998 1.50422 -3.13181 0.0105686 0.0233378 0.00758663 -0.077783 1.42058 2.99583 0.0545293 0.00279043 
80.8939 0.00708561 -0.646964 1.50402 -3.1303 0.0169472 0.0236139 0.00749246 -0.0777155 1.41906 2.99136 0.0517234 0.00264054 
80.9245 0.00710857 -0.646998 1.50422 -3.13181 0.0105686 0.0233378 0.00685884 -0.0771427 1.40584 2.94671 0.0745086 0.0037038 
80.9545 0.00697228 -0.64599 1.50173 -3.13387 0.0150338 0.0237086 0.00701247 -0.0773027 1.40952 2.95908 0.0639976 0.00321976 
80.9847 0.00698613 -0.645992 1.50185 -3.13551 0.0110516 0.0235399 0.00701247 -0.0773027 1.40952 2.95908 0.0639976 0.00321976 
81.0149 0.00686978 -0.647023 1.50428 -3.13086 0.0187575 0.026923 0.00671286 -0.0770975 1.40513 2.94949 0.0490063 0.00244792 
81.046 0.00681107 -0.646544 1.50315 -3.13259 0.0185147 0.0268184 0.00671286 -0.0770975 1.40513 2.94949 0.0490063 0.00244792 
81.0757 0.00650534 -0.647927 1.50613 -3.13 0.0542542 0.0343796 0.00665639 -0.077049 1.40405 2.94628 0.0499731 0.00249577 
81.1063 0.0064266 -0.648177 1.50702 -3.128 0.0452373 0.0342333 0.00641311 -0.0769033 1.40135 2.94693 0.0106184 0.000126424 
81.1363 0.00643881 -0.648343 1.50716 -3.12381 0.0428993 0.0343298 0.00641311 -0.0769033 1.40135 2.94693 0.0106184 0.000126424 
81.1667 0.00627816 -0.648708 1.50798 -3.12591 0.062492 0.0380678 0.0063758 -0.0768736 1.40074 -0.195635 3.13435 3.14149 
81.1969 0.00632334 -0.648336 1.50715 -3.1232 0.046345 0.035878 0.0063758 -0.0768736 1.40074 -0.195635 3.13435 3.14149 
81.2265 0.00629745 -0.648051 1.5066 -3.12609 0.0528686 0.036031 0.0063758 -0.0768736 1.40074 -0.195635 3.13435 3.14149 
81.2571 0.00632334 -0.648336 1.50715 -3.1232 0.046345 0.035878 0.0063758 -0.0768736 1.40074 -0.195635 3.13435 3.14149 
81.2874 0.00629745 -0.648051 1.5066 -3.12609 0.0528686 0.036031 0.0063758 -0.0768736 1.40074 -0.195635 3.13435 3.14149 
81.3185 0.00620844 -0.648128 1.5065 -3.12623 0.0660592 0.0379078 0.0063758 -0.0768736 1.40074 -0.195635 3.13435 3.14149 
81.3492 0.00629745 -0.648051 1.5066 -3.12609 0.0528686 0.036031 0.0063758 -0.0768736 1.40074 -0.195635 3.13435 3.14149 
81.3784 0.00632334 -0.648336 1.50715 -3.1232 0.046345 0.035878 0.00641311 -0.0769033 1.40135 2.94693 0.0106184 0.000126424 
81.4088 0.00631123 -0.648166 1.50699 -3.12741 0.0486522 0.0357663 0.00648732 -0.0769604 1.40252 2.94872 0.0174527 0.000581325 
81.4391 0.00627816 -0.648708 1.50798 -3.12591 0.062492 0.0380678 0.00648732 -0.0769604 1.40252 2.94872 0.0174527 0.000581325 
81.4695 0.00646889 -0.647696 1.50552 -3.12465 0.0482678 0.0341447 0.0065811 -0.077022 1.40369 2.94896 0.0316906 0.00147025 
81.4996 0.00681009 -0.647523 1.50546 -3.12851 0.023089 0.0288288 0.00677357 -0.0771225 1.40557 2.94882 0.0587511 0.00295149 
81.5296 0.00677416 -0.646436 1.50266 -3.12966 0.0290111 0.0273162 0.00701247 -0.0773027 1.40952 2.95908 0.0639976 0.00321976 
81.5609 0.00686978 -0.647023 1.50428 -3.13086 0.0187575 0.026923 0.00750812 -0.0777095 1.41879 2.98858 0.0600647 0.00305792 
81.5906 0.00707134 -0.64695 1.50387 -3.12867 0.0210163 0.0238167 0.00766434 -0.0778531 1.42231 3.00312 0.0491617 0.00252173 
81.6219 0.00710857 -0.646998 1.50422 -3.13181 0.0105686 0.0233378 0.00788908 -0.0780403 1.42708 3.02485 0.0347775 0.00174784 
81.6508 0.00730733 -0.64866 1.50812 -3.12962 0.00652575 0.0216774 0.00831956 -0.0776158 1.43673 0.164187 3.12825 3.14153 
81.681 0.00741363 -0.649248 1.50954 -3.12297 -0.00536793 0.0208118 0.00831956 -0.0776158 1.43673 0.164187 3.12825 3.14153 
81.7122 0.00733837 -0.64921 1.50914 -3.11879 0.0159428 0.0219072 0.00836708 -0.0783599 1.43676 -0.0551424 3.14115 3.14084 
81.7419 0.00753239 -0.650347 1.51226 -3.12037 -0.00361502 0.019229 0.00844533 -0.0783238 1.43466 -0.0783701 -3.14053 3.14083 
81.7719 0.00746678 -0.6505 1.51184 -3.10822 0.0163835 0.0204641 0.00844596 -0.078324 1.43467 -0.0782417 -3.14036 3.14082 
81.8028 0.00755991 -0.650469 1.51191 -3.1093 0.0257708 0.0221786 0.00844533 -0.0783238 1.43466 -0.0783701 -3.14053 3.14083 
81.8331 0.00748588 -0.649815 1.51037 -3.11212 0.0282723 0.0232511 0.00844596 -0.078324 1.43467 -0.0782417 -3.14036 3.14082 
81.8627 0.00799294 -0.65357 1.51884 -3.09295 0.0166133 0.0167698 0.0099681 -0.0768719 1.40067 2.94587 0.00941293 6.35156e-06 
81.8938 0.00803571 -0.653031 1.51758 -3.09448 0.0222502 0.0190839 0.0099681 -0.0768719 1.40067 2.94587 0.00941293 6.35156e-06 
81.9247 0.00799294 -0.65357 1.51884 -3.09295 0.0166133 0.0167698 0.0099681 -0.0768719 1.40067 2.94587 0.00941293 6.35156e-06 
81.9537 0.00810354 -0.654328 1.52046 -3.09612 0.039247 0.0154515 0.0099681 -0.0768719 1.40067 2.94587 0.00941293 6.35156e-06 
81.9842 0.00816724 -0.653272 1.51816 -3.09227 0.021954 0.0191559 0.0099681 -0.0768719 1.40067 2.94587 0.00941293 6.35156e-06 
82.0138 0.00823418 -0.653644 1.5187 -3.08821 0.0293707 0.0198711 0.0099681 -0.0768719 1.40067 2.94587 0.00941293 6.35156e-06 
82.0445 0.00818559 -0.653195 1.51781 -3.09939 0.0482589 0.0194383 0.0099681 -0.0768719 1.40067 2.94587 0.00941293 6.35156e-06 
82.0748 0.00840269 -0.655259 1.52265 -3.09341 0.0273898 0.0145081 0.0099681 -0.0768719 1.40067 2.94587 0.00941293 6.35156e-06 
82.1049 0.0081642 -0.652871 1.51711 -3.09178 0.0328482 0.0211961 0.0099681 -0.0768719 1.40067 2.94587 0.00941293 6.35156e-06 
82.1354 0.00832562 -0.65261 1.51635 -3.09393 0.0388678 0.0221297 0.0099681 -0.0768719 1.40067 2.94587 0.00941293 6.35156e-06 
82.1659 0.00826532 -0.653036 1.51724 -3.09088 0.0411208 0.0211107 0.0099681 -0.0768719 1.40067 2.94587 0.00941293 6.35156e-06 
82.196 0.00842171 -0.653573 1.51849 -3.0913 0.029595 0.0201069 0.0099681 -0.0768719 1.40067 2.94587 0.00941293 6.35156e-06 
82.2258 0.00840423 -0.653487 1.51818 -3.08984 0.0353252 0.0206257 0.0099681 -0.0768719 1.40067 2.94587 0.00941293 6.35156e-06 
82.2566 0.00876298 -0.650474 1.51609 0.765803 -3.10315 3.13046 0.0099681 -0.0768719 1.40067 2.94587 0.00941293 6.35156e-06 
82.2866 0.00882579 -0.651065 1.51746 0.76386 -3.10894 3.13289 0.0099681 -0.0768719 1.40067 2.94587 0.00941293 6.35156e-06 
82.317 0.00882579 -0.651065 1.51746 0.76386 -3.10894 3.13289 0.0099681 -0.0768719 1.40067 2.94587 0.00941293 6.35156e-06 
82.3474 0.00899975 -0.648827 1.51241 0.771721 -3.09885 3.12627 0.0099681 -0.0768719 1.40067 2.94587 0.00941293 6.35156e-06 
82.3778 0.00901598 -0.648659 1.51189 0.775015 -3.09417 3.12174 0.0099681 -0.0768719 1.40067 2.94587 0.00941293 6.35156e-06 
82.4083 0.0091167 -0.647451 1.50911 0.780007 -3.09249 3.12101 0.0101403 -0.0769926 1.40304 2.94788 0.0309476 0.00140681 
82.4382 0.0091167 -0.647451 1.50911 0.780007 -3.09249 3.12101 0.0101403 -0.0769926 1.40304 2.94788 0.0309476 0.00140681 
82.4684 0.00923944 -0.647019 1.50824 0.783358 -3.084 3.11544 0.0102611 -0.0770742 1.40473 2.95072 0.039993 0.00194412 
82.4989 0.00923944 -0.647019 1.50824 0.783358 -3.084 3.11544 0.0103548 -0.0771187 1.40553 2.95003 0.0546016 0.00274393 
82.5288 0.00933464 -0.645989 1.50587 0.787354 -3.08418 3.1155 0.0103594 -0.0771468 1.40631 2.95474 0.0422847 0.00207934 
82.5591 0.00953533 -0.645059 1.50373 0.790493 -3.08261 3.11485 0.0117367 -0.0781727 1.43078 3.04606 0.0207972 0.000849934 
82.5906 0.00959939 -0.645425 1.50457 0.788904 -3.07828 3.11302 0.0118441 -0.0782434 1.43255 3.05371 0.021945 0.000941906 
82.6245 0.00931387 -0.646877 1.5027 -3.11847 0.0701993 0.0295086 0.0118441 -0.0782434 1.43255 3.05371 0.021945 0.000941906 
82.6501 0.00939904 -0.646508 1.50182 -3.12046 0.0733679 0.0308461 0.0118441 -0.0782434 1.43255 3.05371 0.021945 0.000941906 
82.6801 0.00941531 -0.645999 1.50063 -3.12218 0.0673061 0.0282041 0.0118441 -0.0782434 1.43255 3.05371 0.021945 0.000941906 
82.7106 0.0095492 -0.645949 1.5005 -3.12372 0.0703523 0.0294334 0.0118441 -0.0782434 1.43255 3.05371 0.021945 0.000941906 
82.7407 0.00968084 -0.645089 1.49847 -3.12756 0.0733087 0.0306667 0.0118441 -0.0782434 1.43255 3.05371 0.021945 0.000941906 
82.771 0.00973774 -0.644771 1.49772 -3.12938 0.0686051 0.0285673 0.0118441 -0.0782434 1.43255 3.05371 0.021945 0.000941906 
82.8025 0.00976179 -0.645069 1.49829 -3.12642 0.0626238 0.0284868 0.0118441 -0.0782434 1.43255 3.05371 0.021945 0.000941906 
82.8317 0.00976179 -0.645069 1.49829 -3.12642 0.0626238 0.0284868 0.0118441 -0.0782434 1.43255 3.05371 0.021945 0.000941906 
82.8624 0.0100115 -0.64437 1.49663 -3.13069 0.0594557 0.0269728 0.0119471 -0.0783046 1.4346 3.06859 0.0117955 0.000182949 
82.9482 0.010003 -0.644999 1.49812 -3.12794 0.0665919 0.0301048 0.0119471 -0.0783046 1.4346 3.06859 0.0117955 0.000182949 
82.9855 0.0100948 -0.644452 1.49682 -3.13101 0.058662 0.0265861 0.0119471 -0.0783046 1.4346 3.06859 0.0117955 0.000182949 
83.0059 0.0100115 -0.64437 1.49663 -3.13069 0.0594557 0.0269728 0.012003 -0.077611 1.43664 -2.97693 0.0158552 2.0342e-05 
83.0311 0.0100467 -0.644155 1.49612 -3.1319 0.0562462 0.0255544 0.0119471 -0.0783046 1.4346 3.06859 0.0117955 0.000182949 
83.0617 0.0100467 -0.644155 1.49612 -3.1319 0.0562462 0.0255544 0.012003 -0.077611 1.43664 -2.97693 0.0158552 2.0342e-05 
83.0919 0.0100467 -0.644155 1.49612 -3.1319 0.0562462 0.0255544 0.0118441 -0.0782434 1.43255 3.05371 0.021945 0.000941906 
83.1244 0.00997182 -0.644966 1.4979 -3.12972 0.0605011 0.0291457 0.0119461 -0.0783048 1.43457 3.0681 0.0126617 0.000224222 
83.1552 0.00998431 -0.644553 1.49706 -3.12974 0.061484 0.0278806 0.0118441 -0.0782434 1.43255 3.05371 0.021945 0.000941906 
83.1877 0.00978027 -0.645638 1.49963 -3.12437 0.0754546 0.0340653 0.011843 -0.078243 1.43254 3.05358 0.0222617 0.000935793 
83.2235 0.00974902 -0.645625 1.4996 -3.12396 0.070386 0.0318992 0.0118441 -0.0782434 1.43255 3.05371 0.021945 0.000941906 
83.2483 0.00977751 -0.644898 1.49789 -3.12702 0.0628348 0.0285852 0.0118441 -0.0782434 1.43255 3.05371 0.021945 0.000941906 
83.2788 0.00982793 -0.64518 1.49855 -3.12654 0.0636684 0.0289048 0.0118441 -0.0782434 1.43255 3.05371 0.021945 0.000941906 
83.3088 0.00972626 -0.644958 1.49803 -3.12642 0.0581567 0.0265731 0.0118441 -0.0782434 1.43255 3.05371 0.021945 0.000941906 
83.3395 0.00966965 -0.645311 1.49886 -3.12446 0.0628594 0.028674 0.0118441 -0.0782434 1.43255 3.05371 0.021945 0.000941906 
83.369 0.00967185 -0.645821 1.50006 -3.12318 0.0659045 0.0299619 0.0118441 -0.0782434 1.43255 3.05371 0.021945 0.000941906 
83.3993 0.00962422 -0.645831 1.50009 -3.12251 0.0624041 0.0284806 0.0117367 -0.0781727 1.43078 3.04606 0.0207972 0.000849934 
83.4298 0.00950672 -0.646451 1.50155 -3.11942 0.070477 0.0320718 0.011745 -0.0781767 1.43056 3.04118 0.0311515 0.00153838 
83.4613 0.00939755 -0.646116 1.50077 -3.11945 0.0575105 0.0264991 0.011843 -0.078243 1.43254 3.05358 0.0222617 0.000935793 
83.4904 0.00929324 -0.647 1.50285 -3.1157 0.0607756 0.0279742 0.0117435 -0.078176 1.43055 3.04123 0.0310712 0.00150616 
83.5221 0.00952773 -0.645344 1.50423 0.787118 -3.08523 3.11817 0.0116287 -0.0781003 1.42895 3.03798 0.0211845 0.000838963 
83.5515 0.00947148 -0.644672 1.50283 0.79215 -3.08659 3.11653 0.0105147 -0.0772411 1.40824 2.95756 0.0555435 0.00280159 
83.5817 0.00942671 -0.64508 1.50378 0.790709 -3.0855 3.11606 0.0102842 -0.0770805 1.40478 2.94953 0.0465864 0.00231324 
83.6116 0.0091167 -0.647451 1.50911 0.780007 -3.09249 3.12101 0.0099681 -0.0768719 1.40067 2.94587 0.00941293 6.35156e-06 
83.6422 0.0091167 -0.647451 1.50911 0.780007 -3.09249 3.12101 0.0099681 -0.0768719 1.40067 2.94587 0.00941293 6.35156e-06 
83.6724 0.00901598 -0.648659 1.51189 0.775015 -3.09417 3.12174 0.0099681 -0.0768719 1.40067 2.94587 0.00941293 6.35156e-06 
83.7024 0.00901598 -0.648659 1.51189 0.775015 -3.09417 3.12174 0.0099681 -0.0768719 1.40067 2.94587 0.00941293 6.35156e-06 
83.7329 0.00896421 -0.649308 1.51338 0.772258 -3.09549 3.12231 0.0099681 -0.0768719 1.40067 2.94587 0.00941293 6.35156e-06 
83.7628 0.00901598 -0.648659 1.51189 0.775015 -3.09417 3.12174 0.0099681 -0.0768719 1.40067 2.94587 0.00941293 6.35156e-06 
83.7937 0.00894919 -0.649574 1.51389 0.773094 -3.10052 3.12686 0.0099681 -0.0768719 1.40067 2.94587 0.00941293 6.35156e-06 
83.8234 0.00884202 -0.650949 1.51705 0.767124 -3.10427 3.12849 0.0099681 -0.0768719 1.40067 2.94587 0.00941293 6.35156e-06 
83.8544 0.00884202 -0.650949 1.51705 0.767124 -3.10427 3.12849 0.0099681 -0.0768719 1.40067 2.94587 0.00941293 6.35156e-06 
83.884 0.00839277 -0.653426 1.51787 -3.09289 0.0393847 0.0203962 0.0099681 -0.0768719 1.40067 2.94587 0.00941293 6.35156e-06 
83.9143 0.00835017 -0.653964 1.51913 -3.09118 0.035916 0.018858 0.0099681 -0.0768719 1.40067 2.94587 0.00941293 6.35156e-06 
83.9442 0.00835017 -0.653964 1.51913 -3.09118 0.035916 0.018858 0.0099681 -0.0768719 1.40067 2.94587 0.00941293 6.35156e-06 
83.9747 0.00835017 -0.653964 1.51913 -3.09118 0.035916 0.018858 0.0099681 -0.0768719 1.40067 2.94587 0.00941293 6.35156e-06 
84.0046 0.00821008 -0.653564 1.51818 -3.09404 0.0374693 0.0194893 0.0099681 -0.0768719 1.40067 2.94587 0.00941293 6.35156e-06 
84.036 0.00821008 -0.653564 1.51818 -3.09404 0.0374693 0.0194893 0.0099681 -0.0768719 1.40067 2.94587 0.00941293 6.35156e-06 
84.0712 0.00821008 -0.653564 1.51818 -3.09404 0.0374693 0.0194893 0.00996769 -0.0768716 1.40066 2.94582 0.00951981 1.37631e-05 
84.0958 0.00818131 -0.654135 1.51969 -3.08953 0.0291106 0.017839 0.00996769 -0.0768716 1.40066 2.94582 0.00951981 1.37631e-05 
84.1259 0.0078728 -0.653121 1.51748 -3.10463 0.0402671 0.0178764 0.00921214 -0.0776258 1.41789 3.00028 0.0145098 0.000419235 
84.1567 0.00796341 -0.653439 1.51824 -3.09823 0.0177106 0.0171978 0.00878204 -0.0780242 1.42763 3.03909 0.0178445 0.00075102 
84.1863 0.00799139 -0.65285 1.51675 -3.0982 0.0279752 0.0198584 0.0099681 -0.0768719 1.40067 2.94587 0.00941293 6.35156e-06 
84.217 0.0080095 -0.652908 1.51699 -3.09968 0.0223907 0.0194097 0.00863207 -0.0781623 1.43087 3.05019 0.00986191 8.544e-05 
84.2482 0.00776106 -0.652953 1.51721 -3.1044 0.0432879 0.0170916 0.00852885 -0.0782543 1.43288 -0.0864349 -3.1415 3.14089 
84.2774 0.00782776 -0.652097 1.51536 -3.0999 0.0248791 0.0203183 0.00988749 -0.0769547 1.4025 -0.190704 3.13263 3.14157 
84.3079 0.00782776 -0.652097 1.51536 -3.0999 0.0248791 0.0203183 0.00942027 -0.0774233 1.41319 2.98457 0.0147261 0.000421267 
84.3376 0.00767005 -0.65067 1.512 -3.10634 0.031625 0.0232047 0.00844533 -0.0783238 1.43466 -0.0783701 -3.14053 3.14083 
84.3676 0.007607 -0.651168 1.51306 -3.10341 0.0318138 0.0212991 0.00844596 -0.078324 1.43467 -0.0782417 -3.14036 3.14082 
84.3987 0.00738016 -0.649894 1.51025 -3.11324 0.0226914 0.0213212 0.00844596 -0.078324 1.43467 -0.0782417 -3.14036 3.14082 
84.4293 0.00732418 -0.649276 1.50895 -3.11343 0.020628 0.0222764 0.00844568 -0.0783238 1.43466 -0.0783775 -3.14042 3.14084 
84.4591 0.00732418 -0.649276 1.50895 -3.11343 0.020628 0.0222764 0.00837344 -0.0783737 1.43653 3.07871 0.0101922 0.000126375 
84.4892 0.0073456 -0.649318 1.50915 -3.11483 0.01461 0.0219052 0.00844596 -0.078324 1.43467 -0.0782417 -3.14036 3.14082 
84.5195 0.00725558 -0.64869 1.50757 -3.11586 0.0222208 0.022956 0.00844568 -0.0783238 1.43466 -0.0783775 -3.14042 3.14084 
84.5504 0.00731718 -0.649166 1.50893 -3.11742 0.021893 0.0222521 0.00837416 -0.078374 1.43655 3.07892 0.0100208 0.000112093 
84.5801 0.00725291 -0.648597 1.50759 -3.11971 0.0223261 0.0228658 0.00834583 -0.0782683 1.43286 3.05051 0.0098584 8.55071e-05 
84.6107 0.0072486 -0.648578 1.50754 -3.11982 0.0234589 0.0229207 0.00844631 -0.078324 1.43467 -0.0782492 -3.14025 3.14082 
84.6415 0.00730633 -0.648747 1.50802 -3.12035 0.00781864 0.0221168 0.00831956 -0.0776158 1.43673 0.164187 3.12825 3.14153 
84.6705 0.00731673 -0.648608 1.50814 -3.12723 0.00384711 0.0218669 0.00834583 -0.0782683 1.43286 3.05051 0.0098584 8.55071e-05 
84.7028 0.00703814 -0.64684 1.50355 -3.13704 0.0291945 0.0233027 0.00826658 -0.0783061 1.43467 3.06881 0.00991105 8.23805e-05 
84.732 0.00710567 -0.646989 1.5042 -3.13185 0.0113387 0.023367 0.00826658 -0.0783061 1.43467 3.06881 0.00991105 8.23805e-05 
84.7618 0.00708561 -0.646964 1.50402 -3.1303 0.0169472 0.0236139 0.00826658 -0.0783061 1.43467 3.06881 0.00991105 8.23805e-05 
84.7922 0.00710857 -0.646998 1.50422 -3.13181 0.0105686 0.0233378 0.00826658 -0.0783061 1.43467 3.06881 0.00991105 8.23805e-05 
84.8226 0.00707134 -0.64695 1.50387 -3.12867 0.0210163 0.0238167 0.00826658 -0.0783061 1.43467 3.06881 0.00991105 8.23805e-05 
84.8525 0.0071209 -0.646986 1.50431 -3.13351 0.00696705 0.0231824 0.00816883 -0.0782445 1.43262 3.05385 0.0200251 0.000837724 
84.8823 0.00707134 -0.64695 1.50387 -3.12867 0.0210163 0.0238167 0.00816871 -0.0782441 1.4326 3.05365 0.0200649 0.000870759 
84.9146 0.00710857 -0.646998 1.50422 -3.13181 0.0105686 0.0233378 0.00826701 -0.0783063 1.43465 3.06832 0.010367 0.000151733 
84.9435 0.00708561 -0.646964 1.50402 -3.1303 0.0169472 0.0236139 0.00816883 -0.0782445 1.43262 3.05385 0.0200251 0.000837724 
84.9736 0.00709455 -0.646997 1.5041 -3.13015 0.01459 0.0235216 0.00826658 -0.0783061 1.43467 3.06881 0.00991105 8.23805e-05 
85.0039 0.00708561 -0.646964 1.50402 -3.1303 0.0169472 0.0236139 0.00831956 -0.0776158 1.43673 0.164187 3.12825 3.14153 
85.0398 0.00737949 -0.6492 1.50944 -3.12357 0.00400087 0.0212569 0.00837453 -0.078374 1.43655 3.07892 0.00991098 0.000118006 
85.0644 0.00740096 -0.649191 1.50953 -3.12505 -0.00216527 0.0209661 0.00837453 -0.078374 1.43655 3.07892 0.00991098 0.000118006 
85.0942 0.00735446 -0.649094 1.50933 -3.12595 0.0104597 0.0215315 0.00827195 -0.0783134 1.43438 3.06172 0.0210979 0.000955475 
85.1242 0.00739015 -0.649175 1.5095 -3.12525 0.000808254 0.021102 0.00844631 -0.078324 1.43467 -0.0782492 -3.14025 3.14082 
85.1549 0.00743781 -0.649805 1.51076 -3.1195 0.00556033 0.020594 0.00844596 -0.078324 1.43467 -0.0782417 -3.14036 3.14082 
85.1908 0.00749256 -0.649314 1.50972 -3.12232 0.00751682 0.022814 0.00844596 -0.078324 1.43467 -0.0782417 -3.14036 3.14082 
85.2156 0.00755326 -0.650311 1.51228 -3.12196 -0.00977092 0.0189311 0.00844631 -0.078324 1.43467 -0.0782492 -3.14025 3.14082 
85.2457 0.00751851 -0.650288 1.51225 -3.1225 -3.11224e-05 0.0194069 0.00844631 -0.078324 1.43467 -0.0782492 -3.14025 3.14082 
85.2765 0.00745929 -0.648149 1.50718 -3.13361 0.0154891 0.0254655 0.00844631 -0.078324 1.43467 -0.0782492 -3.14025 3.14082 
85.3064 0.00752887 -0.650254 1.51228 -3.12421 -0.00317968 0.0192583 0.00844596 -0.078324 1.43467 -0.0782417 -3.14036 3.14082 
85.3377 0.00745929 -0.648149 1.50718 -3.13361 0.0154891 0.0254655 0.00844596 -0.078324 1.43467 -0.0782417 -3.14036 3.14082 
85.3673 0.00741581 -0.648653 1.50836 -3.13231 0.0105391 0.0232972 0.00844596 -0.078324 1.43467 -0.0782417 -3.14036 3.14082 
85.402 0.00748609 -0.649247 1.50976 -3.12993 0.00859834 0.0224801 0.00844579 -0.0783241 1.43468 -0.0782254 -3.1404 3.1408 
85.4278 0.00758257 -0.649954 1.51129 -3.12507 -0.000196629 0.0212269 0.00844596 -0.078324 1.43467 -0.0782417 -3.14036 3.14082 
85.458 0.00764211 -0.650626 1.51272 -3.12463 0.00139516 0.0199633 0.00844579 -0.0783241 1.43468 -0.0782254 -3.1404 3.1408 
85.4881 0.00781173 -0.651761 1.51561 -3.11319 -0.0102377 0.0176096 0.00844579 -0.0783241 1.43468 -0.0782254 -3.1404 3.1408 
85.5186 0.00801875 -0.651107 1.51405 -3.11778 0.00161244 0.0222275 0.00991149 -0.076928 1.40201 2.95109 0.0160951 0.000492362 
85.5485 0.00798307 -0.651024 1.51382 -3.12257 0.012378 0.0223892 0.0099681 -0.0768719 1.40067 2.94587 0.00941293 6.35156e-06 
85.5787 0.00811807 -0.652943 1.51826 -3.10865 -0.00496043 0.0170285 0.0099681 -0.0768719 1.40067 2.94587 0.00941293 6.35156e-06 
85.6091 0.00822342 -0.653512 1.51977 -3.10313 -0.0169536 0.0148372 0.0099681 -0.0768719 1.40067 2.94587 0.00941293 6.35156e-06 
85.6409 0.00821034 -0.653575 1.51981 -3.10123 -0.0124297 0.0151282 0.0099681 -0.0768719 1.40067 2.94587 0.00941293 6.35156e-06 
85.6701 0.00824425 -0.653146 1.51881 -3.10256 -0.004424 0.0174553 0.0099681 -0.0768719 1.40067 2.94587 0.00941293 6.35156e-06 
85.7005 0.00833441 -0.654398 1.52096 -3.0991 0.0248382 0.0157787 0.0099681 -0.0768719 1.40067 2.94587 0.00941293 6.35156e-06 
85.7304 0.00833441 -0.654398 1.52096 -3.0991 0.0248382 0.0157787 0.0099681 -0.0768719 1.40067 2.94587 0.00941293 6.35156e-06 
85.7606 0.00842664 -0.655244 1.52296 -3.09498 0.019267 0.0133824 0.0099681 -0.0768719 1.40067 2.94587 0.00941293 6.35156e-06 
85.7911 0.00846861 -0.654747 1.52179 -3.09652 0.023111 0.0150843 0.0099681 -0.0768719 1.40067 2.94587 0.00941293 6.35156e-06 
85.8212 0.00867266 -0.652893 1.52231 0.765107 -3.11061 3.13038 0.0099681 -0.0768719 1.40067 2.94587 0.00941293 6.35156e-06 
85.8514 0.00851093 -0.65424 1.5206 -3.09812 0.0265911 0.0166268 0.0099681 -0.0768719 1.40067 2.94587 0.00941293 6.35156e-06 
85.8823 0.00851092 -0.65424 1.5206 -3.09813 0.0266018 0.0166259 0.0099681 -0.0768719 1.40067 2.94587 0.00941293 6.35156e-06 
85.9121 0.00867266 -0.652893 1.52231 0.765107 -3.11061 3.13038 0.0099681 -0.0768719 1.40067 2.94587 0.00941293 6.35156e-06 
85.9426 0.00874258 -0.651918 1.51968 0.758823 -3.11877 3.14105 0.0099681 -0.0768719 1.40067 2.94587 0.00941293 6.35156e-06 
85.9724 0.00904889 -0.649326 1.51394 0.770042 -3.09779 3.12807 0.0099681 -0.0768719 1.40067 2.94587 0.00941293 6.35156e-06 
86.0029 0.00906036 -0.649185 1.51349 0.76924 -3.09493 3.12508 0.0099681 -0.0768719 1.40067 2.94587 0.00941293 6.35156e-06 
86.033 0.009064 -0.649165 1.51344 0.773323 -3.09335 3.12378 0.0099681 -0.0768719 1.40067 2.94587 0.00941293 6.35156e-06 
86.0637 0.009064 -0.649165 1.51344 0.773323 -3.09335 3.12378 0.0099681 -0.0768719 1.40067 2.94587 0.00941293 6.35156e-06 
86.0938 0.00917572 -0.647791 1.51015 0.777663 -3.08882 3.12004 0.0099681 -0.0768719 1.40067 2.94587 0.00941293 6.35156e-06 
86.1236 0.00916454 -0.647954 1.51065 0.77835 -3.09164 3.12303 0.0099681 -0.0768719 1.40067 2.94587 0.00941293 6.35156e-06 
86.1537 0.00917572 -0.647791 1.51015 0.777663 -3.08882 3.12004 0.0099681 -0.0768719 1.40067 2.94587 0.00941293 6.35156e-06 
86.1842 0.00922469 -0.647228 1.50886 0.779935 -3.08842 3.11986 0.0099681 -0.0768719 1.40067 2.94587 0.00941293 6.35156e-06 
86.215 0.00932002 -0.646195 1.50648 0.783971 -3.08853 3.11989 0.0101188 -0.0769828 1.40292 2.94904 0.0239148 0.000970284 
86.2465 0.00933464 -0.645989 1.50587 0.787354 -3.08418 3.1155 0.0101512 -0.0770037 1.40332 2.94915 0.028628 0.00126537 
86.2753 0.00927374 -0.646713 1.50231 -3.11877 0.0665784 0.027946 0.0108543 -0.0775255 1.41485 2.98044 0.042345 0.00211469 
86.3056 0.00966308 -0.645795 1.50542 0.787329 -3.07456 3.11145 0.0116117 -0.0780869 1.42892 3.04162 0.0112875 0.000135526 
86.3354 0.00959358 -0.64389 1.50103 0.794268 -3.09433 3.11987 0.0116117 -0.0780869 1.42892 3.04162 0.0112875 0.000135526 
86.3656 0.0095492 -0.645949 1.5005 -3.12372 0.0703523 0.0294334 0.0117234 -0.0781614 1.43082 3.05014 0.0114489 0.000149768 
86.3958 0.0095492 -0.645949 1.5005 -3.12372 0.0703523 0.0294334 0.0117367 -0.0781727 1.43078 3.04606 0.0207972 0.000849934 
86.4265 0.0095492 -0.645949 1.5005 -3.12372 0.0703523 0.0294334 0.0117367 -0.0781727 1.43078 3.04606 0.0207972 0.000849934 
86.4565 0.0095492 -0.645949 1.5005 -3.12372 0.0703523 0.0294334 0.0117367 -0.0781727 1.43078 3.04606 0.0207972 0.000849934 
86.4867 0.00960055 -0.645528 1.49951 -3.12554 0.0684692 0.0285896 0.011745 -0.0781767 1.43056 3.04118 0.0311515 0.00153838 
86.5169 0.0095492 -0.645949 1.5005 -3.12372 0.0703523 0.0294334 0.0117367 -0.0781727 1.43078 3.04606 0.0207972 0.000849934 
86.5474 0.0095492 -0.645949 1.5005 -3.12372 0.0703523 0.0294334 0.0118205 -0.0782179 1.43268 -0.07803 3.13907 3.14097 
86.5772 0.0095492 -0.645949 1.5005 -3.12372 0.0703523 0.0294334 0.0117367 -0.0781727 1.43078 3.04606 0.0207972 0.000849934 
86.6077 0.00949186 -0.646259 1.50124 -3.1219 0.0751036 0.0315616 0.0117367 -0.0781727 1.43078 3.04606 0.0207972 0.000849934 
86.6384 0.00943829 -0.646303 1.50121 -3.11909 0.0611412 0.0280628 0.0118441 -0.0782434 1.43255 3.05371 0.021945 0.000941906 
86.6687 0.00941531 -0.645999 1.50063 -3.12218 0.0673061 0.0282041 0.0117367 -0.0781727 1.43078 3.04606 0.0207972 0.000849934 
86.6982 0.00941531 -0.645999 1.50063 -3.12218 0.0673061 0.0282041 0.011843 -0.078243 1.43254 3.05358 0.0222617 0.000935793 
86.7286 0.0094225 -0.646834 1.50246 -3.11729 0.0672535 0.0307242 0.0117367 -0.0781727 1.43078 3.04606 0.0207972 0.000849934 
86.7589 0.00931387 -0.646877 1.5027 -3.11847 0.0701993 0.0295086 0.0116415 -0.0781072 1.42888 3.03475 0.0292106 0.00140318 
86.7894 0.00929001 -0.647224 1.50352 -3.11685 0.0797579 0.0337224 0.0116415 -0.0781072 1.42888 3.03475 0.0292106 0.00140318 
86.8192 0.00931024 -0.647245 1.50329 -3.11672 0.0565767 0.0280195 0.0117367 -0.0781727 1.43078 3.04606 0.0207972 0.000849934 
86.8496 0.00959939 -0.645425 1.50457 0.788904 -3.07828 3.11302 0.0116415 -0.0781072 1.42888 3.03475 0.0292106 0.00140318 
86.8802 0.00929651 -0.647017 1.50289 -3.11562 0.0603376 0.0277777 0.011843 -0.078243 1.43254 3.05358 0.0222617 0.000935793 
86.91 0.00949725 -0.644917 1.50324 0.788396 -3.09436 3.12207 0.0106338 -0.0773372 1.41042 2.96431 0.0536974 0.00271341 
86.9925 0.00934471 -0.645152 1.50367 0.78687 -3.09592 3.12442 0.0104474 -0.0771828 1.40691 2.95324 0.0580726 0.00292685 
87.0229 0.00925258 -0.646075 1.5058 0.783397 -3.09468 3.12389 0.0104474 -0.0771828 1.40691 2.95324 0.0580726 0.00292685 
87.0423 0.00932623 -0.646267 1.50635 0.78397 -3.08687 3.11885 0.0104652 -0.0772275 1.4081 2.95975 0.0430465 0.00212839 
87.0688 0.00923916 -0.646325 1.50625 0.784513 -3.09919 3.12804 0.0102553 -0.0770677 1.40457 2.95002 0.0412123 0.00201309 
87.0985 0.00923916 -0.646325 1.50625 0.784513 -3.09919 3.12804 0.0102553 -0.0770677 1.40457 2.95002 0.0412123 0.00201309 
87.1292 0.00925258 -0.646075 1.5058 0.783397 -3.09468 3.12389 0.0101719 -0.0770109 1.40338 2.94781 0.0358165 0.00169803 
87.1603 0.00919176 -0.64683 1.50742 0.782555 -3.09904 3.12798 0.0101719 -0.0770109 1.40338 2.94781 0.0358165 0.00169803 
87.1932 0.00910798 -0.647671 1.50947 0.777047 -3.09501 3.12404 0.0100441 -0.0769293 1.40184 2.94759 0.0165516 0.000490559 
87.227 0.00905812 -0.648258 1.51082 0.774621 -3.0957 3.12434 0.0099681 -0.0768719 1.40067 2.94587 0.00941293 6.35156e-06 
87.2573 0.0089932 -0.649123 1.51269 0.773212 -3.10143 3.12902 0.00998522 -0.0768836 1.40083 2.94484 0.0164476 0.000457127 
87.2878 0.00897939 -0.64933 1.51308 0.774094 -3.10591 3.13309 0.00998522 -0.0768836 1.40083 2.94484 0.0164476 0.000457127 
87.3143 0.0089932 -0.649123 1.51269 0.773212 -3.10143 3.12902 0.0099681 -0.0768719 1.40067 2.94587 0.00941293 6.35156e-06 
87.3478 0.0089932 -0.649123 1.51269 0.773212 -3.10143 3.12902 0.0099681 -0.0768719 1.40067 2.94587 0.00941293 6.35156e-06 
87.3748 0.00897939 -0.64933 1.51308 0.774094 -3.10591 3.13309 0.00998522 -0.0768836 1.40083 2.94484 0.0164476 0.000457127 
87.4089 0.00842599 -0.65377 1.51842 -3.09143 0.0294903 0.0200189 0.00998522 -0.0768836 1.40083 2.94484 0.0164476 0.000457127 
87.4359 0.00841345 -0.653618 1.51819 -3.09004 0.0332036 0.0199856 0.0099681 -0.0768719 1.40067 2.94587 0.00941293 6.35156e-06 
87.469 0.00841345 -0.653618 1.51819 -3.09004 0.0332036 0.0199856 0.00998522 -0.0768836 1.40083 2.94484 0.0164476 0.000457127 
87.4995 0.00841345 -0.653618 1.51819 -3.09004 0.0332036 0.0199856 0.00998522 -0.0768836 1.40083 2.94484 0.0164476 0.000457127 
87.5295 0.00829493 -0.652468 1.51561 -3.09746 0.0446364 0.022665 0.00998522 -0.0768836 1.40083 2.94484 0.0164476 0.000457127 
87.56 0.00827322 -0.653216 1.51723 -3.09288 0.0351398 0.0207786 0.0099681 -0.0768719 1.40067 2.94587 0.00941293 6.35156e-06 
87.5864 0.00823118 -0.653747 1.51848 -3.09123 0.0313096 0.0190833 0.00996769 -0.0768716 1.40066 2.94582 0.00951981 1.37631e-05 
87.6166 0.00821008 -0.653564 1.51818 -3.09404 0.0374693 0.0194893 0.0099681 -0.0768719 1.40067 2.94587 0.00941293 6.35156e-06 
87.6463 0.00821008 -0.653564 1.51818 -3.09404 0.0374693 0.0194893 0.00996769 -0.0768716 1.40066 2.94582 0.00951981 1.37631e-05 
87.677 0.00821008 -0.653564 1.51818 -3.09404 0.0374693 0.0194893 0.00996769 -0.0768716 1.40066 2.94582 0.00951981 1.37631e-05 
87.7074 0.00822377 -0.65373 1.51844 -3.09536 0.0336847 0.0195109 0.00996769 -0.0768716 1.40066 2.94582 0.00951981 1.37631e-05 
87.738 0.00815013 -0.653015 1.51662 -3.09685 0.0325941 0.021292 0.00999955 -0.07691 1.40062 2.94863 0.000244922 0.0016013 
87.7678 0.00798026 -0.652307 1.51521 -3.10084 0.0429213 0.0217921 0.00996769 -0.0768716 1.40066 2.94582 0.00951981 1.37631e-05 
87.7984 0.00795399 -0.653038 1.51679 -3.10052 0.0346975 0.0198812 0.00996769 -0.0768716 1.40066 2.94582 0.00951981 1.37631e-05 
87.8289 0.0078487 -0.652003 1.51448 -3.10316 0.0427875 0.0216842 0.00928543 -0.0775572 1.41602 -0.151306 3.13999 3.14105 
87.859 0.00793906 -0.652862 1.51651 -3.09924 0.0385548 0.019866 0.00903308 -0.0778003 1.42173 -0.13133 3.13956 3.14108 
87.8892 0.00767543 -0.650351 1.51059 -3.11045 0.0500023 0.0247769 0.00863207 -0.0781623 1.43087 3.05019 0.00986191 8.544e-05 
87.9198 0.00756218 -0.65126 1.51285 -3.11404 0.0491301 0.0211489 0.00846006 -0.0783056 1.43465 3.06864 0.010057 0.000112415 
87.9508 0.00756218 -0.65126 1.51285 -3.11404 0.0491301 0.0211489 0.00846006 -0.0783056 1.43465 3.06864 0.010057 0.000112415 
87.9852 0.00746034 -0.65007 1.51001 -3.11508 0.0399743 0.0228517 0.00844533 -0.0783238 1.43466 -0.0783701 -3.14053 3.14083 
88.0102 0.00744205 -0.649766 1.50959 -3.11198 0.0411735 0.0233617 0.00844533 -0.0783238 1.43466 -0.0783701 -3.14053 3.14083 
88.0408 0.00744205 -0.649766 1.50959 -3.11198 0.0411735 0.0233617 0.00844533 -0.0783238 1.43466 -0.0783701 -3.14053 3.14083 
88.0705 0.00736972 -0.64911 1.50805 -3.11473 0.0432964 0.0242648 0.00844533 -0.0783238 1.43466 -0.0783701 -3.14053 3.14083 
88.1014 0.00741471 -0.648482 1.50658 -3.11644 0.0483229 0.0264742 0.00844533 -0.0783238 1.43466 -0.0783701 -3.14053 3.14083 
88.1314 0.00732503 -0.649728 1.50949 -3.1131 0.0378433 0.0218751 0.00844533 -0.0783238 1.43466 -0.0783701 -3.14053 3.14083 
88.1615 0.00727017 -0.64914 1.50826 -3.11313 0.0355285 0.0228365 0.00848999 -0.0783079 1.43379 -0.0728891 -3.11259 3.14095 
88.1925 0.00728943 -0.649217 1.50855 -3.11445 0.030215 0.0224863 0.00836708 -0.0783599 1.43676 -0.0551424 3.14115 3.14084 
88.2221 0.0072015 -0.648539 1.50685 -3.11561 0.0370271 0.0234771 0.00849197 -0.0783054 1.43376 -0.0732656 -3.11195 3.141 
88.2528 0.00727017 -0.64914 1.50826 -3.11313 0.0355285 0.0228365 0.00836708 -0.0783599 1.43676 -0.0551424 3.14115 3.14084 
88.2848 0.0072015 -0.648539 1.50685 -3.11561 0.0370271 0.0234771 0.00836708 -0.0783599 1.43676 -0.0551424 3.14115 3.14084 
88.3138 0.00723913 -0.648668 1.50741 -3.119 0.0265313 0.022792 0.00849197 -0.0783054 1.43376 -0.0732656 -3.11195 3.141 
88.3434 0.0072015 -0.648539 1.50685 -3.11561 0.0370271 0.0234771 0.00836708 -0.0783599 1.43676 -0.0551424 3.14115 3.14084 
88.3739 0.00720244 -0.648539 1.50687 -3.11598 0.0366916 0.0234356 0.00824131 -0.0781971 1.4311 3.04322 0.00919508 1.03359e-05 
88.4035 0.00719636 -0.648431 1.50683 -3.11954 0.037743 0.0233591 0.00826701 -0.0783063 1.43465 3.06832 0.010367 0.000151733 
88.4339 0.00719842 -0.648436 1.50687 -3.11996 0.0371166 0.0233024 0.00816883 -0.0782445 1.43262 3.05385 0.0200251 0.000837724 
88.4644 0.00723749 -0.64855 1.50741 -3.11892 0.0265308 0.0230949 0.00816883 -0.0782445 1.43262 3.05385 0.0200251 0.000837724 
88.4947 0.00719842 -0.648436 1.50687 -3.11996 0.0371166 0.0233024 0.00831956 -0.0776158 1.43673 0.164187 3.12825 3.14153 
88.5247 0.00727289 -0.648723 1.50775 -3.11732 0.017356 0.0226591 0.00826701 -0.0783063 1.43465 3.06832 0.010367 0.000151733 
88.5554 0.0072743 -0.648946 1.50844 -3.11857 0.0331473 0.0228113 0.00831956 -0.0776158 1.43673 0.164187 3.12825 3.14153 
88.5852 0.00730283 -0.649171 1.50879 -3.11975 0.0258368 0.0220931 0.00831956 -0.0776158 1.43673 0.164187 3.12825 3.14153 
88.6156 0.00737949 -0.6492 1.50944 -3.12357 0.00400087 0.0212569 0.00831956 -0.0776158 1.43673 0.164187 3.12825 3.14153 
88.6459 0.00729991 -0.649124 1.50873 -3.11596 0.0267381 0.0225534 0.00826658 -0.0783061 1.43467 3.06881 0.00991105 8.23805e-05 
88.6776 0.00737949 -0.6492 1.50944 -3.12357 0.00400087 0.0212569 0.00826658 -0.0783061 1.43467 3.06881 0.00991105 8.23805e-05 
88.7071 0.0073646 -0.649208 1.50935 -3.12199 0.00832146 0.021477 0.00831956 -0.0776158 1.43673 0.164187 3.12825 3.14153 
88.7364 0.00757508 -0.649899 1.51122 -3.12147 0.00194147 0.0216515 0.00844631 -0.078324 1.43467 -0.0782492 -3.14025 3.14082 
88.7668 0.00753239 -0.650347 1.51226 -3.12037 -0.00361502 0.019229 0.00844596 -0.078324 1.43467 -0.0782417 -3.14036 3.14082 
88.7977 0.00757508 -0.649899 1.51122 -3.12147 0.00194147 0.0216515 0.00844533 -0.0783238 1.43466 -0.0783701 -3.14053 3.14083 
88.8276 0.00757508 -0.649899 1.51122 -3.12147 0.00194147 0.0216515 0.00844631 -0.078324 1.43467 -0.0782492 -3.14025 3.14082 
88.8576 0.00744519 -0.648151 1.50703 -3.13589 0.0195861 0.0252478 0.00844596 -0.078324 1.43467 -0.0782417 -3.14036 3.14082 
88.8878 0.00757334 -0.648234 1.50739 -3.13259 0.0182475 0.0267104 0.00844579 -0.0783241 1.43468 -0.0782254 -3.1404 3.1408 
88.9181 0.00763208 -0.650479 1.51266 -3.12484 0.00368093 0.0204043 0.00844579 -0.0783241 1.43468 -0.0782254 -3.1404 3.1408 
88.9482 0.00756822 -0.650006 1.51126 -3.12722 0.00406489 0.0210835 0.00844579 -0.0783241 1.43468 -0.0782254 -3.1404 3.1408 
88.9785 0.00765629 -0.650564 1.51273 -3.12249 -0.00288528 0.0200935 0.00844579 -0.0783241 1.43468 -0.0782254 -3.1404 3.1408 
89.0089 0.0077749 -0.650735 1.51315 -3.12098 -0.000756416 0.0210748 0.00844579 -0.0783241 1.43468 -0.0782254 -3.1404 3.1408 
89.0391 0.00798047 -0.652945 1.51851 -3.10928 -0.0214056 0.0140429 0.00863805 -0.0772765 1.43231 0.19395 -3.12529 3.14083 
89.0699 0.007751 -0.650641 1.51306 -3.12336 0.00584467 0.0213955 0.00856699 -0.0782103 1.4325 3.06229 0.0186681 0.000884057 
89.0997 0.00798047 -0.652945 1.51851 -3.10928 -0.0214056 0.0140429 0.00988749 -0.0769547 1.4025 -0.190704 3.13263 3.14157 
89.1298 0.0078958 -0.650915 1.51359 -3.11941 0.000777944 0.0218019 0.00871812 -0.0780881 1.42898 3.0418 0.00963647 6.30515e-05 
89.16 0.00823255 -0.653448 1.51973 -3.10506 -0.0202165 0.0146495 0.0099681 -0.0768719 1.40067 2.94587 0.00941293 6.35156e-06 
89.1905 0.00809931 -0.651783 1.51565 -3.11471 -0.00237397 0.0205348 0.0099681 -0.0768719 1.40067 2.94587 0.00941293 6.35156e-06 
89.2213 0.00827635 -0.653046 1.51879 -3.10617 -0.015474 0.0167324 0.0099681 -0.0768719 1.40067 2.94587 0.00941293 6.35156e-06 
89.2519 0.00827246 -0.653637 1.51944 -3.10179 0.0206324 0.0177842 0.0099681 -0.0768719 1.40067 2.94587 0.00941293 6.35156e-06 
89.2824 0.0083324 -0.654903 1.52253 -3.09831 0.00732646 0.0133775 0.0099681 -0.0768719 1.40067 2.94587 0.00941293 6.35156e-06 
89.3126 0.00836153 -0.654458 1.52132 -3.1023 0.0157979 0.0150651 0.0099681 -0.0768719 1.40067 2.94587 0.00941293 6.35156e-06 
89.3418 0.00845331 -0.655271 1.52324 -3.09833 0.0101614 0.0126454 0.0099681 -0.0768719 1.40067 2.94587 0.00941293 6.35156e-06 
89.3718 0.00840594 -0.653296 1.5194 -3.10406 -0.016194 0.0164652 0.0099681 -0.0768719 1.40067 2.94587 0.00941293 6.35156e-06 
89.4019 0.00840334 -0.653971 1.52018 -3.10379 0.0195768 0.0167372 0.0099681 -0.0768719 1.40067 2.94587 0.00941293 6.35156e-06 
89.4329 0.00878624 -0.651092 1.51868 0.779221 -3.11403 3.13851 0.0099681 -0.0768719 1.40067 2.94587 0.00941293 6.35156e-06 
89.4632 0.00880227 -0.650916 1.51816 0.774284 -3.11244 3.13682 0.0099681 -0.0768719 1.40067 2.94587 0.00941293 6.35156e-06 
89.4932 0.00903759 -0.64816 1.51155 0.786889 -3.09947 3.1273 0.0099681 -0.0768719 1.40067 2.94587 0.00941293 6.35156e-06 
89.5247 0.00908245 -0.648669 1.51306 -2.36574 -0.0291442 0.00277518 0.0099681 -0.0768719 1.40067 2.94587 0.00941293 6.35156e-06 
89.5535 0.00916748 -0.649046 1.51356 0.78251 -3.08998 3.12366 0.0101512 -0.0770037 1.40332 2.94915 0.028628 0.00126537 
89.5838 0.00922812 -0.648284 1.51168 0.784191 -3.08596 3.12016 0.0101812 -0.0770209 1.40363 2.94892 0.0338325 0.00158162 
89.6142 0.00921736 -0.648444 1.51218 0.7849 -3.08871 3.12312 0.0101512 -0.0770037 1.40332 2.94915 0.028628 0.00126537 
89.6445 0.00937203 -0.646687 1.50801 0.790422 -3.08577 3.12007 0.0102648 -0.0770783 1.40483 2.95117 0.0392138 0.00190005 
89.6748 0.00928154 -0.646534 1.50793 0.786384 -3.09803 3.12936 0.0102648 -0.0770783 1.40483 2.95117 0.0392138 0.00190005 
89.7048 0.00928189 -0.646663 1.50794 0.782213 -3.09853 3.13027 0.010292 -0.0770898 1.40501 2.9505 0.0449349 0.00222336 
89.7356 0.00942618 -0.647247 1.50942 0.789387 -3.08416 3.12118 0.0103362 -0.0771201 1.40565 2.95187 0.0471264 0.0023456 
89.7662 0.00929223 -0.646414 1.50752 0.785476 -3.09547 3.12661 0.010292 -0.0770898 1.40501 2.9505 0.0449349 0.00222336 
89.7967 0.00929417 -0.646518 1.50748 0.781454 -3.09554 3.12706 0.0103362 -0.0771201 1.40565 2.95187 0.0471264 0.0023456 
89.8271 0.00926866 -0.646802 1.50838 0.782988 -3.10171 3.13369 0.0104514 -0.0772118 1.40771 2.958 0.045924 0.00228676 
89.8563 0.00940605 -0.646469 1.50737 0.781379 -3.09195 3.12555 0.0107605 -0.0774596 1.4134 2.97671 0.0388143 0.00190676 
89.8864 0.00934077 -0.64604 1.50638 0.783266 -3.09599 3.12725 0.0116286 -0.0781001 1.42898 3.03853 0.0198496 0.000773309 
89.9183 0.0093595 -0.646946 1.50847 0.779563 -3.09148 3.12535 0.0116117 -0.0780869 1.42892 3.04162 0.0112875 0.000135526 
89.9472 0.00945178 -0.646022 1.50634 0.783039 -3.09273 3.12588 0.0109765 -0.0776204 1.41707 2.98819 0.0399476 0.00198779 
89.9781 0.00949664 -0.645603 1.50537 0.784545 -3.0938 3.12634 0.0116286 -0.0781001 1.42898 3.03853 0.0198496 0.000773309 
90.0083 0.00950536 -0.646611 1.50782 0.781771 -3.0912 3.12732 0.0116286 -0.0781001 1.42898 3.03853 0.0198496 0.000773309 
90.0381 0.00951078 -0.645435 1.50485 0.787768 -3.08964 3.12217 0.0116117 -0.0780869 1.42892 3.04162 0.0112875 0.000135526 
90.0685 0.0095759 -0.645826 1.50575 0.78603 -3.085 3.12021 0.0116286 -0.0781001 1.42898 3.03853 0.0198496 0.000773309 
90.0983 0.00953079 -0.646243 1.50671 0.784552 -3.08419 3.11986 0.0116286 -0.0781001 1.42898 3.03853 0.0198496 0.000773309 
90.1292 0.0095759 -0.645826 1.50575 0.78603 -3.085 3.12021 0.0116415 -0.0781072 1.42888 3.03475 0.0292106 0.00140318 
90.1594 0.00959538 -0.646639 1.50763 0.782841 -3.08044 3.11828 0.0116286 -0.0781001 1.42898 3.03853 0.0198496 0.000773309 
90.1895 0.00954108 -0.646059 1.50616 0.783961 -3.08144 3.11691 0.0111304 -0.0777435 1.4201 3.00084 0.0308637 0.00145886 
90.2233 0.0095155 -0.644291 1.50196 0.793456 -3.08794 3.11711 0.0108268 -0.0774956 1.41408 2.97669 0.048058 0.00242752 
90.2501 0.00933464 -0.645989 1.50587 0.787354 -3.08418 3.1155 0.0101403 -0.0769926 1.40304 2.94788 0.0309476 0.00140681 
90.2802 0.00933464 -0.645989 1.50587 0.787354 -3.08418 3.1155 0.0101512 -0.0770037 1.40332 2.94915 0.028628 0.00126537 
90.3144 0.00933464 -0.645989 1.50587 0.787354 -3.08418 3.1155 0.0101188 -0.0769828 1.40292 2.94904 0.0239148 0.000970284 
90.3425 0.00933464 -0.645989 1.50587 0.787354 -3.08418 3.1155 0.0099681 -0.0768719 1.40067 2.94587 0.00941293 6.35156e-06 
90.371 0.0091658 -0.64689 1.50781 0.782262 -3.0921 3.12083 0.0099681 -0.0768719 1.40067 2.94587 0.00941293 6.35156e-06 
90.4017 0.0091167 -0.647451 1.50911 0.780007 -3.09249 3.12101 0.0099681 -0.0768719 1.40067 2.94587 0.00941293 6.35156e-06 
90.436 0.0091167 -0.647451 1.50911 0.780007 -3.09249 3.12101 0.0099681 -0.0768719 1.40067 2.94587 0.00941293 6.35156e-06 
90.4654 0.0091167 -0.647451 1.50911 0.780007 -3.09249 3.12101 0.0099681 -0.0768719 1.40067 2.94587 0.00941293 6.35156e-06 
90.4918 0.00906686 -0.648039 1.51046 0.7776 -3.09318 3.12131 0.0099681 -0.0768719 1.40067 2.94587 0.00941293 6.35156e-06 
90.5222 0.00906686 -0.648039 1.51046 0.7776 -3.09318 3.12131 0.0099681 -0.0768719 1.40067 2.94587 0.00941293 6.35156e-06 
90.5526 0.00901598 -0.648659 1.51189 0.775015 -3.09417 3.12174 0.0099681 -0.0768719 1.40067 2.94587 0.00941293 6.35156e-06 
90.5828 0.00901598 -0.648659 1.51189 0.775015 -3.09417 3.12174 0.0099681 -0.0768719 1.40067 2.94587 0.00941293 6.35156e-06 
90.613 0.00901598 -0.648659 1.51189 0.775015 -3.09417 3.12174 0.0099681 -0.0768719 1.40067 2.94587 0.00941293 6.35156e-06 
90.6435 0.00901598 -0.648659 1.51189 0.775015 -3.09417 3.12174 0.0099681 -0.0768719 1.40067 2.94587 0.00941293 6.35156e-06 
90.6742 0.00901598 -0.648659 1.51189 0.775015 -3.09417 3.12174 0.0099681 -0.0768719 1.40067 2.94587 0.00941293 6.35156e-06 
90.7042 0.00894919 -0.649574 1.51389 0.773094 -3.10052 3.12686 0.0099681 -0.0768719 1.40067 2.94587 0.00941293 6.35156e-06 
90.7377 0.00884202 -0.650949 1.51705 0.767124 -3.10427 3.12849 0.00998522 -0.0768836 1.40083 2.94484 0.0164476 0.000457127 
90.7648 0.00843597 -0.652883 1.51659 -3.09467 0.0424857 0.0217732 0.00998522 -0.0768836 1.40083 2.94484 0.0164476 0.000457127 
90.7947 0.00843597 -0.652883 1.51659 -3.09467 0.0424857 0.0217732 0.00998522 -0.0768836 1.40083 2.94484 0.0164476 0.000457127 
90.8248 0.00843597 -0.652883 1.51659 -3.09467 0.0424857 0.0217732 0.00998522 -0.0768836 1.40083 2.94484 0.0164476 0.000457127 
90.855 0.00839277 -0.653426 1.51787 -3.09289 0.0393847 0.0203962 0.00998522 -0.0768836 1.40083 2.94484 0.0164476 0.000457127 
90.8855 0.0083158 -0.652678 1.51597 -3.09459 0.0385953 0.0223105 0.00996769 -0.0768716 1.40066 2.94582 0.00951981 1.37631e-05 
90.9197 0.00837092 -0.654144 1.51942 -3.08835 0.0296751 0.0184212 0.00999955 -0.07691 1.40062 2.94863 0.000244922 0.0016013 
91.0116 0.00828664 -0.653378 1.51748 -3.09421 0.0313809 0.0208049 0.0099681 -0.0768719 1.40067 2.94587 0.00941293 6.35156e-06 
91.0366 0.00827322 -0.653216 1.51723 -3.09288 0.0351398 0.0207786 0.00996769 -0.0768716 1.40066 2.94582 0.00951981 1.37631e-05 
91.06 0.00824374 -0.653893 1.51869 -3.09267 0.0277775 0.0190994 0.00996769 -0.0768716 1.40066 2.94582 0.00951981 1.37631e-05 
91.0876 0.00824464 -0.653898 1.5187 -3.09263 0.0275306 0.0191038 0.00999955 -0.07691 1.40062 2.94863 0.000244922 0.0016013 
91.1174 0.00797555 -0.653208 1.51706 -3.09783 0.0286778 0.0195231 0.00965974 -0.0772484 1.408 2.96744 -0.0122912 0.000772411 
91.1476 0.00801662 -0.652682 1.51583 -3.09932 0.0331283 0.021482 0.00918093 -0.077658 1.41855 3.00134 0.0102174 8.88008e-05 
91.18 0.00801662 -0.652682 1.51583 -3.09932 0.0331283 0.021482 0.00908519 -0.0766067 1.42244 0.234083 -3.1318 3.14093 
91.2113 0.00768818 -0.650635 1.51113 -3.10731 0.045211 0.0249469 0.00863207 -0.0781623 1.43087 3.05019 0.00986191 8.544e-05 
91.2439 0.00796083 -0.653047 1.51681 -3.09647 0.0325324 0.0195099 0.00863207 -0.0781623 1.43087 3.05019 0.00986191 8.544e-05 
91.2744 0.00771392 -0.650779 1.51133 -3.10882 0.0404283 0.0245726 0.00863207 -0.0781623 1.43087 3.05019 0.00986191 8.544e-05 
91.3045 0.00769755 -0.650573 1.51098 -3.10767 0.0443146 0.0245507 0.00863207 -0.0781623 1.43087 3.05019 0.00986191 8.544e-05 
91.3345 0.00793906 -0.652862 1.51651 -3.09924 0.0385548 0.019866 0.00852885 -0.0782543 1.43288 -0.0864349 -3.1415 3.14089 
91.3646 0.00778486 -0.651403 1.51294 -3.10397 0.0404762 0.0229113 0.00852885 -0.0782543 1.43288 -0.0864349 -3.1415 3.14089 
91.3951 0.00769755 -0.650573 1.51098 -3.10767 0.0443146 0.0245507 0.00852885 -0.0782543 1.43288 -0.0864349 -3.1415 3.14089 
91.4256 0.00771392 -0.650779 1.51133 -3.10882 0.0404283 0.0245726 0.00846019 -0.0783056 1.43466 3.06865 0.0100219 0.000127094 
91.4563 0.00767543 -0.650351 1.51059 -3.11045 0.0500023 0.0247769 0.00846006 -0.0783056 1.43465 3.06864 0.010057 0.000112415 
91.486 0.00754086 -0.652045 1.51456 -3.11369 0.0394641 0.0189106 0.00844533 -0.0783238 1.43466 -0.0783701 -3.14053 3.14083 
91.5164 0.007471 -0.649394 1.50833 -3.11542 0.0512641 0.0252587 0.00844533 -0.0783238 1.43466 -0.0783701 -3.14053 3.14083 
91.5469 0.00746034 -0.65007 1.51001 -3.11508 0.0399743 0.0228517 0.00844533 -0.0783238 1.43466 -0.0783701 -3.14053 3.14083 
91.5773 0.00730845 -0.649672 1.5092 -3.11577 0.0422025 0.0216679 0.00844533 -0.0783238 1.43466 -0.0783701 -3.14053 3.14083 
91.6068 0.00725714 -0.649257 1.50826 -3.11768 0.0552196 0.0222691 0.00844533 -0.0783238 1.43466 -0.0783701 -3.14053 3.14083 
91.6374 0.00725714 -0.649257 1.50826 -3.11768 0.0552196 0.0222691 0.00844533 -0.0783238 1.43466 -0.0783701 -3.14053 3.14083 
91.667 0.00742607 -0.649697 1.50927 -3.11472 0.0454629 0.0231349 0.00844533 -0.0783238 1.43466 -0.0783701 -3.14053 3.14083 
91.6978 0.00738095 -0.650328 1.51074 -3.11303 0.0400466 0.0207556 0.00844533 -0.0783238 1.43466 -0.0783701 -3.14053 3.14083 
91.7279 0.00735366 -0.649035 1.50771 -3.11747 0.0475632 0.0240235 0.00844533 -0.0783238 1.43466 -0.0783701 -3.14053 3.14083 
91.7602 0.00735366 -0.649035 1.50771 -3.11747 0.0475632 0.0240235 0.00844533 -0.0783238 1.43466 -0.0783701 -3.14053 3.14083 
91.7885 0.00735366 -0.649035 1.50771 -3.11747 0.0475632 0.0240235 0.00844533 -0.0783238 1.43466 -0.0783701 -3.14053 3.14083 
91.8185 0.00736826 -0.650042 1.51009 -3.11264 0.0513166 0.0257028 0.00844533 -0.0783238 1.43466 -0.0783701 -3.14053 3.14083 
91.8492 0.0074597 -0.649854 1.5099 -3.11329 0.0362357 0.0230203 0.00844533 -0.0783238 1.43466 -0.0783701 -3.14053 3.14083 
91.8793 0.00736972 -0.64911 1.50805 -3.11473 0.0432964 0.0242648 0.00844533 -0.0783238 1.43466 -0.0783701 -3.14053 3.14083 
91.9101 0.00744205 -0.649766 1.50959 -3.11198 0.0411735 0.0233617 0.00844533 -0.0783238 1.43466 -0.0783701 -3.14053 3.14083 
91.9398 0.00748694 -0.649144 1.50813 -3.11367 0.0462524 0.0255936 0.00844533 -0.0783238 1.43466 -0.0783701 -3.14053 3.14083 
91.9703 0.00744205 -0.649766 1.50959 -3.11198 0.0411735 0.0233617 0.00844533 -0.0783238 1.43466 -0.0783701 -3.14053 3.14083 
92.0004 0.00751632 -0.650442 1.51118 -3.10909 0.0387335 0.022323 0.00844533 -0.0783238 1.43466 -0.0783701 -3.14053 3.14083 
92.03 0.00739745 -0.650376 1.51102 -3.11036 0.0356639 0.0209479 0.00844516 -0.0783239 1.43466 -0.0783541 -3.14057 3.14081 
92.0607 0.00745691 -0.649813 1.50986 -3.10933 0.0371009 0.0235617 0.00844533 -0.0783238 1.43466 -0.0783701 -3.14053 3.14083 
92.0909 0.00745691 -0.649813 1.50986 -3.10933 0.0371009 0.0235617 0.00844533 -0.0783238 1.43466 -0.0783701 -3.14053 3.14083 
92.1212 0.00753736 -0.649392 1.50909 -3.11357 0.0319485 0.0251112 0.00844516 -0.0783239 1.43466 -0.0783541 -3.14057 3.14081 
92.152 0.007607 -0.651168 1.51306 -3.10341 0.0318138 0.0212991 0.00846084 -0.078306 1.43467 3.06882 0.00985866 0.000113718 
92.1819 0.00753106 -0.650482 1.51144 -3.10643 0.0346379 0.022508 0.00856818 -0.0774543 1.43456 0.177065 -3.13475 3.14122 
92.2121 0.007607 -0.651168 1.51306 -3.10341 0.0318138 0.0212991 0.00847842 -0.0782806 1.43446 3.07295 0.0196985 0.0010168 
92.2422 0.00778393 -0.652638 1.51663 -3.09844 0.0194481 0.0179414 0.0098865 -0.0769557 1.40253 2.95106 0.00939055 6.73333e-06 
92.2728 0.00780904 -0.65203 1.5151 -3.09846 0.030459 0.0207671 0.0098865 -0.0769557 1.40253 2.95106 0.00939055 6.73333e-06 
92.3029 0.00782628 -0.652088 1.51534 -3.09995 0.0253106 0.020349 0.00863207 -0.0781623 1.43087 3.05019 0.00986191 8.544e-05 
92.3331 0.00790932 -0.652828 1.51709 -3.09649 0.0209443 0.0186308 0.0099681 -0.0768719 1.40067 2.94587 0.00941293 6.35156e-06 
92.3631 0.00790932 -0.652828 1.51709 -3.09649 0.0209443 0.0186308 0.0099681 -0.0768719 1.40067 2.94587 0.00941293 6.35156e-06 
92.3933 0.00792888 -0.652868 1.51729 -3.098 0.0150073 0.0181582 0.0099681 -0.0768719 1.40067 2.94587 0.00941293 6.35156e-06 
92.4241 0.00801227 -0.653593 1.519 -3.09454 0.0106223 0.0162773 0.0099681 -0.0768719 1.40067 2.94587 0.00941293 6.35156e-06 
92.4542 0.00790565 -0.652735 1.51711 -3.10061 0.0215331 0.0185884 0.0099681 -0.0768719 1.40067 2.94587 0.00941293 6.35156e-06 
92.4843 0.00806576 -0.652972 1.51795 -3.09756 0.0121416 0.0186273 0.0099681 -0.0768719 1.40067 2.94587 0.00941293 6.35156e-06 
92.5144 0.00803355 -0.652946 1.51761 -3.09859 0.0223982 0.0190056 0.0099681 -0.0768719 1.40067 2.94587 0.00941293 6.35156e-06 
92.5443 0.0081508 -0.653706 1.51968 -3.094 0.00745802 0.0166053 0.0099681 -0.0768719 1.40067 2.94587 0.00941293 6.35156e-06 
92.5751 0.00817811 -0.653665 1.5198 -3.09761 -0.00158231 0.0158988 0.0099681 -0.0768719 1.40067 2.94587 0.00941293 6.35156e-06 
92.6059 0.00826376 -0.653228 1.51876 -3.09825 -0.0102078 0.0170071 0.0099681 -0.0768719 1.40067 2.94587 0.00941293 6.35156e-06 
92.6358 0.00821109 -0.653247 1.51866 -3.10131 0.00714176 0.017902 0.0099681 -0.0768719 1.40067 2.94587 0.00941293 6.35156e-06 
92.6663 0.00823703 -0.653216 1.51881 -3.10479 -0.00165093 0.0172771 0.0099681 -0.0768719 1.40067 2.94587 0.00941293 6.35156e-06 
92.6965 0.00825422 -0.653147 1.51881 -3.10242 -0.00764434 0.0172281 0.0099681 -0.0768719 1.40067 2.94587 0.00941293 6.35156e-06 
92.727 0.00832961 -0.653924 1.52048 -3.10124 -0.00878987 0.0149454 0.0099681 -0.0768719 1.40067 2.94587 0.00941293 6.35156e-06 
92.7567 0.00837414 -0.653474 1.51943 -3.10256 -0.00437979 0.0168884 0.0099681 -0.0768719 1.40067 2.94587 0.00941293 6.35156e-06 
92.7875 0.00850629 -0.654783 1.52227 -3.09709 0.00975227 0.0145047 0.0099681 -0.0768719 1.40067 2.94587 0.00941293 6.35156e-06 
92.8176 0.00853732 -0.654315 1.521 -3.1013 0.0174928 0.0158915 0.0099681 -0.0768719 1.40067 2.94587 0.00941293 6.35156e-06 
92.8482 0.00841485 -0.653974 1.52036 -3.10107 0.0153543 0.0169201 0.0099681 -0.0768719 1.40067 2.94587 0.00941293 6.35156e-06 
92.8787 0.00842884 -0.65295 1.51836 -3.10161 -0.00423685 0.0187736 0.0099681 -0.0768719 1.40067 2.94587 0.00941293 6.35156e-06 
92.9085 0.00853732 -0.654315 1.521 -3.1013 0.0174928 0.0158915 0.0099681 -0.0768719 1.40067 2.94587 0.00941293 6.35156e-06 
92.9388 0.00854821 -0.654314 1.52117 -3.09856 0.0132948 0.0160715 0.0099681 -0.0768719 1.40067 2.94587 0.00941293 6.35156e-06 
92.9692 0.00856135 -0.653357 1.51893 -3.0976 -0.0045732 0.0177806 0.0099681 -0.0768719 1.40067 2.94587 0.00941293 6.35156e-06 
92.9992 0.00859347 -0.653429 1.51965 -3.10678 0.000264484 0.0201897 0.0099681 -0.0768719 1.40067 2.94587 0.00941293 6.35156e-06 
93.0298 0.00853872 -0.652718 1.51799 -3.10535 -0.0056921 0.0221011 0.0099681 -0.0768719 1.40067 2.94587 0.00941293 6.35156e-06 
93.0602 0.00881004 -0.650872 1.51804 0.778713 -3.10988 3.13453 0.0099681 -0.0768719 1.40067 2.94587 0.00941293 6.35156e-06 
93.0902 0.00870825 -0.652261 1.52111 0.771074 -3.11286 3.1346 0.0099681 -0.0768719 1.40067 2.94587 0.00941293 6.35156e-06 
93.1198 0.00879376 -0.650943 1.51835 0.775778 -3.11437 3.13883 0.0099681 -0.0768719 1.40067 2.94587 0.00941293 6.35156e-06 
93.1499 0.00880227 -0.650916 1.51816 0.774284 -3.11244 3.13682 0.0099681 -0.0768719 1.40067 2.94587 0.00941293 6.35156e-06 
93.1805 0.00881841 -0.650833 1.51782 0.777287 -3.10794 3.13251 0.0099681 -0.0768719 1.40067 2.94587 0.00941293 6.35156e-06 
93.2109 0.00896039 -0.648962 1.51366 0.782513 -3.10729 3.13462 0.0099681 -0.0768719 1.40067 2.94587 0.00941293 6.35156e-06 
93.2417 0.00896761 -0.648915 1.51355 0.786854 -3.10492 3.13243 0.0099681 -0.0768719 1.40067 2.94587 0.00941293 6.35156e-06 
93.2711 0.00896039 -0.648962 1.51366 0.782513 -3.10729 3.13462 0.0099681 -0.0768719 1.40067 2.94587 0.00941293 6.35156e-06 
93.3021 0.00897618 -0.648862 1.51329 0.785525 -3.103 3.13041 0.0099681 -0.0768719 1.40067 2.94587 0.00941293 6.35156e-06 
93.332 0.00896039 -0.648962 1.51366 0.782513 -3.10729 3.13462 0.0099681 -0.0768719 1.40067 2.94587 0.00941293 6.35156e-06 
93.3623 0.00897618 -0.648862 1.51329 0.785525 -3.103 3.13041 0.0099681 -0.0768719 1.40067 2.94587 0.00941293 6.35156e-06 
93.3934 0.00897618 -0.648862 1.51329 0.785525 -3.103 3.13041 0.0099681 -0.0768719 1.40067 2.94587 0.00941293 6.35156e-06 
93.4222 0.00904099 -0.649351 1.51439 0.782839 -3.09795 3.12872 0.0099681 -0.0768719 1.40067 2.94587 0.00941293 6.35156e-06 
93.4531 0.00897622 -0.648861 1.51329 0.785528 -3.10298 3.1304 0.0099681 -0.0768719 1.40067 2.94587 0.00941293 6.35156e-06 
93.4831 0.00901839 -0.64831 1.51215 0.78929 -3.1039 3.132 0.0099681 -0.0768719 1.40067 2.94587 0.00941293 6.35156e-06 
93.5135 0.00903758 -0.64816 1.51155 0.786887 -3.09949 3.12731 0.0099681 -0.0768719 1.40067 2.94587 0.00941293 6.35156e-06 
93.5434 0.00903758 -0.64816 1.51155 0.786887 -3.09949 3.12731 0.0099681 -0.0768719 1.40067 2.94587 0.00941293 6.35156e-06 
93.574 0.00903758 -0.64816 1.51155 0.786887 -3.09949 3.12731 0.0099681 -0.0768719 1.40067 2.94587 0.00941293 6.35156e-06 
93.6039 0.00910214 -0.648623 1.51259 0.784393 -3.09438 3.12553 0.0099681 -0.0768719 1.40067 2.94587 0.00941293 6.35156e-06 
93.6351 0.00910217 -0.648624 1.51259 0.78439 -3.09439 3.12555 0.0099681 -0.0768719 1.40067 2.94587 0.00941293 6.35156e-06 
93.6641 0.00909858 -0.647458 1.5098 0.788256 -3.09612 3.12416 0.0099681 -0.0768719 1.40067 2.94587 0.00941293 6.35156e-06 
93.6954 0.00910217 -0.648624 1.51259 0.78439 -3.09439 3.12555 0.0099681 -0.0768719 1.40067 2.94587 0.00941293 6.35156e-06 
93.7255 0.00908734 -0.64885 1.51297 0.773431 -3.09977 3.13083 0.0099681 -0.0768719 1.40067 2.94587 0.00941293 6.35156e-06 
93.7548 0.00906133 -0.64909 1.51377 0.775212 -3.10601 3.13746 0.0099681 -0.0768719 1.40067 2.94587 0.00941293 6.35156e-06 
93.7853 0.00907333 -0.648996 1.51343 0.774157 -3.1032 3.13448 0.0099681 -0.0768719 1.40067 2.94587 0.00941293 6.35156e-06 
93.8155 0.00907254 -0.649006 1.51345 0.77409 -3.10339 3.1347 0.0099681 -0.0768719 1.40067 2.94587 0.00941293 6.35156e-06 
93.8462 0.0090889 -0.648825 1.51292 0.773597 -3.09936 3.13037 0.0099681 -0.0768719 1.40067 2.94587 0.00941293 6.35156e-06 
93.8765 0.00904889 -0.649326 1.51394 0.770042 -3.09779 3.12807 0.0099681 -0.0768719 1.40067 2.94587 0.00941293 6.35156e-06 
93.906 0.00904889 -0.649326 1.51394 0.770042 -3.09779 3.12807 0.0099681 -0.0768719 1.40067 2.94587 0.00941293 6.35156e-06 
93.9371 0.00904889 -0.649326 1.51394 0.770042 -3.09779 3.12807 0.0099681 -0.0768719 1.40067 2.94587 0.00941293 6.35156e-06 
93.9672 0.00897217 -0.649064 1.51321 0.769622 -3.10613 3.13347 0.0099681 -0.0768719 1.40067 2.94587 0.00941293 6.35156e-06 
93.9972 0.009064 -0.649165 1.51344 0.773323 -3.09335 3.12378 0.0099681 -0.0768719 1.40067 2.94587 0.00941293 6.35156e-06 
94.0278 0.00906471 -0.649152 1.51341 0.773412 -3.09316 3.12356 0.0099681 -0.0768719 1.40067 2.94587 0.00941293 6.35156e-06 
94.0578 0.00884077 -0.650848 1.51706 0.762901 -3.10403 3.12852 0.0099681 -0.0768719 1.40067 2.94587 0.00941293 6.35156e-06 
94.0882 0.00883007 -0.650936 1.51739 0.764074 -3.10661 3.13119 0.0099681 -0.0768719 1.40067 2.94587 0.00941293 6.35156e-06 
94.1232 0.00891712 -0.651068 1.51769 0.763628 -3.0955 3.12298 0.0099681 -0.0768719 1.40067 2.94587 0.00941293 6.35156e-06 
94.1526 0.00884077 -0.650848 1.51706 0.762901 -3.10403 3.12852 0.0099681 -0.0768719 1.40067 2.94587 0.00941293 6.35156e-06 
94.1787 0.00876298 -0.650474 1.51609 0.765803 -3.10315 3.13046 0.0099681 -0.0768719 1.40067 2.94587 0.00941293 6.35156e-06 
94.209 0.00877037 -0.651783 1.51911 0.760624 -3.11141 3.13396 0.0099681 -0.0768719 1.40067 2.94587 0.00941293 6.35156e-06 
94.2395 0.00884202 -0.650949 1.51705 0.767124 -3.10427 3.12849 0.0099681 -0.0768719 1.40067 2.94587 0.00941293 6.35156e-06 
94.2694 0.00871388 -0.652523 1.52081 0.757233 -3.11424 3.13518 0.0099681 -0.0768719 1.40067 2.94587 0.00941293 6.35156e-06 
94.3048 0.00884202 -0.650949 1.51705 0.767124 -3.10427 3.12849 0.0099681 -0.0768719 1.40067 2.94587 0.00941293 6.35156e-06 
94.3301 0.00843385 -0.653739 1.519 -3.09311 0.0517052 0.0187649 0.0099681 -0.0768719 1.40067 2.94587 0.00941293 6.35156e-06 
94.3642 0.00839277 -0.653426 1.51787 -3.09289 0.0393847 0.0203962 0.0099681 -0.0768719 1.40067 2.94587 0.00941293 6.35156e-06 
94.3943 0.00839277 -0.653426 1.51787 -3.09289 0.0393847 0.0203962 0.0099681 -0.0768719 1.40067 2.94587 0.00941293 6.35156e-06 
94.425 0.00839277 -0.653426 1.51787 -3.09289 0.0393847 0.0203962 0.0099681 -0.0768719 1.40067 2.94587 0.00941293 6.35156e-06 
94.4556 0.00831124 -0.65357 1.51846 -3.09692 0.0497559 0.019534 0.0099681 -0.0768719 1.40067 2.94587 0.00941293 6.35156e-06 
94.4862 0.00821008 -0.653564 1.51818 -3.09404 0.0374693 0.0194893 0.0099681 -0.0768719 1.40067 2.94587 0.00941293 6.35156e-06 
94.5161 0.00821008 -0.653564 1.51818 -3.09404 0.0374693 0.0194893 0.0099681 -0.0768719 1.40067 2.94587 0.00941293 6.35156e-06 
94.5422 0.00821008 -0.653564 1.51818 -3.09404 0.0374693 0.0194893 0.0099681 -0.0768719 1.40067 2.94587 0.00941293 6.35156e-06 
94.5757 0.00821008 -0.653564 1.51818 -3.09404 0.0374693 0.0194893 0.00996769 -0.0768716 1.40066 2.94582 0.00951981 1.37631e-05 
94.6026 0.00821008 -0.653564 1.51818 -3.09404 0.0374693 0.0194893 0.0099681 -0.0768719 1.40067 2.94587 0.00941293 6.35156e-06 
94.6356 0.00821008 -0.653564 1.51818 -3.09404 0.0374693 0.0194893 0.00996769 -0.0768716 1.40066 2.94582 0.00951981 1.37631e-05 
94.6627 0.00821008 -0.653564 1.51818 -3.09404 0.0374693 0.0194893 0.00996769 -0.0768716 1.40066 2.94582 0.00951981 1.37631e-05 
94.6939 0.00821008 -0.653564 1.51818 -3.09404 0.0374693 0.0194893 0.00996769 -0.0768716 1.40066 2.94582 0.00951981 1.37631e-05 
94.7229 0.00811473 -0.652645 1.51601 -3.09837 0.042415 0.0216216 0.00996769 -0.0768716 1.40066 2.94582 0.00951981 1.37631e-05 
94.7527 0.00807303 -0.653195 1.5173 -3.09673 0.0383614 0.0198298 0.00999955 -0.07691 1.40062 2.94863 0.000244922 0.0016013 
94.7842 0.00810861 -0.653538 1.51784 -3.09531 0.0284599 0.0194688 0.00996769 -0.0768716 1.40066 2.94582 0.00951981 1.37631e-05 
94.8141 0.00810861 -0.653538 1.51784 -3.09531 0.0284599 0.0194688 0.00996769 -0.0768716 1.40066 2.94582 0.00951981 1.37631e-05 
94.844 0.0080019 -0.652508 1.51555 -3.09804 0.036963 0.0214637 0.00999955 -0.07691 1.40062 2.94863 0.000244922 0.0016013 
94.8739 0.00801662 -0.652682 1.51583 -3.09932 0.0331283 0.021482 0.00996769 -0.0768716 1.40066 2.94582 0.00951981 1.37631e-05 
94.9047 0.00792704 -0.651841 1.51384 -3.10318 0.0373957 0.0233182 0.00996769 -0.0768716 1.40066 2.94582 0.00951981 1.37631e-05 
94.936 0.0079884 -0.653347 1.51725 -3.09931 0.0253335 0.0195327 0.00996769 -0.0768716 1.40066 2.94582 0.00951981 1.37631e-05 
94.965 0.00798026 -0.652307 1.51521 -3.10084 0.0429213 0.0217921 0.00999955 -0.07691 1.40062 2.94863 0.000244922 0.0016013 
94.9953 0.00796083 -0.653047 1.51681 -3.09647 0.0325324 0.0195099 0.00999955 -0.07691 1.40062 2.94863 0.000244922 0.0016013 
95.0249 0.00801662 -0.652682 1.51583 -3.09932 0.0331283 0.021482 0.00989652 -0.0754034 1.40394 0.294141 -3.13776 3.14105 
95.0567 0.00797555 -0.653208 1.51706 -3.09783 0.0286778 0.0195231 0.00972627 -0.0770702 1.40452 -0.193355 -3.11178 3.13914 
95.0864 0.00801662 -0.652682 1.51583 -3.09932 0.0331283 0.021482 0.00948089 -0.0774099 1.41145 -0.166354 -3.1169 3.14159 
95.1169 0.00765682 -0.651134 1.51229 -3.10611 0.0397307 0.0225321 0.00895779 -0.0779488 1.42482 3.03182 0.00362019 0.0020189 
95.1465 0.0076367 -0.65203 1.51413 -3.11501 0.0309266 0.0210344 0.0086864 -0.0781936 1.43077 3.05506 -0.00626116 0.00129462 
95.1766 0.00769755 -0.650573 1.51098 -3.10767 0.0443146 0.0245507 0.00863207 -0.0781623 1.43087 3.05019 0.00986191 8.544e-05 
95.2077 0.0076345 -0.650928 1.51194 -3.10886 0.0454809 0.022785 0.00863207 -0.0781623 1.43087 3.05019 0.00986191 8.544e-05 
95.2373 0.0076345 -0.650928 1.51194 -3.10886 0.0454809 0.022785 0.00861258 -0.0781827 1.43107 -0.0943588 3.14095 3.14095 
95.2672 0.00765112 -0.651134 1.51229 -3.11 0.0415711 0.0228038 0.00863207 -0.0781623 1.43087 3.05019 0.00986191 8.544e-05 
95.2974 0.0076345 -0.650928 1.51194 -3.10886 0.0454809 0.022785 0.00866678 -0.0782056 1.43072 3.05076 -0.0158183 0.000591209 
95.3286 0.0076345 -0.650928 1.51194 -3.10886 0.0454809 0.022785 0.00861258 -0.0781827 1.43107 -0.0943588 3.14095 3.14095 
95.3586 0.0076345 -0.650928 1.51194 -3.10886 0.0454809 0.022785 0.00863207 -0.0781623 1.43087 3.05019 0.00986191 8.544e-05 
95.3884 0.0076345 -0.650928 1.51194 -3.10886 0.0454809 0.022785 0.00861258 -0.0781827 1.43107 -0.0943588 3.14095 3.14095 
95.4184 0.0076345 -0.650928 1.51194 -3.10886 0.0454809 0.022785 0.00856635 -0.0782099 1.43248 3.0621 0.0188245 0.000896123 
95.4492 0.0076345 -0.650928 1.51194 -3.10886 0.0454809 0.022785 0.00861258 -0.0781827 1.43107 -0.0943588 3.14095 3.14095 
95.4789 0.0076345 -0.650928 1.51194 -3.10886 0.0454809 0.022785 0.00861258 -0.0781827 1.43107 -0.0943588 3.14095 3.14095 
95.5096 0.00752196 -0.651837 1.51421 -3.11258 0.0439304 0.0188747 0.00861258 -0.0781827 1.43107 -0.0943588 3.14095 3.14095 
95.539 0.0076345 -0.650928 1.51194 -3.10886 0.0454809 0.022785 0.00861258 -0.0781827 1.43107 -0.0943588 3.14095 3.14095 
95.57 0.0076345 -0.650928 1.51194 -3.10886 0.0454809 0.022785 0.00859527 -0.0781967 1.4311 -0.0981796 -3.132 3.14024 
95.601 0.00767543 -0.650351 1.51059 -3.11045 0.0500023 0.0247769 0.00863207 -0.0781623 1.43087 3.05019 0.00986191 8.544e-05 
95.6308 0.0076345 -0.650928 1.51194 -3.10886 0.0454809 0.022785 0.00861258 -0.0781827 1.43107 -0.0943588 3.14095 3.14095 
95.6611 0.00781006 -0.653558 1.5184 -3.10188 0.0418877 0.0163039 0.00863207 -0.0781623 1.43087 3.05019 0.00986191 8.544e-05 
95.6908 0.00793906 -0.652862 1.51651 -3.09924 0.0385548 0.019866 0.00863207 -0.0781623 1.43087 3.05019 0.00986191 8.544e-05 
95.7211 0.00793906 -0.652862 1.51651 -3.09924 0.0385548 0.019866 0.00863207 -0.0781623 1.43087 3.05019 0.00986191 8.544e-05 
95.7516 0.00782549 -0.653739 1.5187 -3.10313 0.0379785 0.0163118 0.00863207 -0.0781623 1.43087 3.05019 0.00986191 8.544e-05 
95.782 0.00793906 -0.652862 1.51651 -3.09924 0.0385548 0.019866 0.00863207 -0.0781623 1.43087 3.05019 0.00986191 8.544e-05 
95.8182 0.00798026 -0.652307 1.51521 -3.10084 0.0429213 0.0217921 0.00863207 -0.0781623 1.43087 3.05019 0.00986191 8.544e-05 
95.8419 0.00783181 -0.653666 1.51876 -3.10314 0.035577 0.015818 0.00874253 -0.0780604 1.4285 3.04246 0.016694 0.000657376 
95.8724 0.00783181 -0.653666 1.51876 -3.10314 0.035577 0.015818 0.00887508 -0.0779474 1.42515 -0.119891 -3.13923 3.14075 
95.9025 0.00783181 -0.653666 1.51876 -3.10314 0.035577 0.015818 0.00897222 -0.0778562 1.42326 3.01838 0.00963125 5.15495e-05 
95.933 0.00790336 -0.654438 1.52048 -3.09784 0.0373582 0.014343 0.00914768 -0.0776909 1.41925 -0.138827 3.13487 3.14142 
95.9633 0.0078728 -0.653121 1.51748 -3.10463 0.0402671 0.0178764 0.00932536 -0.0775183 1.41514 -0.154041 3.13927 3.1411 
95.9936 0.00792501 -0.654529 1.52079 -3.09918 0.0309721 0.0138298 0.00922683 -0.0776142 1.41749 -0.144418 3.13303 3.14155 
96.0264 0.00806169 -0.654891 1.52166 -3.09646 0.0307558 0.0137656 0.00953881 -0.0772855 1.40948 -0.176784 -3.1229 3.13976 
96.0553 0.00818131 -0.654135 1.51969 -3.08953 0.0291106 0.017839 0.00978499 -0.0770565 1.40463 -0.186678 3.14152 3.14096 
96.0853 0.008205 -0.653332 1.51824 -3.10059 0.0422955 0.0189517 0.0099681 -0.0768719 1.40067 2.94587 0.00941293 6.35156e-06 
96.1144 0.00818559 -0.653195 1.51781 -3.09939 0.0482589 0.0194383 0.0099681 -0.0768719 1.40067 2.94587 0.00941293 6.35156e-06 
96.1447 0.00816557 -0.65288 1.51713 -3.09173 0.0324484 0.0211655 0.0099681 -0.0768719 1.40067 2.94587 0.00941293 6.35156e-06 
96.1753 0.0081642 -0.652871 1.51711 -3.09178 0.0328482 0.0211961 0.0099681 -0.0768719 1.40067 2.94587 0.00941293 6.35156e-06 
96.2065 0.00827633 -0.654093 1.51993 -3.09516 0.0433186 0.0173081 0.0099681 -0.0768719 1.40067 2.94587 0.00941293 6.35156e-06 
96.2358 0.00816557 -0.65288 1.51713 -3.09173 0.0324484 0.0211655 0.0099681 -0.0768719 1.40067 2.94587 0.00941293 6.35156e-06 
96.2673 0.00831593 -0.654321 1.52067 -3.09771 0.0308017 0.0162602 0.0099681 -0.0768719 1.40067 2.94587 0.00941293 6.35156e-06 
96.2962 0.00829828 -0.654233 1.52036 -3.09633 0.0364503 0.0167335 0.0099681 -0.0768719 1.40067 2.94587 0.00941293 6.35156e-06 
96.327 0.00829828 -0.654233 1.52036 -3.09633 0.0364503 0.0167335 0.0099681 -0.0768719 1.40067 2.94587 0.00941293 6.35156e-06 
96.3572 0.0083555 -0.65361 1.51929 -3.09478 0.00286929 0.0174198 0.0099681 -0.0768719 1.40067 2.94587 0.00941293 6.35156e-06 
96.3873 0.00846861 -0.654747 1.52179 -3.09652 0.023111 0.0150843 0.0099681 -0.0768719 1.40067 2.94587 0.00941293 6.35156e-06 
96.4177 0.00851093 -0.65424 1.5206 -3.09812 0.0265911 0.0166268 0.0099681 -0.0768719 1.40067 2.94587 0.00941293 6.35156e-06 
96.4483 0.00851093 -0.65424 1.5206 -3.09812 0.0265911 0.0166268 0.0099681 -0.0768719 1.40067 2.94587 0.00941293 6.35156e-06 
96.4783 0.00851092 -0.65424 1.5206 -3.09813 0.0266018 0.0166259 0.0099681 -0.0768719 1.40067 2.94587 0.00941293 6.35156e-06 
96.5083 0.00867266 -0.652893 1.52231 0.765107 -3.11061 3.13038 0.0099681 -0.0768719 1.40067 2.94587 0.00941293 6.35156e-06 
96.5386 0.0087463 -0.651779 1.52 0.773073 -3.11228 3.13497 0.0099681 -0.0768719 1.40067 2.94587 0.00941293 6.35156e-06 
96.5685 0.00882899 -0.650758 1.51752 0.776075 -3.10542 3.12985 0.0099681 -0.0768719 1.40067 2.94587 0.00941293 6.35156e-06 
96.5991 0.00867249 -0.652322 1.51679 -3.10018 -0.00619934 0.0204244 0.0099681 -0.0768719 1.40067 2.94587 0.00941293 6.35156e-06 
96.6294 0.00878812 -0.653325 1.51917 -3.10171 -0.00312554 0.0202472 0.0099681 -0.0768719 1.40067 2.94587 0.00941293 6.35156e-06 
96.6611 0.00877526 -0.653339 1.51909 -3.1 0.00166804 0.0205958 0.0099681 -0.0768719 1.40067 2.94587 0.00941293 6.35156e-06 
96.6896 0.00881841 -0.650833 1.51782 0.777287 -3.10794 3.13251 0.0099681 -0.0768719 1.40067 2.94587 0.00941293 6.35156e-06 
96.7205 0.00881004 -0.650872 1.51804 0.778713 -3.10988 3.13453 0.0099681 -0.0768719 1.40067 2.94587 0.00941293 6.35156e-06 
96.7503 0.00881841 -0.650833 1.51782 0.777287 -3.10794 3.13251 0.0099681 -0.0768719 1.40067 2.94587 0.00941293 6.35156e-06 
96.7825 0.00881841 -0.650833 1.51782 0.777287 -3.10794 3.13251 0.0099681 -0.0768719 1.40067 2.94587 0.00941293 6.35156e-06 
96.8108 0.0089246 -0.649494 1.51474 0.782928 -3.10433 3.13098 0.0099681 -0.0768719 1.40067 2.94587 0.00941293 6.35156e-06 
96.8411 0.0089087 -0.64959 1.51511 0.779914 -3.10868 3.13522 0.0099681 -0.0768719 1.40067 2.94587 0.00941293 6.35156e-06 
96.8715 0.00897618 -0.648862 1.51329 0.785525 -3.103 3.13041 0.0099681 -0.0768719 1.40067 2.94587 0.00941293 6.35156e-06 
96.9016 0.00895167 -0.649004 1.51389 0.783904 -3.10922 3.13664 0.0099681 -0.0768719 1.40067 2.94587 0.00941293 6.35156e-06 
96.9327 0.00896039 -0.648962 1.51366 0.782513 -3.10729 3.13462 0.0099681 -0.0768719 1.40067 2.94587 0.00941293 6.35156e-06 
96.9623 0.00896039 -0.648962 1.51366 0.782513 -3.10729 3.13462 0.0099681 -0.0768719 1.40067 2.94587 0.00941293 6.35156e-06 
96.9934 0.00895258 -0.649754 1.51624 -2.3622 -0.0212883 0.00987191 0.0099681 -0.0768719 1.40067 2.94587 0.00941293 6.35156e-06 
97.0226 0.00897618 -0.648862 1.51329 0.785525 -3.103 3.13041 0.0099681 -0.0768719 1.40067 2.94587 0.00941293 6.35156e-06 
97.0535 0.00897618 -0.648862 1.51329 0.785525 -3.103 3.13041 0.0099681 -0.0768719 1.40067 2.94587 0.00941293 6.35156e-06 
97.0832 0.00897618 -0.648862 1.51329 0.785525 -3.103 3.13041 0.0099681 -0.0768719 1.40067 2.94587 0.00941293 6.35156e-06 
97.1136 0.0089662 -0.649739 1.51608 -2.36357 -0.0246328 0.00612081 0.0099681 -0.0768719 1.40067 2.94587 0.00941293 6.35156e-06 
97.1436 0.00897618 -0.648862 1.51329 0.785525 -3.103 3.13041 0.0099681 -0.0768719 1.40067 2.94587 0.00941293 6.35156e-06 
97.174 0.00896039 -0.648962 1.51366 0.782513 -3.10729 3.13462 0.0099681 -0.0768719 1.40067 2.94587 0.00941293 6.35156e-06 
97.2038 0.00897618 -0.648862 1.51329 0.785525 -3.103 3.13041 0.0099681 -0.0768719 1.40067 2.94587 0.00941293 6.35156e-06 
97.2355 0.00897618 -0.648862 1.51329 0.785525 -3.103 3.13041 0.0099681 -0.0768719 1.40067 2.94587 0.00941293 6.35156e-06 
97.2657 0.00897618 -0.648862 1.51329 0.785525 -3.103 3.13041 0.0099681 -0.0768719 1.40067 2.94587 0.00941293 6.35156e-06 
97.2953 0.00905095 -0.649027 1.51405 0.780425 -3.1077 3.13903 0.0099681 -0.0768719 1.40067 2.94587 0.00941293 6.35156e-06 
97.3255 0.00895167 -0.649004 1.51389 0.783904 -3.10922 3.13664 0.0099681 -0.0768719 1.40067 2.94587 0.00941293 6.35156e-06 
97.3555 0.0089246 -0.649494 1.51474 0.782928 -3.10433 3.13098 0.0099681 -0.0768719 1.40067 2.94587 0.00941293 6.35156e-06 
97.387 0.00897618 -0.648862 1.51329 0.785525 -3.103 3.13041 0.0099681 -0.0768719 1.40067 2.94587 0.00941293 6.35156e-06 
97.4168 0.00896039 -0.648962 1.51366 0.782513 -3.10729 3.13462 0.0099681 -0.0768719 1.40067 2.94587 0.00941293 6.35156e-06 
97.447 0.00897068 -0.649874 1.51596 -2.3692 -0.0247278 0.00616438 0.0099681 -0.0768719 1.40067 2.94587 0.00941293 6.35156e-06 
97.4768 0.00897618 -0.648862 1.51329 0.785525 -3.103 3.13041 0.0099681 -0.0768719 1.40067 2.94587 0.00941293 6.35156e-06 
97.5075 0.00897618 -0.648862 1.51329 0.785525 -3.103 3.13041 0.0099681 -0.0768719 1.40067 2.94587 0.00941293 6.35156e-06 
97.5377 0.00881841 -0.650833 1.51782 0.777287 -3.10794 3.13251 0.0099681 -0.0768719 1.40067 2.94587 0.00941293 6.35156e-06 
97.5678 0.00882905 -0.650757 1.51752 0.776079 -3.10541 3.12984 0.0099681 -0.0768719 1.40067 2.94587 0.00941293 6.35156e-06 
97.5976 0.00871871 -0.652204 1.52085 0.769759 -3.11034 3.13194 0.0099681 -0.0768719 1.40067 2.94587 0.00941293 6.35156e-06 
97.6337 0.00877446 -0.651469 1.51916 0.772995 -3.1077 3.13082 0.0099681 -0.0768719 1.40067 2.94587 0.00941293 6.35156e-06 
97.6585 0.00882899 -0.650758 1.51752 0.776075 -3.10542 3.12985 0.0099681 -0.0768719 1.40067 2.94587 0.00941293 6.35156e-06 
97.6882 0.00867266 -0.652893 1.52231 0.765107 -3.11061 3.13038 0.0099681 -0.0768719 1.40067 2.94587 0.00941293 6.35156e-06 
97.7201 0.00851093 -0.65424 1.5206 -3.09812 0.0265911 0.0166268 0.0099681 -0.0768719 1.40067 2.94587 0.00941293 6.35156e-06 
97.7497 0.00867266 -0.652893 1.52231 0.765107 -3.11061 3.13038 0.0099681 -0.0768719 1.40067 2.94587 0.00941293 6.35156e-06 
97.7803 0.00847578 -0.654056 1.51995 -3.09538 0.0382707 0.0176067 0.0099681 -0.0768719 1.40067 2.94587 0.00941293 6.35156e-06 
97.8101 0.00867334 -0.652885 1.52229 0.765163 -3.11043 3.13018 0.0099681 -0.0768719 1.40067 2.94587 0.00941293 6.35156e-06 
97.8402 0.00851093 -0.65424 1.5206 -3.09812 0.0265911 0.0166268 0.0099681 -0.0768719 1.40067 2.94587 0.00941293 6.35156e-06 
97.87 0.00847187 -0.654023 1.51988 -3.09555 0.0395142 0.017697 0.0099681 -0.0768719 1.40067 2.94587 0.00941293 6.35156e-06 
97.8997 0.00827662 -0.653094 1.51754 -3.08787 0.0372566 0.0213223 0.0099681 -0.0768719 1.40067 2.94587 0.00941293 6.35156e-06 
97.931 0.00835931 -0.653802 1.51946 -3.09929 0.0341694 0.0178983 0.0099681 -0.0768719 1.40067 2.94587 0.00941293 6.35156e-06 
97.9607 0.00829463 -0.653188 1.51787 -3.0893 0.0314898 0.0207876 0.0099681 -0.0768719 1.40067 2.94587 0.00941293 6.35156e-06 
97.9911 0.00820697 -0.652353 1.5159 -3.09334 0.0362854 0.0228607 0.0099681 -0.0768719 1.40067 2.94587 0.00941293 6.35156e-06 
98.0224 0.00820777 -0.653356 1.51829 -3.10047 0.0414792 0.018897 0.0099681 -0.0768719 1.40067 2.94587 0.00941293 6.35156e-06 
98.0512 0.00818559 -0.653195 1.51781 -3.09939 0.0482589 0.0194383 0.0099681 -0.0768719 1.40067 2.94587 0.00941293 6.35156e-06 
98.0817 0.00818559 -0.653195 1.51781 -3.09939 0.0482589 0.0194383 0.0099681 -0.0768719 1.40067 2.94587 0.00941293 6.35156e-06 
98.1129 0.00813524 -0.652726 1.5165 -3.09329 0.0420677 0.0214742 0.0099681 -0.0768719 1.40067 2.94587 0.00941293 6.35156e-06 
98.1426 0.00822367 -0.654007 1.51949 -3.09164 0.0228385 0.0176777 0.0099681 -0.0768719 1.40067 2.94587 0.00941293 6.35156e-06 
98.1719 0.00822262 -0.653613 1.51846 -3.09108 0.0333123 0.0196925 0.00996769 -0.0768716 1.40066 2.94582 0.00951981 1.37631e-05 
98.2029 0.00822232 -0.65465 1.521 -3.0938 0.0405453 0.0158057 0.00996769 -0.0768716 1.40066 2.94582 0.00951981 1.37631e-05 
98.2334 0.00813698 -0.653183 1.51767 -3.09359 0.0316944 0.0194955 0.0099681 -0.0768719 1.40067 2.94587 0.00941293 6.35156e-06 
98.2634 0.00804926 -0.651888 1.51452 -3.09723 0.0464264 0.0233493 0.00996769 -0.0768716 1.40066 2.94582 0.00951981 1.37631e-05 
98.2933 0.00786659 -0.653188 1.5174 -3.10462 0.0426751 0.0183702 0.00982882 -0.0770109 1.4036 -0.189894 -3.14041 3.14087 
98.3238 0.00781006 -0.653558 1.5184 -3.10188 0.0418877 0.0163039 0.00955513 -0.077254 1.40866 -0.180872 -3.11523 3.13932 
98.354 0.00795282 -0.65291 1.51678 -3.09638 0.0343219 0.0200633 0.00924444 -0.0775971 1.41694 -0.148325 3.14032 3.14103 
98.3862 0.00786659 -0.653188 1.5174 -3.10462 0.0426751 0.0183702 0.00906018 -0.077774 1.42125 -0.131205 3.13345 3.14153 
98.4161 0.00784165 -0.653912 1.51897 -3.10441 0.0338335 0.0163327 0.00918217 -0.077657 1.41852 3.00107 0.00971447 5.06454e-05 
98.4444 0.00767543 -0.650351 1.51059 -3.11045 0.0500023 0.0247769 0.00895268 -0.0778692 1.42378 3.02301 0.0173647 0.000680551 
98.4742 0.00786877 -0.652124 1.5149 -3.10064 0.0462518 0.0211468 0.00863207 -0.0781623 1.43087 3.05019 0.00986191 8.544e-05 
98.5049 0.00772206 -0.651759 1.5139 -3.10518 0.0416847 0.0211586 0.00861258 -0.0781827 1.43107 -0.0943588 3.14095 3.14095 
98.5354 0.00793906 -0.652862 1.51651 -3.09924 0.0385548 0.019866 0.00861381 -0.0781817 1.43103 -0.0947448 3.14145 3.14092 
98.5646 0.0076345 -0.650928 1.51194 -3.10886 0.0454809 0.022785 0.00861258 -0.0781827 1.43107 -0.0943588 3.14095 3.14095 
98.5955 0.00767543 -0.650351 1.51059 -3.11045 0.0500023 0.0247769 0.00856635 -0.0782099 1.43248 3.0621 0.0188245 0.000896123 
98.6259 0.00767543 -0.650351 1.51059 -3.11045 0.0500023 0.0247769 0.00863207 -0.0781623 1.43087 3.05019 0.00986191 8.544e-05 
98.656 0.00767543 -0.650351 1.51059 -3.11045 0.0500023 0.0247769 0.00861381 -0.0781817 1.43103 -0.0947448 3.14145 3.14092 
98.6874 0.0076345 -0.650928 1.51194 -3.10886 0.0454809 0.022785 0.00861258 -0.0781827 1.43107 -0.0943588 3.14095 3.14095 
98.7163 0.0076345 -0.650928 1.51194 -3.10886 0.0454809 0.022785 0.00861258 -0.0781827 1.43107 -0.0943588 3.14095 3.14095 
98.7465 0.0076345 -0.650928 1.51194 -3.10886 0.0454809 0.022785 0.00861258 -0.0781827 1.43107 -0.0943588 3.14095 3.14095 
98.7774 0.0076345 -0.650928 1.51194 -3.10886 0.0454809 0.022785 0.00861258 -0.0781827 1.43107 -0.0943588 3.14095 3.14095 
98.8072 0.00767543 -0.650351 1.51059 -3.11045 0.0500023 0.0247769 0.00861258 -0.0781827 1.43107 -0.0943588 3.14095 3.14095 
98.8376 0.00766606 -0.650409 1.51073 -3.11011 0.0508966 0.0251719 0.00859527 -0.0781967 1.4311 -0.0981796 -3.132 3.14024 
98.8679 0.0076345 -0.650928 1.51194 -3.10886 0.0454809 0.022785 0.00852885 -0.0782543 1.43288 -0.0864349 -3.1415 3.14089 
98.898 0.00769195 -0.650571 1.51097 -3.11154 0.0461215 0.0248038 0.00859527 -0.0781967 1.4311 -0.0981796 -3.132 3.14024 
98.9288 0.00767543 -0.650351 1.51059 -3.11045 0.0500023 0.0247769 0.00859527 -0.0781967 1.4311 -0.0981796 -3.132 3.14024 
98.9584 0.0076345 -0.650928 1.51194 -3.10886 0.0454809 0.022785 0.00866678 -0.0782056 1.43072 3.05076 -0.0158183 0.000591209 
98.9896 0.00769195 -0.650571 1.51097 -3.11154 0.0461215 0.0248038 0.0086864 -0.0781936 1.43077 3.05506 -0.00626116 0.00129462 
99.0195 0.00768259 -0.650631 1.51111 -3.11118 0.047016 0.0251978 0.00861258 -0.0781827 1.43107 -0.0943588 3.14095 3.14095 
99.0496 0.00769755 -0.650573 1.51098 -3.10767 0.0443146 0.0245507 0.00866678 -0.0782056 1.43072 3.05076 -0.0158183 0.000591209 
99.0794 0.00765112 -0.651134 1.51229 -3.11 0.0415711 0.0228038 0.00863207 -0.0781623 1.43087 3.05019 0.00986191 8.544e-05 
99.1102 0.00797555 -0.653208 1.51706 -3.09783 0.0286778 0.0195231 0.0086864 -0.0781936 1.43077 3.05506 -0.00626116 0.00129462 
99.1398 0.00797555 -0.653208 1.51706 -3.09783 0.0286778 0.0195231 0.00905701 -0.077854 1.4223 3.01923 -0.00274789 0.00149361 
99.1707 0.00798026 -0.652307 1.51521 -3.10084 0.0429213 0.0217921 0.00909104 -0.0778224 1.42163 3.01765 0.000544217 0.00173987 
99.2002 0.0080019 -0.652508 1.51555 -3.09804 0.036963 0.0214637 0.00914061 -0.0776969 1.41946 3.00435 0.00957273 4.1032e-05 
99.2301 0.00798026 -0.652307 1.51521 -3.10084 0.0429213 0.0217921 0.00944526 -0.0773873 1.41186 -0.168465 -3.12791 3.14005 
99.2608 0.00799517 -0.652496 1.51552 -3.10205 0.0390862 0.0218133 0.00983594 -0.0770012 1.40334 -0.191335 -3.13721 3.14066 
99.2972 0.0080019 -0.652508 1.51555 -3.09804 0.036963 0.0214637 0.00992381 -0.0769165 1.40167 2.94893 0.0108161 0.000107347 
99.3218 0.0080319 -0.653737 1.51857 -3.09516 0.0339181 0.0178703 0.00996769 -0.0768716 1.40066 2.94582 0.00951981 1.37631e-05 
99.352 0.00809453 -0.653381 1.51761 -3.09393 0.0322772 0.0194519 0.00992017 -0.0769199 1.40177 2.94956 0.0124146 0.00022249 
99.382 0.00811473 -0.652645 1.51601 -3.09837 0.042415 0.0216216 0.00996769 -0.0768716 1.40066 2.94582 0.00951981 1.37631e-05 
99.412 0.00816844 -0.654101 1.51944 -3.09243 0.0333385 0.0176636 0.00996769 -0.0768716 1.40066 2.94582 0.00951981 1.37631e-05 
99.4431 0.00821008 -0.653564 1.51818 -3.09404 0.0374693 0.0194893 0.0099681 -0.0768719 1.40067 2.94587 0.00941293 6.35156e-06 
99.473 0.00821008 -0.653564 1.51818 -3.09404 0.0374693 0.0194893 0.0099681 -0.0768719 1.40067 2.94587 0.00941293 6.35156e-06 
99.5027 0.00825227 -0.653018 1.5169 -3.09572 0.0412398 0.0211588 0.0099681 -0.0768719 1.40067 2.94587 0.00941293 6.35156e-06 
99.5336 0.00825227 -0.653018 1.5169 -3.09572 0.0412398 0.0211588 0.0099681 -0.0768719 1.40067 2.94587 0.00941293 6.35156e-06 
99.5651 0.00829493 -0.652468 1.51561 -3.09746 0.0446364 0.022665 0.0099681 -0.0768719 1.40067 2.94587 0.00941293 6.35156e-06 
99.5947 0.00829493 -0.652468 1.51561 -3.09746 0.0446364 0.022665 0.0099681 -0.0768719 1.40067 2.94587 0.00941293 6.35156e-06 
99.6247 0.00839277 -0.653426 1.51787 -3.09289 0.0393847 0.0203962 0.0099681 -0.0768719 1.40067 2.94587 0.00941293 6.35156e-06 
99.655 0.00839277 -0.653426 1.51787 -3.09289 0.0393847 0.0203962 0.0099681 -0.0768719 1.40067 2.94587 0.00941293 6.35156e-06 
99.69 0.00839277 -0.653426 1.51787 -3.09289 0.0393847 0.0203962 0.0099681 -0.0768719 1.40067 2.94587 0.00941293 6.35156e-06 
99.7156 0.00839277 -0.653426 1.51787 -3.09289 0.0393847 0.0203962 0.0099681 -0.0768719 1.40067 2.94587 0.00941293 6.35156e-06 
99.7467 0.00839277 -0.653426 1.51787 -3.09289 0.0393847 0.0203962 0.0099681 -0.0768719 1.40067 2.94587 0.00941293 6.35156e-06 
99.7811 0.00843597 -0.652883 1.51659 -3.09467 0.0424857 0.0217732 0.0099681 -0.0768719 1.40067 2.94587 0.00941293 6.35156e-06 
99.8062 0.00843597 -0.652883 1.51659 -3.09467 0.0424857 0.0217732 0.0099681 -0.0768719 1.40067 2.94587 0.00941293 6.35156e-06 
99.8365 0.00843597 -0.652883 1.51659 -3.09467 0.0424857 0.0217732 0.0099681 -0.0768719 1.40067 2.94587 0.00941293 6.35156e-06 
99.8671 0.00882579 -0.651065 1.51746 0.76386 -3.10894 3.13289 0.0099681 -0.0768719 1.40067 2.94587 0.00941293 6.35156e-06 
99.9024 0.00882579 -0.651065 1.51746 0.76386 -3.10894 3.13289 0.0099681 -0.0768719 1.40067 2.94587 0.00941293 6.35156e-06 
99.9281 0.00877037 -0.651783 1.51911 0.760624 -3.11141 3.13396 0.0099681 -0.0768719 1.40067 2.94587 0.00941293 6.35156e-06 
99.9623 0.00877037 -0.651783 1.51911 0.760624 -3.11141 3.13396 0.0099681 -0.0768719 1.40067 2.94587 0.00941293 6.35156e-06 
99.9882 0.00882579 -0.651065 1.51746 0.76386 -3.10894 3.13289 0.0099681 -0.0768719 1.40067 2.94587 0.00941293 6.35156e-06 
100.018 0.00882579 -0.651065 1.51746 0.76386 -3.10894 3.13289 0.0099681 -0.0768719 1.40067 2.94587 0.00941293 6.35156e-06 
100.048 0.00882579 -0.651065 1.51746 0.76386 -3.10894 3.13289 0.0099681 -0.0768719 1.40067 2.94587 0.00941293 6.35156e-06 
100.08 0.00864922 -0.652772 1.51679 -3.09046 0.0467021 0.0252438 0.0099681 -0.0768719 1.40067 2.94587 0.00941293 6.35156e-06 
100.109 0.00883007 -0.650936 1.51739 0.764074 -3.10661 3.13119 0.0099681 -0.0768719 1.40067 2.94587 0.00941293 6.35156e-06 
100.139 0.00892014 -0.6497 1.51468 0.766882 -3.1076 3.13411 0.0099681 -0.0768719 1.40067 2.94587 0.00941293 6.35156e-06 
100.169 0.0089075 -0.649789 1.51501 0.768025 -3.11055 3.13719 0.0099681 -0.0768719 1.40067 2.94587 0.00941293 6.35156e-06 
100.199 0.00899718 -0.649973 1.51543 0.767256 -3.0992 3.12869 0.0099681 -0.0768719 1.40067 2.94587 0.00941293 6.35156e-06 
100.234 0.00894758 -0.649228 1.51385 0.771977 -3.1118 3.13941 0.0099681 -0.0768719 1.40067 2.94587 0.00941293 6.35156e-06 
100.26 0.00898637 -0.650083 1.51581 0.768247 -3.10186 3.13146 0.0099681 -0.0768719 1.40067 2.94587 0.00941293 6.35156e-06 
100.291 0.00889559 -0.649854 1.51529 0.769305 -3.11328 3.14005 0.0099681 -0.0768719 1.40067 2.94587 0.00941293 6.35156e-06 
100.322 0.0089075 -0.649789 1.51501 0.768025 -3.11055 3.13719 0.0099681 -0.0768719 1.40067 2.94587 0.00941293 6.35156e-06 
100.352 0.00893596 -0.649515 1.51439 0.777798 -3.10205 3.1289 0.0099681 -0.0768719 1.40067 2.94587 0.00941293 6.35156e-06 
100.381 0.00898692 -0.648769 1.51295 0.784419 -3.10048 3.12773 0.0099681 -0.0768719 1.40067 2.94587 0.00941293 6.35156e-06 
100.411 0.00902256 -0.649606 1.51483 0.771593 -3.1043 3.13496 0.0099681 -0.0768719 1.40067 2.94587 0.00941293 6.35156e-06 
100.441 0.00893522 -0.649407 1.51441 0.781788 -3.10182 3.12831 0.0099681 -0.0768719 1.40067 2.94587 0.00941293 6.35156e-06 
100.472 0.00882899 -0.650758 1.51752 0.776075 -3.10542 3.12985 0.0099681 -0.0768719 1.40067 2.94587 0.00941293 6.35156e-06 
100.502 0.00898688 -0.64877 1.51295 0.784416 -3.10049 3.12775 0.0099681 -0.0768719 1.40067 2.94587 0.00941293 6.35156e-06 
100.532 0.00898688 -0.64877 1.51295 0.784416 -3.10049 3.12775 0.0099681 -0.0768719 1.40067 2.94587 0.00941293 6.35156e-06 
100.562 0.00881004 -0.650872 1.51804 0.778713 -3.10988 3.13453 0.0099681 -0.0768719 1.40067 2.94587 0.00941293 6.35156e-06 
100.592 0.00881841 -0.650833 1.51782 0.777287 -3.10794 3.13251 0.0099681 -0.0768719 1.40067 2.94587 0.00941293 6.35156e-06 
100.623 0.00881004 -0.650872 1.51804 0.778713 -3.10988 3.13453 0.0099681 -0.0768719 1.40067 2.94587 0.00941293 6.35156e-06 
100.653 0.00882899 -0.650758 1.51752 0.776075 -3.10542 3.12985 0.0099681 -0.0768719 1.40067 2.94587 0.00941293 6.35156e-06 
100.684 0.0088101 -0.650871 1.51804 0.778716 -3.10987 3.13452 0.0099681 -0.0768719 1.40067 2.94587 0.00941293 6.35156e-06 
100.715 0.00881841 -0.650833 1.51782 0.777287 -3.10794 3.13251 0.0099681 -0.0768719 1.40067 2.94587 0.00941293 6.35156e-06 
100.744 0.00881004 -0.650872 1.51804 0.778713 -3.10988 3.13453 0.0099681 -0.0768719 1.40067 2.94587 0.00941293 6.35156e-06 
100.775 0.00877989 -0.651855 1.52082 -2.36654 -0.0143917 0.013054 0.0099681 -0.0768719 1.40067 2.94587 0.00941293 6.35156e-06 
100.805 0.00879376 -0.650943 1.51835 0.775778 -3.11437 3.13883 0.0099681 -0.0768719 1.40067 2.94587 0.00941293 6.35156e-06 
100.835 0.00879376 -0.650943 1.51835 0.775778 -3.11437 3.13883 0.0099681 -0.0768719 1.40067 2.94587 0.00941293 6.35156e-06 
100.865 0.00879684 -0.653269 1.5192 -3.09929 -0.00695058 0.0203651 0.0099681 -0.0768719 1.40067 2.94587 0.00941293 6.35156e-06 
100.896 0.00854821 -0.654314 1.52117 -3.09856 0.0132948 0.0160715 0.0099681 -0.0768719 1.40067 2.94587 0.00941293 6.35156e-06 
100.927 0.0085262 -0.654294 1.52084 -3.09963 0.0213875 0.0162049 0.0099681 -0.0768719 1.40067 2.94587 0.00941293 6.35156e-06 
100.956 0.00854287 -0.65452 1.52164 -3.09787 0.00792172 0.0148953 0.0099681 -0.0768719 1.40067 2.94587 0.00941293 6.35156e-06 
100.986 0.00844154 -0.652912 1.51839 -3.10344 -0.0088223 0.0184596 0.0099681 -0.0768719 1.40067 2.94587 0.00941293 6.35156e-06 
101.016 0.00853732 -0.654315 1.521 -3.1013 0.0174928 0.0158915 0.0099681 -0.0768719 1.40067 2.94587 0.00941293 6.35156e-06 
101.047 0.00844154 -0.652912 1.51839 -3.10344 -0.0088223 0.0184596 0.0099681 -0.0768719 1.40067 2.94587 0.00941293 6.35156e-06 
101.081 0.00843166 -0.652983 1.51839 -3.10574 -0.00492429 0.0183541 0.0099681 -0.0768719 1.40067 2.94587 0.00941293 6.35156e-06 
101.107 0.0085262 -0.654294 1.52084 -3.09963 0.0213875 0.0162049 0.0099681 -0.0768719 1.40067 2.94587 0.00941293 6.35156e-06 
101.137 0.00849514 -0.654799 1.52213 -3.09978 0.0140047 0.0143465 0.0099681 -0.0768719 1.40067 2.94587 0.00941293 6.35156e-06 
101.167 0.00836114 -0.653836 1.52031 -3.09679 -0.0195871 0.01447 0.0099681 -0.0768719 1.40067 2.94587 0.00941293 6.35156e-06 
101.202 0.00823255 -0.653448 1.51973 -3.10506 -0.0202165 0.0146495 0.0099681 -0.0768719 1.40067 2.94587 0.00941293 6.35156e-06 
101.228 0.00825422 -0.653147 1.51881 -3.10242 -0.00764434 0.0172281 0.0099681 -0.0768719 1.40067 2.94587 0.00941293 6.35156e-06 
101.259 0.00824305 -0.654126 1.5207 -3.10208 0.0126453 0.0156652 0.0099681 -0.0768719 1.40067 2.94587 0.00941293 6.35156e-06 
101.289 0.00823046 -0.654137 1.52056 -3.1047 0.0169662 0.0155085 0.0099681 -0.0768719 1.40067 2.94587 0.00941293 6.35156e-06 
101.318 0.00827182 -0.653647 1.51941 -3.10615 0.0210226 0.0173005 0.0099681 -0.0768719 1.40067 2.94587 0.00941293 6.35156e-06 
101.348 0.00826019 -0.65362 1.51923 -3.10454 0.0248648 0.0175948 0.0099681 -0.0768719 1.40067 2.94587 0.00941293 6.35156e-06 
101.379 0.00827635 -0.653046 1.51879 -3.10617 -0.015474 0.0167324 0.0099681 -0.0768719 1.40067 2.94587 0.00941293 6.35156e-06 
101.41 0.00826481 -0.653269 1.5188 -3.10234 -0.0103324 0.0166605 0.0099681 -0.0768719 1.40067 2.94587 0.00941293 6.35156e-06 
101.44 0.00822342 -0.653512 1.51977 -3.10313 -0.0169536 0.0148372 0.0099681 -0.0768719 1.40067 2.94587 0.00941293 6.35156e-06 
101.47 0.00823703 -0.653216 1.51881 -3.10479 -0.00165093 0.0172771 0.0099681 -0.0768719 1.40067 2.94587 0.00941293 6.35156e-06 
101.499 0.00821236 -0.653618 1.51985 -3.10525 -0.012911 0.0147754 0.0099681 -0.0768719 1.40067 2.94587 0.00941293 6.35156e-06 
101.53 0.00819816 -0.653626 1.51982 -3.09936 -0.0082469 0.0154118 0.0099681 -0.0768719 1.40067 2.94587 0.00941293 6.35156e-06 
101.56 0.00815505 -0.653747 1.51972 -3.09815 0.00627574 0.0161099 0.0099681 -0.0768719 1.40067 2.94587 0.00941293 6.35156e-06 
101.592 0.00814279 -0.653686 1.51964 -3.09416 0.0099503 0.0168002 0.0099681 -0.0768719 1.40067 2.94587 0.00941293 6.35156e-06 
101.621 0.00813928 -0.653746 1.51961 -3.09646 0.011393 0.01651 0.0099681 -0.0768719 1.40067 2.94587 0.00941293 6.35156e-06 
101.651 0.00814711 -0.653728 1.51968 -3.09832 0.00873731 0.0162922 0.0099681 -0.0768719 1.40067 2.94587 0.00941293 6.35156e-06 
101.682 0.00810403 -0.653093 1.51816 -3.10094 0.000508717 0.017381 0.00994296 -0.0768965 1.40111 -0.195953 3.13899 3.14113 
101.711 0.00812269 -0.654189 1.52086 -3.09869 -0.00278706 0.0135435 0.0099681 -0.0768719 1.40067 2.94587 0.00941293 6.35156e-06 
101.743 0.0081417 -0.653831 1.51957 -3.09232 0.0111071 0.0165308 0.0099681 -0.0768719 1.40067 2.94587 0.00941293 6.35156e-06 
101.772 0.00795359 -0.652281 1.51581 -3.09802 0.026066 0.0208782 0.0099681 -0.0768719 1.40067 2.94587 0.00941293 6.35156e-06 
101.804 0.00801404 -0.65288 1.51735 -3.09714 0.0283994 0.0194906 0.00994296 -0.0768965 1.40111 -0.195953 3.13899 3.14113 
101.833 0.00800964 -0.653586 1.51898 -3.0946 0.011425 0.0163399 0.00994296 -0.0768965 1.40111 -0.195953 3.13899 3.14113 
101.863 0.00795359 -0.652281 1.51581 -3.09802 0.026066 0.0208782 0.0099681 -0.0768719 1.40067 2.94587 0.00941293 6.35156e-06 
101.893 0.00803717 -0.653038 1.51759 -3.09444 0.0218106 0.0190501 0.0099681 -0.0768719 1.40067 2.94587 0.00941293 6.35156e-06 
101.924 0.00789073 -0.652775 1.51686 -3.095 0.0265769 0.0190988 0.0099681 -0.0768719 1.40067 2.94587 0.00941293 6.35156e-06 
101.954 0.0080188 -0.65298 1.51735 -3.09294 0.027487 0.0195348 0.00994296 -0.0768965 1.40111 -0.195953 3.13899 3.14113 
101.984 0.00797451 -0.653532 1.51864 -3.09139 0.0222979 0.0172569 0.00910739 -0.0777295 1.42015 -0.135849 3.13557 3.14137 
102.014 0.00789073 -0.652775 1.51686 -3.095 0.0265769 0.0190988 0.00994296 -0.0768965 1.40111 -0.195953 3.13899 3.14113 
102.046 0.00789073 -0.652775 1.51686 -3.095 0.0265769 0.0190988 0.0099681 -0.0768719 1.40067 2.94587 0.00941293 6.35156e-06 
102.076 0.00799294 -0.65357 1.51884 -3.09295 0.0166133 0.0167698 0.00994296 -0.0768965 1.40111 -0.195953 3.13899 3.14113 
102.105 0.00803571 -0.653031 1.51758 -3.09448 0.0222502 0.0190839 0.0099681 -0.0768719 1.40067 2.94587 0.00941293 6.35156e-06 
102.135 0.00792198 -0.652171 1.51528 -3.09937 0.0357192 0.0211654 0.00923774 -0.0776041 1.41716 -0.146814 3.13752 3.14123 
102.166 0.00789578 -0.652825 1.51692 -3.09912 0.0251046 0.0185015 0.00955321 -0.077258 1.40877 -0.180378 -3.11615 3.13937 
102.196 0.0078512 -0.652993 1.51708 -3.10343 0.046558 0.0183554 0.00992643 -0.076914 1.4016 2.94849 0.00971934 2.89237e-05 
102.226 0.00781006 -0.653558 1.5184 -3.10188 0.0418877 0.0163039 0.00984467 -0.0769977 1.40347 2.95374 0.0097051 3.00226e-05 
102.258 0.00781006 -0.653558 1.5184 -3.10188 0.0418877 0.0163039 0.00996769 -0.0768716 1.40066 2.94582 0.00951981 1.37631e-05 
102.287 0.0078512 -0.652993 1.51708 -3.10343 0.046558 0.0183554 0.00993447 -0.0769056 1.40137 -0.194518 3.13533 3.14138 
102.318 0.0077801 -0.652223 1.51539 -3.10492 0.0541509 0.0195877 0.00996769 -0.0768716 1.40066 2.94582 0.00951981 1.37631e-05 
102.348 0.00798026 -0.652307 1.51521 -3.10084 0.0429213 0.0217921 0.00996769 -0.0768716 1.40066 2.94582 0.00951981 1.37631e-05 
102.378 0.00793906 -0.652862 1.51651 -3.09924 0.0385548 0.019866 0.00996769 -0.0768716 1.40066 2.94582 0.00951981 1.37631e-05 
102.409 0.00793906 -0.652862 1.51651 -3.09924 0.0385548 0.019866 0.00996769 -0.0768716 1.40066 2.94582 0.00951981 1.37631e-05 
102.439 0.00798026 -0.652307 1.51521 -3.10084 0.0429213 0.0217921 0.00996769 -0.0768716 1.40066 2.94582 0.00951981 1.37631e-05 
102.469 0.00807303 -0.653195 1.5173 -3.09673 0.0383614 0.0198298 0.00996769 -0.0768716 1.40066 2.94582 0.00951981 1.37631e-05 
102.499 0.00816844 -0.654101 1.51944 -3.09243 0.0333385 0.0176636 0.00996769 -0.0768716 1.40066 2.94582 0.00951981 1.37631e-05 
102.529 0.00821008 -0.653564 1.51818 -3.09404 0.0374693 0.0194893 0.00996769 -0.0768716 1.40066 2.94582 0.00951981 1.37631e-05 
102.56 0.00821008 -0.653564 1.51818 -3.09404 0.0374693 0.0194893 0.00996769 -0.0768716 1.40066 2.94582 0.00951981 1.37631e-05 
102.59 0.00821008 -0.653564 1.51818 -3.09404 0.0374693 0.0194893 0.00996769 -0.0768716 1.40066 2.94582 0.00951981 1.37631e-05 
102.621 0.00821008 -0.653564 1.51818 -3.09404 0.0374693 0.0194893 0.00996769 -0.0768716 1.40066 2.94582 0.00951981 1.37631e-05 
102.65 0.00821008 -0.653564 1.51818 -3.09404 0.0374693 0.0194893 0.00996769 -0.0768716 1.40066 2.94582 0.00951981 1.37631e-05 
102.68 0.00821008 -0.653564 1.51818 -3.09404 0.0374693 0.0194893 0.00996769 -0.0768716 1.40066 2.94582 0.00951981 1.37631e-05 
102.711 0.00824464 -0.653898 1.5187 -3.09263 0.0275306 0.0191038 0.00996769 -0.0768716 1.40066 2.94582 0.00951981 1.37631e-05 
102.741 0.00823118 -0.653747 1.51848 -3.09123 0.0313096 0.0190833 0.0099681 -0.0768719 1.40067 2.94587 0.00941293 6.35156e-06 
102.771 0.00825227 -0.653018 1.5169 -3.09572 0.0412398 0.0211588 0.00996769 -0.0768716 1.40066 2.94582 0.00951981 1.37631e-05 
102.803 0.00828664 -0.653378 1.51748 -3.09421 0.0313809 0.0208049 0.0099681 -0.0768719 1.40067 2.94587 0.00941293 6.35156e-06 
102.832 0.0083158 -0.652678 1.51597 -3.09459 0.0385953 0.0223105 0.0099681 -0.0768719 1.40067 2.94587 0.00941293 6.35156e-06 
102.862 0.00825227 -0.653018 1.5169 -3.09572 0.0412398 0.0211588 0.00996769 -0.0768716 1.40066 2.94582 0.00951981 1.37631e-05 
102.892 0.00827322 -0.653216 1.51723 -3.09288 0.0351398 0.0207786 0.00996769 -0.0768716 1.40066 2.94582 0.00951981 1.37631e-05 
102.922 0.00829493 -0.652468 1.51561 -3.09746 0.0446364 0.022665 0.00996769 -0.0768716 1.40066 2.94582 0.00951981 1.37631e-05 
102.952 0.00839277 -0.653426 1.51787 -3.09289 0.0393847 0.0203962 0.0099681 -0.0768719 1.40067 2.94587 0.00941293 6.35156e-06 
102.984 0.00829493 -0.652468 1.51561 -3.09746 0.0446364 0.022665 0.00998522 -0.0768836 1.40083 2.94484 0.0164476 0.000457127 
103.014 0.00841345 -0.653618 1.51819 -3.09004 0.0332036 0.0199856 0.0099681 -0.0768719 1.40067 2.94587 0.00941293 6.35156e-06 
103.043 0.00841345 -0.653618 1.51819 -3.09004 0.0332036 0.0199856 0.00998522 -0.0768836 1.40083 2.94484 0.0164476 0.000457127 
103.073 0.00841345 -0.653618 1.51819 -3.09004 0.0332036 0.0199856 0.00998522 -0.0768836 1.40083 2.94484 0.0164476 0.000457127 
103.105 0.00843597 -0.652883 1.51659 -3.09467 0.0424857 0.0217732 0.00998522 -0.0768836 1.40083 2.94484 0.0164476 0.000457127 
103.134 0.00841345 -0.653618 1.51819 -3.09004 0.0332036 0.0199856 0.00998522 -0.0768836 1.40083 2.94484 0.0164476 0.000457127 
103.164 0.00843597 -0.652883 1.51659 -3.09467 0.0424857 0.0217732 0.00998522 -0.0768836 1.40083 2.94484 0.0164476 0.000457127 
103.195 0.00843597 -0.652883 1.51659 -3.09467 0.0424857 0.0217732 0.00998522 -0.0768836 1.40083 2.94484 0.0164476 0.000457127 
103.231 0.00842599 -0.65377 1.51842 -3.09143 0.0294903 0.0200189 0.00998522 -0.0768836 1.40083 2.94484 0.0164476 0.000457127 
103.256 0.00877005 -0.650542 1.51596 0.766126 -3.10114 3.12912 0.00998522 -0.0768836 1.40083 2.94484 0.0164476 0.000457127 
103.285 0.00847962 -0.652341 1.51532 -3.09648 0.0452258 0.0229906 0.00998522 -0.0768836 1.40083 2.94484 0.0164476 0.000457127 
103.316 0.00845647 -0.653088 1.51695 -3.09178 0.0363586 0.0213858 0.00998522 -0.0768836 1.40083 2.94484 0.0164476 0.000457127 
103.351 0.00877838 -0.650334 1.51563 0.769148 -3.09856 3.12609 0.00998522 -0.0768836 1.40083 2.94484 0.0164476 0.000457127 
103.377 0.00877838 -0.650334 1.51563 0.769148 -3.09856 3.12609 0.00998522 -0.0768836 1.40083 2.94484 0.0164476 0.000457127 
103.411 0.00884202 -0.650949 1.51705 0.767124 -3.10427 3.12849 0.0099681 -0.0768719 1.40067 2.94587 0.00941293 6.35156e-06 
103.437 0.00877838 -0.650334 1.51563 0.769148 -3.09856 3.12609 0.0099681 -0.0768719 1.40067 2.94587 0.00941293 6.35156e-06 
103.467 0.00877838 -0.650334 1.51563 0.769148 -3.09856 3.12609 0.0099681 -0.0768719 1.40067 2.94587 0.00941293 6.35156e-06 
103.498 0.00884202 -0.650949 1.51705 0.767124 -3.10427 3.12849 0.00998522 -0.0768836 1.40083 2.94484 0.0164476 0.000457127 
103.528 0.00884202 -0.650949 1.51705 0.767124 -3.10427 3.12849 0.0099681 -0.0768719 1.40067 2.94587 0.00941293 6.35156e-06 
103.562 0.00884202 -0.650949 1.51705 0.767124 -3.10427 3.12849 0.00998522 -0.0768836 1.40083 2.94484 0.0164476 0.000457127 
103.588 0.00877838 -0.650334 1.51563 0.769148 -3.09856 3.12609 0.0099681 -0.0768719 1.40067 2.94587 0.00941293 6.35156e-06 
103.622 0.00884202 -0.650949 1.51705 0.767124 -3.10427 3.12849 0.0099681 -0.0768719 1.40067 2.94587 0.00941293 6.35156e-06 
103.648 0.00884202 -0.650949 1.51705 0.767124 -3.10427 3.12849 0.0099681 -0.0768719 1.40067 2.94587 0.00941293 6.35156e-06 
103.679 0.00884202 -0.650949 1.51705 0.767124 -3.10427 3.12849 0.0099681 -0.0768719 1.40067 2.94587 0.00941293 6.35156e-06 
103.709 0.00884202 -0.650949 1.51705 0.767124 -3.10427 3.12849 0.0099681 -0.0768719 1.40067 2.94587 0.00941293 6.35156e-06 
103.744 0.00882579 -0.651065 1.51746 0.76386 -3.10894 3.13289 0.0099681 -0.0768719 1.40067 2.94587 0.00941293 6.35156e-06 
103.77 0.00882579 -0.651065 1.51746 0.76386 -3.10894 3.13289 0.0099681 -0.0768719 1.40067 2.94587 0.00941293 6.35156e-06 
103.8 0.00882579 -0.651065 1.51746 0.76386 -3.10894 3.13289 0.0099681 -0.0768719 1.40067 2.94587 0.00941293 6.35156e-06 
103.83 0.00884202 -0.650949 1.51705 0.767124 -3.10427 3.12849 0.0099681 -0.0768719 1.40067 2.94587 0.00941293 6.35156e-06 
103.86 0.00882579 -0.651065 1.51746 0.76386 -3.10894 3.13289 0.0099681 -0.0768719 1.40067 2.94587 0.00941293 6.35156e-06 
103.891 0.00882579 -0.651065 1.51746 0.76386 -3.10894 3.13289 0.0099681 -0.0768719 1.40067 2.94587 0.00941293 6.35156e-06 
103.921 0.00881429 -0.651144 1.51777 0.765061 -3.11168 3.13574 0.0099681 -0.0768719 1.40067 2.94587 0.00941293 6.35156e-06 
103.956 0.00881429 -0.651144 1.51777 0.765061 -3.11168 3.13574 0.0099681 -0.0768719 1.40067 2.94587 0.00941293 6.35156e-06 
103.981 0.00881429 -0.651144 1.51777 0.765061 -3.11168 3.13574 0.0099681 -0.0768719 1.40067 2.94587 0.00941293 6.35156e-06 
104.011 0.00882579 -0.651065 1.51746 0.76386 -3.10894 3.13289 0.0099681 -0.0768719 1.40067 2.94587 0.00941293 6.35156e-06 
104.043 0.00881429 -0.651144 1.51777 0.765061 -3.11168 3.13574 0.0099681 -0.0768719 1.40067 2.94587 0.00941293 6.35156e-06 
104.072 0.00882579 -0.651065 1.51746 0.76386 -3.10894 3.13289 0.0099681 -0.0768719 1.40067 2.94587 0.00941293 6.35156e-06 
104.102 0.00878701 -0.651259 1.5183 -2.37818 -0.0228443 0.000997731 0.0099681 -0.0768719 1.40067 2.94587 0.00941293 6.35156e-06 
104.137 0.0087413 -0.652022 1.52018 0.767509 -3.10471 3.12604 0.0099681 -0.0768719 1.40067 2.94587 0.00941293 6.35156e-06 
104.167 0.00879889 -0.651211 1.51806 0.76204 -3.11602 3.13975 0.0099681 -0.0768719 1.40067 2.94587 0.00941293 6.35156e-06 
104.193 0.00877336 -0.651303 1.51853 -2.37681 -0.0197385 0.00426005 0.0099681 -0.0768719 1.40067 2.94587 0.00941293 6.35156e-06 
104.228 0.00866141 -0.652678 1.52169 -2.38302 -0.014264 0.00659443 0.0099681 -0.0768719 1.40067 2.94587 0.00941293 6.35156e-06 
104.257 0.00867494 -0.652659 1.52152 -2.38454 -0.0173679 0.0033464 0.0099681 -0.0768719 1.40067 2.94587 0.00941293 6.35156e-06 
104.287 0.00845229 -0.653853 1.51966 -3.08917 0.0140959 0.0179407 0.0099681 -0.0768719 1.40067 2.94587 0.00941293 6.35156e-06 
104.315 0.00867266 -0.652893 1.52231 0.765107 -3.11061 3.13038 0.0099681 -0.0768719 1.40067 2.94587 0.00941293 6.35156e-06 
104.344 0.00851093 -0.65424 1.5206 -3.09812 0.0265911 0.0166268 0.0099681 -0.0768719 1.40067 2.94587 0.00941293 6.35156e-06 
104.374 0.00850629 -0.654783 1.52227 -3.09709 0.00975227 0.0145047 0.0099681 -0.0768719 1.40067 2.94587 0.00941293 6.35156e-06 
104.404 0.00843832 -0.65524 1.52312 -3.09221 0.0150062 0.0135343 0.0099681 -0.0768719 1.40067 2.94587 0.00941293 6.35156e-06 
104.434 0.00843832 -0.65524 1.52312 -3.09221 0.0150062 0.0135343 0.0099681 -0.0768719 1.40067 2.94587 0.00941293 6.35156e-06 
104.466 0.00845331 -0.655271 1.52324 -3.09833 0.0101614 0.0126454 0.0099681 -0.0768719 1.40067 2.94587 0.00941293 6.35156e-06 
104.5 0.00836114 -0.653836 1.52031 -3.09679 -0.0195871 0.01447 0.0099681 -0.0768719 1.40067 2.94587 0.00941293 6.35156e-06 
104.525 0.00845331 -0.655271 1.52324 -3.09833 0.0101614 0.0126454 0.0099681 -0.0768719 1.40067 2.94587 0.00941293 6.35156e-06 
104.556 0.00835814 -0.654427 1.52131 -3.09801 0.0166347 0.0156247 0.0099681 -0.0768719 1.40067 2.94587 0.00941293 6.35156e-06 
104.586 0.00825654 -0.653186 1.51884 -3.10646 -0.00820542 0.0168453 0.0099681 -0.0768719 1.40067 2.94587 0.00941293 6.35156e-06 
104.616 0.00825654 -0.653186 1.51884 -3.10646 -0.00820542 0.0168453 0.0099681 -0.0768719 1.40067 2.94587 0.00941293 6.35156e-06 
104.646 0.00826724 -0.653099 1.5188 -3.10426 -0.0121886 0.0169291 0.0099681 -0.0768719 1.40067 2.94587 0.00941293 6.35156e-06 
104.677 0.0083324 -0.654903 1.52253 -3.09831 0.00732646 0.0133775 0.0099681 -0.0768719 1.40067 2.94587 0.00941293 6.35156e-06 
104.706 0.00837339 -0.654446 1.52146 -3.09964 0.0115132 0.0152238 0.0099681 -0.0768719 1.40067 2.94587 0.00941293 6.35156e-06 
104.737 0.00825654 -0.653186 1.51884 -3.10646 -0.00820542 0.0168453 0.0099681 -0.0768719 1.40067 2.94587 0.00941293 6.35156e-06 
104.767 0.00826724 -0.653099 1.5188 -3.10426 -0.0121886 0.0169291 0.0099681 -0.0768719 1.40067 2.94587 0.00941293 6.35156e-06 
104.798 0.00823046 -0.654137 1.52056 -3.1047 0.0169662 0.0155085 0.0099681 -0.0768719 1.40067 2.94587 0.00941293 6.35156e-06 
104.828 0.00828403 -0.653653 1.51959 -3.10346 0.0167677 0.0174827 0.0099681 -0.0768719 1.40067 2.94587 0.00941293 6.35156e-06 
104.859 0.00826574 -0.653142 1.51885 -3.10832 -0.0114837 0.0166496 0.0099681 -0.0768719 1.40067 2.94587 0.00941293 6.35156e-06 
104.889 0.00828403 -0.653653 1.51959 -3.10346 0.0167677 0.0174827 0.0099681 -0.0768719 1.40067 2.94587 0.00941293 6.35156e-06 
104.919 0.00828403 -0.653653 1.51959 -3.10346 0.0167677 0.0174827 0.0099681 -0.0768719 1.40067 2.94587 0.00941293 6.35156e-06 
104.949 0.00826353 -0.653102 1.51881 -3.10431 -0.0109783 0.0170123 0.0099681 -0.0768719 1.40067 2.94587 0.00941293 6.35156e-06 
104.979 0.00822342 -0.653512 1.51977 -3.10313 -0.0169536 0.0148372 0.0099681 -0.0768719 1.40067 2.94587 0.00941293 6.35156e-06 
105.009 0.00827635 -0.653046 1.51879 -3.10617 -0.015474 0.0167324 0.0099681 -0.0768719 1.40067 2.94587 0.00941293 6.35156e-06 
105.04 0.00826724 -0.653099 1.5188 -3.10426 -0.0121886 0.0169291 0.0099681 -0.0768719 1.40067 2.94587 0.00941293 6.35156e-06 
105.072 0.00816685 -0.653975 1.52074 -3.1002 -0.0176434 0.0128447 0.0099681 -0.0768719 1.40067 2.94587 0.00941293 6.35156e-06 
105.101 0.00824786 -0.653147 1.51881 -3.10251 -0.00560426 0.0173713 0.0099681 -0.0768719 1.40067 2.94587 0.00941293 6.35156e-06 
105.13 0.00807624 -0.651697 1.51557 -3.11711 0.0043961 0.0209161 0.0099681 -0.0768719 1.40067 2.94587 0.00941293 6.35156e-06 
105.16 0.00823255 -0.653448 1.51973 -3.10506 -0.0202165 0.0146495 0.0099681 -0.0768719 1.40067 2.94587 0.00941293 6.35156e-06 
105.191 0.00823255 -0.653448 1.51973 -3.10506 -0.0202165 0.0146495 0.0099681 -0.0768719 1.40067 2.94587 0.00941293 6.35156e-06 
105.221 0.00801875 -0.651107 1.51405 -3.11778 0.00161244 0.0222275 0.0099681 -0.0768719 1.40067 2.94587 0.00941293 6.35156e-06 
105.251 0.00817029 -0.652805 1.51808 -3.10604 -0.0220518 0.0162448 0.0099681 -0.0768719 1.40067 2.94587 0.00941293 6.35156e-06 
105.282 0.00800381 -0.652624 1.51766 -3.10848 -0.00963165 0.016781 0.0099681 -0.0768719 1.40067 2.94587 0.00941293 6.35156e-06 
105.312 0.00809931 -0.651783 1.51565 -3.11471 -0.00237397 0.0205348 0.0099681 -0.0768719 1.40067 2.94587 0.00941293 6.35156e-06 
105.342 0.00820403 -0.653581 1.51982 -3.10131 -0.0103823 0.0152752 0.0099681 -0.0768719 1.40067 2.94587 0.00941293 6.35156e-06 
105.373 0.00822159 -0.653564 1.51984 -3.10714 -0.0161687 0.0145879 0.0099681 -0.0768719 1.40067 2.94587 0.00941293 6.35156e-06 
105.403 0.0081905 -0.653628 1.51982 -3.09945 -0.00579179 0.0155921 0.0099681 -0.0768719 1.40067 2.94587 0.00941293 6.35156e-06 
105.433 0.00818866 -0.653793 1.51981 -3.09752 -0.00430909 0.0153166 0.0099681 -0.0768719 1.40067 2.94587 0.00941293 6.35156e-06 
105.463 0.00818377 -0.653234 1.51841 -3.09793 0.0161505 0.0186008 0.0099681 -0.0768719 1.40067 2.94587 0.00941293 6.35156e-06 
105.494 0.00803302 -0.652342 1.51654 -3.10193 0.000938381 0.0193615 0.0099681 -0.0768719 1.40067 2.94587 0.00941293 6.35156e-06 
105.525 0.00803726 -0.652224 1.51662 -3.10781 -0.00121236 0.019212 0.0099681 -0.0768719 1.40067 2.94587 0.00941293 6.35156e-06 
105.556 0.00804374 -0.652231 1.51663 -3.1077 -0.00321956 0.019081 0.0099681 -0.0768719 1.40067 2.94587 0.00941293 6.35156e-06 
105.584 0.00779473 -0.65015 1.51191 -3.12467 0.0106372 0.0234982 0.0099681 -0.0768719 1.40067 2.94587 0.00941293 6.35156e-06 
105.614 0.00810605 -0.652936 1.51819 -3.10282 -0.00103443 0.0176393 0.0099681 -0.0768719 1.40067 2.94587 0.00941293 6.35156e-06 
105.645 0.00811567 -0.653026 1.51816 -3.09864 -0.00350745 0.0174543 0.0099681 -0.0768719 1.40067 2.94587 0.00941293 6.35156e-06 
105.675 0.00815505 -0.653747 1.51972 -3.09815 0.00627574 0.0161099 0.0099681 -0.0768719 1.40067 2.94587 0.00941293 6.35156e-06 
105.705 0.00816724 -0.653272 1.51816 -3.09227 0.021954 0.0191559 0.0099681 -0.0768719 1.40067 2.94587 0.00941293 6.35156e-06 
105.735 0.00816724 -0.653272 1.51816 -3.09227 0.021954 0.0191559 0.0099681 -0.0768719 1.40067 2.94587 0.00941293 6.35156e-06 
105.766 0.0081492 -0.653211 1.51791 -3.09076 0.0276781 0.019659 0.0099681 -0.0768719 1.40067 2.94587 0.00941293 6.35156e-06 
105.796 0.00803717 -0.653038 1.51759 -3.09444 0.0218106 0.0190501 0.0099681 -0.0768719 1.40067 2.94587 0.00941293 6.35156e-06 
105.827 0.00795359 -0.652281 1.51581 -3.09802 0.026066 0.0208782 0.00994296 -0.0768965 1.40111 -0.195953 3.13899 3.14113 
105.857 0.00814542 -0.653776 1.51917 -3.09776 0.0433149 0.0172483 0.00996769 -0.0768716 1.40066 2.94582 0.00951981 1.37631e-05 
105.887 0.00814484 -0.653825 1.51916 -3.09953 0.0393237 0.017537 0.00996769 -0.0768716 1.40066 2.94582 0.00951981 1.37631e-05 
105.917 0.00814484 -0.653825 1.51916 -3.09953 0.0393237 0.017537 0.00992381 -0.0769165 1.40167 2.94893 0.0108161 0.000107347 
105.948 0.00797024 -0.652055 1.51511 -3.10565 0.0521605 0.0210517 0.00996769 -0.0768716 1.40066 2.94582 0.00951981 1.37631e-05 
105.979 0.00800598 -0.652956 1.51713 -3.0957 0.0315486 0.0193785 0.00996769 -0.0768716 1.40066 2.94582 0.00951981 1.37631e-05 
106.008 0.00799551 -0.652804 1.51707 -3.0957 0.0340458 0.0199644 0.0099681 -0.0768719 1.40067 2.94587 0.00941293 6.35156e-06 
106.038 0.0080188 -0.65298 1.51735 -3.09294 0.027487 0.0195348 0.0099681 -0.0768719 1.40067 2.94587 0.00941293 6.35156e-06 
106.068 0.00803717 -0.653038 1.51759 -3.09444 0.0218106 0.0190501 0.0099681 -0.0768719 1.40067 2.94587 0.00941293 6.35156e-06 
106.099 0.00809186 -0.653753 1.51901 -3.0919 0.0269761 0.0174152 0.00996769 -0.0768716 1.40066 2.94582 0.00951981 1.37631e-05 
106.13 0.00821008 -0.653564 1.51818 -3.09404 0.0374693 0.0194893 0.00996769 -0.0768716 1.40066 2.94582 0.00951981 1.37631e-05 
106.161 0.00821008 -0.653564 1.51818 -3.09404 0.0374693 0.0194893 0.00996769 -0.0768716 1.40066 2.94582 0.00951981 1.37631e-05 
106.191 0.00821008 -0.653564 1.51818 -3.09404 0.0374693 0.0194893 0.00996769 -0.0768716 1.40066 2.94582 0.00951981 1.37631e-05 
106.221 0.00821008 -0.653564 1.51818 -3.09404 0.0374693 0.0194893 0.00996769 -0.0768716 1.40066 2.94582 0.00951981 1.37631e-05 
106.255 0.00815358 -0.652837 1.51687 -3.09462 0.0363993 0.0209764 0.0099681 -0.0768719 1.40067 2.94587 0.00941293 6.35156e-06 
106.285 0.00809389 -0.653275 1.51779 -3.09164 0.0379569 0.0196565 0.0099681 -0.0768719 1.40067 2.94587 0.00941293 6.35156e-06 
106.315 0.00822262 -0.653613 1.51846 -3.09108 0.0333123 0.0196925 0.00996769 -0.0768716 1.40066 2.94582 0.00951981 1.37631e-05 

