0.0488294 0 0 0 0 0 0 -0.040427 -0.0164536 0.855619 0.00484388 3.02058 1.5849 
0.0943393 0 0 0 0 0 0 -0.0407034 -0.0180483 0.863743 -0.0155424 3.09286 1.56898 
0.14894 0 0 0 0 0 0 -0.040665 -0.0181337 0.864487 -0.0160808 3.1052 1.56977 
0.200955 0 0 0 0 0 0 -0.0407183 -0.0180738 0.863919 -0.0303085 3.09969 1.56992 
0.254329 0 0 0 0 0 0 -0.0407212 -0.0180607 0.863469 -0.0186371 3.09362 1.5694 
0.311987 0 0 0 0 0 0 -0.0406177 -0.0182493 0.864978 -0.0167277 3.1239 1.57052 
0.366216 0 0 0 0 0 0 -0.040665 -0.0182 0.864523 -0.0316368 3.11982 1.57085 
0.422157 0 0 0 0 0 0 -0.0406578 -0.0182184 0.864587 -0.0324692 3.12284 1.571 
0.480332 0 0 0 0 0 0 -0.04065 -0.0182117 0.864661 -0.0359298 3.1214 1.57095 
0.532114 0 0 0 0 0 0 -0.0407262 -0.0181494 0.864498 -0.0374689 3.11093 1.57036 
0.586642 0 0 0 0 0 0 -0.0406684 -0.0182162 0.864733 -0.0388653 3.12189 1.57137 
0.644602 0 0 0 0 0 0 -0.0406759 -0.0182322 0.864664 -0.0352832 3.12498 1.57151 
0.699709 0 0 0 0 0 0 -0.0406504 -0.0182406 0.864644 -0.0333235 3.12657 1.57119 
0.754981 0 0 0 0 0 0 -0.040676 -0.0182307 0.864663 -0.0353113 3.12472 1.5715 
0.809792 0 0 0 0 0 0 -0.0406706 -0.0182426 0.864704 -0.0366755 3.12667 1.57161 
0.865343 0 0 0 0 0 0 -0.0406655 -0.018197 0.864519 -0.0317823 3.1193 1.57082 
0.919854 0 0 0 0 0 0 -0.0406744 -0.0181718 0.864432 -0.0314464 3.11516 1.57062 
0.975605 0 0 0 0 0 0 -0.0407149 -0.018089 0.863974 -0.0291831 3.10217 1.57004 
1.03092 0 0 0 0 0 0 -0.0406713 -0.0181888 0.864463 -0.0305807 3.11806 1.57076 
1.08593 0 0 0 0 0 0 -0.0407127 -0.018099 0.864009 -0.0284633 3.10382 1.57011 
1.14158 0 0 0 0 0 0 -0.0407245 -0.0181105 0.86416 -0.0295233 3.10526 1.57055 
1.19641 0 0 0 0 0 0 -0.0407133 -0.0181483 0.864302 -0.0289419 3.11143 1.57083 
1.25526 0 0 0 0 0 0 -0.0407566 -0.0181145 0.86419 -0.0319883 3.10589 1.57013 
1.30697 0 0 0 0 0 0 -0.0407104 -0.0181669 0.864338 -0.0280415 3.1146 1.57098 
1.36564 0 0 0 0 0 0 -0.0407721 -0.0181094 0.864036 -0.0278626 3.10555 1.57014 
1.41702 0 0 0 0 0 0 -0.0408074 -0.018041 0.863592 -0.0272598 3.09508 1.56973 
1.47277 0 0 0 0 0 0 -0.0408521 -0.0180024 0.863412 -0.0338364 3.08892 1.56894 
1.52768 0 0 0 0 0 0 -0.0408329 -0.0180778 0.86375 -0.0273253 3.10104 1.56952 
1.58435 0 0 0 0 0 0 -0.0408324 -0.0179784 0.863204 -0.029744 3.08543 1.56931 
1.63752 0 0 0 0 0 0 -0.0408936 -0.0179155 0.862747 -0.036268 3.07601 1.56834 
1.69295 0 0 0 0 0 0 -0.0408624 -0.0179014 0.862873 -0.0357303 3.07297 1.56896 
1.74843 0 0 0 0 0 0 -0.0408455 -0.017941 0.863172 -0.0193723 3.0759 1.56904 
1.80418 0 0 0 0 0 0 -0.0408405 -0.0179678 0.863212 -0.0253437 3.0806 1.5679 
1.85876 0 0 0 0 0 0 -0.0408817 -0.0179287 0.863142 -0.0258866 3.07387 1.5684 
1.91424 0 0 0 0 0 0 -0.0408769 -0.0179245 0.862954 -0.0262971 3.07384 1.568 
1.96979 0 0 0 0 0 0 -0.0409326 -0.017868 0.862216 -0.0342717 3.06957 1.56816 
2.02461 0 0 0 0 0 0 -0.0408444 -0.017918 0.862879 -0.0214607 3.07297 1.56854 
2.07938 0 0 0 0 0 0 -0.0409385 -0.018295 0.861519 0.0246744 -3.13812 1.5689 
2.13648 0 0 0 0 0 0 -0.0410278 -0.018456 0.861035 0.00737529 -3.10774 1.57083 
2.19023 0 0 0 0 0 0 -0.0410428 -0.0184294 0.860926 0.0117512 -3.11205 1.57055 
2.24651 0 0 0 0 0 0 -0.0408822 -0.0178751 0.862479 -0.0311403 3.0669 1.56726 
2.30132 0 0 0 0 0 0 -0.04091 -0.0178836 0.86249 -0.0253536 3.06833 1.56786 
2.35607 0 0 0 0 0 0 -0.0410428 -0.0184294 0.860926 0.0117512 -3.11205 1.57055 
2.41164 0 0 0 0 0 0 -0.0409046 -0.0179445 0.862746 -0.0165463 3.07817 1.56842 
2.46726 0 0 0 0 0 0 -0.0409065 -0.0179366 0.862926 -0.0184686 3.07607 1.5687 
2.52227 0 0 0 0 0 0 -0.0410428 -0.0184294 0.860926 0.0117512 -3.11205 1.57055 
2.57703 0 0 0 0 0 0 -0.041028 -0.0183008 0.861357 0.020613 -3.13642 1.57003 
2.63326 0 0 0 0 0 0 -0.0410428 -0.0184294 0.860926 0.0117512 -3.11205 1.57055 
2.68847 0 0 0 0 0 0 -0.0408888 -0.0179772 0.862979 -0.0143769 3.0831 1.56861 
2.74342 0 0 0 0 0 0 -0.0409408 -0.0179504 0.862321 -0.0320771 3.08138 1.56838 
2.79887 0 0 0 0 0 0 -0.0408723 -0.0179944 0.863184 -0.0151085 3.08539 1.56865 
2.85436 0 0 0 0 0 0 -0.0409171 -0.0179053 0.862295 -0.0303894 3.07594 1.56817 
2.91177 0 0 0 0 0 0 -0.0409581 -0.0178605 0.862181 -0.031281 3.06833 1.56859 
2.96455 0 0 0 0 0 0 -0.0408766 -0.0179641 0.86308 -0.0195723 3.08041 1.5684 
3.02084 0 0 0 0 0 0 -0.0408361 -0.0179287 0.862995 -0.0216994 3.07442 1.56858 
3.07574 0 0 0 0 0 0 -0.0408802 -0.0179327 0.862952 -0.0241405 3.07531 1.56812 
3.13069 0 0 0 0 0 0 -0.0407954 -0.0179338 0.863032 -0.0170899 3.07518 1.56914 
3.18605 0 0 0 0 0 0 -0.0408213 -0.0180038 0.863377 -0.0289516 3.08928 1.56947 
3.24166 0 0 0 0 0 0 -0.0407804 -0.0180925 0.863935 -0.027549 3.10292 1.57005 
3.29709 0 0 0 0 0 0 -0.040788 -0.0180808 0.863845 -0.0269752 3.10119 1.56998 
3.35282 0 0 0 0 0 0 -0.040792 -0.0180413 0.863736 -0.0314701 3.09459 1.56965 
3.40675 0 0 0 0 0 0 -0.0407792 -0.0180553 0.863883 -0.0333453 3.09653 1.56969 
3.46247 0 0 0 0 0 0 -0.0407334 -0.018088 0.864044 -0.0294526 3.1017 1.57039 
3.51743 0 0 0 0 0 0 -0.0407686 -0.0181006 0.863963 -0.0230049 3.10421 1.57095 
3.57305 0 0 0 0 0 0 -0.0408266 -0.0182733 0.863166 0.0180381 3.1348 1.56979 
3.62852 0 0 0 0 0 0 -0.0407022 -0.0181612 0.864417 -0.0313876 3.1133 1.57092 
3.68322 0 0 0 0 0 0 -0.0407785 -0.0183253 0.863453 0.00682435 -3.14016 1.57168 
3.73902 0 0 0 0 0 0 -0.0406873 -0.0182064 0.864567 -0.0327642 3.12076 1.57128 
3.79452 0 0 0 0 0 0 -0.0406892 -0.0181902 0.864549 -0.0333162 3.11795 1.57114 
3.85365 0 0 0 0 0 0 -0.0407029 -0.0181877 0.864415 -0.0287126 3.118 1.57114 
3.90547 0 0 0 0 0 0 -0.0407149 -0.0182466 0.864604 -0.0314856 3.12778 1.57118 
3.95953 0 0 0 0 0 0 -0.0407228 -0.0182896 0.864793 -0.0363243 3.13474 1.57118 
4.01476 0 0 0 0 0 0 -0.0407651 -0.0181774 0.864476 -0.0333144 3.11599 1.57018 
4.07047 0 0 0 0 0 0 -0.040721 -0.0182291 0.864625 -0.0319161 3.12464 1.57022 
4.12633 0 0 0 0 0 0 -0.0406889 -0.0182335 0.864538 -0.0304839 3.12566 1.57151 
4.18165 0 0 0 0 0 0 -0.0407075 -0.0182002 0.86444 -0.0287277 3.12018 1.57041 
4.23622 0 0 0 0 0 0 -0.0407443 -0.0181243 0.864065 -0.0277906 3.10811 1.56986 
4.29277 0 0 0 0 0 0 -0.0406548 -0.0181818 0.864561 -0.0107636 3.11345 1.57009 
4.34656 0 0 0 0 0 0 -0.0406693 -0.0181597 0.864395 -0.00937949 3.11016 1.56997 
4.40187 0 0 0 0 0 0 -0.0407371 -0.0180203 0.863597 -0.014986 3.08843 1.56922 
4.45749 0 0 0 0 0 0 -0.0407917 -0.0180007 0.86331 -0.0245109 3.08896 1.56995 
4.51262 0 0 0 0 0 0 -0.0408315 -0.0179441 0.862875 -0.0321561 3.0806 1.56869 
4.56805 0 0 0 0 0 0 -0.0407896 -0.0179927 0.863405 -0.020295 3.08425 1.56855 
4.6253 0 0 0 0 0 0 -0.0408161 -0.017958 0.863055 -0.0199227 3.07943 1.56841 
4.67861 0 0 0 0 0 0 -0.0407951 -0.0180412 0.863566 -0.0191966 3.09229 1.56804 
4.73395 0 0 0 0 0 0 -0.0408498 -0.0179727 0.863135 -0.0221812 3.08175 1.56801 
4.78919 0 0 0 0 0 0 -0.0408346 -0.0180028 0.863353 -0.0202621 3.08627 1.56819 
4.84458 0 0 0 0 0 0 -0.040826 -0.0179973 0.863429 -0.0235419 3.085 1.56809 
4.89888 0 0 0 0 0 0 -0.0410075 -0.0184508 0.860773 0.014123 -3.1077 1.57004 
4.95413 0 0 0 0 0 0 -0.040998 -0.0184307 0.860732 0.0126414 -3.11112 1.57051 
5.01027 0 0 0 0 0 0 -0.0408546 -0.0179382 0.862984 -0.0271463 3.0762 1.56771 
5.06515 0 0 0 0 0 0 -0.0408487 -0.0179483 0.862843 -0.0242636 3.07856 1.56752 
5.12125 0 0 0 0 0 0 -0.0408729 -0.0179284 0.862537 -0.0337094 3.07915 1.56786 
5.17597 0 0 0 0 0 0 -0.0408626 -0.0179297 0.862882 -0.026748 3.07507 1.56768 
5.23175 0 0 0 0 0 0 -0.0408308 -0.0179264 0.862818 -0.0219137 3.07471 1.56821 
5.28656 0 0 0 0 0 0 -0.0408346 -0.0180028 0.863353 -0.0202621 3.08627 1.56819 
5.34404 0 0 0 0 0 0 -0.0408665 -0.017962 0.863176 -0.0224203 3.07967 1.5683 
5.39612 0 0 0 0 0 0 -0.0408723 -0.0181692 0.861875 0.0204714 3.12154 1.56987 
5.4531 0 0 0 0 0 0 -0.0408256 -0.0179447 0.862927 -0.0334003 3.08053 1.56865 
5.50801 0 0 0 0 0 0 -0.0409845 -0.0184038 0.860968 0.0143689 -3.11677 1.5704 
5.56263 0 0 0 0 0 0 -0.0408446 -0.0179357 0.862496 -0.0331011 3.0779 1.56892 
5.61815 0 0 0 0 0 0 -0.0408256 -0.0179278 0.863093 -0.0244521 3.07389 1.56847 
5.67376 0 0 0 0 0 0 -0.0407459 -0.0180678 0.863772 -0.00704849 3.09617 1.56998 
5.72956 0 0 0 0 0 0 -0.0407626 -0.0180064 0.863789 -0.0157918 3.08519 1.56985 
5.78389 0 0 0 0 0 0 -0.0408126 -0.0179532 0.86298 -0.0257411 3.08178 1.56966 
5.83885 0 0 0 0 0 0 -0.0408122 -0.0180427 0.863549 -0.0257378 3.09554 1.56977 
5.89454 0 0 0 0 0 0 -0.0409361 -0.018223 0.861879 0.0145386 3.13358 1.57068 
5.94993 0 0 0 0 0 0 -0.0407517 -0.0180448 0.863793 -0.0295133 3.09499 1.5701 
6.00543 0 0 0 0 0 0 -0.0407745 -0.018008 0.863493 -0.0280598 3.08957 1.5699 
6.0601 0 0 0 0 0 0 -0.0408144 -0.0180135 0.863468 -0.0296211 3.09066 1.5695 
6.11596 0 0 0 0 0 0 -0.0407706 -0.0180268 0.863574 -0.026611 3.09259 1.57005 
6.1707 0 0 0 0 0 0 -0.0408991 -0.0182563 0.861896 0.0129956 3.13941 1.57129 
6.22588 0 0 0 0 0 0 -0.0407716 -0.0180216 0.863553 -0.0269948 3.09177 1.57001 
6.28169 0 0 0 0 0 0 -0.0408015 -0.0180446 0.863656 -0.0283685 3.09548 1.56973 
6.33748 0 0 0 0 0 0 -0.0407923 -0.0180641 0.863781 -0.0283366 3.09848 1.56984 
6.39292 0 0 0 0 0 0 -0.0407969 -0.0179763 0.863196 -0.0264891 3.08507 1.56976 
6.44708 0 0 0 0 0 0 -0.0407979 -0.0179636 0.863376 -0.0309381 3.0821 1.56989 
6.50203 0 0 0 0 0 0 -0.0408154 -0.0179903 0.86305 -0.0200685 3.08809 1.57002 
6.55813 0 0 0 0 0 0 -0.0408508 -0.0179116 0.862709 -0.0243412 3.07538 1.56983 
6.61586 0 0 0 0 0 0 -0.0408391 -0.017915 0.862829 -0.0266865 3.07552 1.56976 
6.66877 0 0 0 0 0 0 -0.0408859 -0.0178974 0.862663 -0.0307834 3.07305 1.56913 
6.72484 0 0 0 0 0 0 -0.0407864 -0.0180877 0.863869 -0.0264604 3.10231 1.57003 
6.78036 0 0 0 0 0 0 -0.0408442 -0.0179087 0.862534 -0.0243797 3.07554 1.56948 
6.83457 0 0 0 0 0 0 -0.040864 -0.0179014 0.862432 -0.0309455 3.0747 1.5685 
6.88928 0 0 0 0 0 0 -0.0408771 -0.0179528 0.862714 -0.0228558 3.08273 1.56938 
6.94552 0 0 0 0 0 0 -0.0408703 -0.0179326 0.862714 -0.0271718 3.07916 1.56914 
7.00378 0 0 0 0 0 0 -0.0410313 -0.0184386 0.860802 0.00726764 -3.10996 1.5712 
7.05728 0 0 0 0 0 0 -0.0408087 -0.0179036 0.862802 -0.0187855 3.07068 1.56894 
7.11147 0 0 0 0 0 0 -0.0408659 -0.0179639 0.863186 -0.0222244 3.07996 1.56832 
7.16692 0 0 0 0 0 0 -0.0408121 -0.0179881 0.863159 -0.0154935 3.08437 1.56866 
7.22299 0 0 0 0 0 0 -0.0410312 -0.018409 0.860884 0.0106458 -3.11551 1.571 
7.28168 0 0 0 0 0 0 -0.0408169 -0.0178928 0.862683 -0.0185631 3.06922 1.56891 
7.33359 0 0 0 0 0 0 -0.0408161 -0.017981 0.86334 -0.0177395 3.0824 1.56894 
7.38776 0 0 0 0 0 0 -0.0410075 -0.0184508 0.860773 0.014123 -3.1077 1.57004 
7.44345 0 0 0 0 0 0 -0.0410419 -0.0184817 0.860768 0.00526108 -3.10219 1.57099 
7.49832 0 0 0 0 0 0 -0.0408659 -0.0179639 0.863186 -0.0222244 3.07996 1.56832 
7.55429 0 0 0 0 0 0 -0.0408738 -0.0179298 0.862779 -0.024161 3.07549 1.56777 
7.60998 0 0 0 0 0 0 -0.0408738 -0.0179298 0.862779 -0.0241652 3.07549 1.56777 
7.66439 0 0 0 0 0 0 -0.0408887 -0.0179221 0.862837 -0.0239275 3.07388 1.56808 
7.7201 0 0 0 0 0 0 -0.0408738 -0.0179298 0.862779 -0.024161 3.07549 1.56777 
7.77473 0 0 0 0 0 0 -0.0408546 -0.0179382 0.862984 -0.0271463 3.0762 1.56771 
7.83057 0 0 0 0 0 0 -0.0408405 -0.017985 0.863257 -0.0221801 3.08347 1.56807 
7.88641 0 0 0 0 0 0 -0.0407978 -0.0178805 0.8626 -0.0237844 3.06735 1.56831 
7.94093 0 0 0 0 0 0 -0.0407683 -0.0179508 0.863129 -0.0192777 3.07785 1.56879 
7.99609 0 0 0 0 0 0 -0.0408332 -0.0179555 0.863239 -0.0293168 3.07831 1.56772 
8.05143 0 0 0 0 0 0 -0.0407202 -0.018076 0.864097 -0.0133065 3.0964 1.56989 
8.10638 0 0 0 0 0 0 -0.0408205 -0.0178834 0.862636 -0.0330385 3.07067 1.569 
8.16434 0 0 0 0 0 0 -0.0407996 -0.0179359 0.863035 -0.0311935 3.07849 1.56938 
8.21768 0 0 0 0 0 0 -0.0407689 -0.0180104 0.863313 -0.0255569 3.0907 1.56962 
8.27263 0 0 0 0 0 0 -0.0407267 -0.0180586 0.863813 -0.0300046 3.09739 1.56982 
8.32823 0 0 0 0 0 0 -0.0407393 -0.0180213 0.863377 -0.0276019 3.09243 1.5693 
8.38277 0 0 0 0 0 0 -0.0407147 -0.0180894 0.863575 -0.0353033 3.10125 1.56995 
8.43856 0 0 0 0 0 0 -0.0406849 -0.018187 0.864324 -0.0260098 3.11824 1.57075 
8.49452 0 0 0 0 0 0 -0.0406572 -0.0182546 0.864562 -0.0297137 3.12936 1.57129 
8.54905 0 0 0 0 0 0 -0.0406652 -0.0182303 0.864111 -0.0405393 3.12421 1.57109 
8.605 0 0 0 0 0 0 -0.0406538 -0.0182544 0.864188 -0.043213 3.1282 1.57132 
8.65982 0 0 0 0 0 0 -0.0406447 -0.0182522 0.864687 -0.0346133 3.12848 1.57131 
8.71685 0 0 0 0 0 0 -0.0406462 -0.0182788 0.864639 -0.0324765 3.13336 1.57153 
8.77061 0 0 0 0 0 0 -0.0407008 -0.0182353 0.864163 0.0020881 3.12442 1.57083 
8.82601 0 0 0 0 0 0 -0.0407253 -0.0181798 0.863911 0.00357285 3.11551 1.57058 
8.88163 0 0 0 0 0 0 -0.0406624 -0.0182165 0.864543 -0.0309413 3.12267 1.57098 
8.93663 0 0 0 0 0 0 -0.0406702 -0.0182634 0.864756 -0.035502 3.13023 1.57096 
8.99192 0 0 0 0 0 0 -0.0406901 -0.0182227 0.864603 -0.0323191 3.12356 1.57058 
9.04655 0 0 0 0 0 0 -0.040676 -0.0182307 0.864663 -0.0353113 3.12472 1.5715 
9.10175 0 0 0 0 0 0 -0.0406727 -0.0181811 0.86445 -0.0309689 3.11674 1.5707 
9.1601 0 0 0 0 0 0 -0.0407244 -0.0182105 0.864535 -0.0311795 3.12162 1.5709 
9.21241 0 0 0 0 0 0 -0.0406959 -0.0182145 0.86455 -0.0311254 3.1223 1.57053 
9.26913 0 0 0 0 0 0 -0.0407528 -0.0181278 0.863979 -0.0245836 3.10904 1.56991 
9.32286 0 0 0 0 0 0 -0.0407748 -0.0180833 0.863728 -0.0252959 3.1021 1.56963 
9.37809 0 0 0 0 0 0 -0.0408146 -0.0180428 0.863617 -0.0331781 3.09536 1.56886 
9.43402 0 0 0 0 0 0 -0.0407825 -0.0180346 0.863575 -0.0308453 3.09404 1.56925 
9.48892 0 0 0 0 0 0 -0.0408141 -0.0179075 0.862579 -0.0292551 3.07522 1.56896 
9.54523 0 0 0 0 0 0 -0.0408487 -0.017986 0.863414 -0.0226129 3.08303 1.56841 
9.59944 0 0 0 0 0 0 -0.0408411 -0.017983 0.863246 -0.0223905 3.08317 1.56805 
9.65489 0 0 0 0 0 0 -0.0408076 -0.0179685 0.863167 -0.0201431 3.08086 1.56845 
9.71017 0 0 0 0 0 0 -0.0409056 -0.0178839 0.862505 -0.037856 3.0713 1.5681 
9.82919 0 0 0 0 0 0 -0.0409206 -0.0178988 0.862456 -0.0326862 3.07414 1.56838 
9.86275 0 0 0 0 0 0 -0.0409256 -0.017873 0.862295 -0.0350558 3.07016 1.56815 
9.91085 0 0 0 0 0 0 -0.040903 -0.0178889 0.862576 -0.0260751 3.06894 1.56785 
9.97073 0 0 0 0 0 0 -0.0410075 -0.0184508 0.860773 0.014123 -3.1077 1.57004 
10.0266 0 0 0 0 0 0 -0.0408972 -0.0179114 0.862718 -0.0237571 3.07241 1.56804 
10.0885 0 0 0 0 0 0 -0.0408887 -0.0179221 0.862837 -0.0239275 3.07388 1.56808 
10.1501 0 0 0 0 0 0 -0.0408972 -0.0179114 0.862718 -0.0237571 3.07241 1.56804 
10.2052 0 0 0 0 0 0 -0.0408934 -0.0179447 0.862861 -0.0190246 3.07779 1.56834 
10.2513 0 0 0 0 0 0 -0.0409818 -0.0184023 0.860705 0.0234593 -3.11609 1.56904 
10.2975 0 0 0 0 0 0 -0.0410075 -0.0184508 0.860773 0.014123 -3.1077 1.57004 
10.3536 0 0 0 0 0 0 -0.0409244 -0.0182123 0.861888 0.0222846 3.12907 1.56882 
10.4135 0 0 0 0 0 0 -0.0408972 -0.0179115 0.862718 -0.0237562 3.07242 1.56804 
10.4751 0 0 0 0 0 0 -0.0410075 -0.0184508 0.860773 0.014123 -3.1077 1.57004 
10.5201 0 0 0 0 0 0 -0.0409174 -0.0179137 0.862544 -0.0313159 3.07645 1.56851 
10.5792 0 0 0 0 0 0 -0.0408852 -0.0179535 0.862966 -0.0193866 3.07895 1.56836 
10.6414 0 0 0 0 0 0 -0.0408366 -0.0180267 0.863361 -0.015039 3.09046 1.56841 
10.6962 0 0 0 0 0 0 -0.0408708 -0.0179308 0.862703 -0.0273302 3.07887 1.56912 
10.7526 0 0 0 0 0 0 -0.0409009 -0.0179359 0.862771 -0.0318372 3.07954 1.56861 
10.807 0 0 0 0 0 0 -0.0408214 -0.0179094 0.862742 -0.0294705 3.0749 1.56929 
10.8619 0 0 0 0 0 0 -0.0408519 -0.0179394 0.862901 -0.0304733 3.07964 1.56906 
10.9067 0 0 0 0 0 0 -0.0408969 -0.0179275 0.862771 -0.0338893 3.07805 1.56849 
10.9625 0 0 0 0 0 0 -0.0408776 -0.017937 0.862966 -0.0369633 3.079 1.56845 
11.0217 0 0 0 0 0 0 -0.040809 -0.0179439 0.862981 -0.0278504 3.08011 1.56954 
11.0816 0 0 0 0 0 0 -0.0407892 -0.0179876 0.8633 -0.0269254 3.08668 1.56981 
11.137 0 0 0 0 0 0 -0.0408143 -0.0179893 0.863398 -0.0330079 3.08665 1.56927 
11.191 0 0 0 0 0 0 -0.0407202 -0.0181617 0.864234 -0.0252418 3.11405 1.57096 
11.236 0 0 0 0 0 0 -0.0407916 -0.0180862 0.863815 -0.0251359 3.10226 1.57004 
11.2917 0 0 0 0 0 0 -0.0408605 -0.0182959 0.862071 0.0212829 -3.14026 1.57083 
11.3524 0 0 0 0 0 0 -0.0407702 -0.0180035 0.86352 -0.0298006 3.08868 1.56983 
11.4168 0 0 0 0 0 0 -0.040753 -0.0180629 0.863815 -0.0267805 3.09811 1.57027 
11.4591 0 0 0 0 0 0 -0.0407578 -0.0180395 0.863724 -0.0284743 3.09429 1.57009 
11.5152 0 0 0 0 0 0 -0.0407074 -0.0181571 0.864365 -0.0300337 3.11276 1.57089 
11.6532 0 0 0 0 0 0 -0.0407077 -0.0181853 0.864366 -0.0272615 3.11776 1.57112 
11.6881 0 0 0 0 0 0 -0.0406709 -0.0182173 0.864455 -0.0277513 3.12312 1.57098 
11.7389 0 0 0 0 0 0 -0.0407105 -0.0181966 0.864332 -0.0252996 3.11988 1.57121 
11.7939 0 0 0 0 0 0 -0.0407165 -0.0181294 0.864257 -0.0299417 3.10825 1.57068 
11.8497 0 0 0 0 0 0 -0.0407319 -0.0180961 0.86407 -0.0289251 3.10304 1.57046 
11.9023 0 0 0 0 0 0 -0.0407331 -0.0180896 0.864049 -0.0293473 3.10197 1.57041 
11.9571 0 0 0 0 0 0 -0.0407153 -0.0181643 0.864287 -0.0266352 3.11433 1.57097 
12.0122 0 0 0 0 0 0 -0.0407424 -0.0180666 0.863923 -0.0294187 3.09836 1.57025 
12.0663 0 0 0 0 0 0 -0.0407306 -0.0180402 0.86395 -0.0165116 3.09061 1.56964 
12.1225 0 0 0 0 0 0 -0.0408138 -0.0179195 0.862848 -0.0299149 3.07629 1.56933 
12.1768 0 0 0 0 0 0 -0.0409056 -0.0178839 0.862505 -0.037856 3.0713 1.5681 
12.2325 0 0 0 0 0 0 -0.0408577 -0.017905 0.862823 -0.0319195 3.07091 1.56738 
12.287 0 0 0 0 0 0 -0.040879 -0.0178634 0.862446 -0.0336107 3.06494 1.5671 
12.3424 0 0 0 0 0 0 -0.0409205 -0.017987 0.862201 0.0113197 3.09021 1.56879 
12.3985 0 0 0 0 0 0 -0.0408905 -0.0178712 0.861961 -0.0140763 3.0684 1.56777 
12.4516 0 0 0 0 0 0 -0.0409297 -0.0180138 0.86146 0.0122768 3.09561 1.5686 
12.5065 0 0 0 0 0 0 -0.0409408 -0.0178434 0.861494 -0.0187802 3.0653 1.56678 
12.5621 0 0 0 0 0 0 -0.0409153 -0.0178736 0.861851 -0.019217 3.0693 1.56686 
12.6227 0 0 0 0 0 0 -0.0409059 -0.0178658 0.861911 -0.0223918 3.06769 1.5667 
12.6751 0 0 0 0 0 0 -0.0409053 -0.0179279 0.862108 -0.0125163 3.07796 1.56728 
12.7322 0 0 0 0 0 0 -0.0410036 -0.0180428 0.861815 0.0153911 3.09942 1.5696 
12.7903 0 0 0 0 0 0 -0.0409691 -0.0181481 0.861529 0.0219434 3.11906 1.56875 
12.8444 0 0 0 0 0 0 -0.040954 -0.0179838 0.861882 0.00358001 3.0887 1.56828 
12.8947 0 0 0 0 0 0 -0.0409341 -0.0180019 0.861847 0.00423882 3.09205 1.56793 
12.9504 0 0 0 0 0 0 -0.0409341 -0.0180019 0.861847 0.00423882 3.09205 1.56793 
13.0045 0 0 0 0 0 0 -0.0409005 -0.0179604 0.862214 -0.00806848 3.08331 1.56751 
13.0601 0 0 0 0 0 0 -0.0409005 -0.0179604 0.862214 -0.00806848 3.08331 1.56751 
13.1212 0 0 0 0 0 0 -0.0409005 -0.0179604 0.862214 -0.00806848 3.08331 1.56751 
13.177 0 0 0 0 0 0 -0.0409005 -0.0179604 0.862214 -0.00806848 3.08331 1.56751 
13.2333 0 0 0 0 0 0 -0.0408954 -0.0179917 0.862294 -0.00379324 3.08856 1.56771 
13.279 0 0 0 0 0 0 -0.040864 -0.0180749 0.862909 0.00161156 3.10095 1.56843 
13.3352 0 0 0 0 0 0 -0.0408498 -0.0180964 0.863261 -0.0168214 3.10616 1.5689 
13.3914 0 0 0 0 0 0 -0.0407174 -0.018339 0.864736 -0.0356505 -3.13947 1.57166 
13.4425 0 0 0 0 0 0 -0.0407324 -0.0184084 0.863955 -0.0345616 -3.12434 1.5736 
13.5063 0 0 0 0 0 0 -0.0407031 -0.0183673 0.86395 -0.0512775 -3.13416 1.57336 
13.5718 0 0 0 0 0 0 -0.0407499 -0.0182878 0.864171 -0.0500545 3.13951 1.57364 
13.6238 0 0 0 0 0 0 -0.0399126 -0.0178733 0.869654 0.124785 -3.13733 1.57176 
13.6793 0 0 0 0 0 0 -0.040049 -0.0182676 0.865453 0.109972 -3.10083 1.57567 
13.7343 0 0 0 0 0 0 -0.0399823 -0.0179856 0.865705 0.0481593 3.1181 1.58143 
13.7745 0 0 0 0 0 0 -0.0394478 -0.0176334 0.863664 0.0851117 3.07509 1.58718 
13.8299 0 0 0 0 0 0 -0.0394042 -0.0175661 0.863719 0.0883703 3.07659 1.58832 
13.8882 0 0 0 0 0 0 -0.0394869 -0.0175437 0.863877 0.0751266 3.08022 1.58842 
13.9456 0 0 0 0 0 0 -0.0394548 -0.0174854 0.863871 0.0757232 3.08086 1.58918 
14.0052 0 0 0 0 0 0 -0.039608 -0.0174578 0.863971 0.0549313 3.08359 1.58925 
14.0595 0 0 0 0 0 0 -0.0395363 -0.0174857 0.864093 0.0795562 3.09367 1.58986 
14.1141 0 0 0 0 0 0 -0.04002 -0.0174537 0.868879 0.0388503 3.07934 1.58875 
14.1605 0 0 0 0 0 0 -0.0395626 -0.0173723 0.862937 0.0306799 3.08061 1.58888 
14.2165 0 0 0 0 0 0 -0.0394323 -0.0172824 0.863684 0.0600576 3.07513 1.59032 
14.2742 0 0 0 0 0 0 -0.0396394 -0.0175129 0.863981 0.0632263 3.11276 1.58953 
14.3248 0 0 0 0 0 0 -0.039502 -0.0173677 0.863991 0.063593 3.08902 1.58991 
14.3809 0 0 0 0 0 0 -0.0400551 -0.0172046 0.867502 0.0250111 3.05392 1.58952 
14.4356 0 0 0 0 0 0 -0.0397088 -0.0173971 0.862916 0.0234998 3.09028 1.58973 
14.5002 0 0 0 0 0 0 -0.0398644 -0.0174708 0.867765 0.0735522 3.09073 1.58936 
14.5447 0 0 0 0 0 0 -0.0395074 -0.017466 0.863378 0.0544704 3.08749 1.58913 
14.603 0 0 0 0 0 0 -0.0400238 -0.0178161 0.869327 0.0992855 -3.13763 1.58138 
14.6578 0 0 0 0 0 0 -0.0394128 -0.0175385 0.863663 0.0838947 3.08017 1.58872 
14.7133 0 0 0 0 0 0 -0.0393393 -0.0176315 0.863292 0.104116 3.07067 1.58778 
14.7688 0 0 0 0 0 0 -0.0396233 -0.0179417 0.863412 0.0407452 3.0977 1.58156 
14.8291 0 0 0 0 0 0 -0.040607 -0.0183511 0.864655 -0.0277723 -3.13454 1.57185 
14.8847 0 0 0 0 0 0 -0.0406603 -0.0183097 0.864185 0.00576853 3.14049 1.56963 
14.9434 0 0 0 0 0 0 -0.0407757 -0.018048 0.863203 0.00373304 3.09773 1.56746 
14.9868 0 0 0 0 0 0 -0.0409376 -0.0183019 0.86057 0.0380444 -3.12832 1.56799 
15.0447 0 0 0 0 0 0 -0.0406851 -0.0180122 0.86263 0.0307774 3.09875 1.56634 
15.0982 0 0 0 0 0 0 -0.0408716 -0.0182255 0.861161 0.0493017 3.13345 1.5663 
15.1549 0 0 0 0 0 0 -0.0403194 -0.0182107 0.861673 0.0998588 3.11993 1.56029 
15.2085 0 0 0 0 0 0 -0.0410723 -0.0187284 0.863651 0.0600698 -3.10402 1.55077 
15.2693 0 0 0 0 0 0 -0.0412543 -0.0187188 0.864824 0.0408594 -3.09389 1.5475 
15.3242 0 0 0 0 0 0 -0.0413482 -0.0186664 0.866369 0.0452204 -3.1202 1.5433 
15.3796 0 0 0 0 0 0 -0.0415679 -0.0186405 0.865898 0.0182974 -3.13788 1.54279 
15.4286 0 0 0 0 0 0 -0.0416173 -0.0185521 0.865284 0.0171114 3.11363 1.54213 
15.4866 0 0 0 0 0 0 -0.0416763 -0.0186184 0.864601 0.0122514 3.12032 1.53949 
15.5409 0 0 0 0 0 0 -0.0416917 -0.0185395 0.864918 0.0143936 3.11595 1.53946 
15.5918 0 0 0 0 0 0 -0.0418509 -0.0186113 0.864355 -0.0111474 3.11332 1.5387 
15.6477 0 0 0 0 0 0 -0.041982 -0.0186634 0.864208 -0.00823315 3.12935 1.53875 
15.7028 0 0 0 0 0 0 -0.0419678 -0.0184163 0.863961 -0.00982959 3.0859 1.53856 
15.7669 0 0 0 0 0 0 -0.0418343 -0.0184946 0.86433 -0.00289038 3.0985 1.53945 
15.8125 0 0 0 0 0 0 -0.0417894 -0.018493 0.86422 -0.00103959 3.10363 1.53954 
15.868 0 0 0 0 0 0 -0.0415173 -0.0185122 0.863597 -0.0065048 3.1071 1.53894 
15.9228 0 0 0 0 0 0 -0.041428 -0.0183136 0.864568 0.0242121 3.08839 1.54166 
15.9775 0 0 0 0 0 0 -0.0411574 -0.0184382 0.865125 0.0507976 3.11466 1.54368 
16.032 0 0 0 0 0 0 -0.0409425 -0.0182093 0.865063 0.0468502 3.09548 1.54949 
16.0976 0 0 0 0 0 0 -0.0406841 -0.0183633 0.865054 0.0502325 3.11472 1.55419 
16.1426 0 0 0 0 0 0 -0.040703 -0.0181758 0.864775 0.0682685 3.09248 1.558 
16.2005 0 0 0 0 0 0 -0.0407924 -0.0177556 0.861479 -0.0434754 3.0524 1.56375 
16.2605 0 0 0 0 0 0 -0.040909 -0.0178964 0.861989 -0.0168978 3.07282 1.56703 
16.3128 0 0 0 0 0 0 -0.0406758 -0.0183805 0.865171 -0.0246168 -3.13668 1.57118 
16.3758 0 0 0 0 0 0 -0.0401084 -0.01827 0.866604 0.0814787 -3.13733 1.57466 
16.4216 0 0 0 0 0 0 -0.0395237 -0.0177972 0.86327 0.0625664 3.07838 1.584 
16.4752 0 0 0 0 0 0 -0.0395359 -0.0174587 0.86334 0.0463599 3.0837 1.58863 
16.5332 0 0 0 0 0 0 -0.039726 -0.0174283 0.864218 0.0472847 3.09606 1.59048 
16.5956 0 0 0 0 0 0 -0.0399457 -0.0177382 0.868596 0.0137064 3.12775 1.59334 
16.6506 0 0 0 0 0 0 -0.0395977 -0.0176105 0.862454 -0.0401371 3.14038 1.59987 
16.7051 0 0 0 0 0 0 -0.0395928 -0.017465 0.861724 -0.0499542 3.1279 1.60252 
16.7501 0 0 0 0 0 0 -0.0393696 -0.0173934 0.865003 0.0148489 -3.13755 1.60812 
16.811 0 0 0 0 0 0 -0.0391148 -0.0173907 0.865452 0.0338039 -3.12971 1.60974 
16.8711 0 0 0 0 0 0 -0.0391028 -0.0174071 0.865371 0.02445 -3.12355 1.61115 
16.9251 0 0 0 0 0 0 -0.0390042 -0.0174206 0.864775 0.00916125 -3.11 1.61412 
16.979 0 0 0 0 0 0 -0.038812 -0.0173531 0.864248 0.0158455 -3.11643 1.6165 
17.0246 0 0 0 0 0 0 -0.0388344 -0.0174218 0.863815 0.00925412 -3.11123 1.6169 
17.0807 0 0 0 0 0 0 -0.0388953 -0.0174208 0.864249 0.00474024 -3.0971 1.61704 
17.1357 0 0 0 0 0 0 -0.0388716 -0.0174241 0.864237 -0.00205528 -3.09853 1.61796 
17.1931 0 0 0 0 0 0 -0.0386867 -0.0174559 0.863849 0.00869825 -3.10421 1.61689 
17.2555 0 0 0 0 0 0 -0.0389163 -0.0173776 0.864667 0.0228853 -3.11723 1.61496 
17.3038 0 0 0 0 0 0 -0.039167 -0.0172525 0.864537 0.0256984 3.13975 1.61279 
17.3581 0 0 0 0 0 0 -0.0391758 -0.0172548 0.865456 0.0372118 3.1367 1.60912 
17.4171 0 0 0 0 0 0 -0.0393864 -0.0172896 0.865277 0.0227355 3.13676 1.60729 
17.4731 0 0 0 0 0 0 -0.039654 -0.0175818 0.863996 0.0130025 -3.10895 1.59978 
17.5273 0 0 0 0 0 0 -0.0396417 -0.0174666 0.863042 0.00847489 -3.14113 1.59482 
17.5846 0 0 0 0 0 0 -0.039996 -0.0177053 0.867323 0.0241072 -3.10979 1.59409 
17.6374 0 0 0 0 0 0 -0.0402054 -0.0178004 0.868819 0.0708845 -3.12443 1.58295 
17.6949 0 0 0 0 0 0 -0.0395597 -0.0176387 0.86393 0.0813608 3.08867 1.58813 
17.745 0 0 0 0 0 0 -0.0404321 -0.0181088 0.866072 0.0215266 3.13558 1.5776 
17.8001 0 0 0 0 0 0 -0.0408321 -0.0181227 0.861833 0.0379945 3.11883 1.56795 
17.8545 0 0 0 0 0 0 -0.0409958 -0.0182702 0.860566 0.0278057 -3.12569 1.56724 
17.9085 0 0 0 0 0 0 -0.0412298 -0.0183752 0.860253 0.00763966 -3.09091 1.55873 
17.9661 0 0 0 0 0 0 -0.0412343 -0.0185311 0.864131 0.0379277 -3.10602 1.54582 
18.0189 0 0 0 0 0 0 -0.0410846 -0.0184961 0.865093 0.0805198 -3.12885 1.54185 
18.0748 0 0 0 0 0 0 -0.041634 -0.0183228 0.864891 0.0365251 3.11412 1.53801 
18.1301 0 0 0 0 0 0 -0.0419644 -0.0184913 0.864083 0.0070725 3.12933 1.53278 
18.1882 0 0 0 0 0 0 -0.0419667 -0.0187653 0.863294 0.017551 -3.12195 1.52714 
18.2428 0 0 0 0 0 0 -0.0418445 -0.0189842 0.864209 0.0655976 -3.12091 1.52099 
18.2982 0 0 0 0 0 0 -0.0418436 -0.0190208 0.864079 0.0779452 -3.12169 1.51915 
18.3487 0 0 0 0 0 0 -0.0420433 -0.0191884 0.863509 0.0398172 -3.10346 1.5153 
18.4047 0 0 0 0 0 0 -0.0420763 -0.0191428 0.863761 0.0537068 -3.11688 1.51406 
18.4617 0 0 0 0 0 0 -0.0418885 -0.0190502 0.8632 0.0838925 -3.13835 1.51395 
18.52 0 0 0 0 0 0 -0.0419536 -0.0190518 0.863149 0.0773579 3.14067 1.51385 
18.5691 0 0 0 0 0 0 -0.0423015 -0.0191028 0.863783 0.0356448 -3.11384 1.51076 
18.6279 0 0 0 0 0 0 -0.0419165 -0.0190118 0.862922 0.0816012 3.13945 1.51372 
18.6792 0 0 0 0 0 0 -0.0419178 -0.019053 0.862793 0.0761268 -3.13308 1.51394 
18.7449 0 0 0 0 0 0 -0.0419012 -0.019065 0.863068 0.0704534 -3.12926 1.51601 
18.7894 0 0 0 0 0 0 -0.0420608 -0.019129 0.864694 0.0526889 -3.1224 1.52092 
18.8454 0 0 0 0 0 0 -0.0421847 -0.0188641 0.863614 0.00398912 -3.13846 1.5253 
18.9013 0 0 0 0 0 0 -0.0420675 -0.0186547 0.863278 -0.0210071 3.11895 1.52881 
18.9575 0 0 0 0 0 0 -0.041818 -0.0185084 0.864222 -0.00439325 3.10613 1.53848 
19.0144 0 0 0 0 0 0 -0.0412791 -0.0184242 0.864393 0.00962208 3.11624 1.54054 
19.0698 0 0 0 0 0 0 -0.0410444 -0.0184554 0.865148 0.0117184 3.11503 1.54339 
19.1245 0 0 0 0 0 0 -0.0407016 -0.0179868 0.862615 0.0223079 3.0774 1.56128 
19.1801 0 0 0 0 0 0 -0.0408284 -0.0177593 0.861246 -0.035729 3.05396 1.56418 
19.2335 0 0 0 0 0 0 -0.0405958 -0.0184008 0.864353 -0.0336082 -3.13255 1.57163 
19.2874 0 0 0 0 0 0 -0.0400175 -0.0182148 0.861761 -0.0408482 3.13538 1.57916 
19.3424 0 0 0 0 0 0 -0.0393696 -0.0175451 0.863705 0.100071 3.07837 1.589 
19.396 0 0 0 0 0 0 -0.0396519 -0.01782 0.865292 0.0106613 3.13766 1.59447 
19.4517 0 0 0 0 0 0 -0.0396615 -0.0178605 0.863527 -0.0114573 -3.12126 1.59877 
19.5084 0 0 0 0 0 0 -0.0392748 -0.0174516 0.864095 -0.000692349 3.11323 1.60897 
19.5635 0 0 0 0 0 0 -0.0390904 -0.0176817 0.865235 0.0370858 -3.11721 1.61122 
19.6243 0 0 0 0 0 0 -0.0389229 -0.0174423 0.864715 0.0390286 -3.13029 1.61479 
19.6736 0 0 0 0 0 0 -0.0386264 -0.0175204 0.863683 0.0221138 -3.10492 1.62101 
19.7284 0 0 0 0 0 0 -0.0385603 -0.0175002 0.863164 0.020835 -3.09714 1.62343 
19.7824 0 0 0 0 0 0 -0.0387916 -0.0172371 0.863533 -0.00799419 -3.13037 1.6276 
19.84 0 0 0 0 0 0 -0.0382072 -0.0169935 0.863978 0.0722549 3.12578 1.63425 
19.9757 0 0 0 0 0 0 -0.0385936 -0.0170199 0.865555 0.0420866 3.13036 1.6358 
20.0102 0 0 0 0 0 0 -0.0383643 -0.0170163 0.865288 0.0402916 3.13589 1.63877 
20.0565 0 0 0 0 0 0 -0.0379129 -0.0171084 0.862624 0.0435873 -3.11522 1.63587 
20.1161 0 0 0 0 0 0 -0.0380754 -0.017007 0.86356 0.0365544 -3.13773 1.63765 
20.1681 0 0 0 0 0 0 -0.0386208 -0.017 0.865567 0.0191246 3.14047 1.63441 
20.2264 0 0 0 0 0 0 -0.0382317 -0.0170605 0.863786 0.0490791 -3.12313 1.6295 
20.2968 0 0 0 0 0 0 -0.0382482 -0.0171238 0.865048 0.0719415 -3.1275 1.62806 
20.3559 0 0 0 0 0 0 -0.038789 -0.0173136 0.863185 -0.00359394 -3.10578 1.62243 
20.4063 0 0 0 0 0 0 -0.0388264 -0.0173806 0.864295 0.0117592 -3.11713 1.61943 
20.4519 0 0 0 0 0 0 -0.0392483 -0.0173472 0.864389 0.0314452 -3.12962 1.61039 
20.5073 0 0 0 0 0 0 -0.0393996 -0.0174151 0.864379 0.0234058 -3.12404 1.60702 
20.5649 0 0 0 0 0 0 -0.0402339 -0.0176524 0.866931 0.0444423 -3.12934 1.58964 
20.6176 0 0 0 0 0 0 -0.0401266 -0.0180381 0.867685 0.10635 -3.09569 1.57813 
20.6642 0 0 0 0 0 0 -0.0401223 -0.018173 0.866407 0.119448 -3.07048 1.57338 
20.7214 0 0 0 0 0 0 -0.0409942 -0.0182359 0.860892 0.0358504 -3.14108 1.56918 
20.7782 0 0 0 0 0 0 -0.0409251 -0.0182402 0.860385 0.0389488 -3.12807 1.56636 
20.8405 0 0 0 0 0 0 -0.0412364 -0.0181384 0.864209 0.030751 3.12895 1.54912 
20.8959 0 0 0 0 0 0 -0.041242 -0.0183404 0.865158 0.0682156 3.13549 1.54236 
20.9402 0 0 0 0 0 0 -0.0414074 -0.0183098 0.864683 0.058871 3.12159 1.5391 
20.9962 0 0 0 0 0 0 -0.0420225 -0.0186267 0.863703 0.018297 -3.13069 1.52785 
21.0539 0 0 0 0 0 0 -0.0417653 -0.0187239 0.863399 0.0509026 -3.13169 1.52283 
21.1051 0 0 0 0 0 0 -0.0418035 -0.0189381 0.862879 0.0770777 -3.12403 1.51467 
21.1698 0 0 0 0 0 0 -0.0422821 -0.0188691 0.863246 0.0194823 -3.11572 1.51169 
21.2239 0 0 0 0 0 0 -0.0423783 -0.0189454 0.863155 0.0206506 -3.11939 1.50814 
21.2785 0 0 0 0 0 0 -0.0428476 -0.0193088 0.866658 -0.00766876 -3.09718 1.50303 
21.3397 0 0 0 0 0 0 -0.0427352 -0.0191448 0.862995 0.0047895 -3.09308 1.50213 
21.3959 0 0 0 0 0 0 -0.0427972 -0.0191735 0.863018 0.00525098 -3.09011 1.50038 
21.4478 0 0 0 0 0 0 -0.0428807 -0.0192153 0.863671 0.00462427 -3.09257 1.4984 
21.503 0 0 0 0 0 0 -0.0428527 -0.0192231 0.862886 0.00587108 -3.08817 1.4986 
21.5465 0 0 0 0 0 0 -0.0429092 -0.0190448 0.863065 -0.0080089 -3.11134 1.50058 
21.6022 0 0 0 0 0 0 -0.0428314 -0.0188901 0.863064 0.00378244 -3.1214 1.50168 
21.6621 0 0 0 0 0 0 -0.0426926 -0.0189058 0.86341 0.0179368 -3.11921 1.50348 
21.7164 0 0 0 0 0 0 -0.0422776 -0.018802 0.863168 0.016261 -3.12727 1.51048 
21.7719 0 0 0 0 0 0 -0.0421085 -0.0189398 0.863473 0.0282646 -3.11446 1.51382 
21.8263 0 0 0 0 0 0 -0.0417474 -0.018904 0.863084 0.0800706 -3.11801 1.51581 
21.8794 0 0 0 0 0 0 -0.0417135 -0.0186375 0.86363 0.0239141 -3.12095 1.52675 
21.9344 0 0 0 0 0 0 -0.0414803 -0.0183318 0.863285 0.00412495 3.1136 1.53369 
21.9891 0 0 0 0 0 0 -0.0408901 -0.018378 0.864611 0.0478904 3.13716 1.54144 
22.0434 0 0 0 0 0 0 -0.0408709 -0.0180519 0.864053 0.00199269 3.10705 1.5496 
22.0991 0 0 0 0 0 0 -0.0407796 -0.0176132 0.860626 -0.0492876 3.05438 1.55762 
22.1628 0 0 0 0 0 0 -0.0405579 -0.0182879 0.865037 -0.0330944 3.13076 1.56971 
22.2166 0 0 0 0 0 0 -0.0394638 -0.0179915 0.862777 0.022946 3.08704 1.57721 
22.2633 0 0 0 0 0 0 -0.0396654 -0.0177734 0.868966 0.129824 3.11773 1.5806 
22.3208 0 0 0 0 0 0 -0.0393918 -0.0177083 0.863945 0.0279594 -3.12506 1.59315 
22.374 0 0 0 0 0 0 -0.0395261 -0.0175247 0.862212 -0.0452116 3.12388 1.60215 
22.4282 0 0 0 0 0 0 -0.0390857 -0.0174517 0.865241 0.0235285 -3.13664 1.61096 
22.4856 0 0 0 0 0 0 -0.0388905 -0.0176405 0.864765 0.0496693 -3.09794 1.61282 
22.5439 0 0 0 0 0 0 -0.0388545 -0.0175253 0.864309 0.0111666 -3.10813 1.61855 
22.5953 0 0 0 0 0 0 -0.0390135 -0.0173812 0.86427 -0.0164126 -3.12112 1.62746 
22.6504 0 0 0 0 0 0 -0.0387142 -0.0171099 0.865264 0.0392736 -3.14003 1.63197 
22.7035 0 0 0 0 0 0 -0.0384683 -0.0171165 0.86466 0.0342927 3.1408 1.63982 
22.7624 0 0 0 0 0 0 -0.0383762 -0.0169769 0.863614 0.0191451 3.12851 1.64365 
22.8153 0 0 0 0 0 0 -0.0383911 -0.0169175 0.86334 -0.0064431 3.11898 1.64616 
22.8723 0 0 0 0 0 0 -0.0382174 -0.0170186 0.863956 0.0147749 3.13707 1.64753 
22.9301 0 0 0 0 0 0 -0.0381046 -0.0170214 0.863902 0.018088 3.13654 1.6483 
22.9854 0 0 0 0 0 0 -0.0380625 -0.0169572 0.864114 0.0171402 3.12515 1.64819 
23.0341 0 0 0 0 0 0 -0.0381079 -0.0169266 0.863607 0.00801733 3.118 1.64753 
23.093 0 0 0 0 0 0 -0.0381651 -0.0169998 0.863414 -0.00482525 3.12011 1.64391 
23.1495 0 0 0 0 0 0 -0.0378977 -0.0171634 0.863637 0.0318369 -3.13209 1.63954 
23.2044 0 0 0 0 0 0 -0.0383501 -0.0172136 0.862515 -0.000971084 -3.14064 1.62803 
23.2585 0 0 0 0 0 0 -0.0388472 -0.0173712 0.864503 -0.00632319 -3.12473 1.62659 
23.3144 0 0 0 0 0 0 -0.0388441 -0.0176237 0.8639 0.0199386 -3.09777 1.61758 
23.3709 0 0 0 0 0 0 -0.0390924 -0.017567 0.863697 0.0519222 -3.10588 1.61117 
23.4209 0 0 0 0 0 0 -0.0395037 -0.0174426 0.863925 0.017031 3.12885 1.60908 
23.4772 0 0 0 0 0 0 -0.0404493 -0.0177058 0.867432 -0.00477321 3.12879 1.59934 
23.5316 0 0 0 0 0 0 -0.0404037 -0.0181577 0.867604 0.0402322 -3.10649 1.58808 
23.587 0 0 0 0 0 0 -0.0409162 -0.0183572 0.862057 0.0110226 -3.10809 1.57538 
23.6464 0 0 0 0 0 0 -0.0411036 -0.0182753 0.861013 0.0175846 3.14074 1.57031 
23.6953 0 0 0 0 0 0 -0.0410667 -0.0182656 0.860978 0.0237957 -3.14124 1.56989 
23.7523 0 0 0 0 0 0 -0.0412651 -0.0187251 0.862003 0.0603706 -3.07854 1.55149 
23.8102 0 0 0 0 0 0 -0.0416565 -0.0187338 0.864532 0.0457732 -3.09947 1.54403 
23.8634 0 0 0 0 0 0 -0.0415832 -0.018416 0.864617 0.0331141 3.11021 1.54048 
23.9213 0 0 0 0 0 0 -0.0420537 -0.0187324 0.863383 -0.00774989 3.13818 1.52949 
23.9746 0 0 0 0 0 0 -0.0417917 -0.0190402 0.864287 0.0539554 -3.1192 1.5222 
24.0274 0 0 0 0 0 0 -0.0420538 -0.0191261 0.863916 0.0460797 -3.11086 1.51405 
24.0828 0 0 0 0 0 0 -0.041848 -0.0190637 0.862729 0.0872343 -3.13451 1.51264 
24.141 0 0 0 0 0 0 -0.0419584 -0.0190959 0.862137 0.0706835 -3.12914 1.5083 
24.1957 0 0 0 0 0 0 -0.0426651 -0.0193208 0.862871 0.0102673 -3.08918 1.50123 
24.2504 0 0 0 0 0 0 -0.0427736 -0.0193125 0.86321 0.00466734 -3.09622 1.49928 
24.305 0 0 0 0 0 0 -0.0428151 -0.0193587 0.863928 0.0247626 -3.09652 1.49665 
24.4376 0 0 0 0 0 0 -0.0428427 -0.0193274 0.863494 0.0194357 -3.09718 1.49626 
24.4718 0 0 0 0 0 0 -0.0429254 -0.0192928 0.86352 0.00985608 -3.09932 1.49637 
24.5212 0 0 0 0 0 0 -0.0429064 -0.0192327 0.863212 0.014423 -3.09539 1.49657 
24.5743 0 0 0 0 0 0 -0.0428739 -0.0192008 0.863591 0.0150004 -3.09113 1.49714 
24.6323 0 0 0 0 0 0 -0.0428134 -0.0189379 0.862766 0.0148665 -3.10672 1.50039 
24.6913 0 0 0 0 0 0 -0.0424298 -0.0188364 0.862081 0.000603942 -3.11568 1.50581 
24.7434 0 0 0 0 0 0 -0.0423484 -0.0188052 0.863185 0.013929 -3.12112 1.50852 
24.7956 0 0 0 0 0 0 -0.0422257 -0.0187693 0.86368 0.0293633 -3.1227 1.51138 
24.8582 0 0 0 0 0 0 -0.0419096 -0.018634 0.863693 0.0132947 -3.1175 1.52127 
24.9055 0 0 0 0 0 0 -0.0416778 -0.0185668 0.863408 0.0278257 -3.11686 1.52573 
24.9634 0 0 0 0 0 0 -0.0411417 -0.0184255 0.864402 0.0450629 -3.12148 1.53547 
25.0159 0 0 0 0 0 0 -0.0406053 -0.0176997 0.863024 -0.0124311 3.0859 1.55284 
25.072 0 0 0 0 0 0 -0.0405927 -0.0177417 0.861885 -0.0420857 3.07113 1.56032 
25.1273 0 0 0 0 0 0 -0.0393688 -0.0184902 0.86293 0.0692103 -3.10384 1.56421 
25.1818 0 0 0 0 0 0 -0.0392852 -0.0175422 0.863094 0.0486441 3.09241 1.58504 
25.2378 0 0 0 0 0 0 -0.039558 -0.0171478 0.862861 0.020899 3.07355 1.59065 
25.3019 0 0 0 0 0 0 -0.0395818 -0.0174218 0.863722 0.00387465 -3.1397 1.59383 
25.3491 0 0 0 0 0 0 -0.0393022 -0.0173514 0.865718 0.0249493 -3.1309 1.60722 
25.4019 0 0 0 0 0 0 -0.0391669 -0.0172724 0.864925 0.0210196 3.14012 1.61158 
25.4566 0 0 0 0 0 0 -0.0390008 -0.0173593 0.864135 0.00179054 -3.11895 1.61553 
25.5199 0 0 0 0 0 0 -0.0387818 -0.0172486 0.862738 -3.31126e-05 -3.11308 1.62327 
25.5684 0 0 0 0 0 0 -0.0389472 -0.0170941 0.861625 -0.0350653 -3.1303 1.62852 
25.728 0 0 0 0 0 0 -0.0386507 -0.0169292 0.864892 0.0359848 -3.14036 1.63141 
25.7647 0 0 0 0 0 0 -0.0385497 -0.0169391 0.865174 0.0211644 -3.12747 1.63865 
25.812 0 0 0 0 0 0 -0.0381792 -0.0166864 0.864342 0.0406945 3.12542 1.64188 
25.8659 0 0 0 0 0 0 -0.0381076 -0.0166841 0.863857 0.0226811 3.11462 1.64625 
25.9197 0 0 0 0 0 0 -0.0383307 -0.0169374 0.865595 0.0136234 -3.14025 1.6441 
25.9775 0 0 0 0 0 0 -0.0381631 -0.0167746 0.863956 0.00201343 3.12449 1.64632 
26.033 0 0 0 0 0 0 -0.0381554 -0.0167614 0.863756 0.000109352 3.1147 1.64609 
26.0933 0 0 0 0 0 0 -0.0380836 -0.0168811 0.863905 0.00188727 3.13374 1.64417 
26.1483 0 0 0 0 0 0 -0.0380057 -0.0169993 0.863877 0.0272839 -3.14155 1.64023 
26.2031 0 0 0 0 0 0 -0.0382198 -0.0170524 0.863082 0.0357097 3.13149 1.63312 
26.259 0 0 0 0 0 0 -0.0384558 -0.0172181 0.86495 0.0600154 -3.13651 1.62992 
26.3084 0 0 0 0 0 0 -0.0391177 -0.0176194 0.864069 0.044765 -3.11416 1.61097 
26.3648 0 0 0 0 0 0 -0.039366 -0.0176496 0.864099 0.0363585 -3.11762 1.60766 
26.4181 0 0 0 0 0 0 -0.039937 -0.0178445 0.862611 -0.0313669 -3.12155 1.60298 
26.4748 0 0 0 0 0 0 -0.0399519 -0.0177291 0.863795 0.0471261 3.1307 1.59057 
26.5327 0 0 0 0 0 0 -0.0401049 -0.0179935 0.864284 0.0825125 -3.13106 1.58542 
26.5835 0 0 0 0 0 0 -0.040921 -0.0184196 0.861313 -0.00671166 -3.09942 1.57567 
26.6421 0 0 0 0 0 0 -0.0411036 -0.0182753 0.861013 0.0175846 3.14074 1.57031 
26.7005 0 0 0 0 0 0 -0.0410829 -0.0182647 0.86062 0.0177351 3.14029 1.56905 
26.7566 0 0 0 0 0 0 -0.0413856 -0.0189035 0.864812 0.0453748 -3.08472 1.5465 
26.8109 0 0 0 0 0 0 -0.0416271 -0.0185356 0.865418 0.0192526 3.11558 1.54153 
26.8664 0 0 0 0 0 0 -0.0418327 -0.0186782 0.864033 -0.0128942 3.12066 1.53831 
26.9216 0 0 0 0 0 0 -0.0418942 -0.0190197 0.863499 0.0181571 -3.11819 1.52609 
26.9772 0 0 0 0 0 0 -0.0417781 -0.0192369 0.864174 0.0653959 -3.10822 1.5197 
27.0247 0 0 0 0 0 0 -0.0415458 -0.0192214 0.862862 0.0686609 -3.12824 1.51736 
27.0796 0 0 0 0 0 0 -0.0418945 -0.0192745 0.863107 0.0665413 -3.12043 1.51283 
27.1356 0 0 0 0 0 0 -0.0424463 -0.0192183 0.862732 0.0058827 -3.10368 1.50849 
27.1931 0 0 0 0 0 0 -0.0426957 -0.0193003 0.863584 0.0156801 -3.11176 1.50275 
27.2434 0 0 0 0 0 0 -0.0427786 -0.0194069 0.863162 0.0124079 -3.10072 1.50108 
27.3011 0 0 0 0 0 0 -0.0427205 -0.0194369 0.863254 0.0131941 -3.09665 1.50012 
27.352 0 0 0 0 0 0 -0.0428373 -0.0193887 0.862997 0.00323312 -3.09689 1.50013 
27.4156 0 0 0 0 0 0 -0.0428037 -0.0191506 0.862222 -0.000557384 -3.11728 1.50179 
27.4615 0 0 0 0 0 0 -0.0431683 -0.0192138 0.867319 -0.00629576 -3.13106 1.50404 
27.5171 0 0 0 0 0 0 -0.0426851 -0.0189885 0.863127 0.0179128 -3.11134 1.50437 
27.5723 0 0 0 0 0 0 -0.0426101 -0.0190043 0.863238 0.0113086 -3.10449 1.50656 
27.6281 0 0 0 0 0 0 -0.0421643 -0.0188909 0.863723 0.0336089 -3.11522 1.51301 
27.6828 0 0 0 0 0 0 -0.0416147 -0.0189132 0.863078 0.0796221 -3.12282 1.51675 
27.74 0 0 0 0 0 0 -0.0416902 -0.0188292 0.863274 0.0430004 -3.11029 1.52078 
27.7935 0 0 0 0 0 0 -0.0418364 -0.0185771 0.867991 0.00809291 -3.12058 1.53012 
27.9437 0 0 0 0 0 0 -0.0411893 -0.0183772 0.865143 0.0316917 3.13351 1.5357 
27.979 0 0 0 0 0 0 -0.0408209 -0.018468 0.86526 0.0613318 -3.10646 1.53857 
28.0253 0 0 0 0 0 0 -0.0407369 -0.0177343 0.863506 -0.023409 3.08727 1.55439 
28.0809 0 0 0 0 0 0 -0.0406032 -0.0177487 0.861978 -0.0324292 3.07703 1.55923 
28.1395 0 0 0 0 0 0 -0.0400089 -0.0181825 0.865822 0.0546482 3.12468 1.57199 
28.2007 0 0 0 0 0 0 -0.0393592 -0.0177119 0.863248 0.0523657 3.09754 1.58363 
28.2642 0 0 0 0 0 0 -0.0395185 -0.0174876 0.863125 0.0397611 3.09053 1.58788 
28.3218 0 0 0 0 0 0 -0.0394983 -0.0174347 0.862827 0.0193592 -3.13791 1.59375 
28.3759 0 0 0 0 0 0 -0.0392507 -0.0178113 0.867337 0.0914894 -3.08571 1.59787 
28.424 0 0 0 0 0 0 -0.0392382 -0.0172375 0.865006 0.0204129 3.13522 1.61116 
28.4747 0 0 0 0 0 0 -0.0391381 -0.0171681 0.86377 0.0221895 3.12965 1.61355 
28.529 0 0 0 0 0 0 -0.0387018 -0.0171853 0.863478 -0.00350027 -3.1204 1.62265 
28.6548 0 0 0 0 0 0 -0.0385497 -0.0170035 0.863362 0.00536869 -3.13364 1.62545 
28.6871 0 0 0 0 0 0 -0.0383198 -0.0169093 0.86455 0.0438935 -3.1314 1.63017 
28.749 0 0 0 0 0 0 -0.0385521 -0.0166749 0.864759 0.0277237 3.11294 1.63383 
28.7923 0 0 0 0 0 0 -0.0383796 -0.0167257 0.864452 0.0365876 3.12182 1.63399 
28.8521 0 0 0 0 0 0 -0.0382423 -0.0169657 0.865568 0.0412292 -3.12341 1.63504 
28.9032 0 0 0 0 0 0 -0.0383316 -0.0168486 0.864862 0.0339394 3.1376 1.63413 
28.9605 0 0 0 0 0 0 -0.0381879 -0.0169474 0.86387 0.0355001 -3.13434 1.62987 
29.0217 0 0 0 0 0 0 -0.0382769 -0.0170817 0.865126 0.0544179 -3.12955 1.62781 
29.0827 0 0 0 0 0 0 -0.0384951 -0.0172564 0.863334 -0.000681702 -3.12292 1.62427 
29.1332 0 0 0 0 0 0 -0.0387062 -0.0174056 0.863897 0.0215845 -3.11876 1.61897 
29.1895 0 0 0 0 0 0 -0.0389389 -0.0173292 0.86434 0.0304851 3.13899 1.61505 
29.2441 0 0 0 0 0 0 -0.0397999 -0.0176979 0.862587 -0.0350112 -3.13846 1.6029 
29.2993 0 0 0 0 0 0 -0.0400519 -0.0177061 0.864013 0.000836344 -3.13884 1.59755 
29.3547 0 0 0 0 0 0 -0.0403436 -0.0179156 0.866777 0.00366139 -3.12728 1.59241 
29.4102 0 0 0 0 0 0 -0.0404556 -0.0182639 0.863141 0.0661464 -3.09079 1.57853 
29.4656 0 0 0 0 0 0 -0.0411113 -0.0182228 0.860579 0.00180053 3.13837 1.57223 
29.5211 0 0 0 0 0 0 -0.0410726 -0.0183067 0.860887 0.0194288 -3.13645 1.56978 
29.576 0 0 0 0 0 0 -0.0411055 -0.0183219 0.860414 0.0198796 -3.13206 1.56676 
29.6319 0 0 0 0 0 0 -0.0414704 -0.0187344 0.864189 0.0399676 -3.09272 1.55155 
29.6872 0 0 0 0 0 0 -0.0416885 -0.0186195 0.863484 -0.00731189 3.12204 1.54007 
29.743 0 0 0 0 0 0 -0.0417259 -0.0185621 0.862939 -0.0121454 3.10558 1.53674 
29.7983 0 0 0 0 0 0 -0.0420553 -0.0186202 0.861512 -0.0393296 3.10412 1.52904 
29.8534 0 0 0 0 0 0 -0.041784 -0.0190335 0.864011 0.0546341 3.13387 1.52301 
29.9082 0 0 0 0 0 0 -0.041975 -0.0192121 0.86392 0.0442398 -3.11968 1.51927 
29.9632 0 0 0 0 0 0 -0.0419973 -0.0191736 0.863864 0.0558193 -3.13529 1.51636 
30.0191 0 0 0 0 0 0 -0.0419648 -0.0191497 0.862896 0.0561406 3.13432 1.51478 
30.0732 0 0 0 0 0 0 -0.0420079 -0.019197 0.862894 0.0589988 3.14026 1.51374 
30.1277 0 0 0 0 0 0 -0.0424626 -0.0192092 0.862952 0.0152608 -3.1192 1.50967 
30.1833 0 0 0 0 0 0 -0.0420233 -0.0193098 0.862143 0.0760876 -3.1202 1.50926 
30.2385 0 0 0 0 0 0 -0.0425487 -0.0192298 0.863403 0.0200937 -3.11061 1.50915 
30.2939 0 0 0 0 0 0 -0.0424297 -0.0191418 0.863878 0.0330758 -3.1192 1.51106 
30.3485 0 0 0 0 0 0 -0.0424 -0.0189394 0.864465 0.0328313 3.13333 1.51511 
30.404 0 0 0 0 0 0 -0.0420565 -0.0189675 0.864662 0.0607026 -3.12879 1.51816 
30.4601 0 0 0 0 0 0 -0.0420129 -0.0188585 0.864064 0.0433927 -3.13451 1.52269 
30.5162 0 0 0 0 0 0 -0.0420499 -0.0186266 0.862842 0.000541729 3.13964 1.52676 
30.5714 0 0 0 0 0 0 -0.0414893 -0.018376 0.8633 -0.00329873 3.10744 1.53494 
30.6265 0 0 0 0 0 0 -0.0414406 -0.0186024 0.865067 0.00712249 -3.13335 1.53888 
30.6814 0 0 0 0 0 0 -0.0406776 -0.0180919 0.864835 0.0342259 3.10717 1.54857 
30.7364 0 0 0 0 0 0 -0.0408541 -0.0175964 0.860507 -0.0503389 3.06264 1.557 
30.7928 0 0 0 0 0 0 -0.0406658 -0.0177213 0.860662 -0.0435597 3.05213 1.56147 
30.848 0 0 0 0 0 0 -0.0398512 -0.0182578 0.866322 0.0976836 3.13314 1.57009 
30.9029 0 0 0 0 0 0 -0.0393063 -0.0178513 0.862636 0.029859 3.09279 1.57863 
30.9586 0 0 0 0 0 0 -0.0395309 -0.0172652 0.861714 0.00810047 3.08007 1.58874 
31.0148 0 0 0 0 0 0 -0.0395225 -0.017223 0.863247 0.0115544 3.10183 1.59132 
31.0691 0 0 0 0 0 0 -0.0395116 -0.0174005 0.863216 -0.0119058 -3.12856 1.59565 
31.1246 0 0 0 0 0 0 -0.0392121 -0.0171338 0.864441 0.0149507 3.1073 1.60758 
31.1802 0 0 0 0 0 0 -0.0393131 -0.0171558 0.865104 0.0160093 3.11988 1.61042 
31.2353 0 0 0 0 0 0 -0.0391951 -0.0171479 0.864598 0.0165052 3.12906 1.61255 
31.2897 0 0 0 0 0 0 -0.0387851 -0.017114 0.863191 0.00957348 3.1389 1.6196 
31.3447 0 0 0 0 0 0 -0.0388776 -0.0171567 0.863278 0.00432376 -3.12677 1.62058 
31.3995 0 0 0 0 0 0 -0.03874 -0.0171725 0.863371 -0.00308246 -3.12542 1.62297 
31.4544 0 0 0 0 0 0 -0.0386566 -0.0172096 0.863475 0.0101199 -3.12547 1.62334 
31.5096 0 0 0 0 0 0 -0.0386696 -0.0171789 0.863275 -0.00715246 -3.12197 1.62404 
31.5644 0 0 0 0 0 0 -0.0385486 -0.0171957 0.862966 -0.00197584 -3.11972 1.62446 
31.6218 0 0 0 0 0 0 -0.0385299 -0.0171018 0.864952 0.033945 -3.12998 1.62521 
31.6751 0 0 0 0 0 0 -0.0385647 -0.0172522 0.863218 -0.000604374 -3.11739 1.62233 
31.7307 0 0 0 0 0 0 -0.0387071 -0.017382 0.864156 0.00229307 -3.10422 1.61993 
31.7863 0 0 0 0 0 0 -0.0386795 -0.0173715 0.864259 0.0135321 -3.11745 1.61853 
31.8431 0 0 0 0 0 0 -0.0391509 -0.0170092 0.864446 0.00195815 3.09198 1.61294 
31.8981 0 0 0 0 0 0 -0.0393733 -0.0172553 0.865076 0.023546 3.13688 1.60872 
31.9532 0 0 0 0 0 0 -0.0395215 -0.0174187 0.864258 -0.00485364 3.13149 1.60613 
32.0086 0 0 0 0 0 0 -0.0400179 -0.0177109 0.863893 0.00866993 -3.1112 1.59533 
32.0645 0 0 0 0 0 0 -0.0399613 -0.0175305 0.863758 0.0578769 3.1319 1.59133 
32.119 0 0 0 0 0 0 -0.0403274 -0.0182741 0.862679 0.101921 -3.07409 1.57591 
32.1746 0 0 0 0 0 0 -0.0409362 -0.0181415 0.861669 0.0363072 3.14071 1.57388 
32.2304 0 0 0 0 0 0 -0.0410988 -0.0182391 0.860818 0.0167833 3.14043 1.57033 
32.2853 0 0 0 0 0 0 -0.0409757 -0.0182749 0.860632 0.0346238 -3.13564 1.56828 
32.3407 0 0 0 0 0 0 -0.041362 -0.0187235 0.862918 0.0365207 -3.07284 1.55518 
32.3958 0 0 0 0 0 0 -0.0415792 -0.0187844 0.863936 0.0245253 -3.07696 1.54901 
32.4514 0 0 0 0 0 0 -0.041745 -0.018586 0.865271 0.0191931 3.1339 1.5411 
32.5071 0 0 0 0 0 0 -0.0419017 -0.0185943 0.864426 -0.0116465 3.11035 1.53859 
32.5621 0 0 0 0 0 0 -0.0418157 -0.0185854 0.861752 -0.0299833 3.10576 1.53068 
32.6174 0 0 0 0 0 0 -0.0419353 -0.0189675 0.863632 0.0222951 -3.12225 1.52485 
32.6728 0 0 0 0 0 0 -0.0417658 -0.0191206 0.863158 0.0443805 -3.11055 1.52076 
32.727 0 0 0 0 0 0 -0.0417286 -0.0191666 0.862952 0.0579484 -3.12326 1.51739 
32.7824 0 0 0 0 0 0 -0.0418231 -0.0191717 0.863199 0.0486913 -3.13049 1.51693 
32.8362 0 0 0 0 0 0 -0.041819 -0.0191367 0.863075 0.06147 -3.13084 1.51597 
32.8913 0 0 0 0 0 0 -0.0419945 -0.0192156 0.863643 0.0682039 -3.11626 1.51531 
32.9472 0 0 0 0 0 0 -0.04209 -0.0191683 0.864316 0.0673489 -3.13045 1.51698 
33.0026 0 0 0 0 0 0 -0.0419896 -0.0191022 0.864086 0.0795909 -3.12234 1.51758 
33.0581 0 0 0 0 0 0 -0.0420211 -0.0190296 0.864395 0.075983 -3.12384 1.51866 
33.1131 0 0 0 0 0 0 -0.0419533 -0.0188453 0.863606 0.0525579 3.13962 1.52208 
33.1685 0 0 0 0 0 0 -0.0421645 -0.0186999 0.865015 0.0197567 3.13095 1.52786 
33.2247 0 0 0 0 0 0 -0.0421862 -0.0184834 0.864094 -0.00948141 3.11907 1.53095 
33.2802 0 0 0 0 0 0 -0.0412834 -0.0182778 0.86411 0.0293114 3.09655 1.53762 
33.3352 0 0 0 0 0 0 -0.0410231 -0.018467 0.865144 0.0454232 3.13231 1.53924 
33.3908 0 0 0 0 0 0 -0.0408738 -0.0183812 0.865229 0.0396516 3.13204 1.54448 
33.4466 0 0 0 0 0 0 -0.0406538 -0.0177456 0.859952 -0.0481364 3.05389 1.56038 
33.5019 0 0 0 0 0 0 -0.040594 -0.0177391 0.860651 -0.0440373 3.05536 1.56099 
33.5574 0 0 0 0 0 0 -0.0396062 -0.0184844 0.86391 0.10305 -3.11154 1.56105 
33.6123 0 0 0 0 0 0 -0.0395064 -0.0179762 0.861848 -0.0103029 3.09354 1.57579 
33.6673 0 0 0 0 0 0 -0.0392157 -0.0175462 0.863539 0.0800428 3.07345 1.58596 
33.7226 0 0 0 0 0 0 -0.0394441 -0.0172894 0.863725 0.0529837 3.07704 1.58961 
33.7784 0 0 0 0 0 0 -0.0394949 -0.0173579 0.863835 0.0180076 3.10782 1.59312 
33.8333 0 0 0 0 0 0 -0.0394196 -0.0174789 0.862886 -0.0100836 3.13226 1.59825 
33.8885 0 0 0 0 0 0 -0.039462 -0.0175112 0.86526 0.0188976 -3.13302 1.60623 
33.9442 0 0 0 0 0 0 -0.0393102 -0.0173569 0.864564 0.0191766 3.13287 1.6096 
33.9991 0 0 0 0 0 0 -0.0390827 -0.0173573 0.864746 0.0280355 -3.13566 1.61374 
34.0538 0 0 0 0 0 0 -0.0389844 -0.0173352 0.864382 0.0214209 3.14028 1.61485 
34.1114 0 0 0 0 0 0 -0.0388573 -0.0173713 0.86393 0.0240081 -3.11555 1.61727 
34.1631 0 0 0 0 0 0 -0.0388409 -0.017348 0.863543 0.000660804 -3.11768 1.62023 
34.2186 0 0 0 0 0 0 -0.0387337 -0.0173626 0.86358 -0.00162102 -3.11683 1.62052 
34.2733 0 0 0 0 0 0 -0.0387075 -0.0172749 0.863252 -0.0016989 -3.12576 1.62083 
34.3291 0 0 0 0 0 0 -0.0387046 -0.0174058 0.864226 0.0111203 -3.1087 1.61939 
34.3851 0 0 0 0 0 0 -0.038714 -0.0174134 0.863969 0.00750531 -3.10379 1.61887 
34.4394 0 0 0 0 0 0 -0.0388068 -0.0175119 0.864077 0.0141577 -3.10897 1.61568 
34.4952 0 0 0 0 0 0 -0.0388671 -0.0175702 0.864719 0.0266847 -3.09848 1.6126 
34.5516 0 0 0 0 0 0 -0.0391713 -0.0170865 0.864997 0.0212595 3.10772 1.61154 
34.6089 0 0 0 0 0 0 -0.0394009 -0.0172246 0.863411 -0.0139907 3.09619 1.60666 
34.6619 0 0 0 0 0 0 -0.0395818 -0.0174936 0.862534 -0.0257307 3.12204 1.60049 
34.7176 0 0 0 0 0 0 -0.0397888 -0.0173021 0.863016 0.0355644 3.09141 1.5928 
34.7733 0 0 0 0 0 0 -0.0403489 -0.0179166 0.867842 0.0307713 -3.13488 1.58933 
34.8284 0 0 0 0 0 0 -0.0402596 -0.0182771 0.867239 0.103463 -3.07255 1.57711 
34.8834 0 0 0 0 0 0 -0.0410625 -0.0181971 0.860972 0.00811081 3.13515 1.57255 
34.9386 0 0 0 0 0 0 -0.0410667 -0.0182656 0.860978 0.0237957 -3.14124 1.56989 
34.9946 0 0 0 0 0 0 -0.0410667 -0.0182656 0.860978 0.0237957 -3.14124 1.56989 
35.0507 0 0 0 0 0 0 -0.0410305 -0.0183802 0.860758 0.0358117 -3.1232 1.56357 
35.1054 0 0 0 0 0 0 -0.0414102 -0.0187554 0.863937 0.0351094 -3.08271 1.55144 
35.1601 0 0 0 0 0 0 -0.0415037 -0.0185279 0.866651 0.0488927 3.1325 1.54367 
35.216 0 0 0 0 0 0 -0.0417825 -0.0184317 0.864923 0.00035413 3.10859 1.54035 
35.2712 0 0 0 0 0 0 -0.0418672 -0.0185 0.864854 -0.00399625 3.11088 1.53921 
35.3267 0 0 0 0 0 0 -0.0419944 -0.0186347 0.863604 -0.0131285 3.12294 1.53208 
35.382 0 0 0 0 0 0 -0.0419857 -0.0187237 0.862717 -0.0150373 -3.13981 1.52808 
35.4365 0 0 0 0 0 0 -0.042064 -0.0186884 0.862384 -0.010579 -3.1413 1.52703 
35.4907 0 0 0 0 0 0 -0.0418943 -0.0190504 0.863694 0.044227 -3.11349 1.5217 
35.5457 0 0 0 0 0 0 -0.0416951 -0.0189664 0.863092 0.0602042 -3.12754 1.52055 
35.6007 0 0 0 0 0 0 -0.0419151 -0.0188594 0.863086 0.0336397 3.14148 1.52195 
35.6562 0 0 0 0 0 0 -0.0420517 -0.0190287 0.864342 0.0511896 -3.11656 1.52148 
35.7115 0 0 0 0 0 0 -0.0421821 -0.0189904 0.864919 0.0460682 -3.12734 1.52238 
35.7671 0 0 0 0 0 0 -0.0420767 -0.0187474 0.864747 0.0581513 3.13667 1.52488 
35.8226 0 0 0 0 0 0 -0.0423569 -0.0185354 0.86433 -0.00496612 3.12994 1.52843 
35.8776 0 0 0 0 0 0 -0.0421843 -0.0185516 0.8645 0.000400345 3.13744 1.53167 
35.9333 0 0 0 0 0 0 -0.0418493 -0.0183188 0.864189 0.00813056 3.10869 1.53564 
35.9886 0 0 0 0 0 0 -0.0417015 -0.0183959 0.865362 0.0183472 3.12349 1.53899 
36.0445 0 0 0 0 0 0 -0.0410381 -0.0181724 0.865198 0.0388124 3.11288 1.54447 
36.0997 0 0 0 0 0 0 -0.0409979 -0.0179802 0.864359 -0.00746342 3.09104 1.55165 
36.1548 0 0 0 0 0 0 -0.0408 -0.0176262 0.86097 -0.0475622 3.05786 1.55824 
36.212 0 0 0 0 0 0 -0.0407193 -0.0177308 0.860955 -0.0507449 3.05006 1.56227 
36.2663 0 0 0 0 0 0 -0.0404397 -0.0182276 0.865049 -0.0116941 3.12262 1.56676 
36.3211 0 0 0 0 0 0 -0.0393861 -0.0178169 0.862859 0.0304223 3.08316 1.57957 
36.3762 0 0 0 0 0 0 -0.0393148 -0.0175757 0.863372 0.0665879 3.08232 1.5861 
36.4315 0 0 0 0 0 0 -0.0394426 -0.0174509 0.863405 0.047293 3.07767 1.58743 
36.4865 0 0 0 0 0 0 -0.0395527 -0.0172317 0.863197 0.0270967 3.09007 1.59159 
36.5414 0 0 0 0 0 0 -0.0396458 -0.0175972 0.86298 -0.000643897 -3.1318 1.59609 
36.5971 0 0 0 0 0 0 -0.0395804 -0.017467 0.86286 -0.0294823 3.13232 1.60248 
36.6531 0 0 0 0 0 0 -0.0393441 -0.0174655 0.864589 0.0319193 -3.1264 1.60622 
36.7079 0 0 0 0 0 0 -0.0392827 -0.0174938 0.864685 0.0461378 -3.10504 1.60648 
36.7629 0 0 0 0 0 0 -0.0392521 -0.0172461 0.864764 0.0208662 3.12933 1.6113 
36.8172 0 0 0 0 0 0 -0.0390716 -0.0174265 0.864471 0.0434935 -3.12323 1.61182 
36.8724 0 0 0 0 0 0 -0.0389808 -0.0174492 0.864537 0.0382502 -3.11832 1.61399 
36.9277 0 0 0 0 0 0 -0.0386318 -0.0172334 0.864201 0.0223032 3.11986 1.61762 
36.9823 0 0 0 0 0 0 -0.0387464 -0.0173777 0.864523 0.0293142 -3.13152 1.61596 
37.0383 0 0 0 0 0 0 -0.0388498 -0.0175308 0.864242 0.0132823 -3.1038 1.61467 
37.0935 0 0 0 0 0 0 -0.0387702 -0.0173456 0.86438 0.0217462 3.13848 1.61581 
37.1487 0 0 0 0 0 0 -0.0388573 -0.0174583 0.864605 0.0237902 -3.12594 1.61317 
37.2045 0 0 0 0 0 0 -0.0392446 -0.0172496 0.864822 0.00647366 3.1113 1.61104 
37.26 0 0 0 0 0 0 -0.0393672 -0.0172685 0.864431 0.00545032 3.10671 1.60921 
37.3149 0 0 0 0 0 0 -0.039494 -0.0174628 0.86182 -0.0451725 3.11692 1.60308 
37.3705 0 0 0 0 0 0 -0.0397631 -0.0176521 0.863646 0.00161914 3.14032 1.59685 
37.4263 0 0 0 0 0 0 -0.0400172 -0.0175955 0.86359 0.0181763 3.11836 1.59417 
37.4818 0 0 0 0 0 0 -0.0401779 -0.0182162 0.867672 0.0933674 -3.08706 1.58009 
37.5376 0 0 0 0 0 0 -0.0403029 -0.018199 0.863606 0.083288 -3.09836 1.57964 
37.5926 0 0 0 0 0 0 -0.0407981 -0.0184507 0.862516 -0.0179035 -3.09558 1.577 
37.6479 0 0 0 0 0 0 -0.0410667 -0.0182656 0.860978 0.0237957 -3.14124 1.56989 
37.7026 0 0 0 0 0 0 -0.0410031 -0.0183297 0.860687 0.0274583 -3.1289 1.56877 
37.7591 0 0 0 0 0 0 -0.040903 -0.0180579 0.861014 0.0208081 3.10223 1.56602 
37.8141 0 0 0 0 0 0 -0.0405557 -0.0185369 0.862849 0.10929 3.13725 1.554 
37.869 0 0 0 0 0 0 -0.0416304 -0.0188387 0.869662 0.0273581 -3.11198 1.54651 
37.9242 0 0 0 0 0 0 -0.0414065 -0.0184237 0.865277 0.0158527 3.10504 1.54197 
37.9791 0 0 0 0 0 0 -0.0414407 -0.0184904 0.863682 0.00754899 3.10222 1.53792 
38.0343 0 0 0 0 0 0 -0.0414927 -0.0185148 0.863175 -0.00369554 3.10838 1.5367 
38.0894 0 0 0 0 0 0 -0.0415587 -0.0184291 0.861892 -0.00714454 3.09402 1.53319 
38.1447 0 0 0 0 0 0 -0.0420259 -0.0187074 0.862719 -0.0256911 3.12754 1.53103 
38.1997 0 0 0 0 0 0 -0.0420152 -0.0186174 0.861667 -0.0363499 3.11339 1.52781 
38.2546 0 0 0 0 0 0 -0.0420653 -0.0185661 0.861587 -0.0357158 3.10767 1.52721 
38.3096 0 0 0 0 0 0 -0.0420986 -0.0189867 0.864679 0.0258832 -3.13586 1.52523 
38.3649 0 0 0 0 0 0 -0.0421857 -0.0188762 0.865576 0.0273361 3.13013 1.52707 
38.4211 0 0 0 0 0 0 -0.0422043 -0.018824 0.865059 0.0219828 3.1286 1.52717 
38.4759 0 0 0 0 0 0 -0.0422442 -0.0185918 0.864174 -0.00220532 3.12453 1.52958 
38.5308 0 0 0 0 0 0 -0.0420675 -0.0185824 0.864199 -0.000144953 3.1245 1.53147 
38.5858 0 0 0 0 0 0 -0.0419194 -0.0184247 0.864317 0.00720305 3.11406 1.53503 
38.6417 0 0 0 0 0 0 -0.0417081 -0.0183872 0.865535 0.0132165 3.11368 1.54089 
38.6963 0 0 0 0 0 0 -0.0414903 -0.0184414 0.866097 0.0327115 3.14102 1.54184 
38.7526 0 0 0 0 0 0 -0.040979 -0.0181858 0.865122 0.0486501 3.11246 1.54442 
38.808 0 0 0 0 0 0 -0.0408635 -0.0175528 0.860633 -0.0486279 3.05424 1.55718 
38.8638 0 0 0 0 0 0 -0.040921 -0.0175866 0.86124 -0.0338746 3.05853 1.56026 
38.919 0 0 0 0 0 0 -0.0407765 -0.0177372 0.861667 -0.0472546 3.05693 1.56253 
38.9745 0 0 0 0 0 0 -0.0405814 -0.0182974 0.865097 -0.0339755 3.13225 1.56941 
39.0299 0 0 0 0 0 0 -0.0397613 -0.0182363 0.86594 0.113249 -3.1415 1.57056 
39.085 0 0 0 0 0 0 -0.0393741 -0.0174833 0.863401 0.0615355 3.06856 1.58736 
39.1402 0 0 0 0 0 0 -0.0394149 -0.0174885 0.863432 0.0578754 3.08698 1.588 
39.1956 0 0 0 0 0 0 -0.0396393 -0.017215 0.86202 0.00485206 3.07501 1.58949 
39.2502 0 0 0 0 0 0 -0.039569 -0.0172911 0.863512 0.0383886 3.10936 1.5937 
39.3059 0 0 0 0 0 0 -0.0396348 -0.0175234 0.863128 0.0011232 -3.12598 1.59639 
39.3612 0 0 0 0 0 0 -0.0396443 -0.0176402 0.868229 0.0459408 -3.09727 1.60114 
39.4161 0 0 0 0 0 0 -0.0394686 -0.0174746 0.864558 0.0178198 -3.11154 1.6067 
39.4711 0 0 0 0 0 0 -0.0394751 -0.0174062 0.868039 0.0477428 -3.11926 1.60533 
39.526 0 0 0 0 0 0 -0.0393114 -0.017219 0.864897 0.022404 3.12622 1.6102 
39.5807 0 0 0 0 0 0 -0.039119 -0.0172284 0.864693 0.0273516 3.12984 1.61285 
39.6359 0 0 0 0 0 0 -0.039062 -0.0173056 0.865052 0.0291074 -3.13191 1.61083 
39.6912 0 0 0 0 0 0 -0.038996 -0.0174632 0.865008 0.0317396 -3.10424 1.61068 
39.7468 0 0 0 0 0 0 -0.0390893 -0.0173657 0.865191 0.0306093 -3.1274 1.61101 
39.8022 0 0 0 0 0 0 -0.0391351 -0.0172679 0.865257 0.0288494 3.13445 1.61079 
39.8573 0 0 0 0 0 0 -0.0390934 -0.017312 0.864616 0.0284587 3.13969 1.60978 
39.9127 0 0 0 0 0 0 -0.0390598 -0.0171266 0.863613 0.00554652 3.09651 1.60975 
39.9678 0 0 0 0 0 0 -0.039638 -0.0176891 0.865082 -0.00985491 -3.12455 1.60263 
40.0229 0 0 0 0 0 0 -0.039646 -0.0176191 0.862743 -0.016757 -3.13459 1.59951 
40.0792 0 0 0 0 0 0 -0.0397796 -0.0173507 0.863741 0.0480502 3.10999 1.59232 
40.1345 0 0 0 0 0 0 -0.0402273 -0.0180135 0.867293 0.0420424 -3.123 1.58927 
40.1901 0 0 0 0 0 0 -0.0402425 -0.0180391 0.86807 0.0624953 -3.11921 1.58607 
40.2459 0 0 0 0 0 0 -0.0404142 -0.0182962 0.863132 0.0846807 -3.09073 1.57612 
40.301 0 0 0 0 0 0 -0.0409837 -0.018398 0.861357 -0.0092156 -3.11392 1.57372 
40.3559 0 0 0 0 0 0 -0.041006 -0.0181695 0.861636 0.0236805 3.12217 1.57111 
40.411 0 0 0 0 0 0 -0.0410031 -0.0183297 0.860687 0.0274583 -3.1289 1.56877 
40.4667 0 0 0 0 0 0 -0.0409421 -0.0183071 0.860472 0.0366377 -3.12939 1.56771 
40.5221 0 0 0 0 0 0 -0.0412011 -0.0187299 0.863392 0.0430531 -3.09395 1.55216 
40.5773 0 0 0 0 0 0 -0.0411984 -0.0187754 0.865262 0.05712 -3.10724 1.54814 
40.633 0 0 0 0 0 0 -0.0410788 -0.0185729 0.865054 0.05954 3.12772 1.54554 
40.6876 0 0 0 0 0 0 -0.0414219 -0.0185277 0.863709 -0.00215914 3.11139 1.53909 
40.7443 0 0 0 0 0 0 -0.0414511 -0.0185129 0.863511 0.00178629 3.10704 1.53784 
40.8659 0 0 0 0 0 0 -0.0419016 -0.0186367 0.863568 -0.0120433 3.11171 1.53618 
40.8986 0 0 0 0 0 0 -0.0416982 -0.0185075 0.86187 -0.0193049 3.085 1.53427 
40.9468 0 0 0 0 0 0 -0.0417685 -0.0184956 0.861415 -0.0276058 3.09064 1.53338 
41.0042 0 0 0 0 0 0 -0.042329 -0.0187677 0.863716 -0.0329941 3.12216 1.53211 
41.0641 0 0 0 0 0 0 -0.0422975 -0.0187393 0.863964 -0.0255935 3.12619 1.53177 
41.1272 0 0 0 0 0 0 -0.0422888 -0.0187077 0.863774 -0.0285591 3.12668 1.53187 
41.1851 0 0 0 0 0 0 -0.0423806 -0.0186889 0.863897 -0.0305597 3.12625 1.53145 
41.2395 0 0 0 0 0 0 -0.0422224 -0.0186756 0.864413 -0.00635615 3.12272 1.53228 
41.2941 0 0 0 0 0 0 -0.0419309 -0.018612 0.864017 -0.0202167 3.11535 1.53806 
41.3494 0 0 0 0 0 0 -0.0414406 -0.0183862 0.864076 0.0264484 3.11148 1.53728 
41.4048 0 0 0 0 0 0 -0.041365 -0.0183094 0.863962 0.0250258 3.10055 1.54032 
41.4607 0 0 0 0 0 0 -0.0408995 -0.0180139 0.864572 0.00899636 3.08204 1.55057 
41.5169 0 0 0 0 0 0 -0.0406698 -0.0178697 0.862199 0.00134655 3.05799 1.55922 
41.5745 0 0 0 0 0 0 -0.0407336 -0.017719 0.861017 -0.0422035 3.05031 1.56238 
41.6278 0 0 0 0 0 0 -0.0408124 -0.0177207 0.860676 -0.0402977 3.04931 1.56324 
41.683 0 0 0 0 0 0 -0.0406051 -0.0181716 0.864493 -0.0459753 3.11486 1.57015 
41.7385 0 0 0 0 0 0 -0.0399399 -0.017994 0.862386 -0.0214488 3.0945 1.5752 
41.7935 0 0 0 0 0 0 -0.0394035 -0.017729 0.863591 0.0707132 3.07301 1.58364 
41.8483 0 0 0 0 0 0 -0.0398445 -0.0173998 0.86779 0.0637342 3.07549 1.58796 
41.9041 0 0 0 0 0 0 -0.0398355 -0.0174621 0.868232 0.0552538 3.07738 1.59032 
41.9589 0 0 0 0 0 0 -0.0397547 -0.0174631 0.864433 0.0332711 3.12458 1.59181 
42.0141 0 0 0 0 0 0 -0.0397882 -0.0175726 0.863288 -0.0187567 -3.13638 1.59699 
42.0695 0 0 0 0 0 0 -0.0395407 -0.0174707 0.862726 -0.0194423 3.1309 1.59887 
42.124 0 0 0 0 0 0 -0.0395495 -0.0174252 0.862145 -0.0442097 3.11956 1.60278 
42.1794 0 0 0 0 0 0 -0.039427 -0.0177502 0.868057 0.0552021 -3.09528 1.6015 
42.2349 0 0 0 0 0 0 -0.0392844 -0.0173428 0.865299 0.0270704 3.13865 1.60783 
42.289 0 0 0 0 0 0 -0.0392894 -0.0173024 0.865103 0.0166432 3.13242 1.60947 
42.3443 0 0 0 0 0 0 -0.0392014 -0.0172478 0.865101 0.0243797 3.12874 1.61024 
42.4001 0 0 0 0 0 0 -0.0391967 -0.0170844 0.864166 0.00236841 3.10262 1.61056 
42.456 0 0 0 0 0 0 -0.039264 -0.0171314 0.865165 0.0144268 3.11295 1.61028 
42.5113 0 0 0 0 0 0 -0.0392535 -0.017173 0.865013 0.0148323 3.12077 1.60946 
42.5653 0 0 0 0 0 0 -0.0393152 -0.0172933 0.862213 -0.0334288 3.11069 1.60483 
42.6207 0 0 0 0 0 0 -0.0394307 -0.0174288 0.862522 -0.0253026 3.13278 1.60097 
42.6764 0 0 0 0 0 0 -0.0395017 -0.0176768 0.864409 0.00636668 -3.11345 1.59986 
42.732 0 0 0 0 0 0 -0.0397262 -0.0174689 0.863523 0.0104358 3.12725 1.59482 
42.7891 0 0 0 0 0 0 -0.039729 -0.0173131 0.863046 0.0358398 3.10353 1.59232 
42.8435 0 0 0 0 0 0 -0.0401942 -0.0179527 0.867986 0.0711593 -3.1086 1.58322 
42.8992 0 0 0 0 0 0 -0.039665 -0.0176662 0.863951 0.0737655 3.09882 1.58819 
42.9549 0 0 0 0 0 0 -0.0403224 -0.0182997 0.863791 0.08778 -3.08131 1.57689 
43.0096 0 0 0 0 0 0 -0.0409104 -0.0182445 0.862525 0.00498485 3.13499 1.5723 
43.0645 0 0 0 0 0 0 -0.0411037 -0.0182579 0.860986 0.0173544 -3.13986 1.56966 
43.1201 0 0 0 0 0 0 -0.0410031 -0.0183297 0.860687 0.0274583 -3.1289 1.56877 
43.1757 0 0 0 0 0 0 -0.0409906 -0.0183473 0.860023 0.0188976 -3.1182 1.5663 
43.2318 0 0 0 0 0 0 -0.0409491 -0.0177119 0.859497 -0.0233391 3.04947 1.56357 
43.2861 0 0 0 0 0 0 -0.0411853 -0.0186092 0.86589 0.0531546 -3.12846 1.54889 
43.341 0 0 0 0 0 0 -0.0413877 -0.0187354 0.86599 0.0406904 -3.10858 1.5451 
43.3963 0 0 0 0 0 0 -0.0412619 -0.0184423 0.865268 0.0201368 3.12114 1.54242 
43.4511 0 0 0 0 0 0 -0.0414807 -0.0184364 0.864085 0.0116435 3.09918 1.53906 
43.5068 0 0 0 0 0 0 -0.0417824 -0.0184743 0.864714 0.00328784 3.1007 1.53969 
43.5615 0 0 0 0 0 0 -0.0418774 -0.0184463 0.863984 -0.00190062 3.10147 1.53757 
43.6163 0 0 0 0 0 0 -0.0420144 -0.0184283 0.864126 -0.00175423 3.09052 1.53664 
43.6717 0 0 0 0 0 0 -0.0420711 -0.0185249 0.863564 -0.0200936 3.09926 1.53616 
43.7272 0 0 0 0 0 0 -0.0421735 -0.0185359 0.864174 -0.0195254 3.1022 1.5349 
43.7832 0 0 0 0 0 0 -0.042194 -0.0185282 0.864108 -0.0237861 3.09878 1.53516 
43.839 0 0 0 0 0 0 -0.0422538 -0.0186688 0.864169 -0.0142166 3.1245 1.53538 
43.8938 0 0 0 0 0 0 -0.0422323 -0.0186612 0.868605 0.00576431 3.12641 1.5367 
43.9485 0 0 0 0 0 0 -0.0418192 -0.0184937 0.865308 0.00558329 3.10747 1.53966 
44.0049 0 0 0 0 0 0 -0.0412279 -0.0183614 0.864956 0.0418345 3.11291 1.54162 
44.0589 0 0 0 0 0 0 -0.0412374 -0.0183694 0.865387 0.0358043 3.11825 1.54355 
44.1155 0 0 0 0 0 0 -0.0411694 -0.0181966 0.865346 0.017026 3.10676 1.54687 
44.1713 0 0 0 0 0 0 -0.0408156 -0.0176412 0.860222 -0.0344395 3.03912 1.55999 
44.2262 0 0 0 0 0 0 -0.040996 -0.0177286 0.860617 -0.0309722 3.06954 1.56161 
44.2826 0 0 0 0 0 0 -0.0408121 -0.017683 0.8604 -0.0453855 3.04365 1.56276 
44.338 0 0 0 0 0 0 -0.0408862 -0.0177385 0.860903 -0.0409316 3.04893 1.5646 
44.3932 0 0 0 0 0 0 -0.0406482 -0.0181101 0.864783 -0.0159281 3.10237 1.56876 
44.4488 0 0 0 0 0 0 -0.0395031 -0.0178011 0.863555 0.0552515 3.08052 1.58264 
44.5031 0 0 0 0 0 0 -0.0393586 -0.0176075 0.863362 0.0877078 3.07169 1.5875 
44.558 0 0 0 0 0 0 -0.0399081 -0.0177867 0.869676 0.109046 3.13175 1.58094 
44.6135 0 0 0 0 0 0 -0.0394635 -0.0172796 0.863841 0.0611664 3.074 1.59053 
44.6688 0 0 0 0 0 0 -0.0400317 -0.0178572 0.867139 -0.00861911 -3.12418 1.59375 
44.7245 0 0 0 0 0 0 -0.0398499 -0.0177205 0.86773 0.0251925 -3.12116 1.5982 
44.7797 0 0 0 0 0 0 -0.0396652 -0.0177259 0.867348 0.0437091 -3.10755 1.59883 
44.8352 0 0 0 0 0 0 -0.0396408 -0.0176067 0.862534 -0.0282841 -3.13055 1.60046 
44.8882 0 0 0 0 0 0 -0.0395603 -0.0173977 0.861434 -0.0545329 3.11718 1.60307 
44.9437 0 0 0 0 0 0 -0.0394275 -0.0172154 0.86374 -0.0133935 3.09874 1.60615 
44.9992 0 0 0 0 0 0 -0.0393891 -0.0174197 0.865258 0.0213226 3.13833 1.60665 
45.0545 0 0 0 0 0 0 -0.0393548 -0.0173621 0.865136 0.0103996 3.12902 1.60832 
45.1106 0 0 0 0 0 0 -0.0391569 -0.017223 0.863919 0.00366386 3.10107 1.60856 
45.1661 0 0 0 0 0 0 -0.0391261 -0.0172215 0.863257 -0.00450051 3.09794 1.60831 
45.2208 0 0 0 0 0 0 -0.0394366 -0.0174313 0.861888 -0.0423316 3.10871 1.60407 
45.2759 0 0 0 0 0 0 -0.039512 -0.0175278 0.862342 -0.041793 3.12393 1.60222 
45.3306 0 0 0 0 0 0 -0.03976 -0.0177819 0.864173 -0.0153912 -3.12672 1.59877 
45.3865 0 0 0 0 0 0 -0.0396708 -0.0175462 0.863525 0.0117408 3.12215 1.5964 
45.4423 0 0 0 0 0 0 -0.0396174 -0.017433 0.863454 0.0610077 3.09654 1.59175 
45.4981 0 0 0 0 0 0 -0.0396759 -0.0174896 0.86381 0.0687115 3.10312 1.59084 
45.5536 0 0 0 0 0 0 -0.0395363 -0.017515 0.86393 0.0725656 3.0886 1.58933 
45.6091 0 0 0 0 0 0 -0.0403256 -0.0182801 0.864117 0.0812439 -3.09127 1.57823 
45.6643 0 0 0 0 0 0 -0.0407568 -0.0184064 0.862335 0.0311392 -3.08977 1.57561 
45.7202 0 0 0 0 0 0 -0.0407702 -0.0182473 0.864243 -0.0234092 3.12915 1.57241 
45.7751 0 0 0 0 0 0 -0.0410031 -0.0183297 0.860687 0.0274583 -3.1289 1.56877 
45.8303 0 0 0 0 0 0 -0.0409673 -0.0183595 0.860525 0.029832 -3.12305 1.56822 
45.8862 0 0 0 0 0 0 -0.0409573 -0.0182645 0.860948 0.0194229 -3.13632 1.56476 
45.9417 0 0 0 0 0 0 -0.0407972 -0.0178504 0.860927 0.00385745 3.05471 1.56261 
45.9959 0 0 0 0 0 0 -0.0411039 -0.0184951 0.865318 0.0432976 -3.13556 1.55138 
46.0518 0 0 0 0 0 0 -0.0411906 -0.0184953 0.864849 0.0322913 3.12646 1.54626 
46.1066 0 0 0 0 0 0 -0.0412598 -0.0183966 0.86552 0.0276523 3.11187 1.54294 
46.1611 0 0 0 0 0 0 -0.0414008 -0.0183376 0.863986 0.0187183 3.08961 1.53966 
46.216 0 0 0 0 0 0 -0.0414914 -0.01838 0.86369 0.000306069 3.08833 1.53821 
46.2712 0 0 0 0 0 0 -0.0418818 -0.0186411 0.864229 -0.0110258 3.11989 1.53874 
46.3264 0 0 0 0 0 0 -0.0418259 -0.0184354 0.864188 -0.00211896 3.08805 1.53944 
46.382 0 0 0 0 0 0 -0.0419273 -0.0185723 0.864605 -0.010978 3.11186 1.53852 
46.4376 0 0 0 0 0 0 -0.0419348 -0.0184565 0.864513 -0.00306106 3.09702 1.53883 
46.4936 0 0 0 0 0 0 -0.0419304 -0.0184854 0.864643 -0.0102235 3.10665 1.53863 
46.5487 0 0 0 0 0 0 -0.0419062 -0.0185269 0.864897 -0.00223935 3.11299 1.53916 
46.6064 0 0 0 0 0 0 -0.0417462 -0.0184053 0.865187 0.011614 3.10247 1.54037 
46.6585 0 0 0 0 0 0 -0.0416334 -0.0184342 0.865839 0.024007 3.12551 1.54157 
46.7132 0 0 0 0 0 0 -0.0414012 -0.0186001 0.86604 0.0327227 -3.12491 1.54262 
46.7688 0 0 0 0 0 0 -0.0412707 -0.0185784 0.865668 0.0254544 -3.11103 1.54624 
46.8244 0 0 0 0 0 0 -0.0410698 -0.0179251 0.863115 -0.0168207 3.08118 1.55429 
46.8803 0 0 0 0 0 0 -0.040853 -0.0176904 0.861113 -0.0312546 3.05523 1.55967 
46.9362 0 0 0 0 0 0 -0.0407718 -0.0177024 0.860843 -0.0398738 3.04801 1.56264 
46.992 0 0 0 0 0 0 -0.0407764 -0.0177422 0.861076 -0.0438929 3.0516 1.56316 
47.0468 0 0 0 0 0 0 -0.0405239 -0.0181211 0.865142 0.00334001 3.10536 1.56898 
47.1023 0 0 0 0 0 0 -0.0405381 -0.018254 0.865805 -0.0120824 3.13224 1.57183 
47.1568 0 0 0 0 0 0 -0.0397539 -0.018107 0.865457 0.140158 -3.13048 1.57416 
47.2119 0 0 0 0 0 0 -0.039372 -0.017523 0.863547 0.0793092 3.07512 1.58829 
47.2675 0 0 0 0 0 0 -0.0394372 -0.0174526 0.863646 0.0663008 3.07866 1.58899 
47.3225 0 0 0 0 0 0 -0.0399576 -0.0172975 0.865871 0.00409126 3.07149 1.59127 
47.3773 0 0 0 0 0 0 -0.0400392 -0.0177858 0.86778 0.00640876 -3.12653 1.59404 
47.4329 0 0 0 0 0 0 -0.0396493 -0.0173385 0.863371 0.029447 3.11066 1.59315 
47.4883 0 0 0 0 0 0 -0.0396922 -0.0175648 0.862729 -0.0195991 -3.13873 1.59814 
47.5427 0 0 0 0 0 0 -0.0396264 -0.0177 0.864439 0.00303761 -3.11766 1.5983 
47.5979 0 0 0 0 0 0 -0.0395658 -0.0176019 0.864128 -0.00448905 -3.12594 1.60118 
47.6525 0 0 0 0 0 0 -0.0395408 -0.0174475 0.861809 -0.0481642 3.12212 1.60243 
47.7076 0 0 0 0 0 0 -0.0395003 -0.0175206 0.862453 -0.0361349 3.12754 1.60177 
47.7639 0 0 0 0 0 0 -0.0394881 -0.017421 0.861763 -0.0471313 3.11793 1.602 
47.8191 0 0 0 0 0 0 -0.0395248 -0.0174783 0.861951 -0.0469643 3.12185 1.60244 
47.875 0 0 0 0 0 0 -0.0394843 -0.0174606 0.862068 -0.0441857 3.11855 1.60194 
47.9298 0 0 0 0 0 0 -0.0395752 -0.0174455 0.862342 -0.0394143 3.11442 1.60087 
47.9851 0 0 0 0 0 0 -0.0395898 -0.0174689 0.862832 -0.0275785 3.1087 1.59974 
48.0403 0 0 0 0 0 0 -0.0396809 -0.0174581 0.863701 0.022471 3.12188 1.5943 
48.0961 0 0 0 0 0 0 -0.0395689 -0.0173102 0.862798 0.0501901 3.08894 1.59223 
48.1519 0 0 0 0 0 0 -0.0402694 -0.0177762 0.866557 -0.000895686 3.12653 1.59358 
48.2073 0 0 0 0 0 0 -0.039463 -0.0175293 0.863911 0.0853366 3.08577 1.58928 
48.2622 0 0 0 0 0 0 -0.0402332 -0.0183197 0.867525 0.104852 -3.07367 1.57735 
48.3176 0 0 0 0 0 0 -0.0402901 -0.0182823 0.864137 0.0852427 -3.09094 1.57784 
48.3734 0 0 0 0 0 0 -0.0407869 -0.0182856 0.864009 -0.0200705 3.1368 1.5727 
48.4291 0 0 0 0 0 0 -0.0409723 -0.0179826 0.8625 0.00148031 3.08583 1.56988 
48.4839 0 0 0 0 0 0 -0.0409673 -0.0183595 0.860525 0.029832 -3.12305 1.56822 
48.5389 0 0 0 0 0 0 -0.0409338 -0.0183454 0.860455 0.0351701 -3.12253 1.56778 
48.5946 0 0 0 0 0 0 -0.0409257 -0.0179599 0.861089 -0.0090489 3.08481 1.56571 
48.6498 0 0 0 0 0 0 -0.0405916 -0.0181409 0.862376 0.0605173 3.07253 1.56008 
48.7057 0 0 0 0 0 0 -0.0408288 -0.0183736 0.864354 0.0619745 3.11655 1.55213 
48.7616 0 0 0 0 0 0 -0.0411652 -0.0185951 0.865946 0.0409658 3.12593 1.54476 
48.8147 0 0 0 0 0 0 -0.0412941 -0.0185246 0.865353 0.0210507 3.12746 1.54252 
48.8695 0 0 0 0 0 0 -0.0414318 -0.0185911 0.864338 0.0019527 3.11993 1.54111 
48.9246 0 0 0 0 0 0 -0.041787 -0.0185121 0.865402 0.0122368 3.11005 1.54121 
48.9797 0 0 0 0 0 0 -0.0417676 -0.0185614 0.865766 0.0163738 3.11703 1.54077 
49.0346 0 0 0 0 0 0 -0.041883 -0.0185223 0.864812 -0.00450372 3.10684 1.54007 
49.0902 0 0 0 0 0 0 -0.0418505 -0.0185768 0.86512 -0.00214941 3.11205 1.53986 
49.1465 0 0 0 0 0 0 -0.0418049 -0.0185042 0.865243 0.00765436 3.10673 1.53984 
49.2021 0 0 0 0 0 0 -0.0417602 -0.0184882 0.865383 0.0193074 3.10546 1.54154 
49.2563 0 0 0 0 0 0 -0.0417562 -0.0184259 0.865479 0.0261015 3.11525 1.54232 
49.3111 0 0 0 0 0 0 -0.0416607 -0.0185008 0.865794 0.0326111 3.12671 1.54261 
49.3662 0 0 0 0 0 0 -0.0412273 -0.0184285 0.865459 0.0358937 3.12842 1.54356 
49.4215 0 0 0 0 0 0 -0.0411654 -0.0182174 0.864698 0.017942 3.11042 1.5486 
49.4775 0 0 0 0 0 0 -0.0408551 -0.0181664 0.864435 0.0382967 3.09329 1.55305 
49.5332 0 0 0 0 0 0 -0.0408247 -0.0176779 0.859985 -0.0377049 3.04678 1.5614 
49.5889 0 0 0 0 0 0 -0.0409117 -0.0176588 0.860472 -0.0360034 3.05505 1.56135 
49.6447 0 0 0 0 0 0 -0.0407525 -0.0177683 0.86142 -0.0447203 3.05494 1.56325 
49.6999 0 0 0 0 0 0 -0.0409252 -0.0177988 0.860967 -0.0257372 3.05942 1.56568 
49.7558 0 0 0 0 0 0 -0.0405797 -0.0181885 0.865167 -0.0328463 3.11244 1.56968 
49.8106 0 0 0 0 0 0 -0.040281 -0.0175672 0.872541 0.0798576 3.12608 1.5723 
49.8659 0 0 0 0 0 0 -0.0394016 -0.0176949 0.86334 0.0768258 3.06535 1.58476 
49.9204 0 0 0 0 0 0 -0.0394233 -0.0175091 0.864018 0.0793811 3.07068 1.5881 
49.9756 0 0 0 0 0 0 -0.0395533 -0.0174058 0.863438 0.0442494 3.0792 1.58911 
50.0309 0 0 0 0 0 0 -0.0396013 -0.0172587 0.862381 0.014352 3.07624 1.58942 
50.0857 0 0 0 0 0 0 -0.0395652 -0.0171613 0.862868 0.0356742 3.073 1.59193 
50.1411 0 0 0 0 0 0 -0.0396615 -0.0172758 0.863078 -0.00515105 3.1091 1.59312 
50.1959 0 0 0 0 0 0 -0.0397129 -0.0176589 0.863038 -0.0153091 -3.12316 1.59639 
50.2511 0 0 0 0 0 0 -0.0396038 -0.0175329 0.862417 -0.0195491 -3.13784 1.59971 
50.3059 0 0 0 0 0 0 -0.0393735 -0.0173669 0.862482 -0.00767999 3.12471 1.59895 
50.3624 0 0 0 0 0 0 -0.0395588 -0.0175134 0.863091 -0.0327827 3.13732 1.6006 
50.4162 0 0 0 0 0 0 -0.0395893 -0.0174753 0.862984 -0.02825 3.1335 1.60039 
50.4722 0 0 0 0 0 0 -0.0395601 -0.0174607 0.863111 -0.0273081 3.13327 1.60012 
50.5271 0 0 0 0 0 0 -0.039497 -0.0175506 0.864612 0.00655561 -3.13103 1.60002 
50.5836 0 0 0 0 0 0 -0.0396132 -0.0176049 0.864269 -0.0142763 -3.13127 1.59951 
50.6385 0 0 0 0 0 0 -0.0395246 -0.017401 0.862184 -0.031346 3.13146 1.59857 
50.6933 0 0 0 0 0 0 -0.0395178 -0.0173966 0.864191 0.0368479 3.11771 1.59362 
50.7483 0 0 0 0 0 0 -0.0395961 -0.0174026 0.862682 0.0309703 3.11671 1.59177 
50.8046 0 0 0 0 0 0 -0.0397012 -0.0173614 0.862788 0.0212512 3.08982 1.58989 
50.8592 0 0 0 0 0 0 -0.0395119 -0.0174948 0.863892 0.0711995 3.08513 1.58928 
50.9153 0 0 0 0 0 0 -0.0394685 -0.0175196 0.864059 0.0855654 3.08345 1.58922 
50.9726 0 0 0 0 0 0 -0.0403096 -0.0181409 0.866037 0.0180966 3.1412 1.57949 
51.0266 0 0 0 0 0 0 -0.0406849 -0.0182502 0.865104 -0.0251708 -3.14058 1.57498 
51.0818 0 0 0 0 0 0 -0.0407653 -0.0182399 0.864303 -0.0247999 3.1276 1.57236 
51.1364 0 0 0 0 0 0 -0.0410031 -0.0183297 0.860687 0.0274583 -3.1289 1.56877 
51.1926 0 0 0 0 0 0 -0.0409673 -0.0183595 0.860525 0.029832 -3.12305 1.56822 
51.2476 0 0 0 0 0 0 -0.0408667 -0.017938 0.861941 0.000928971 3.08304 1.5668 
51.3024 0 0 0 0 0 0 -0.0409053 -0.0177767 0.860592 -0.0144413 3.05948 1.56478 
51.3586 0 0 0 0 0 0 -0.0407937 -0.0178738 0.861539 0.0122784 3.06186 1.56302 
51.4129 0 0 0 0 0 0 -0.0404953 -0.0185699 0.862864 0.114799 -3.14096 1.55005 
51.4678 0 0 0 0 0 0 -0.0410828 -0.0184506 0.865258 0.0464298 3.12991 1.54697 
51.5231 0 0 0 0 0 0 -0.041345 -0.0183666 0.865011 0.0162549 3.11193 1.54334 
51.5778 0 0 0 0 0 0 -0.0413173 -0.0184587 0.865096 0.0331158 3.11401 1.54242 
51.6331 0 0 0 0 0 0 -0.0416647 -0.0187487 0.864651 0.0184678 -3.12916 1.54153 
51.6879 0 0 0 0 0 0 -0.0415423 -0.0184112 0.86426 0.00735492 3.09711 1.54024 
51.7434 0 0 0 0 0 0 -0.0415579 -0.0183913 0.864036 0.00530856 3.09732 1.54032 
51.7986 0 0 0 0 0 0 -0.0416113 -0.0184103 0.863809 0.00219211 3.09929 1.53999 
51.8556 0 0 0 0 0 0 -0.0417223 -0.0184532 0.865006 0.0226662 3.10036 1.542 
51.9104 0 0 0 0 0 0 -0.0417411 -0.0185438 0.8649 0.0244775 3.11694 1.54196 
51.9652 0 0 0 0 0 0 -0.041525 -0.0185741 0.86564 0.0505279 -3.13307 1.54172 
52.0206 0 0 0 0 0 0 -0.041281 -0.0184124 0.865068 0.0310883 3.11932 1.54395 
52.0753 0 0 0 0 0 0 -0.0411044 -0.0184657 0.865716 0.0519248 3.13342 1.54577 
52.1305 0 0 0 0 0 0 -0.0412075 -0.0184945 0.864745 0.0337068 -3.12491 1.55125 
52.187 0 0 0 0 0 0 -0.0407606 -0.0178641 0.861255 0.00206117 3.06113 1.5616 
52.2422 0 0 0 0 0 0 -0.0409553 -0.0177768 0.860403 -0.0223221 3.06832 1.5635 
52.2983 0 0 0 0 0 0 -0.0409049 -0.0179873 0.861519 0.0066808 3.09899 1.56588 
52.3535 0 0 0 0 0 0 -0.0407764 -0.0177422 0.861076 -0.0438929 3.0516 1.56316 
52.4089 0 0 0 0 0 0 -0.0406651 -0.0181841 0.865005 -0.0297689 3.11229 1.5688 
52.4641 0 0 0 0 0 0 -0.0406075 -0.0182661 0.864319 -0.047253 3.12983 1.57113 
52.5189 0 0 0 0 0 0 -0.0395422 -0.0180084 0.867151 0.167937 -3.11653 1.57048 
52.5743 0 0 0 0 0 0 -0.0393043 -0.0175789 0.863543 0.0961571 3.06569 1.58752 
52.6297 0 0 0 0 0 0 -0.0394407 -0.0175505 0.863836 0.0801588 3.07611 1.58817 
52.6852 0 0 0 0 0 0 -0.0396416 -0.0173487 0.863041 0.0256327 3.07859 1.5892 
52.74 0 0 0 0 0 0 -0.0396535 -0.0172707 0.862545 0.0143704 3.0747 1.58964 
52.7951 0 0 0 0 0 0 -0.0401169 -0.0174969 0.86909 -0.00931793 3.0981 1.59373 
52.8498 0 0 0 0 0 0 -0.0395564 -0.0174355 0.86402 0.0257115 3.11988 1.59381 
52.9053 0 0 0 0 0 0 -0.0398864 -0.0174483 0.86879 0.00694754 3.12087 1.59801 
52.9599 0 0 0 0 0 0 -0.0397444 -0.0175796 0.863705 -0.0048758 3.13845 1.59709 
53.0153 0 0 0 0 0 0 -0.0397047 -0.0177423 0.86384 -0.0133167 -3.11904 1.59745 
53.07 0 0 0 0 0 0 -0.0396634 -0.0176076 0.862922 -0.0264355 -3.13644 1.59949 
53.1264 0 0 0 0 0 0 -0.0396143 -0.0176432 0.863069 -0.0193008 -3.12854 1.59925 
53.182 0 0 0 0 0 0 -0.0395447 -0.0175872 0.863468 -0.00884786 -3.13965 1.59893 
53.2377 0 0 0 0 0 0 -0.0395203 -0.0174349 0.862957 -0.0220952 3.12389 1.59866 
53.2921 0 0 0 0 0 0 -0.0396738 -0.0174034 0.863945 -0.00553118 3.11291 1.59597 
53.3473 0 0 0 0 0 0 -0.0396513 -0.0174034 0.864188 0.0103674 3.11365 1.59439 
53.4025 0 0 0 0 0 0 -0.0400035 -0.0179398 0.867371 0.00340318 -3.11805 1.59295 
53.4584 0 0 0 0 0 0 -0.0400205 -0.0175346 0.868327 0.0178173 3.08645 1.59093 
53.5132 0 0 0 0 0 0 -0.039629 -0.01738 0.863025 0.0304575 3.08694 1.58956 
53.5694 0 0 0 0 0 0 -0.0394581 -0.0175762 0.863718 0.0815279 3.08119 1.58835 
53.6242 0 0 0 0 0 0 -0.0393477 -0.0176047 0.863414 0.101133 3.07367 1.58824 
53.6801 0 0 0 0 0 0 -0.0404316 -0.0182664 0.864573 0.0500066 -3.10889 1.578 
53.7359 0 0 0 0 0 0 -0.0407668 -0.0181634 0.864297 -0.0253931 3.11408 1.57176 
53.791 0 0 0 0 0 0 -0.0409357 -0.0179107 0.862374 -0.0278522 3.07655 1.56861 
53.8462 0 0 0 0 0 0 -0.0409673 -0.0183595 0.860525 0.029832 -3.12305 1.56822 
53.9011 0 0 0 0 0 0 -0.0409607 -0.0183293 0.860713 0.0299278 -3.12909 1.56821 
53.9568 0 0 0 0 0 0 -0.0409599 -0.0180034 0.861416 0.0124613 3.10198 1.56683 
54.0118 0 0 0 0 0 0 -0.0408746 -0.0177208 0.859872 -0.0230957 3.05221 1.56282 
54.0671 0 0 0 0 0 0 -0.0412338 -0.0186282 0.862623 0.0156111 -3.09271 1.55404 
54.1224 0 0 0 0 0 0 -0.0409814 -0.0183235 0.865458 0.046518 3.11445 1.54917 
54.1774 0 0 0 0 0 0 -0.0410734 -0.018485 0.865885 0.0562102 3.13333 1.54623 
54.2319 0 0 0 0 0 0 -0.0413902 -0.018688 0.865889 0.0471832 -3.11665 1.54591 
54.2871 0 0 0 0 0 0 -0.0413791 -0.0185035 0.865234 0.0157362 3.13547 1.54312 
54.3432 0 0 0 0 0 0 -0.0414063 -0.0182916 0.864684 0.0236748 3.09202 1.5428 
54.3977 0 0 0 0 0 0 -0.0413601 -0.018336 0.864861 0.0255251 3.09896 1.54305 
54.453 0 0 0 0 0 0 -0.0414566 -0.0183684 0.864669 0.0151078 3.10072 1.54205 
54.5094 0 0 0 0 0 0 -0.0416448 -0.018415 0.865828 0.0406965 3.12198 1.54363 
54.5656 0 0 0 0 0 0 -0.0414052 -0.0183836 0.865084 0.0224926 3.10945 1.54269 
54.6186 0 0 0 0 0 0 -0.0412668 -0.018416 0.865307 0.0382128 3.1161 1.54303 
54.6746 0 0 0 0 0 0 -0.04131 -0.0184168 0.865073 0.0180976 3.13393 1.54449 
54.7296 0 0 0 0 0 0 -0.0411575 -0.0181371 0.864666 0.0160255 3.09633 1.5497 
54.7845 0 0 0 0 0 0 -0.0409483 -0.0180459 0.863569 0.0224157 3.08668 1.5545 
54.8403 0 0 0 0 0 0 -0.0408482 -0.0176981 0.860355 -0.0335349 3.05433 1.56144 
54.8955 0 0 0 0 0 0 -0.0410472 -0.0178258 0.861959 -0.0154934 3.08149 1.56211 
54.9514 0 0 0 0 0 0 -0.0407689 -0.0177416 0.861124 -0.0341817 3.05393 1.56312 
55.0072 0 0 0 0 0 0 -0.0409087 -0.017875 0.861661 -0.00371353 3.07293 1.56691 
55.0625 0 0 0 0 0 0 -0.0408195 -0.0179796 0.862583 -0.0171238 3.08536 1.5666 
55.1184 0 0 0 0 0 0 -0.0407047 -0.0181348 0.864477 -0.0439419 3.10853 1.5691 
55.1731 0 0 0 0 0 0 -0.0402563 -0.018174 0.866784 0.0451423 3.12801 1.5745 
55.2285 0 0 0 0 0 0 -0.039616 -0.0178125 0.863697 0.0413458 3.0847 1.58263 
55.2837 0 0 0 0 0 0 -0.0394799 -0.0175298 0.863934 0.0741438 3.07752 1.58832 
55.3383 0 0 0 0 0 0 -0.0396023 -0.0174678 0.864014 0.0534336 3.07977 1.58867 
55.3937 0 0 0 0 0 0 -0.0398842 -0.0173439 0.868002 0.053008 3.06197 1.58975 
55.4485 0 0 0 0 0 0 -0.0396105 -0.0172308 0.861813 0.00814218 3.07604 1.59001 
55.5035 0 0 0 0 0 0 -0.039647 -0.0172054 0.861921 0.00404606 3.07368 1.59051 
55.5588 0 0 0 0 0 0 -0.0395204 -0.0174806 0.863266 0.0419746 3.12756 1.59336 
55.6126 0 0 0 0 0 0 -0.0396552 -0.0176622 0.863346 0.00556036 -3.1371 1.59479 
55.6687 0 0 0 0 0 0 -0.0396266 -0.0175215 0.863551 0.0200537 3.13115 1.59474 
55.7244 0 0 0 0 0 0 -0.0396289 -0.0176604 0.86343 -0.000310413 -3.1348 1.5969 
55.7796 0 0 0 0 0 0 -0.0395992 -0.0175413 0.863777 0.00524769 3.12626 1.59697 
55.8359 0 0 0 0 0 0 -0.0395333 -0.0175705 0.86394 0.0182307 3.13617 1.59638 
55.8908 0 0 0 0 0 0 -0.039683 -0.0176135 0.863319 -0.00538447 3.1378 1.59727 
55.9464 0 0 0 0 0 0 -0.039696 -0.0174772 0.862713 -0.00892647 3.12574 1.59581 
56.0006 0 0 0 0 0 0 -0.0399605 -0.0177144 0.867987 0.0032693 3.13867 1.59547 
56.0562 0 0 0 0 0 0 -0.0401727 -0.0176691 0.867773 0.00466767 3.1196 1.59492 
56.1112 0 0 0 0 0 0 -0.0396681 -0.0174338 0.863901 0.0627993 3.09031 1.59179 
56.167 0 0 0 0 0 0 -0.039521 -0.0175732 0.863661 0.0920433 3.09968 1.58974 
56.2224 0 0 0 0 0 0 -0.0394878 -0.017543 0.863885 0.0778227 3.08281 1.58868 
56.2778 0 0 0 0 0 0 -0.0394451 -0.0176103 0.86363 0.085612 3.07936 1.58803 
56.3336 0 0 0 0 0 0 -0.0405942 -0.0181562 0.865166 -0.0174482 3.13381 1.57659 
56.3887 0 0 0 0 0 0 -0.040744 -0.0183122 0.863882 -0.046154 -3.13832 1.57427 
56.4444 0 0 0 0 0 0 -0.0410214 -0.0178834 0.8618 -0.027213 3.07125 1.56886 
56.4995 0 0 0 0 0 0 -0.0410367 -0.0182974 0.86084 0.0253652 -3.13514 1.56934 
56.5544 0 0 0 0 0 0 -0.0410031 -0.0183297 0.860687 0.0274583 -3.1289 1.56877 
56.6107 0 0 0 0 0 0 -0.0409421 -0.0183071 0.860472 0.0366377 -3.12939 1.56771 
56.6651 0 0 0 0 0 0 -0.040925 -0.0177805 0.860572 -0.0234601 3.05758 1.5649 
56.7208 0 0 0 0 0 0 -0.0409337 -0.0178423 0.860303 -0.0201273 3.06687 1.56461 
56.7755 0 0 0 0 0 0 -0.041228 -0.0185399 0.865957 0.0403342 -3.13497 1.55147 
56.8307 0 0 0 0 0 0 -0.041208 -0.0186902 0.864332 0.0470102 -3.1075 1.55104 
56.8856 0 0 0 0 0 0 -0.0410826 -0.0184538 0.86537 0.0554836 3.12437 1.54567 
56.9406 0 0 0 0 0 0 -0.0411855 -0.0184676 0.865379 0.0401112 3.12466 1.545 
56.9962 0 0 0 0 0 0 -0.0415592 -0.0186564 0.866216 0.0361474 -3.11991 1.54444 
57.0508 0 0 0 0 0 0 -0.0414659 -0.0186392 0.865917 0.0473282 -3.12802 1.54478 
57.1061 0 0 0 0 0 0 -0.0413421 -0.0183806 0.864919 0.0242306 3.11738 1.54364 
57.1621 0 0 0 0 0 0 -0.0413529 -0.0184311 0.865097 0.024153 3.12566 1.54343 
57.2177 0 0 0 0 0 0 -0.0413323 -0.0184155 0.865008 0.0242299 3.12316 1.54365 
57.2738 0 0 0 0 0 0 -0.0413664 -0.0184224 0.865037 0.018479 3.12182 1.54396 
57.3284 0 0 0 0 0 0 -0.0411411 -0.0183155 0.865065 0.0446842 3.12868 1.54807 
57.3833 0 0 0 0 0 0 -0.0411277 -0.018281 0.864855 0.0235853 3.12635 1.54914 
57.439 0 0 0 0 0 0 -0.040918 -0.0180991 0.863978 0.0340055 3.08885 1.55388 
57.4934 0 0 0 0 0 0 -0.0410618 -0.0180896 0.864384 0.0228479 3.10956 1.55704 
57.5501 0 0 0 0 0 0 -0.0408319 -0.0176957 0.86008 -0.0352811 3.04703 1.56261 
57.6047 0 0 0 0 0 0 -0.0407824 -0.0177365 0.860987 -0.0323615 3.05354 1.56319 
57.6602 0 0 0 0 0 0 -0.0407901 -0.0177371 0.860947 -0.042064 3.0512 1.56323 
57.7155 0 0 0 0 0 0 -0.0408672 -0.0178704 0.861366 -0.00928064 3.07325 1.56568 
57.7732 0 0 0 0 0 0 -0.0406202 -0.0181733 0.864666 -0.0413521 3.11461 1.57026 
57.8265 0 0 0 0 0 0 -0.0405945 -0.0182507 0.865571 -0.024036 3.13004 1.57224 
57.8814 0 0 0 0 0 0 -0.0394074 -0.0176967 0.863637 0.077841 3.06713 1.58449 
57.9366 0 0 0 0 0 0 -0.0397141 -0.0179462 0.869347 0.144931 -3.12034 1.57273 
57.9921 0 0 0 0 0 0 -0.0394332 -0.017536 0.863899 0.0820787 3.07601 1.58835 
58.0472 0 0 0 0 0 0 -0.0394848 -0.0174831 0.86383 0.0621047 3.08435 1.58842 
58.1016 0 0 0 0 0 0 -0.0399514 -0.017394 0.868082 0.0336922 3.07089 1.58954 
58.1593 0 0 0 0 0 0 -0.0396224 -0.0172364 0.862198 0.00922212 3.07555 1.58946 
58.2119 0 0 0 0 0 0 -0.0395623 -0.0172667 0.862882 0.041517 3.08932 1.59158 
58.2675 0 0 0 0 0 0 -0.0395634 -0.0174234 0.862904 0.0358909 3.12235 1.59116 
58.3226 0 0 0 0 0 0 -0.0394475 -0.0173548 0.863409 0.0309811 3.11159 1.59348 
58.3789 0 0 0 0 0 0 -0.039511 -0.017468 0.864267 0.0224561 3.12496 1.59372 
58.4341 0 0 0 0 0 0 -0.0399063 -0.0175851 0.868218 -0.00638095 3.12615 1.59595 
58.4902 0 0 0 0 0 0 -0.0395482 -0.0175581 0.863176 0.0130977 -3.12786 1.59365 
58.5462 0 0 0 0 0 0 -0.0397463 -0.0175885 0.867411 0.0234661 -3.13453 1.59713 
58.6016 0 0 0 0 0 0 -0.0395038 -0.0174808 0.863908 0.0189572 3.13931 1.59301 
58.656 0 0 0 0 0 0 -0.0395899 -0.0172111 0.862794 0.028043 3.08768 1.59167 
58.7108 0 0 0 0 0 0 -0.0396352 -0.0171839 0.862765 0.0225879 3.08274 1.59095 
58.766 0 0 0 0 0 0 -0.0395614 -0.0174021 0.863455 0.0700091 3.08921 1.59164 
58.8214 0 0 0 0 0 0 -0.0396106 -0.0174761 0.863925 0.0567798 3.08709 1.58935 
58.8768 0 0 0 0 0 0 -0.0394534 -0.0175164 0.863973 0.0848535 3.08321 1.58921 
58.9324 0 0 0 0 0 0 -0.0393462 -0.0176296 0.863223 0.0969306 3.07343 1.58783 
58.9887 0 0 0 0 0 0 -0.0402724 -0.0182919 0.864703 0.0797224 -3.09384 1.57759 
59.0436 0 0 0 0 0 0 -0.0407729 -0.0182897 0.864166 -0.0243882 3.13694 1.57276 
59.0991 0 0 0 0 0 0 -0.0408745 -0.0179048 0.862677 -0.0209909 3.07426 1.57028 
59.1538 0 0 0 0 0 0 -0.0409748 -0.0179195 0.861881 -0.028757 3.07742 1.56825 
59.2089 0 0 0 0 0 0 -0.0410031 -0.0183297 0.860687 0.0274583 -3.1289 1.56877 
59.2644 0 0 0 0 0 0 -0.0408545 -0.0181806 0.861434 0.0335342 3.12779 1.56729 
59.3201 0 0 0 0 0 0 -0.0409371 -0.018042 0.861139 0.0139111 3.10172 1.56703 
59.375 0 0 0 0 0 0 -0.0408884 -0.0177555 0.860028 -0.0268918 3.05517 1.56324 
59.4302 0 0 0 0 0 0 -0.0408702 -0.0179621 0.861499 0.00644351 3.0642 1.56185 
59.4858 0 0 0 0 0 0 -0.0403388 -0.0185929 0.862227 0.129386 -3.13476 1.5505 
59.5404 0 0 0 0 0 0 -0.0413386 -0.0188644 0.864309 0.0409558 -3.08154 1.54809 
59.595 0 0 0 0 0 0 -0.0413844 -0.0188731 0.864457 0.0396019 -3.08589 1.54744 
59.6506 0 0 0 0 0 0 -0.0409641 -0.0186142 0.864616 0.0791005 3.13885 1.5451 
59.7064 0 0 0 0 0 0 -0.0409569 -0.0186162 0.864597 0.0802342 3.13925 1.5451 
59.7613 0 0 0 0 0 0 -0.0412465 -0.0185587 0.86504 0.0351096 3.13171 1.54514 
59.8174 0 0 0 0 0 0 -0.0414909 -0.018821 0.865611 0.0358404 -3.1022 1.54527 
59.8727 0 0 0 0 0 0 -0.0415493 -0.018857 0.864801 0.0270462 -3.08135 1.5459 
59.9282 0 0 0 0 0 0 -0.0415501 -0.0188353 0.86473 0.0261993 -3.08222 1.54605 
59.9837 0 0 0 0 0 0 -0.0414382 -0.0187283 0.866793 0.0410216 -3.10714 1.54671 
60.0383 0 0 0 0 0 0 -0.0409087 -0.0184813 0.864157 0.0735477 -3.14141 1.54907 
60.0934 0 0 0 0 0 0 -0.0409737 -0.0181093 0.863661 0.018016 3.09519 1.5566 
60.1484 0 0 0 0 0 0 -0.0408521 -0.0176493 0.859954 -0.021518 3.04707 1.56089 
60.2035 0 0 0 0 0 0 -0.0409761 -0.0177474 0.860823 -0.0201371 3.07214 1.56282 
60.2595 0 0 0 0 0 0 -0.0407883 -0.0177368 0.860942 -0.0311286 3.05378 1.56326 
60.3145 0 0 0 0 0 0 -0.0408214 -0.0177216 0.86083 -0.0406844 3.04886 1.56346 
60.3701 0 0 0 0 0 0 -0.0409264 -0.0178758 0.861752 -0.0166576 3.07007 1.56697 
60.4256 0 0 0 0 0 0 -0.0407619 -0.0179976 0.86311 -0.0186868 3.08651 1.5674 
60.4812 0 0 0 0 0 0 -0.0406395 -0.018397 0.864609 -0.0123893 -3.12358 1.57327 
60.5362 0 0 0 0 0 0 -0.0401646 -0.0179859 0.86352 -0.0194416 3.10213 1.57657 
60.5912 0 0 0 0 0 0 -0.0393955 -0.0176586 0.863319 0.0830847 3.06999 1.58635 
60.6468 0 0 0 0 0 0 -0.0394332 -0.017536 0.863899 0.0820787 3.07601 1.58835 
60.7019 0 0 0 0 0 0 -0.0398682 -0.0174932 0.869282 0.0908225 3.08848 1.58546 
60.7568 0 0 0 0 0 0 -0.0395174 -0.0174231 0.863533 0.0513196 3.07922 1.58907 
60.8137 0 0 0 0 0 0 -0.0396481 -0.0172746 0.862726 0.0168809 3.07735 1.58942 
60.8673 0 0 0 0 0 0 -0.039654 -0.0172078 0.862173 0.0114382 3.07304 1.59056 
60.9236 0 0 0 0 0 0 -0.0396281 -0.0172764 0.86284 0.032347 3.09625 1.59111 
60.9773 0 0 0 0 0 0 -0.0395132 -0.0173587 0.863375 0.0339374 3.114 1.59137 
61.0321 0 0 0 0 0 0 -0.0398053 -0.017768 0.86783 0.0343822 -3.11821 1.59341 
61.0881 0 0 0 0 0 0 -0.0394933 -0.0174377 0.863338 0.0302923 3.12626 1.59196 
61.1448 0 0 0 0 0 0 -0.0395429 -0.0174011 0.863561 0.0234843 3.12689 1.59168 
61.1994 0 0 0 0 0 0 -0.039516 -0.0174564 0.8637 0.0290877 3.12836 1.59188 
61.255 0 0 0 0 0 0 -0.0394924 -0.0174039 0.8639 0.0296299 3.11843 1.59181 
61.3102 0 0 0 0 0 0 -0.0399192 -0.0174758 0.867873 -0.00347539 3.11029 1.5943 
61.3649 0 0 0 0 0 0 -0.0394809 -0.0173689 0.863513 0.0554379 3.09464 1.58986 
61.42 0 0 0 0 0 0 -0.0400253 -0.0176386 0.868088 0.0392216 3.1107 1.58975 
61.4752 0 0 0 0 0 0 -0.0396378 -0.0173949 0.862922 0.0280021 3.08732 1.58941 
61.5312 0 0 0 0 0 0 -0.0394581 -0.0175762 0.863718 0.0815279 3.08119 1.58835 
61.5864 0 0 0 0 0 0 -0.0394016 -0.0175692 0.863718 0.0860136 3.07439 1.58804 
61.6426 0 0 0 0 0 0 -0.0405699 -0.0181491 0.865322 -0.0118674 3.13197 1.57659 
61.6978 0 0 0 0 0 0 -0.0407069 -0.0183379 0.864382 -0.0408695 -3.13849 1.57378 
61.753 0 0 0 0 0 0 -0.0407573 -0.0181844 0.864111 -0.0194558 3.1185 1.57154 
61.8072 0 0 0 0 0 0 -0.0410667 -0.0182656 0.860978 0.0237957 -3.14124 1.56989 
61.8629 0 0 0 0 0 0 -0.0410031 -0.0183297 0.860687 0.0274583 -3.1289 1.56877 
61.9182 0 0 0 0 0 0 -0.0409673 -0.0183595 0.860525 0.029832 -3.12305 1.56822 
61.974 0 0 0 0 0 0 -0.0408314 -0.0179873 0.862055 0.00560722 3.09132 1.56657 
62.0292 0 0 0 0 0 0 -0.0409262 -0.0180017 0.86119 0.0108626 3.10236 1.56567 
62.0843 0 0 0 0 0 0 -0.0408958 -0.017722 0.86013 -0.0256981 3.04601 1.56308 
62.1401 0 0 0 0 0 0 -0.0405522 -0.0182603 0.863223 0.0799948 3.09823 1.55868 
62.1945 0 0 0 0 0 0 -0.0411701 -0.0185842 0.864784 0.0408897 -3.12549 1.55177 
62.2497 0 0 0 0 0 0 -0.0412708 -0.0187282 0.864666 0.0417532 -3.10206 1.54922 
62.3046 0 0 0 0 0 0 -0.0413792 -0.0187583 0.86634 0.0422526 -3.10825 1.54793 
62.3599 0 0 0 0 0 0 -0.040601 -0.0186637 0.863781 0.115115 -3.13087 1.54645 
62.4157 0 0 0 0 0 0 -0.0406871 -0.018655 0.863854 0.113999 -3.1272 1.54511 
62.4707 0 0 0 0 0 0 -0.0413731 -0.018777 0.86554 0.0450135 -3.10213 1.54629 
62.527 0 0 0 0 0 0 -0.0409593 -0.0186118 0.865149 0.0817195 -3.13601 1.54537 
62.5827 0 0 0 0 0 0 -0.0410344 -0.0185616 0.865143 0.0680843 -3.13893 1.54637 
62.6383 0 0 0 0 0 0 -0.0408335 -0.0185559 0.864431 0.0895224 -3.13522 1.54742 
62.6925 0 0 0 0 0 0 -0.0408172 -0.0182538 0.863435 0.0506164 3.11011 1.55478 
62.7478 0 0 0 0 0 0 -0.0409262 -0.0181032 0.863343 0.0222784 3.09252 1.55696 
62.8028 0 0 0 0 0 0 -0.0408595 -0.0177245 0.859792 -0.0237271 3.0532 1.56254 
62.858 0 0 0 0 0 0 -0.0409922 -0.0177386 0.860884 -0.0198782 3.07033 1.56311 
62.913 0 0 0 0 0 0 -0.0407781 -0.0177653 0.86094 -0.0352675 3.05616 1.56292 
62.9689 0 0 0 0 0 0 -0.0408071 -0.0177733 0.861493 -0.0378681 3.05552 1.56414 
63.024 0 0 0 0 0 0 -0.0408846 -0.0178602 0.861412 -0.00939419 3.07127 1.56597 
63.0794 0 0 0 0 0 0 -0.0408963 -0.017929 0.862457 -0.0160697 3.07681 1.56751 
63.1348 0 0 0 0 0 0 -0.0406393 -0.0182282 0.864304 -0.0479491 3.12313 1.57107 
63.1901 0 0 0 0 0 0 -0.0406339 -0.0182858 0.86468 -0.0386048 3.13443 1.57243 
63.2454 0 0 0 0 0 0 -0.0394414 -0.0176724 0.863492 0.0761219 3.06901 1.58563 
63.301 0 0 0 0 0 0 -0.0394475 -0.0176393 0.863592 0.0769197 3.07367 1.58646 
63.3554 0 0 0 0 0 0 -0.0394016 -0.0175692 0.863718 0.0860136 3.07439 1.58804 
63.4104 0 0 0 0 0 0 -0.0394191 -0.0174659 0.863754 0.0730188 3.07781 1.58902 
63.4678 0 0 0 0 0 0 -0.0395109 -0.0174085 0.863615 0.0531953 3.07897 1.58921 
63.5206 0 0 0 0 0 0 -0.0401603 -0.0174901 0.867427 0.00759129 3.10255 1.59106 
63.5759 0 0 0 0 0 0 -0.0395532 -0.017387 0.863482 0.0531485 3.10047 1.59027 
63.6311 0 0 0 0 0 0 -0.0395186 -0.0173112 0.863379 0.0451621 3.0901 1.59003 
63.6865 0 0 0 0 0 0 -0.0399601 -0.0176344 0.86783 -0.0083811 3.11993 1.59276 
63.7417 0 0 0 0 0 0 -0.03958 -0.017196 0.86293 0.0383122 3.08147 1.59268 
63.7978 0 0 0 0 0 0 -0.0398839 -0.0175502 0.868122 0.00238354 3.11209 1.59378 
63.8534 0 0 0 0 0 0 -0.0395757 -0.0172443 0.862969 0.029228 3.09303 1.5917 
63.909 0 0 0 0 0 0 -0.0395409 -0.0172152 0.863083 0.0318343 3.08407 1.59159 
63.9641 0 0 0 0 0 0 -0.0399972 -0.0178332 0.86804 0.0187137 3.1386 1.5912 
64.0184 0 0 0 0 0 0 -0.0395397 -0.0173437 0.863268 0.0511507 3.09572 1.59076 
64.0743 0 0 0 0 0 0 -0.039605 -0.0174525 0.864126 0.0650397 3.09275 1.58992 
64.1295 0 0 0 0 0 0 -0.0394503 -0.0174698 0.863668 0.0695382 3.08164 1.58913 
64.1848 0 0 0 0 0 0 -0.0395163 -0.0175895 0.863698 0.0709819 3.0836 1.58811 
64.2409 0 0 0 0 0 0 -0.0401627 -0.0181636 0.864825 0.0886855 -3.10868 1.57987 
64.2961 0 0 0 0 0 0 -0.04041 -0.0183402 0.8649 0.0432008 -3.09959 1.57822 
64.3516 0 0 0 0 0 0 -0.0407017 -0.0181721 0.86373 -0.0457439 3.13684 1.5766 
64.408 0 0 0 0 0 0 -0.0408369 -0.0180245 0.863379 -0.016124 3.09287 1.57104 
64.4625 0 0 0 0 0 0 -0.0409322 -0.0179247 0.862856 -0.015782 3.0742 1.5691 
64.5171 0 0 0 0 0 0 -0.0410031 -0.0183297 0.860687 0.0274583 -3.1289 1.56877 
64.5725 0 0 0 0 0 0 -0.0409673 -0.0183595 0.860525 0.029832 -3.12305 1.56822 
64.6276 0 0 0 0 0 0 -0.0410522 -0.0182547 0.860689 0.0216301 -3.1341 1.5679 
64.6841 0 0 0 0 0 0 -0.0409392 -0.0178013 0.860776 -0.0189284 3.06047 1.5655 
64.7389 0 0 0 0 0 0 -0.0408843 -0.017802 0.860298 -0.021168 3.06239 1.56368 
64.7946 0 0 0 0 0 0 -0.0408163 -0.0177414 0.860705 -0.0122186 3.05247 1.56287 
64.8485 0 0 0 0 0 0 -0.0412066 -0.0184785 0.865659 0.0440394 3.14129 1.55351 
64.9038 0 0 0 0 0 0 -0.0412219 -0.0186495 0.864166 0.0483312 -3.10853 1.55222 
64.9593 0 0 0 0 0 0 -0.041298 -0.0186426 0.864844 0.040656 -3.10955 1.55076 
65.0151 0 0 0 0 0 0 -0.0407454 -0.0185395 0.863923 0.0981185 -3.1391 1.54863 
65.0706 0 0 0 0 0 0 -0.0410135 -0.0184535 0.864927 0.0667202 3.13687 1.54872 
65.1261 0 0 0 0 0 0 -0.0409826 -0.0185206 0.864572 0.0695149 -3.14121 1.54913 
65.1816 0 0 0 0 0 0 -0.0409366 -0.0184307 0.864789 0.065602 3.13038 1.54899 
65.2368 0 0 0 0 0 0 -0.0408749 -0.0185205 0.864422 0.0765337 3.13942 1.54925 
65.292 0 0 0 0 0 0 -0.0409952 -0.0182819 0.864178 0.038817 3.10981 1.55228 
65.3465 0 0 0 0 0 0 -0.0409327 -0.0181542 0.863999 0.0317874 3.10142 1.55414 
65.4011 0 0 0 0 0 0 -0.0411511 -0.0182878 0.863886 0.019598 3.1414 1.55628 
65.4567 0 0 0 0 0 0 -0.0408833 -0.0177038 0.85953 -0.0328302 3.04789 1.56246 
65.5122 0 0 0 0 0 0 -0.0408033 -0.0177079 0.860344 -0.0279957 3.05079 1.56256 
65.5676 0 0 0 0 0 0 -0.0407978 -0.0177299 0.860842 -0.0416584 3.05031 1.56321 
65.6232 0 0 0 0 0 0 -0.0407926 -0.0177414 0.861169 -0.0433775 3.05107 1.56341 
65.6787 0 0 0 0 0 0 -0.0408531 -0.0178829 0.861792 -0.0112557 3.07385 1.56595 
65.7341 0 0 0 0 0 0 -0.0407304 -0.0179763 0.863708 -0.0446142 3.08031 1.56679 
65.7894 0 0 0 0 0 0 -0.0406001 -0.0182551 0.864939 -0.0300229 3.13052 1.57097 
65.8449 0 0 0 0 0 0 -0.0400878 -0.0181566 0.866611 0.0757764 3.12289 1.57525 
65.8995 0 0 0 0 0 0 -0.0395511 -0.0180452 0.867108 0.168805 -3.10482 1.56958 
65.9548 0 0 0 0 0 0 -0.0393615 -0.0176721 0.863304 0.0838308 3.06415 1.5854 
66.0102 0 0 0 0 0 0 -0.0394319 -0.0175602 0.863676 0.0776153 3.07574 1.588 
66.0652 0 0 0 0 0 0 -0.039372 -0.017523 0.863547 0.0793092 3.07512 1.58829 
66.1202 0 0 0 0 0 0 -0.0394372 -0.0174526 0.863646 0.0663008 3.07866 1.58899 
66.1753 0 0 0 0 0 0 -0.0394813 -0.0174315 0.863577 0.0609796 3.09128 1.58951 
66.2309 0 0 0 0 0 0 -0.0394566 -0.0173277 0.863598 0.0602374 3.07545 1.59032 
66.2853 0 0 0 0 0 0 -0.0394456 -0.0173538 0.863589 0.0568719 3.08637 1.58967 
66.3412 0 0 0 0 0 0 -0.0394427 -0.0173294 0.863619 0.0549666 3.08191 1.58962 
66.3968 0 0 0 0 0 0 -0.0394881 -0.0172578 0.863105 0.0429309 3.07906 1.59057 
66.4526 0 0 0 0 0 0 -0.0395153 -0.0172482 0.863069 0.0406328 3.08277 1.59077 
66.508 0 0 0 0 0 0 -0.0394929 -0.0172655 0.863172 0.0453543 3.08285 1.5907 
66.5635 0 0 0 0 0 0 -0.0395168 -0.0173005 0.863315 0.0422377 3.08577 1.58993 
66.6197 0 0 0 0 0 0 -0.0395168 -0.0173005 0.863315 0.0422377 3.08577 1.58993 
66.6741 0 0 0 0 0 0 -0.0394574 -0.0173364 0.863341 0.055358 3.08077 1.59025 
66.7285 0 0 0 0 0 0 -0.039412 -0.0174406 0.864391 0.0932127 3.07857 1.58958 
66.7839 0 0 0 0 0 0 -0.0401581 -0.0177885 0.869249 0.0632127 3.12101 1.58667 
66.8397 0 0 0 0 0 0 -0.0394411 -0.0175485 0.863839 0.0828949 3.07849 1.58845 
66.8951 0 0 0 0 0 0 -0.0394544 -0.0176396 0.863449 0.0795825 3.07983 1.58754 
66.9509 0 0 0 0 0 0 -0.0400728 -0.0180582 0.865531 0.0298204 3.12332 1.58038 
67.0067 0 0 0 0 0 0 -0.0406796 -0.0183466 0.864367 -0.0385299 -3.13685 1.57345 
67.0613 0 0 0 0 0 0 -0.0407962 -0.0181422 0.863958 -0.0172263 3.11157 1.5717 
67.117 0 0 0 0 0 0 -0.0408172 -0.0179674 0.863316 -0.00814974 3.08005 1.57032 
67.1715 0 0 0 0 0 0 -0.0410667 -0.0182656 0.860978 0.0237957 -3.14124 1.56989 
67.2268 0 0 0 0 0 0 -0.0409673 -0.0183595 0.860525 0.029832 -3.12305 1.56822 
67.2827 0 0 0 0 0 0 -0.0408592 -0.0179554 0.862022 0.00294347 3.0858 1.56687 
67.3383 0 0 0 0 0 0 -0.0408823 -0.0178926 0.86142 -0.0146512 3.07431 1.56563 
67.3932 0 0 0 0 0 0 -0.0408831 -0.0178807 0.861467 -0.00596905 3.07468 1.56613 
67.4489 0 0 0 0 0 0 -0.0409085 -0.0177856 0.860469 -0.0088537 3.06143 1.56454 
67.5039 0 0 0 0 0 0 -0.0404785 -0.0182219 0.862431 0.078321 3.10044 1.56152 
67.5584 0 0 0 0 0 0 -0.0411636 -0.0186874 0.864026 0.0494388 -3.10674 1.55292 
67.6133 0 0 0 0 0 0 -0.0413388 -0.0187235 0.863921 0.0313497 -3.09135 1.55131 
67.6691 0 0 0 0 0 0 -0.0414257 -0.0187627 0.863651 0.021964 -3.0857 1.55121 
67.7249 0 0 0 0 0 0 -0.0413638 -0.0187558 0.864614 0.0385682 -3.09388 1.54844 
67.781 0 0 0 0 0 0 -0.0413529 -0.0187567 0.86477 0.030968 -3.09426 1.54896 
67.8353 0 0 0 0 0 0 -0.0413237 -0.0187705 0.864326 0.0431999 -3.08745 1.54925 
67.8912 0 0 0 0 0 0 -0.0413324 -0.0186622 0.864645 0.0411014 -3.1052 1.55045 
67.9471 0 0 0 0 0 0 -0.0412948 -0.0187168 0.863763 0.0324209 -3.09208 1.55122 
68.002 0 0 0 0 0 0 -0.0407358 -0.0180892 0.862791 0.0394869 3.09471 1.55971 
68.0561 0 0 0 0 0 0 -0.0412379 -0.0183988 0.865232 0.0292808 -3.13523 1.55497 
68.1123 0 0 0 0 0 0 -0.0408618 -0.0177916 0.860314 -0.0143993 3.06309 1.56346 
68.1667 0 0 0 0 0 0 -0.041147 -0.017899 0.861571 -0.0170536 3.1072 1.56437 
68.2223 0 0 0 0 0 0 -0.0408529 -0.0177956 0.861012 -0.0231401 3.06134 1.56468 
68.2777 0 0 0 0 0 0 -0.0408269 -0.0177567 0.861021 -0.0345906 3.05438 1.56395 
68.3328 0 0 0 0 0 0 -0.0409535 -0.0178844 0.861504 -0.0102156 3.07255 1.56726 
68.388 0 0 0 0 0 0 -0.0409044 -0.0179239 0.861452 -0.00193828 3.07974 1.5677 
68.444 0 0 0 0 0 0 -0.0406347 -0.0182441 0.864876 -0.0288502 3.12878 1.57125 
68.4991 0 0 0 0 0 0 -0.0406392 -0.0182545 0.864228 -0.0457298 3.13351 1.57253 
68.554 0 0 0 0 0 0 -0.0396658 -0.0179223 0.868381 0.15587 -3.12051 1.57076 
68.6089 0 0 0 0 0 0 -0.0393309 -0.0176008 0.863452 0.0932862 3.06729 1.58729 
68.6641 0 0 0 0 0 0 -0.0394487 -0.0175655 0.863774 0.0781248 3.07628 1.58798 
68.7202 0 0 0 0 0 0 -0.0394168 -0.0175306 0.863802 0.0815059 3.07543 1.58838 
68.7748 0 0 0 0 0 0 -0.0398006 -0.0174338 0.867893 0.0777079 3.07558 1.58805 
68.8305 0 0 0 0 0 0 -0.0396772 -0.0173469 0.863094 0.0224795 3.07806 1.58927 
68.8855 0 0 0 0 0 0 -0.0400675 -0.017334 0.866758 0.00252646 3.06724 1.59023 
68.9409 0 0 0 0 0 0 -0.0395477 -0.0173175 0.864228 0.0575096 3.07999 1.59005 
68.9954 0 0 0 0 0 0 -0.0399024 -0.0178434 0.869458 0.030895 3.1276 1.59054 
69.0514 0 0 0 0 0 0 -0.0394965 -0.017277 0.863519 0.0448293 3.08086 1.58985 
69.1085 0 0 0 0 0 0 -0.0395182 -0.0172578 0.86341 0.0401779 3.08047 1.58992 
69.1627 0 0 0 0 0 0 -0.0394974 -0.0173035 0.863503 0.0471991 3.08564 1.58991 
69.218 0 0 0 0 0 0 -0.0394947 -0.0172928 0.863434 0.0444048 3.08131 1.58979 
69.2733 0 0 0 0 0 0 -0.0394697 -0.0172961 0.863619 0.0503227 3.08127 1.58976 
69.328 0 0 0 0 0 0 -0.0394261 -0.0173148 0.863521 0.0597004 3.07617 1.5902 
69.3834 0 0 0 0 0 0 -0.0394429 -0.0174616 0.864261 0.0865754 3.08025 1.58945 
69.4386 0 0 0 0 0 0 -0.0393998 -0.0174758 0.864069 0.092636 3.08079 1.58954 
69.4937 0 0 0 0 0 0 -0.0399424 -0.0182526 0.869474 0.1207 -3.10027 1.5771 
69.549 0 0 0 0 0 0 -0.0394349 -0.0175984 0.863689 0.0851887 3.077 1.58794 
69.6047 0 0 0 0 0 0 -0.0403306 -0.0182278 0.865759 0.0505524 -3.13081 1.57699 
69.6602 0 0 0 0 0 0 -0.0407514 -0.0182689 0.863653 -0.0548403 3.1409 1.57453 
69.7158 0 0 0 0 0 0 -0.0407406 -0.0182977 0.864486 -0.0349748 3.13718 1.5729 
69.771 0 0 0 0 0 0 -0.0408562 -0.0180262 0.863396 -0.0130707 3.09023 1.56882 
69.8251 0 0 0 0 0 0 -0.0410367 -0.0182974 0.86084 0.0253652 -3.13514 1.56934 
69.8808 0 0 0 0 0 0 -0.0409607 -0.0183293 0.860713 0.0299278 -3.12909 1.56821 
69.9362 0 0 0 0 0 0 -0.0409415 -0.0181995 0.861368 0.025542 3.12872 1.56826 
69.9921 0 0 0 0 0 0 -0.0408777 -0.0181945 0.861384 0.0264523 3.12773 1.56725 
70.0464 0 0 0 0 0 0 -0.0411645 -0.0180345 0.86111 -0.0135228 3.12162 1.56543 
70.1018 0 0 0 0 0 0 -0.0408974 -0.0177096 0.859898 -0.0431731 3.0448 1.56286 
70.1574 0 0 0 0 0 0 -0.0408304 -0.0178642 0.861444 -0.00834048 3.0553 1.5635 
70.2135 0 0 0 0 0 0 -0.0404799 -0.0180767 0.862061 0.0775681 3.07334 1.56254 
70.2684 0 0 0 0 0 0 -0.0406666 -0.0181024 0.862552 0.0540427 3.07066 1.56064 
70.3233 0 0 0 0 0 0 -0.0412784 -0.0187396 0.863811 0.0356716 -3.09633 1.55217 
70.3795 0 0 0 0 0 0 -0.0405099 -0.0184915 0.862904 0.109637 3.12608 1.55418 
70.4338 0 0 0 0 0 0 -0.0412861 -0.0185836 0.866004 0.049529 -3.12453 1.55153 
70.4896 0 0 0 0 0 0 -0.0412826 -0.0187075 0.864068 0.0371428 -3.095 1.55058 
70.5449 0 0 0 0 0 0 -0.0412795 -0.0186968 0.864358 0.0400916 -3.09809 1.55024 
70.6015 0 0 0 0 0 0 -0.0404934 -0.0185703 0.862436 0.114227 -3.136 1.55236 
70.6574 0 0 0 0 0 0 -0.040999 -0.0178719 0.860898 -0.0176293 3.07251 1.56097 
70.7109 0 0 0 0 0 0 -0.0410863 -0.0182207 0.865643 0.0428049 3.10894 1.55597 
70.7665 0 0 0 0 0 0 -0.0409726 -0.0178481 0.861032 -0.00952224 3.0838 1.5641 
70.8208 0 0 0 0 0 0 -0.0409562 -0.0179751 0.867073 0.0371285 3.06832 1.55799 
70.8763 0 0 0 0 0 0 -0.0408195 -0.0177479 0.861197 -0.0266121 3.05475 1.56405 
70.9318 0 0 0 0 0 0 -0.0408223 -0.0177277 0.861078 -0.0415038 3.04897 1.56371 
70.9867 0 0 0 0 0 0 -0.0409646 -0.0179885 0.861504 0.00657035 3.09098 1.56797 
71.042 0 0 0 0 0 0 -0.0407384 -0.0179551 0.862483 -0.00671228 3.08132 1.56838 
71.0972 0 0 0 0 0 0 -0.0406711 -0.0182059 0.864767 -0.0412606 3.11999 1.57048 
71.1526 0 0 0 0 0 0 -0.040714 -0.0184391 0.863707 -0.0302982 -3.11795 1.57341 
71.208 0 0 0 0 0 0 -0.0402579 -0.0180973 0.865004 -0.0119632 3.12393 1.57871 
71.263 0 0 0 0 0 0 -0.0400445 -0.0181296 0.865116 0.104193 -3.11859 1.57858 
71.3185 0 0 0 0 0 0 -0.0395703 -0.0176758 0.863651 0.0526824 3.07714 1.58531 
71.3732 0 0 0 0 0 0 -0.0394168 -0.0175306 0.863802 0.0815059 3.07543 1.58838 
71.4286 0 0 0 0 0 0 -0.0394879 -0.0174972 0.863819 0.0665321 3.07767 1.5885 
71.4835 0 0 0 0 0 0 -0.0395174 -0.0174231 0.863533 0.0513196 3.07922 1.58907 
71.539 0 0 0 0 0 0 -0.0394324 -0.0173967 0.86424 0.0804091 3.07957 1.58972 
71.5941 0 0 0 0 0 0 -0.0396035 -0.0173416 0.863048 0.029889 3.08273 1.58949 
71.6494 0 0 0 0 0 0 -0.0395621 -0.0173994 0.86424 0.0603725 3.09446 1.5895 
71.7051 0 0 0 0 0 0 -0.0395854 -0.0172958 0.862446 0.0175666 3.07734 1.58924 
71.7606 0 0 0 0 0 0 -0.0396148 -0.0173545 0.862633 0.0192594 3.087 1.58888 
71.8166 0 0 0 0 0 0 -0.039628 -0.017252 0.862086 0.00725686 3.07608 1.58932 
71.8726 0 0 0 0 0 0 -0.0396606 -0.0172785 0.862227 0.0053725 3.08016 1.58885 
71.9272 0 0 0 0 0 0 -0.0394453 -0.0172982 0.863685 0.0604017 3.07523 1.59035 
71.9821 0 0 0 0 0 0 -0.0394643 -0.0174234 0.863589 0.0614668 3.09247 1.58943 
72.0374 0 0 0 0 0 0 -0.0395016 -0.0174262 0.86346 0.0508516 3.08013 1.58894 
72.0921 0 0 0 0 0 0 -0.0398234 -0.0176949 0.867834 0.108567 3.11085 1.58607 
72.1475 0 0 0 0 0 0 -0.0394691 -0.0175939 0.863662 0.0762174 3.07905 1.58785 
72.2034 0 0 0 0 0 0 -0.0401755 -0.018213 0.864473 0.0946744 -3.09874 1.57871 
72.2585 0 0 0 0 0 0 -0.0405575 -0.0183229 0.863558 0.0299133 -3.09795 1.57885 
72.3136 0 0 0 0 0 0 -0.0405649 -0.0182003 0.865912 -0.00294412 3.13602 1.57539 
72.3693 0 0 0 0 0 0 -0.0407562 -0.018242 0.8644 -0.0278054 3.12763 1.57238 
72.4248 0 0 0 0 0 0 -0.0408889 -0.0179786 0.862551 -0.0294142 3.08533 1.56891 
72.4792 0 0 0 0 0 0 -0.0410235 -0.0182644 0.860793 0.024492 -3.14077 1.56988 
72.5345 0 0 0 0 0 0 -0.0409673 -0.0183595 0.860525 0.029832 -3.12305 1.56822 
72.5903 0 0 0 0 0 0 -0.0409673 -0.0183595 0.860525 0.029832 -3.12305 1.56822 
72.6458 0 0 0 0 0 0 -0.0408475 -0.0179121 0.861897 -0.00666897 3.07862 1.56616 
72.7015 0 0 0 0 0 0 -0.0408864 -0.0178181 0.861028 -0.014901 3.06527 1.56537 
72.756 0 0 0 0 0 0 -0.0409455 -0.0180087 0.861092 0.00671319 3.09866 1.56628 
72.8111 0 0 0 0 0 0 -0.0409566 -0.0177291 0.859751 -0.0315053 3.04887 1.56388 
72.8666 0 0 0 0 0 0 -0.0408696 -0.0178125 0.860641 -0.010338 3.05741 1.56355 
72.9219 0 0 0 0 0 0 -0.040846 -0.0181104 0.862063 0.0262145 3.08537 1.55989 
72.9773 0 0 0 0 0 0 -0.0404999 -0.0183811 0.86273 0.101468 3.12674 1.55705 
73.0326 0 0 0 0 0 0 -0.0404705 -0.0184703 0.862636 0.106068 3.13992 1.55494 
73.0878 0 0 0 0 0 0 -0.0413271 -0.0186451 0.863599 0.0222545 -3.0959 1.55285 
73.1432 0 0 0 0 0 0 -0.0413064 -0.0186506 0.86353 0.0281058 -3.09476 1.55187 
73.1996 0 0 0 0 0 0 -0.0413438 -0.0186762 0.863257 0.0192025 -3.08898 1.55302 
73.2546 0 0 0 0 0 0 -0.0412157 -0.0184776 0.864631 0.0338409 -3.13001 1.55349 
73.3108 0 0 0 0 0 0 -0.0410584 -0.0183174 0.864235 0.047058 3.12885 1.55651 
73.3644 0 0 0 0 0 0 -0.0411624 -0.0183501 0.868503 0.0428488 3.11756 1.55279 
73.4195 0 0 0 0 0 0 -0.0408947 -0.0177322 0.860067 -0.030465 3.05084 1.56321 
73.4739 0 0 0 0 0 0 -0.0410857 -0.017807 0.86176 -0.0154867 3.08489 1.56383 
73.53 0 0 0 0 0 0 -0.0408338 -0.0177325 0.86103 -0.0385923 3.05001 1.5639 
73.5856 0 0 0 0 0 0 -0.0408064 -0.0177654 0.861231 -0.0372054 3.05513 1.56386 
73.6401 0 0 0 0 0 0 -0.0408841 -0.0178428 0.861535 -0.0269387 3.06508 1.56578 
73.696 0 0 0 0 0 0 -0.0408852 -0.0179796 0.862135 -0.00593515 3.08703 1.56725 
73.7515 0 0 0 0 0 0 -0.0406538 -0.0180764 0.864233 -0.0431753 3.09903 1.56941 
73.8076 0 0 0 0 0 0 -0.0404924 -0.0182497 0.866271 0.0131649 3.13242 1.57293 
73.8619 0 0 0 0 0 0 -0.0405889 -0.0182886 0.866098 -0.0161297 -3.13762 1.5749 
73.9171 0 0 0 0 0 0 -0.0397931 -0.0179572 0.86447 0.0303912 3.10433 1.58039 
73.9718 0 0 0 0 0 0 -0.0393191 -0.0175977 0.863406 0.0978998 3.06966 1.58781 
74.0293 0 0 0 0 0 0 -0.0394543 -0.0175673 0.863775 0.0743363 3.07384 1.58763 
74.0825 0 0 0 0 0 0 -0.0394505 -0.0174948 0.863973 0.0771285 3.07662 1.58868 
74.1379 0 0 0 0 0 0 -0.0395416 -0.017449 0.86397 0.0612582 3.07941 1.58915 
74.1926 0 0 0 0 0 0 -0.0394042 -0.0174652 0.863673 0.072307 3.07802 1.58895 
74.2485 0 0 0 0 0 0 -0.0395585 -0.0174028 0.864445 0.0706067 3.0853 1.58992 
74.3034 0 0 0 0 0 0 -0.0394572 -0.0173431 0.863518 0.0594162 3.07583 1.59022 
74.3588 0 0 0 0 0 0 -0.0394572 -0.0173431 0.863518 0.0594162 3.07583 1.59022 
74.415 0 0 0 0 0 0 -0.0394254 -0.0173304 0.863441 0.0591077 3.07658 1.59012 
74.4707 0 0 0 0 0 0 -0.0394401 -0.0173452 0.863536 0.0546895 3.08237 1.58956 
74.5261 0 0 0 0 0 0 -0.0395397 -0.0173541 0.862675 0.0272577 3.07902 1.58898 
74.582 0 0 0 0 0 0 -0.0395011 -0.017414 0.863733 0.0534346 3.08837 1.58894 
74.637 0 0 0 0 0 0 -0.0394555 -0.0173794 0.86368 0.0584272 3.08429 1.58935 
74.6917 0 0 0 0 0 0 -0.0393572 -0.0174937 0.863547 0.0795842 3.08089 1.58886 
74.7469 0 0 0 0 0 0 -0.0394799 -0.0175298 0.863934 0.0741438 3.07752 1.58832 
74.8014 0 0 0 0 0 0 -0.0395226 -0.0176578 0.863578 0.0627905 3.07702 1.58615 
74.857 0 0 0 0 0 0 -0.0394988 -0.0176899 0.864211 0.096875 3.08013 1.58667 
74.9119 0 0 0 0 0 0 -0.0398313 -0.0181264 0.866917 0.147974 -3.09165 1.57173 
74.9679 0 0 0 0 0 0 -0.040756 -0.0183106 0.864066 -0.0492131 -3.13924 1.57389 
75.0232 0 0 0 0 0 0 -0.0407396 -0.0182829 0.86452 -0.0345725 3.13445 1.57276 
75.0778 0 0 0 0 0 0 -0.0408889 -0.0180086 0.862886 -0.0293109 3.08935 1.56947 
75.1331 0 0 0 0 0 0 -0.0410031 -0.0183297 0.860687 0.0274583 -3.1289 1.56877 
75.1882 0 0 0 0 0 0 -0.0409673 -0.0183595 0.860525 0.029832 -3.12305 1.56822 
75.244 0 0 0 0 0 0 -0.0409338 -0.0183454 0.860455 0.0351701 -3.12253 1.56778 
75.2992 0 0 0 0 0 0 -0.0409338 -0.0183454 0.860455 0.0351701 -3.12253 1.56778 
75.3553 0 0 0 0 0 0 -0.0408631 -0.0178869 0.861692 -0.00851718 3.07494 1.56605 
75.4096 0 0 0 0 0 0 -0.0409844 -0.0179744 0.861128 0.0019623 3.09512 1.56632 
75.4653 0 0 0 0 0 0 -0.0408927 -0.0177731 0.860318 -0.0252831 3.05716 1.56366 
75.5204 0 0 0 0 0 0 -0.0409128 -0.0177726 0.859989 -0.0315073 3.05572 1.5636 
75.5758 0 0 0 0 0 0 -0.0410735 -0.0178412 0.860922 -0.025461 3.06704 1.56103 
75.6311 0 0 0 0 0 0 -0.0408392 -0.0179371 0.861419 0.00705324 3.06275 1.56159 
75.6868 0 0 0 0 0 0 -0.040996 -0.0180841 0.86226 0.012003 3.08566 1.55981 
75.742 0 0 0 0 0 0 -0.0411871 -0.0186263 0.863139 0.0402566 -3.0951 1.55372 
75.7981 0 0 0 0 0 0 -0.0405514 -0.0183437 0.862439 0.0938594 3.1323 1.55769 
75.8532 0 0 0 0 0 0 -0.041209 -0.0185884 0.863335 0.0379018 -3.10249 1.55457 
75.9091 0 0 0 0 0 0 -0.0409656 -0.0178627 0.861162 -0.00955104 3.0589 1.56171 
75.9641 0 0 0 0 0 0 -0.0409307 -0.0176727 0.859312 -0.0307463 3.04319 1.56289 
76.0191 0 0 0 0 0 0 -0.0409123 -0.0177299 0.859684 -0.0259268 3.05194 1.56322 
76.0742 0 0 0 0 0 0 -0.0408944 -0.0177414 0.860293 -0.0203639 3.05435 1.56413 
76.1287 0 0 0 0 0 0 -0.0408613 -0.0177189 0.860735 -0.0352813 3.04873 1.56402 
76.1839 0 0 0 0 0 0 -0.0408353 -0.017797 0.861176 -0.0266428 3.06097 1.56449 
76.2393 0 0 0 0 0 0 -0.0408273 -0.0178016 0.861725 -0.0314723 3.05964 1.56484 
76.2949 0 0 0 0 0 0 -0.0408734 -0.0180704 0.861611 0.0236531 3.10768 1.5673 
76.3496 0 0 0 0 0 0 -0.0409573 -0.0180302 0.861563 0.0110467 3.09812 1.5681 
76.406 0 0 0 0 0 0 -0.0405973 -0.0183106 0.86501 -0.00472774 3.13715 1.571 
76.4606 0 0 0 0 0 0 -0.0406381 -0.0183324 0.864938 -0.0286092 -3.13885 1.5727 
76.5157 0 0 0 0 0 0 -0.0404128 -0.018235 0.866425 0.0229912 3.13747 1.57432 
76.5723 0 0 0 0 0 0 -0.0395177 -0.0176627 0.863824 0.0789443 3.06852 1.58555 
76.6262 0 0 0 0 0 0 -0.0393878 -0.0176338 0.86348 0.0865775 3.07036 1.58665 
76.6812 0 0 0 0 0 0 -0.0394487 -0.0175655 0.863774 0.0781248 3.07628 1.58798 
76.7367 0 0 0 0 0 0 -0.0394799 -0.0175298 0.863934 0.0741438 3.07752 1.58832 
76.7918 0 0 0 0 0 0 -0.0395193 -0.0175067 0.86403 0.0708339 3.08125 1.58875 
76.8467 0 0 0 0 0 0 -0.0394042 -0.0174652 0.863673 0.072307 3.07802 1.58895 
76.9027 0 0 0 0 0 0 -0.0394377 -0.0174529 0.863645 0.0661966 3.07866 1.58898 
76.958 0 0 0 0 0 0 -0.0395194 -0.0174429 0.863497 0.0533331 3.08289 1.58917 
77.0134 0 0 0 0 0 0 -0.0395014 -0.0174249 0.863453 0.0508059 3.07988 1.58896 
77.0691 0 0 0 0 0 0 -0.0395026 -0.0173691 0.863904 0.0599498 3.08155 1.58974 
77.1247 0 0 0 0 0 0 -0.0394711 -0.0173747 0.863751 0.0589136 3.08316 1.5895 
77.1807 0 0 0 0 0 0 -0.0393765 -0.017492 0.863687 0.0722476 3.09461 1.58834 
77.2353 0 0 0 0 0 0 -0.0393526 -0.0175037 0.863721 0.0767276 3.09391 1.58825 
77.2906 0 0 0 0 0 0 -0.0394069 -0.0175096 0.863996 0.0905375 3.07909 1.58911 
77.3455 0 0 0 0 0 0 -0.0399096 -0.0176164 0.869344 0.0892644 3.09236 1.5859 
77.4003 0 0 0 0 0 0 -0.039366 -0.0175367 0.863416 0.0793134 3.07809 1.5883 
77.4551 0 0 0 0 0 0 -0.0393231 -0.0175928 0.863399 0.0999507 3.07159 1.58812 
77.5111 0 0 0 0 0 0 -0.0394959 -0.0177143 0.863592 0.075333 3.07335 1.5855 
77.5663 0 0 0 0 0 0 -0.0406214 -0.0184247 0.864063 0.00758253 -3.10344 1.57661 
77.6218 0 0 0 0 0 0 -0.0406915 -0.0183489 0.864179 -0.040039 -3.13582 1.57428 
77.6769 0 0 0 0 0 0 -0.0407229 -0.0183313 0.863924 -0.0442658 -3.14045 1.57287 
77.7321 0 0 0 0 0 0 -0.0409021 -0.0179781 0.862895 -0.0254021 3.08656 1.56901 
77.7873 0 0 0 0 0 0 -0.0409411 -0.017945 0.862022 -0.0188866 3.07864 1.56769 
77.8424 0 0 0 0 0 0 -0.0409673 -0.0183595 0.860525 0.029832 -3.12305 1.56822 
77.8977 0 0 0 0 0 0 -0.0409049 -0.0182372 0.861268 0.0285974 3.13572 1.56773 
77.9536 0 0 0 0 0 0 -0.0409159 -0.0181356 0.861518 0.0207647 3.11688 1.56777 
78.009 0 0 0 0 0 0 -0.0408734 -0.0180704 0.861611 0.0236531 3.10768 1.5673 
78.064 0 0 0 0 0 0 -0.0408796 -0.0178127 0.861133 -0.027457 3.06121 1.56481 
78.1191 0 0 0 0 0 0 -0.0410639 -0.0182352 0.862075 0.00990181 3.14003 1.56295 
78.1743 0 0 0 0 0 0 -0.040938 -0.0177227 0.859922 -0.0366924 3.04704 1.56356 
78.23 0 0 0 0 0 0 -0.0408603 -0.0179065 0.861355 -0.0035801 3.06596 1.56434 
78.2855 0 0 0 0 0 0 -0.0409123 -0.0177063 0.859679 -0.0297693 3.04774 1.56307 
78.3407 0 0 0 0 0 0 -0.0408412 -0.0178419 0.860551 -0.00860276 3.06299 1.56312 
78.3969 0 0 0 0 0 0 -0.0409608 -0.0179091 0.861322 -0.0113196 3.06928 1.56136 
78.4522 0 0 0 0 0 0 -0.0408698 -0.0179582 0.861173 0.00375748 3.07301 1.56219 
78.5078 0 0 0 0 0 0 -0.0409934 -0.0178774 0.861304 -0.00923405 3.06634 1.56089 
78.5629 0 0 0 0 0 0 -0.0409356 -0.0177857 0.860234 -0.0174652 3.05973 1.56436 
78.6182 0 0 0 0 0 0 -0.0408839 -0.017823 0.860279 -0.0170054 3.06619 1.56385 
78.6734 0 0 0 0 0 0 -0.0408944 -0.0177414 0.860293 -0.0203639 3.05435 1.56413 
78.7275 0 0 0 0 0 0 -0.0408846 -0.0177996 0.860977 -0.0184345 3.06218 1.56517 
78.7834 0 0 0 0 0 0 -0.0409488 -0.0179409 0.86129 0.00551076 3.09142 1.56624 
78.8908 0 0 0 0 0 0 -0.0408748 -0.0177688 0.860923 -0.0252359 3.0569 1.56475 
78.9229 0 0 0 0 0 0 -0.0408111 -0.0178069 0.861659 -0.0317272 3.06087 1.56459 
78.9718 0 0 0 0 0 0 -0.0408955 -0.0179261 0.861608 0.00365899 3.0822 1.56687 
79.0296 0 0 0 0 0 0 -0.0409451 -0.0178623 0.861651 -0.00591208 3.0702 1.56772 
79.0928 0 0 0 0 0 0 -0.0406409 -0.0181639 0.864389 0.00887093 3.11338 1.57013 
79.2237 0 0 0 0 0 0 -0.0406098 -0.0182889 0.864709 -0.0332636 3.13494 1.57126 
79.259 0 0 0 0 0 0 -0.0405415 -0.0180818 0.864105 -0.0409907 3.11673 1.57566 
79.3047 0 0 0 0 0 0 -0.0401585 -0.0178838 0.865267 0.0187238 3.0963 1.57921 
79.3622 0 0 0 0 0 0 -0.0402025 -0.0182587 0.864675 0.0917845 -3.09688 1.57791 
79.425 0 0 0 0 0 0 -0.0394016 -0.0175692 0.863718 0.0860136 3.07439 1.58804 
79.486 0 0 0 0 0 0 -0.0394487 -0.0175655 0.863774 0.0781248 3.07628 1.58798 
79.5418 0 0 0 0 0 0 -0.0400028 -0.0175786 0.869362 0.0757389 3.10201 1.58505 
79.5962 0 0 0 0 0 0 -0.0394235 -0.0174922 0.8641 0.0940904 3.08387 1.5896 
79.652 0 0 0 0 0 0 -0.0394042 -0.0174652 0.863673 0.072307 3.07802 1.58895 
79.7076 0 0 0 0 0 0 -0.0395174 -0.0174231 0.863533 0.0513196 3.07922 1.58907 
79.7658 0 0 0 0 0 0 -0.0395174 -0.0174231 0.863533 0.0513196 3.07922 1.58907 
79.8205 0 0 0 0 0 0 -0.0393938 -0.0174489 0.864215 0.0922459 3.07808 1.58954 
79.8746 0 0 0 0 0 0 -0.0393938 -0.0174489 0.864215 0.0922459 3.07808 1.58954 
79.9294 0 0 0 0 0 0 -0.039428 -0.0174732 0.863523 0.0669185 3.08279 1.58893 
79.9847 0 0 0 0 0 0 -0.0394026 -0.0174791 0.864172 0.095622 3.07845 1.5893 
80.039 0 0 0 0 0 0 -0.0394154 -0.0175143 0.86388 0.0852519 3.07772 1.58879 
80.0945 0 0 0 0 0 0 -0.0394349 -0.0175984 0.863689 0.0851887 3.077 1.58794 
80.1495 0 0 0 0 0 0 -0.0395785 -0.0177524 0.863911 0.0770539 3.08158 1.58555 
80.2056 0 0 0 0 0 0 -0.0406556 -0.0181115 0.864897 -0.0303667 3.12968 1.57647 
80.2611 0 0 0 0 0 0 -0.0407642 -0.0182835 0.863969 -0.04869 -3.13826 1.57459 
80.3158 0 0 0 0 0 0 -0.0407475 -0.0182553 0.864478 -0.0309874 3.12969 1.57249 
80.3714 0 0 0 0 0 0 -0.0410312 -0.018409 0.860884 0.0106458 -3.11551 1.571 
80.4262 0 0 0 0 0 0 -0.0410367 -0.0182974 0.86084 0.0253652 -3.13514 1.56934 
80.4812 0 0 0 0 0 0 -0.0409673 -0.0183595 0.860525 0.029832 -3.12305 1.56822 
80.5369 0 0 0 0 0 0 -0.0409673 -0.0183595 0.860525 0.029832 -3.12305 1.56822 
80.5922 0 0 0 0 0 0 -0.0409338 -0.0183454 0.860455 0.0351701 -3.12253 1.56778 
80.6479 0 0 0 0 0 0 -0.0408943 -0.0180794 0.861634 0.0254022 3.10922 1.5678 
80.7029 0 0 0 0 0 0 -0.0409105 -0.0180028 0.86135 0.018095 3.09673 1.56725 
80.758 0 0 0 0 0 0 -0.0409263 -0.0178269 0.860769 -0.016624 3.06507 1.56537 
80.8133 0 0 0 0 0 0 -0.0409106 -0.0177764 0.860439 -0.0246639 3.05738 1.56457 
80.8688 0 0 0 0 0 0 -0.0409094 -0.0177659 0.860371 -0.0251634 3.05566 1.56388 
80.9241 0 0 0 0 0 0 -0.0409038 -0.0177496 0.860096 -0.0264396 3.05384 1.56351 
80.9793 0 0 0 0 0 0 -0.0409171 -0.017757 0.860175 -0.0236666 3.05484 1.56389 
81.0348 0 0 0 0 0 0 -0.0409319 -0.0177133 0.859798 -0.0267778 3.04851 1.56355 
81.0909 0 0 0 0 0 0 -0.040886 -0.0177801 0.860495 -0.0127417 3.0522 1.56356 
81.146 0 0 0 0 0 0 -0.0409273 -0.0177034 0.859774 -0.0288959 3.04685 1.56338 
81.2014 0 0 0 0 0 0 -0.0409319 -0.0177133 0.859798 -0.0267778 3.04851 1.56355 
81.2567 0 0 0 0 0 0 -0.0409118 -0.0177459 0.860155 -0.0165092 3.0557 1.56435 
81.3119 0 0 0 0 0 0 -0.0409078 -0.0178139 0.86037 -0.0167227 3.06422 1.56422 
81.3663 0 0 0 0 0 0 -0.0411361 -0.0180615 0.861559 -0.00700443 3.13055 1.56459 
81.4213 0 0 0 0 0 0 -0.0410297 -0.0178358 0.861308 -0.00637039 3.07815 1.5661 
81.4769 0 0 0 0 0 0 -0.0408284 -0.0177593 0.861246 -0.035729 3.05396 1.56418 
81.5321 0 0 0 0 0 0 -0.0409033 -0.0180841 0.861511 0.0150107 3.1078 1.56728 
81.5872 0 0 0 0 0 0 -0.0409424 -0.0180101 0.861478 0.00768899 3.09489 1.5676 
81.6423 0 0 0 0 0 0 -0.0407946 -0.017818 0.86235 -0.0441864 3.05722 1.5664 
81.6986 0 0 0 0 0 0 -0.0407774 -0.0180671 0.864041 -0.0231132 3.09509 1.56845 
81.7531 0 0 0 0 0 0 -0.0406359 -0.0182524 0.864765 -0.0378663 3.12824 1.57133 
81.809 0 0 0 0 0 0 -0.0404792 -0.0182623 0.864395 -0.030344 3.13129 1.57303 
81.8639 0 0 0 0 0 0 -0.0403823 -0.0180298 0.864333 -0.023212 3.10934 1.57671 
81.9197 0 0 0 0 0 0 -0.0393683 -0.0176825 0.863216 0.0811602 3.06364 1.5852 
81.9741 0 0 0 0 0 0 -0.0395301 -0.0177484 0.863445 0.0603951 3.07721 1.58448 
82.0292 0 0 0 0 0 0 -0.0394016 -0.0175692 0.863718 0.0860136 3.07439 1.58804 
82.085 0 0 0 0 0 0 -0.0394894 -0.0175449 0.86387 0.0718407 3.07772 1.58813 
82.14 0 0 0 0 0 0 -0.0394102 -0.0175313 0.863421 0.0687864 3.07712 1.588 
82.1954 0 0 0 0 0 0 -0.0394736 -0.0175239 0.863496 0.0609035 3.07823 1.58805 
82.2504 0 0 0 0 0 0 -0.0396522 -0.0173389 0.867246 0.093312 3.06213 1.5892 
82.3058 0 0 0 0 0 0 -0.039374 -0.0175041 0.863322 0.0666308 3.08101 1.58823 
82.3622 0 0 0 0 0 0 -0.0395014 -0.0174249 0.863453 0.0508059 3.07988 1.58896 
82.4178 0 0 0 0 0 0 -0.0395014 -0.0174249 0.863453 0.0508059 3.07988 1.58896 
82.4727 0 0 0 0 0 0 -0.0394846 -0.0174517 0.863256 0.044252 3.08627 1.5882 
82.5281 0 0 0 0 0 0 -0.0394846 -0.0174517 0.863256 0.044252 3.08627 1.5882 
82.5836 0 0 0 0 0 0 -0.0394602 -0.0174595 0.863305 0.0513862 3.0813 1.58824 
82.6393 0 0 0 0 0 0 -0.0394172 -0.0174793 0.863558 0.0662851 3.07837 1.58844 
82.6942 0 0 0 0 0 0 -0.0395359 -0.017502 0.86371 0.0571069 3.07892 1.58832 
82.7493 0 0 0 0 0 0 -0.0394016 -0.0175692 0.863718 0.0860136 3.07439 1.58804 
82.8042 0 0 0 0 0 0 -0.0394103 -0.0175805 0.863656 0.0866779 3.07667 1.58814 
82.8589 0 0 0 0 0 0 -0.0397687 -0.0180593 0.866703 0.15474 -3.09767 1.57133 
82.9148 0 0 0 0 0 0 -0.0399057 -0.0180612 0.866978 0.137799 -3.10561 1.5736 
82.97 0 0 0 0 0 0 -0.0407271 -0.018262 0.863591 -0.0540434 3.13988 1.57481 
83.0252 0 0 0 0 0 0 -0.0407998 -0.0181872 0.864317 -0.0253061 3.11823 1.57152 
83.0805 0 0 0 0 0 0 -0.0408963 -0.017956 0.862772 -0.0205912 3.08305 1.56979 
83.1364 0 0 0 0 0 0 -0.0409322 -0.0179247 0.862856 -0.015782 3.0742 1.5691 
83.1911 0 0 0 0 0 0 -0.0410031 -0.0183297 0.860687 0.0274583 -3.1289 1.56877 
83.2462 0 0 0 0 0 0 -0.0409784 -0.0182244 0.861254 0.0259609 3.13358 1.56876 
83.3014 0 0 0 0 0 0 -0.0408879 -0.0181474 0.861519 0.0309246 3.12166 1.56783 
83.3571 0 0 0 0 0 0 -0.0408596 -0.0179276 0.862024 -0.00245824 3.08088 1.56668 
83.4129 0 0 0 0 0 0 -0.0408405 -0.0179425 0.86199 -0.00192537 3.08363 1.56634 
83.4679 0 0 0 0 0 0 -0.0408904 -0.0178647 0.861255 -0.0175221 3.06997 1.56543 
83.5228 0 0 0 0 0 0 -0.0409428 -0.0180033 0.861109 0.0100057 3.09499 1.56694 
83.5782 0 0 0 0 0 0 -0.0409253 -0.0177677 0.860267 -0.0233032 3.05649 1.56462 
83.634 0 0 0 0 0 0 -0.0409413 -0.0177637 0.860343 -0.0228521 3.05548 1.56488 
83.6891 0 0 0 0 0 0 -0.0409493 -0.017811 0.860358 -0.0241921 3.0611 1.56465 
83.7444 0 0 0 0 0 0 -0.0409728 -0.0177498 0.859827 -0.0274476 3.05227 1.56425 
83.8006 0 0 0 0 0 0 -0.0409325 -0.0178234 0.860415 -0.0126978 3.06573 1.5647 
83.8562 0 0 0 0 0 0 -0.0409386 -0.0177991 0.860263 -0.0150497 3.06201 1.56452 
83.9116 0 0 0 0 0 0 -0.0409442 -0.0177752 0.860107 -0.0173714 3.05836 1.56434 
83.9667 0 0 0 0 0 0 -0.0409053 -0.0177767 0.860592 -0.0144413 3.05948 1.56478 
84.021 0 0 0 0 0 0 -0.040926 -0.0180242 0.861161 0.0133312 3.10645 1.56573 
84.0755 0 0 0 0 0 0 -0.041148 -0.0179762 0.86151 -0.00969199 3.11564 1.56551 
84.1318 0 0 0 0 0 0 -0.0408905 -0.0177548 0.860714 -0.0244859 3.05522 1.56475 
84.1864 0 0 0 0 0 0 -0.0409092 -0.0180024 0.861626 0.0173345 3.09564 1.56767 
84.243 0 0 0 0 0 0 -0.0409092 -0.0180024 0.861626 0.0173345 3.09564 1.56767 
84.3014 0 0 0 0 0 0 -0.0409646 -0.0179885 0.861504 0.00657035 3.09098 1.56797 
84.3572 0 0 0 0 0 0 -0.0408039 -0.0179126 0.862862 -0.0377813 3.07216 1.5666 
84.409 0 0 0 0 0 0 -0.0407442 -0.0180086 0.863653 -0.0261275 3.08617 1.56815 
84.4644 0 0 0 0 0 0 -0.0406431 -0.0183755 0.864425 -0.0333704 -3.13184 1.57247 
84.5193 0 0 0 0 0 0 -0.0406392 -0.0182545 0.864228 -0.0457298 3.13351 1.57253 
84.5779 0 0 0 0 0 0 -0.0406533 -0.0181471 0.864845 -0.0388093 3.12267 1.57456 
84.629 0 0 0 0 0 0 -0.039679 -0.0179888 0.868504 0.154541 -3.11408 1.57089 
84.6842 0 0 0 0 0 0 -0.039459 -0.0176194 0.863606 0.0717461 3.07284 1.58675 
84.739 0 0 0 0 0 0 -0.039411 -0.0175837 0.863663 0.0838022 3.07448 1.58782 
84.794 0 0 0 0 0 0 -0.0394894 -0.0175449 0.86387 0.0718407 3.07772 1.58813 
84.8497 0 0 0 0 0 0 -0.0394487 -0.0175655 0.863774 0.0781248 3.07628 1.58798 
84.9047 0 0 0 0 0 0 -0.0394672 -0.0175004 0.864071 0.077683 3.0772 1.58865 
84.9602 0 0 0 0 0 0 -0.0394494 -0.0174703 0.863928 0.0744666 3.07794 1.58909 
85.0162 0 0 0 0 0 0 -0.0393901 -0.0174679 0.863604 0.0715716 3.07883 1.58882 
85.071 0 0 0 0 0 0 -0.0393901 -0.0174679 0.863604 0.0715716 3.07883 1.58882 
85.1267 0 0 0 0 0 0 -0.0393827 -0.0174648 0.864118 0.0905915 3.07593 1.58927 
85.1822 0 0 0 0 0 0 -0.0394042 -0.0174652 0.863673 0.072307 3.07802 1.58895 
85.238 0 0 0 0 0 0 -0.0394038 -0.017465 0.863673 0.0724027 3.07802 1.58896 
85.2931 0 0 0 0 0 0 -0.0394254 -0.0174949 0.863482 0.064126 3.07861 1.58825 
85.3483 0 0 0 0 0 0 -0.0393225 -0.0175423 0.863366 0.0838082 3.07376 1.58806 
85.4028 0 0 0 0 0 0 -0.0393471 -0.0175563 0.863688 0.0955157 3.07215 1.58827 
85.4583 0 0 0 0 0 0 -0.0394433 -0.0177 0.863295 0.0741508 3.07199 1.58556 
85.5138 0 0 0 0 0 0 -0.0401066 -0.0181475 0.866185 0.0772701 3.13946 1.57743 
85.5689 0 0 0 0 0 0 -0.0403344 -0.0182494 0.865806 0.053216 -3.12716 1.57647 
85.6236 0 0 0 0 0 0 -0.0407328 -0.018321 0.864504 -0.038821 3.14128 1.57317 
85.6793 0 0 0 0 0 0 -0.040709 -0.0183054 0.864516 -0.0342144 3.13847 1.57257 
85.7342 0 0 0 0 0 0 -0.0408882 -0.0180617 0.863276 -0.0285033 3.09725 1.57021 
85.7891 0 0 0 0 0 0 -0.0410031 -0.0183297 0.860687 0.0274583 -3.1289 1.56877 
85.8444 0 0 0 0 0 0 -0.0410031 -0.0183297 0.860687 0.0274583 -3.1289 1.56877 
85.8999 0 0 0 0 0 0 -0.0409445 -0.0182204 0.861269 0.026832 3.13279 1.56825 
85.956 0 0 0 0 0 0 -0.0409228 -0.0180981 0.861548 0.0171058 3.11015 1.56775 
86.011 0 0 0 0 0 0 -0.0409455 -0.0181075 0.86157 0.0185422 3.11173 1.56823 
86.0664 0 0 0 0 0 0 -0.0408527 -0.0178339 0.861651 -0.0204725 3.06568 1.56546 
86.1217 0 0 0 0 0 0 -0.0408636 -0.017804 0.861219 -0.0319261 3.05932 1.56455 
86.1772 0 0 0 0 0 0 -0.0409291 -0.0179808 0.861006 0.00631027 3.09141 1.56642 
86.2326 0 0 0 0 0 0 -0.0408808 -0.0180678 0.861322 0.0201441 3.10285 1.56628 
86.2871 0 0 0 0 0 0 -0.0409743 -0.0180193 0.860865 -0.000276428 3.09868 1.56589 
86.3429 0 0 0 0 0 0 -0.0409273 -0.0177747 0.860112 -0.0304261 3.05561 1.56394 
86.3986 0 0 0 0 0 0 -0.0409307 -0.0178258 0.860352 -0.0235774 3.06376 1.56448 
86.4543 0 0 0 0 0 0 -0.0409373 -0.0177915 0.860124 -0.0266839 3.05854 1.5642 
86.5098 0 0 0 0 0 0 -0.0409336 -0.0177761 0.86007 -0.0291765 3.05602 1.56401 
86.5657 0 0 0 0 0 0 -0.0409053 -0.0177767 0.860592 -0.0144413 3.05948 1.56478 
86.6206 0 0 0 0 0 0 -0.0409291 -0.0179808 0.861006 0.00631027 3.09141 1.56642 
86.675 0 0 0 0 0 0 -0.041196 -0.0179387 0.861285 -0.0231506 3.11202 1.56437 
86.7303 0 0 0 0 0 0 -0.0408942 -0.0177646 0.860731 -0.0222885 3.0569 1.56489 
86.7852 0 0 0 0 0 0 -0.0408542 -0.0177875 0.861425 -0.0280939 3.05828 1.56495 
86.8407 0 0 0 0 0 0 -0.0409092 -0.0180024 0.861626 0.0173345 3.09564 1.56767 
86.8952 0 0 0 0 0 0 -0.0408847 -0.0180277 0.861598 0.0188558 3.10019 1.56725 
86.9507 0 0 0 0 0 0 -0.0409145 -0.0179107 0.861723 -0.0120168 3.07639 1.56691 
87.006 0 0 0 0 0 0 -0.0408585 -0.0179588 0.862403 -0.0149778 3.08234 1.56695 
87.0608 0 0 0 0 0 0 -0.0406437 -0.0181264 0.86442 -0.03961 3.1072 1.56986 
87.1165 0 0 0 0 0 0 -0.0405743 -0.0182212 0.864784 -0.0404441 3.12263 1.57109 
87.1715 0 0 0 0 0 0 -0.0402642 -0.018267 0.866421 0.0602467 3.14029 1.5729 
87.2268 0 0 0 0 0 0 -0.0403232 -0.0182078 0.866552 0.0373808 3.13489 1.57471 
87.2818 0 0 0 0 0 0 -0.0402291 -0.0182528 0.864701 0.093359 -3.10102 1.57681 
87.3372 0 0 0 0 0 0 -0.0395621 -0.0176722 0.863671 0.0571179 3.07917 1.5857 
87.3918 0 0 0 0 0 0 -0.0393956 -0.0175548 0.863782 0.0876882 3.07432 1.58821 
87.4468 0 0 0 0 0 0 -0.0394407 -0.0175505 0.863836 0.0801588 3.07611 1.58817 
87.5026 0 0 0 0 0 0 -0.0394407 -0.0175505 0.863836 0.0801588 3.07611 1.58817 
87.5579 0 0 0 0 0 0 -0.0394894 -0.0175449 0.86387 0.0718407 3.07772 1.58813 
87.6136 0 0 0 0 0 0 -0.0394628 -0.0175244 0.863835 0.0736488 3.07696 1.58835 
87.6685 0 0 0 0 0 0 -0.0394347 -0.017491 0.863881 0.0765057 3.0763 1.58868 
87.7245 0 0 0 0 0 0 -0.0394245 -0.0175036 0.863724 0.0742501 3.07644 1.58848 
87.7803 0 0 0 0 0 0 -0.0394328 -0.0174768 0.863628 0.0667674 3.07756 1.58854 
87.8353 0 0 0 0 0 0 -0.0394328 -0.0174768 0.863628 0.0667674 3.07756 1.58854 
87.8907 0 0 0 0 0 0 -0.0393768 -0.0174892 0.863564 0.0734239 3.07728 1.58839 
87.9463 0 0 0 0 0 0 -0.0394085 -0.0175416 0.863649 0.0789596 3.07528 1.58819 
88.0013 0 0 0 0 0 0 -0.0394241 -0.0175452 0.863739 0.0796163 3.07555 1.58819 
88.0558 0 0 0 0 0 0 -0.0394016 -0.0175692 0.863718 0.0860136 3.07439 1.58804 
88.1118 0 0 0 0 0 0 -0.0397869 -0.0178924 0.86391 0.03196 3.09791 1.58286 
88.1667 0 0 0 0 0 0 -0.0401267 -0.0180193 0.864519 0.00165178 3.11752 1.58015 
88.2211 0 0 0 0 0 0 -0.0407514 -0.0182689 0.863653 -0.0548403 3.1409 1.57453 
88.2771 0 0 0 0 0 0 -0.0407607 -0.0182845 0.864103 -0.047116 3.13917 1.57358 
88.3322 0 0 0 0 0 0 -0.0407208 -0.0182215 0.864195 -0.0200295 3.1248 1.57139 
88.3869 0 0 0 0 0 0 -0.0409337 -0.0179024 0.862116 -0.0305824 3.07343 1.56882 
88.443 0 0 0 0 0 0 -0.0408574 -0.0178998 0.862232 -0.0216247 3.06974 1.56849 
88.4977 0 0 0 0 0 0 -0.0409673 -0.0183595 0.860525 0.029832 -3.12305 1.56822 
88.5531 0 0 0 0 0 0 -0.040942 -0.0182322 0.86126 0.0272243 3.1349 1.56825 
88.6085 0 0 0 0 0 0 -0.0409414 -0.0181444 0.861528 0.0215898 3.1184 1.56826 
88.6636 0 0 0 0 0 0 -0.0408879 -0.0181474 0.861519 0.0309246 3.12166 1.56783 
88.7192 0 0 0 0 0 0 -0.0408583 -0.018146 0.861521 0.0309248 3.12137 1.56731 
88.7746 0 0 0 0 0 0 -0.0408914 -0.0178042 0.8614 -0.0189105 3.06135 1.56575 
88.8297 0 0 0 0 0 0 -0.0408262 -0.0182073 0.861819 0.0578365 3.1205 1.56669 
88.8851 0 0 0 0 0 0 -0.0408833 -0.0180316 0.861331 0.0201797 3.10185 1.56682 
88.9408 0 0 0 0 0 0 -0.0408802 -0.0178678 0.861224 -0.0074581 3.07333 1.56575 
88.9963 0 0 0 0 0 0 -0.040959 -0.0179849 0.861132 0.0093572 3.09167 1.56726 
89.0512 0 0 0 0 0 0 -0.0409727 -0.018186 0.860814 0.0207671 3.13098 1.56694 
89.1073 0 0 0 0 0 0 -0.0409248 -0.0178084 0.860706 -0.0195692 3.06202 1.56518 
89.1631 0 0 0 0 0 0 -0.0409116 -0.0178245 0.86065 -0.0176588 3.06512 1.56506 
89.2179 0 0 0 0 0 0 -0.041006 -0.0179271 0.861448 0.00443849 3.09108 1.56684 
89.2726 0 0 0 0 0 0 -0.0411924 -0.0179958 0.861458 -0.0153245 3.12465 1.56508 
89.3283 0 0 0 0 0 0 -0.040947 -0.0179374 0.861293 0.00847551 3.08808 1.56688 
89.3835 0 0 0 0 0 0 -0.0408714 -0.0177895 0.861287 -0.0242719 3.05917 1.56514 
89.4385 0 0 0 0 0 0 -0.0408194 -0.0178195 0.861653 -0.0278709 3.06312 1.56481 
89.4935 0 0 0 0 0 0 -0.0408572 -0.0177185 0.860976 -0.0379757 3.04771 1.56411 
89.5485 0 0 0 0 0 0 -0.0409386 -0.0178701 0.861371 -0.0139838 3.07054 1.56674 
89.6045 0 0 0 0 0 0 -0.0408965 -0.0178714 0.86178 -0.0217491 3.06921 1.56642 
89.6594 0 0 0 0 0 0 -0.0407609 -0.0178735 0.862928 -0.0439772 3.0649 1.56676 
89.7144 0 0 0 0 0 0 -0.0406359 -0.0182524 0.864765 -0.0378663 3.12824 1.57133 
89.77 0 0 0 0 0 0 -0.0406009 -0.0182922 0.864335 -0.0485489 3.1344 1.57141 
89.8249 0 0 0 0 0 0 -0.0404208 -0.0182287 0.866146 0.0142744 3.13742 1.57427 
89.8805 0 0 0 0 0 0 -0.0401556 -0.0182002 0.866563 0.0667098 3.13626 1.57466 
89.9355 0 0 0 0 0 0 -0.0399834 -0.0180196 0.864963 0.0171857 3.11328 1.57963 
89.9909 0 0 0 0 0 0 -0.0398236 -0.0178486 0.864685 0.100266 3.11471 1.58471 
90.0463 0 0 0 0 0 0 -0.0394348 -0.017622 0.863638 0.0796413 3.07313 1.58672 
90.1013 0 0 0 0 0 0 -0.0394592 -0.0175914 0.863802 0.0769074 3.07526 1.58722 
90.1566 0 0 0 0 0 0 -0.0394487 -0.0175655 0.863774 0.0781248 3.07628 1.58798 
90.2118 0 0 0 0 0 0 -0.039765 -0.0176561 0.868971 0.118308 3.11352 1.58207 
90.2672 0 0 0 0 0 0 -0.0396635 -0.0175009 0.868112 0.117714 3.09222 1.58477 
90.3225 0 0 0 0 0 0 -0.0393335 -0.0175297 0.863345 0.0764461 3.07711 1.58793 
90.3788 0 0 0 0 0 0 -0.0393561 -0.0175125 0.863362 0.07002 3.07946 1.58793 
90.4336 0 0 0 0 0 0 -0.0393886 -0.0175191 0.863421 0.0700106 3.07769 1.58806 
90.4891 0 0 0 0 0 0 -0.0393458 -0.0175262 0.863408 0.0774377 3.07624 1.58807 
90.5447 0 0 0 0 0 0 -0.0393937 -0.0175396 0.863565 0.0781991 3.07527 1.58814 
90.6001 0 0 0 0 0 0 -0.0394162 -0.0175567 0.863585 0.0769781 3.07548 1.58799 
90.6545 0 0 0 0 0 0 -0.0394308 -0.0175705 0.863475 0.070663 3.07564 1.58751 
90.7096 0 0 0 0 0 0 -0.0393392 -0.0176103 0.863387 0.0940188 3.06928 1.58743 
90.7655 0 0 0 0 0 0 -0.0396375 -0.0178266 0.864102 0.0625993 3.08299 1.58346 
90.8217 0 0 0 0 0 0 -0.0404244 -0.0182776 0.865553 0.0379205 -3.12399 1.5766 
90.8797 0 0 0 0 0 0 -0.0407227 -0.0182511 0.863209 -0.061561 3.13678 1.57456 
90.9351 0 0 0 0 0 0 -0.0407348 -0.0182928 0.864091 -0.0449985 3.14074 1.57326 
90.9901 0 0 0 0 0 0 -0.040922 -0.0184272 0.861995 0.0043195 -3.1167 1.57255 
91.0391 0 0 0 0 0 0 -0.04098 -0.0178742 0.86227 -0.026471 3.07039 1.56918 
91.0904 0 0 0 0 0 0 -0.0410667 -0.0182656 0.860978 0.0237957 -3.14124 1.56989 
91.1454 0 0 0 0 0 0 -0.0410031 -0.0183297 0.860687 0.0274583 -3.1289 1.56877 
91.2013 0 0 0 0 0 0 -0.0409673 -0.0183595 0.860525 0.029832 -3.12305 1.56822 
91.2568 0 0 0 0 0 0 -0.0409414 -0.0181444 0.861528 0.0215898 3.1184 1.56826 
91.3162 0 0 0 0 0 0 -0.040941 -0.0182015 0.861367 0.0256295 3.12909 1.56826 
91.3716 0 0 0 0 0 0 -0.0409507 -0.0180701 0.861584 0.0150599 3.10507 1.56818 
91.427 0 0 0 0 0 0 -0.0408969 -0.0178835 0.861248 -0.0133526 3.07334 1.56565 
91.4822 0 0 0 0 0 0 -0.0409261 -0.0182082 0.860936 0.0355351 3.13458 1.56777 
91.5378 0 0 0 0 0 0 -0.0409371 -0.018042 0.861139 0.0139111 3.10172 1.56703 
91.5936 0 0 0 0 0 0 -0.0408887 -0.0180894 0.861492 0.0336391 3.10881 1.56752 
91.6484 0 0 0 0 0 0 -0.0409261 -0.0182082 0.860936 0.0355351 3.13458 1.56777 
91.7045 0 0 0 0 0 0 -0.0409639 -0.018006 0.861141 0.0118096 3.09536 1.56738 
91.7594 0 0 0 0 0 0 -0.0409743 -0.0182253 0.860692 0.0220813 3.13836 1.56694 
91.8155 0 0 0 0 0 0 -0.0409085 -0.0179239 0.86121 -0.00501077 3.08066 1.56603 
91.8701 0 0 0 0 0 0 -0.040988 -0.0183117 0.860317 0.0269956 -3.13076 1.56764 
91.9266 0 0 0 0 0 0 -0.0409319 -0.0178289 0.860722 -0.0153245 3.06561 1.56544 
91.9815 0 0 0 0 0 0 -0.0408684 -0.0178986 0.861395 -0.00387404 3.07814 1.5659 
92.0362 0 0 0 0 0 0 -0.0408647 -0.0178826 0.861668 -0.00902302 3.07427 1.56603 
92.091 0 0 0 0 0 0 -0.0408697 -0.0178873 0.861868 -0.0082868 3.07432 1.56641 
92.1461 0 0 0 0 0 0 -0.0409323 -0.0180553 0.861534 0.0126545 3.10264 1.5677 
92.2015 0 0 0 0 0 0 -0.0409646 -0.0179885 0.861504 0.00657035 3.09098 1.56797 
92.2562 0 0 0 0 0 0 -0.0409093 -0.0180894 0.862027 0.0128675 3.10682 1.56817 
92.3123 0 0 0 0 0 0 -0.0408202 -0.0180951 0.862908 0.0166663 3.10668 1.56852 
92.3669 0 0 0 0 0 0 -0.0408992 -0.0184746 0.86185 -0.0029347 -3.10742 1.5714 
92.4225 0 0 0 0 0 0 -0.0406554 -0.0182697 0.864806 -0.0411822 3.13111 1.57189 
92.4773 0 0 0 0 0 0 -0.0406554 -0.0182452 0.863327 -0.0617571 3.13544 1.57378 
92.533 0 0 0 0 0 0 -0.0405669 -0.0181538 0.864623 -0.0352691 3.12479 1.5742 
92.5878 0 0 0 0 0 0 -0.0395684 -0.0180482 0.867178 0.169111 -3.10471 1.56948 
92.6438 0 0 0 0 0 0 -0.0396837 -0.0178075 0.864347 0.0509491 3.08398 1.58308 
92.6984 0 0 0 0 0 0 -0.0393719 -0.0175864 0.863606 0.0873814 3.06963 1.5874 
92.754 0 0 0 0 0 0 -0.0394016 -0.0175692 0.863718 0.0860136 3.07439 1.58804 
92.8095 0 0 0 0 0 0 -0.0394607 -0.0175808 0.863719 0.0754574 3.0765 1.58775 
92.8642 0 0 0 0 0 0 -0.0394332 -0.017536 0.863899 0.0820787 3.07601 1.58835 
92.9196 0 0 0 0 0 0 -0.0394014 -0.0175269 0.863713 0.0808322 3.07515 1.58837 
92.9758 0 0 0 0 0 0 -0.0393866 -0.0175249 0.86363 0.0800632 3.07512 1.58833 
93.0311 0 0 0 0 0 0 -0.0393937 -0.0175396 0.863565 0.0781991 3.07527 1.58814 
93.0864 0 0 0 0 0 0 -0.0398786 -0.0177301 0.86962 0.108497 3.13137 1.58052 
93.1419 0 0 0 0 0 0 -0.0394085 -0.0175416 0.863649 0.0789596 3.07528 1.58819 
93.1976 0 0 0 0 0 0 -0.0393865 -0.0175529 0.863417 0.075493 3.07549 1.58791 
93.2525 0 0 0 0 0 0 -0.0393702 -0.0175605 0.863536 0.0847073 3.07358 1.58805 
93.3079 0 0 0 0 0 0 -0.0393271 -0.0175822 0.863504 0.0973135 3.06925 1.58783 
93.3631 0 0 0 0 0 0 -0.0393392 -0.0176103 0.863387 0.0940188 3.06928 1.58743 
93.418 0 0 0 0 0 0 -0.0400625 -0.0181494 0.866366 0.0838468 3.13079 1.57607 
93.473 0 0 0 0 0 0 -0.0405774 -0.0181842 0.865694 -0.00940175 3.134 1.57564 
93.528 0 0 0 0 0 0 -0.0407098 -0.0183246 0.863977 -0.0500366 3.14127 1.57361 
93.583 0 0 0 0 0 0 -0.0396186 -0.0180927 0.866184 0.163007 -3.11362 1.57167 
93.639 0 0 0 0 0 0 -0.0407176 -0.0182483 0.864513 -0.0305449 3.12835 1.57202 
93.6956 0 0 0 0 0 0 -0.0408543 -0.0180555 0.86351 -0.025062 3.09797 1.56942 
93.7533 0 0 0 0 0 0 -0.0409696 -0.0181153 0.861586 0.0196608 3.11307 1.56872 
93.8059 0 0 0 0 0 0 -0.0409696 -0.0181153 0.861586 0.0196608 3.11307 1.56872 
93.861 0 0 0 0 0 0 -0.0409414 -0.0181444 0.861528 0.0215898 3.1184 1.56826 
93.9153 0 0 0 0 0 0 -0.0409507 -0.0180701 0.861584 0.0150599 3.10507 1.56818 
93.9704 0 0 0 0 0 0 -0.0409573 -0.0180302 0.861563 0.0110467 3.09812 1.5681 
94.0255 0 0 0 0 0 0 -0.0409008 -0.0180422 0.861648 0.0216968 3.10258 1.56775 
94.0814 0 0 0 0 0 0 -0.0408542 -0.0177875 0.861425 -0.0280939 3.05828 1.56495 
94.1367 0 0 0 0 0 0 -0.0409105 -0.0180028 0.86135 0.018095 3.09673 1.56725 
94.1922 0 0 0 0 0 0 -0.0408833 -0.0180316 0.861331 0.0201797 3.10185 1.56682 
94.2475 0 0 0 0 0 0 -0.0410883 -0.0181031 0.861186 0.00629396 3.1285 1.56665 
94.3032 0 0 0 0 0 0 -0.0408833 -0.0180316 0.861331 0.0201797 3.10185 1.56682 
94.3583 0 0 0 0 0 0 -0.0408833 -0.0180316 0.861331 0.0201797 3.10185 1.56682 
94.4143 0 0 0 0 0 0 -0.0409105 -0.0180028 0.86135 0.018095 3.09673 1.56725 
94.4696 0 0 0 0 0 0 -0.0409138 -0.0180082 0.861345 0.0148621 3.10038 1.5666 
94.5245 0 0 0 0 0 0 -0.0411583 -0.0180567 0.861869 -0.00581618 3.12853 1.56445 
94.5796 0 0 0 0 0 0 -0.041154 -0.0179372 0.861608 -0.0126651 3.11107 1.56522 
94.6389 0 0 0 0 0 0 -0.0408847 -0.0178763 0.861442 -0.00646865 3.074 1.56611 
94.6927 0 0 0 0 0 0 -0.0408501 -0.0178237 0.861635 -0.0228303 3.06393 1.56532 
94.7499 0 0 0 0 0 0 -0.0408501 -0.0178237 0.861635 -0.0228303 3.06393 1.56532 
94.8003 0 0 0 0 0 0 -0.0408454 -0.0178262 0.861922 -0.0250237 3.06327 1.56555 
94.8555 0 0 0 0 0 0 -0.0409575 -0.0178704 0.861423 -0.0116166 3.07036 1.56717 
94.9124 0 0 0 0 0 0 -0.0408752 -0.017754 0.86131 -0.0531641 3.05283 1.56573 
94.9687 0 0 0 0 0 0 -0.0407393 -0.0180236 0.863734 -0.0245356 3.08854 1.56826 
95.0257 0 0 0 0 0 0 -0.0406477 -0.0182634 0.864646 -0.0327409 3.13061 1.57139 
95.0778 0 0 0 0 0 0 -0.0406029 -0.0183143 0.864726 -0.0345227 3.13939 1.57152 
95.1315 0 0 0 0 0 0 -0.0406391 -0.0183105 0.864588 -0.0374828 3.13914 1.57266 
95.1917 0 0 0 0 0 0 -0.0405034 -0.0180948 0.865078 -0.0218954 3.11516 1.57581 
95.2424 0 0 0 0 0 0 -0.0402825 -0.0180784 0.865057 -0.0103245 3.12036 1.57822 
95.2972 0 0 0 0 0 0 -0.039577 -0.0180021 0.867617 0.16552 -3.11185 1.57048 
95.3573 0 0 0 0 0 0 -0.0393632 -0.0176061 0.863625 0.0972105 3.0703 1.5876 
95.4082 0 0 0 0 0 0 -0.0394132 -0.0176518 0.863473 0.0818579 3.07088 1.58622 
95.4649 0 0 0 0 0 0 -0.0394016 -0.0175692 0.863718 0.0860136 3.07439 1.58804 
95.5187 0 0 0 0 0 0 -0.0394487 -0.0175631 0.863776 0.0809604 3.07861 1.58827 
95.5739 0 0 0 0 0 0 -0.039411 -0.0175837 0.863663 0.0838022 3.07448 1.58782 
95.6341 0 0 0 0 0 0 -0.0394436 -0.0175756 0.86362 0.0749973 3.07597 1.58777 
95.6897 0 0 0 0 0 0 -0.0394162 -0.0175567 0.863585 0.0769781 3.07548 1.58799 
95.742 0 0 0 0 0 0 -0.0394436 -0.0175756 0.86362 0.0749973 3.07597 1.58777 
95.797 0 0 0 0 0 0 -0.0394487 -0.0175655 0.863774 0.0781248 3.07628 1.58798 
95.8523 0 0 0 0 0 0 -0.0394016 -0.0175692 0.863718 0.0860136 3.07439 1.58804 
95.9087 0 0 0 0 0 0 -0.039411 -0.0175837 0.863663 0.0838022 3.07448 1.58782 
95.9618 0 0 0 0 0 0 -0.0393318 -0.0175962 0.863441 0.0958837 3.06926 1.58765 
96.0201 0 0 0 0 0 0 -0.0401405 -0.0182433 0.864858 0.101813 -3.10035 1.57708 
96.0722 0 0 0 0 0 0 -0.040315 -0.0180072 0.864036 -0.016486 3.11197 1.57815 
96.1272 0 0 0 0 0 0 -0.0407006 -0.0182722 0.864052 -0.0482773 3.13713 1.57423 
96.1824 0 0 0 0 0 0 -0.0397227 -0.018024 0.866903 0.155888 -3.10969 1.57172 
96.2379 0 0 0 0 0 0 -0.0407353 -0.0182903 0.864547 -0.0362884 3.13566 1.57284 
96.2935 0 0 0 0 0 0 -0.040732 -0.01822 0.864383 -0.0261647 3.12381 1.57178 
96.3528 0 0 0 0 0 0 -0.0408476 -0.0179471 0.863157 -0.0171642 3.07706 1.56918 
96.408 0 0 0 0 0 0 -0.040921 -0.0179036 0.862678 -0.0205335 3.07115 1.56849 
96.4585 0 0 0 0 0 0 -0.0409673 -0.0183595 0.860525 0.029832 -3.12305 1.56822 
96.5136 0 0 0 0 0 0 -0.0409547 -0.0183049 0.860869 0.0296425 -3.13398 1.56822 
96.5722 0 0 0 0 0 0 -0.0409437 -0.0182244 0.861266 0.0269688 3.1335 1.56825 
96.6242 0 0 0 0 0 0 -0.0409414 -0.0181444 0.861528 0.0215898 3.1184 1.56826 
96.6805 0 0 0 0 0 0 -0.0408314 -0.0179372 0.862095 -0.0047785 3.08232 1.56626 
96.7355 0 0 0 0 0 0 -0.0408795 -0.0178252 0.861598 -0.0177469 3.06433 1.56587 
96.7911 0 0 0 0 0 0 -0.0409008 -0.0180422 0.861648 0.0216968 3.10258 1.56775 
96.846 0 0 0 0 0 0 -0.0409991 -0.0180252 0.861083 0.0103909 3.10162 1.56718 
96.9012 0 0 0 0 0 0 -0.0410566 -0.0180948 0.861241 0.0149531 3.12147 1.5676 
96.9577 0 0 0 0 0 0 -0.0408953 -0.0178636 0.861306 -0.00684716 3.07227 1.56608 
97.017 0 0 0 0 0 0 -0.0410597 -0.0181124 0.86118 0.0113219 3.12747 1.56691 
97.0727 0 0 0 0 0 0 -0.0410349 -0.0181645 0.861047 0.017237 3.13449 1.56716 
97.1229 0 0 0 0 0 0 -0.0410376 -0.0181236 0.861141 0.0149067 3.12693 1.5671 
97.1796 0 0 0 0 0 0 -0.0408886 -0.0177914 0.86114 -0.0205446 3.06008 1.56533 
97.2339 0 0 0 0 0 0 -0.0408747 -0.0178548 0.861502 -0.0122415 3.06997 1.56585 
97.2886 0 0 0 0 0 0 -0.0411274 -0.0179549 0.861524 -0.00331937 3.10644 1.56641 
97.3491 0 0 0 0 0 0 -0.0408648 -0.0178174 0.861706 -0.0222612 3.06253 1.56564 
97.3989 0 0 0 0 0 0 -0.0409008 -0.0180422 0.861648 0.0216968 3.10258 1.56775 
97.4542 0 0 0 0 0 0 -0.0408739 -0.0177854 0.86152 -0.0388675 3.05488 1.56524 
97.5096 0 0 0 0 0 0 -0.0409586 -0.0180065 0.861566 0.00817736 3.09392 1.56803 
97.5644 0 0 0 0 0 0 -0.0408794 -0.0181831 0.862488 0.0167003 3.12167 1.56881 
97.6202 0 0 0 0 0 0 -0.0407194 -0.0182133 0.864565 -0.00796271 3.11903 1.56932 
97.6752 0 0 0 0 0 0 -0.040652 -0.0181984 0.864643 -0.0364924 3.1191 1.57083 
97.7328 0 0 0 0 0 0 -0.0406706 -0.0182426 0.864704 -0.0366755 3.12667 1.57161 
97.7859 0 0 0 0 0 0 -0.0400038 -0.018237 0.866338 0.09476 3.14077 1.5736 
97.8412 0 0 0 0 0 0 -0.0395396 -0.0180174 0.867081 0.167796 -3.11739 1.57051 
97.8963 0 0 0 0 0 0 -0.0395513 -0.0180871 0.867205 0.169654 -3.10307 1.56946 
97.9518 0 0 0 0 0 0 -0.0398036 -0.0179661 0.865473 0.113911 3.12082 1.58013 
98.007 0 0 0 0 0 0 -0.0393086 -0.0176486 0.863088 0.096691 3.06631 1.5869 
98.0627 0 0 0 0 0 0 -0.0394213 -0.0175989 0.863609 0.0814472 3.07465 1.5876 
98.122 0 0 0 0 0 0 -0.0394213 -0.0175989 0.863609 0.0814472 3.07465 1.5876 
98.1732 0 0 0 0 0 0 -0.0394607 -0.0175808 0.863719 0.0754574 3.0765 1.58775 
98.2334 0 0 0 0 0 0 -0.0394319 -0.0175602 0.863676 0.0776153 3.07574 1.588 
98.2893 0 0 0 0 0 0 -0.0393702 -0.0175605 0.863536 0.0847073 3.07358 1.58805 
98.3448 0 0 0 0 0 0 -0.0393417 -0.0175569 0.863375 0.0830768 3.0736 1.58796 
98.3996 0 0 0 0 0 0 -0.0394016 -0.0175692 0.863718 0.0860136 3.07439 1.58804 
98.4495 0 0 0 0 0 0 -0.0394319 -0.0175602 0.863676 0.0776153 3.07574 1.588 
98.5007 0 0 0 0 0 0 -0.0394016 -0.0175692 0.863718 0.0860136 3.07439 1.58804 
98.5602 0 0 0 0 0 0 -0.039411 -0.0175837 0.863663 0.0838022 3.07448 1.58782 
98.6118 0 0 0 0 0 0 -0.0397414 -0.0181061 0.867143 0.154821 -3.09625 1.57116 
98.6657 0 0 0 0 0 0 -0.0399416 -0.0179691 0.865932 0.0901891 3.11425 1.57959 
98.7237 0 0 0 0 0 0 -0.0404211 -0.0184028 0.864621 0.0528777 -3.09567 1.57664 
98.7763 0 0 0 0 0 0 -0.0407255 -0.01828 0.864109 -0.0492234 3.13833 1.57394 
98.8315 0 0 0 0 0 0 -0.0407303 -0.0183468 0.864451 -0.0414398 -3.13713 1.57347 
98.888 0 0 0 0 0 0 -0.040703 -0.0183324 0.864907 -0.0248152 3.13889 1.57248 
98.9415 0 0 0 0 0 0 -0.0408047 -0.0181599 0.863948 -0.0186373 3.1094 1.56992 
99.0056 0 0 0 0 0 0 -0.040935 -0.01787 0.86263 -0.0238643 3.06533 1.56853 
99.059 0 0 0 0 0 0 -0.0410367 -0.0182974 0.86084 0.0253652 -3.13514 1.56934 
99.1147 0 0 0 0 0 0 -0.0410758 -0.0182882 0.860847 0.0185467 -3.13401 1.56913 
99.1659 0 0 0 0 0 0 -0.0410031 -0.0183297 0.860687 0.0274583 -3.1289 1.56877 
99.2241 0 0 0 0 0 0 -0.0409455 -0.0181075 0.86157 0.0185422 3.11173 1.56823 
99.2817 0 0 0 0 0 0 -0.0409455 -0.0181075 0.86157 0.0185422 3.11173 1.56823 
99.3326 0 0 0 0 0 0 -0.040847 -0.0178842 0.861859 -0.0122691 3.07382 1.56591 
99.3878 0 0 0 0 0 0 -0.0409003 -0.0178495 0.861461 -0.00920211 3.06918 1.5663 
99.4449 0 0 0 0 0 0 -0.0408976 -0.017857 0.861268 -0.00759801 3.07125 1.56604 
99.5035 0 0 0 0 0 0 -0.0408807 -0.0178711 0.861476 -0.00814615 3.07295 1.56604 
99.5588 0 0 0 0 0 0 -0.0408865 -0.0179179 0.861461 0.00140098 3.0813 1.56641 
99.6126 0 0 0 0 0 0 -0.0408865 -0.0179179 0.861461 0.00140098 3.0813 1.56641 
99.6653 0 0 0 0 0 0 -0.040871 -0.0179403 0.861637 0.00299849 3.08459 1.56648 
99.7213 0 0 0 0 0 0 -0.0411088 -0.0182601 0.860548 0.00792617 -3.12464 1.56688 
99.7758 0 0 0 0 0 0 -0.0411138 -0.0182403 0.860691 0.0107908 -3.13132 1.56751 
99.8358 0 0 0 0 0 0 -0.0409134 -0.0179101 0.861642 0.00333887 3.07923 1.56722 
99.8917 0 0 0 0 0 0 -0.0409038 -0.0178729 0.861471 -0.004375 3.07329 1.56653 
99.9411 0 0 0 0 0 0 -0.040867 -0.0178433 0.861546 -0.0158518 3.06776 1.56568 
99.9966 0 0 0 0 0 0 -0.0408943 -0.0180794 0.861634 0.0254022 3.10922 1.5678 
100.056 0 0 0 0 0 0 -0.0408943 -0.0180794 0.861634 0.0254022 3.10922 1.5678 
100.109 0 0 0 0 0 0 -0.0409573 -0.0180302 0.861563 0.0110467 3.09812 1.5681 
100.162 0 0 0 0 0 0 -0.0409495 -0.0179566 0.861666 -6.73025e-05 3.08472 1.56775 
100.219 0 0 0 0 0 0 -0.0408023 -0.0181962 0.862659 0.015777 3.12334 1.56891 
100.272 0 0 0 0 0 0 -0.0407431 -0.0179834 0.863241 -0.0322975 3.08621 1.56897 
100.328 0 0 0 0 0 0 -0.039903 -0.0179006 0.869316 0.123189 3.13814 1.57157 
100.387 0 0 0 0 0 0 -0.0406631 -0.0183196 0.864656 -0.0381887 3.14053 1.57237 
100.438 0 0 0 0 0 0 -0.0406855 -0.0182192 0.863388 -0.0611567 3.13064 1.57314 
100.493 0 0 0 0 0 0 -0.0396431 -0.0180019 0.867386 0.163249 -3.10562 1.57014 
100.55 0 0 0 0 0 0 -0.0400059 -0.0181678 0.866589 0.087838 -3.1415 1.57684 
100.604 0 0 0 0 0 0 -0.0396535 -0.0180139 0.867743 0.161452 -3.10482 1.57 
100.659 0 0 0 0 0 0 -0.039358 -0.0176404 0.863291 0.0896962 3.06957 1.58695 
100.715 0 0 0 0 0 0 -0.0394517 -0.0176154 0.863598 0.0758087 3.07491 1.58715 
100.77 0 0 0 0 0 0 -0.0393654 -0.017598 0.863507 0.0905067 3.07212 1.5877 
100.83 0 0 0 0 0 0 -0.0394607 -0.0175808 0.863719 0.0754574 3.0765 1.58775 
100.882 0 0 0 0 0 0 -0.0394607 -0.0175808 0.863719 0.0754574 3.0765 1.58775 
100.94 0 0 0 0 0 0 -0.0393854 -0.0175639 0.863623 0.0854227 3.07384 1.58806 
100.992 0 0 0 0 0 0 -0.0393854 -0.0175639 0.863623 0.0854227 3.07384 1.58806 
101.051 0 0 0 0 0 0 -0.0393854 -0.0175639 0.863623 0.0854227 3.07384 1.58806 
101.107 0 0 0 0 0 0 -0.0394016 -0.0175692 0.863718 0.0860136 3.07439 1.58804 
101.163 0 0 0 0 0 0 -0.039411 -0.0175837 0.863663 0.0838022 3.07448 1.58782 
101.213 0 0 0 0 0 0 -0.0393318 -0.0175962 0.863441 0.0958837 3.06926 1.58765 
101.268 0 0 0 0 0 0 -0.0399832 -0.0181716 0.865488 0.113143 -3.11515 1.57768 
101.328 0 0 0 0 0 0 -0.0399416 -0.018086 0.86628 0.104757 3.13611 1.57663 
101.378 0 0 0 0 0 0 -0.0407202 -0.0182389 0.863692 -0.0547443 3.13541 1.57455 
101.433 0 0 0 0 0 0 -0.0406991 -0.0183155 0.86451 -0.041193 3.14025 1.57355 
101.493 0 0 0 0 0 0 -0.0396453 -0.0180071 0.867682 0.159439 -3.11311 1.57097 
101.545 0 0 0 0 0 0 -0.0407231 -0.0182219 0.864477 -0.0292091 3.12379 1.5718 
101.6 0 0 0 0 0 0 -0.0408021 -0.0180504 0.863545 -0.0190442 3.09687 1.57072 
101.654 0 0 0 0 0 0 -0.04091 -0.0178836 0.86249 -0.0253536 3.06833 1.56786 
101.709 0 0 0 0 0 0 -0.0410031 -0.0183297 0.860687 0.0274583 -3.1289 1.56877 
101.765 0 0 0 0 0 0 -0.0409696 -0.0181153 0.861586 0.0196608 3.11307 1.56872 
101.82 0 0 0 0 0 0 -0.0409455 -0.0181075 0.86157 0.0185422 3.11173 1.56823 
101.879 0 0 0 0 0 0 -0.0409431 -0.0181934 0.861369 0.0252753 3.12765 1.56826 
101.935 0 0 0 0 0 0 -0.0408943 -0.0180794 0.861634 0.0254022 3.10922 1.5678 
101.986 0 0 0 0 0 0 -0.0408734 -0.0180704 0.861611 0.0236531 3.10768 1.5673 
102.042 0 0 0 0 0 0 -0.0410282 -0.0181066 0.86121 0.0197217 3.12101 1.56784 
102.1 0 0 0 0 0 0 -0.0408596 -0.0178303 0.861573 -0.019679 3.06535 1.56548 
102.156 0 0 0 0 0 0 -0.040887 -0.017886 0.861432 -0.00429514 3.07576 1.5662 
102.209 0 0 0 0 0 0 -0.0408783 -0.0178777 0.861514 -0.0073869 3.07398 1.56608 
102.263 0 0 0 0 0 0 -0.0410842 -0.0180847 0.861263 0.0102283 3.12229 1.56735 
102.323 0 0 0 0 0 0 -0.0409933 -0.0181206 0.86118 0.0256614 3.12091 1.56809 
102.377 0 0 0 0 0 0 -0.040858 -0.0179145 0.861781 -0.00417762 3.07948 1.56624 
102.43 0 0 0 0 0 0 -0.0409038 -0.0178729 0.861471 -0.004375 3.07329 1.56653 
102.485 0 0 0 0 0 0 -0.0409003 -0.0178495 0.861461 -0.00920211 3.06918 1.5663 
102.541 0 0 0 0 0 0 -0.0409008 -0.0180422 0.861648 0.0216968 3.10258 1.56775 
102.599 0 0 0 0 0 0 -0.0409008 -0.0180422 0.861648 0.0216968 3.10258 1.56775 
102.65 0 0 0 0 0 0 -0.0409008 -0.0180422 0.861648 0.0216968 3.10258 1.56775 
102.706 0 0 0 0 0 0 -0.0409573 -0.0180302 0.861563 0.0110467 3.09812 1.5681 
102.764 0 0 0 0 0 0 -0.0409573 -0.0180302 0.861563 0.0110467 3.09812 1.5681 
102.817 0 0 0 0 0 0 -0.0408692 -0.0178134 0.862024 -0.0408394 3.05767 1.56621 
102.871 0 0 0 0 0 0 -0.0409614 -0.0183651 0.861558 0.0182509 -3.1258 1.56974 
102.926 0 0 0 0 0 0 -0.0407234 -0.0182045 0.864134 -0.00458718 3.1245 1.57042 
102.982 0 0 0 0 0 0 -0.0406682 -0.0183041 0.864347 -0.0145539 3.14139 1.57164 
103.037 0 0 0 0 0 0 -0.0406435 -0.018261 0.863737 -0.0532452 3.13393 1.57255 
103.092 0 0 0 0 0 0 -0.0404864 -0.0183531 0.865452 0.0238463 -3.12663 1.5742 
103.152 0 0 0 0 0 0 -0.0404506 -0.0180612 0.864713 -0.0209439 3.11611 1.57668 
103.203 0 0 0 0 0 0 -0.0401474 -0.0179194 0.865031 0.0156522 3.09534 1.57868 
103.262 0 0 0 0 0 0 -0.0401924 -0.0182751 0.864832 0.0895839 -3.09714 1.57759 
103.318 0 0 0 0 0 0 -0.0394073 -0.0176911 0.863489 0.0908687 3.06958 1.586 
103.369 0 0 0 0 0 0 -0.0395099 -0.0177416 0.863405 0.0636847 3.07618 1.5847 
103.425 0 0 0 0 0 0 -0.039326 -0.0176113 0.86335 0.0961098 3.06961 1.5876 
103.481 0 0 0 0 0 0 -0.0393191 -0.0175977 0.863406 0.0978998 3.06966 1.58781 
103.537 0 0 0 0 0 0 -0.0394283 -0.0175833 0.863702 0.0810117 3.07424 1.58762 
103.592 0 0 0 0 0 0 -0.0394016 -0.0175692 0.863718 0.0860136 3.07439 1.58804 
103.646 0 0 0 0 0 0 -0.0394213 -0.0175989 0.863609 0.0814472 3.07465 1.5876 
103.704 0 0 0 0 0 0 -0.0393138 -0.0175842 0.863467 0.0994319 3.06975 1.588 
103.761 0 0 0 0 0 0 -0.0393318 -0.0175962 0.863441 0.0958837 3.06926 1.58765 
103.817 0 0 0 0 0 0 -0.0393318 -0.0175962 0.863441 0.0958837 3.06926 1.58765 
103.868 0 0 0 0 0 0 -0.0394828 -0.0177161 0.863479 0.0719135 3.07411 1.58527 
103.925 0 0 0 0 0 0 -0.0400759 -0.0182428 0.865071 0.109874 -3.10121 1.57633 
103.982 0 0 0 0 0 0 -0.0404665 -0.0183107 0.865273 0.0313985 -3.11989 1.5767 
104.033 0 0 0 0 0 0 -0.0405647 -0.0184088 0.864681 0.0335053 -3.10858 1.57472 
104.088 0 0 0 0 0 0 -0.0407303 -0.0183468 0.864451 -0.0414398 -3.13713 1.57347 
104.143 0 0 0 0 0 0 -0.0407435 -0.0182685 0.864503 -0.0327244 3.13196 1.57262 
104.198 0 0 0 0 0 0 -0.0407713 -0.0182002 0.864334 -0.0251805 3.12051 1.57119 
104.256 0 0 0 0 0 0 -0.0408551 -0.0179099 0.862535 -0.0213197 3.07035 1.56891 
104.308 0 0 0 0 0 0 -0.0410031 -0.0183297 0.860687 0.0274583 -3.1289 1.56877 
104.363 0 0 0 0 0 0 -0.0409696 -0.0181153 0.861586 0.0196608 3.11307 1.56872 
104.419 0 0 0 0 0 0 -0.0409696 -0.0181153 0.861586 0.0196608 3.11307 1.56872 
104.474 0 0 0 0 0 0 -0.0409414 -0.0181444 0.861528 0.0215898 3.1184 1.56826 
104.529 0 0 0 0 0 0 -0.0409673 -0.0183595 0.860525 0.029832 -3.12305 1.56822 
104.585 0 0 0 0 0 0 -0.0409673 -0.0183595 0.860525 0.029832 -3.12305 1.56822 
104.64 0 0 0 0 0 0 -0.0409426 -0.0181955 0.861369 0.0253657 3.12802 1.56826 
104.696 0 0 0 0 0 0 -0.0408958 -0.0180753 0.861627 0.0250751 3.1085 1.56779 
104.752 0 0 0 0 0 0 -0.0408696 -0.0178352 0.861493 -0.016779 3.06651 1.56562 
104.807 0 0 0 0 0 0 -0.0408729 -0.017805 0.861344 -0.0213602 3.06172 1.56533 
104.862 0 0 0 0 0 0 -0.0409965 -0.0181588 0.861088 0.0269324 3.12801 1.5681 
104.922 0 0 0 0 0 0 -0.0408696 -0.0178352 0.861493 -0.016779 3.06651 1.56562 
104.973 0 0 0 0 0 0 -0.0410217 -0.0180827 0.86129 0.0188851 3.11649 1.56783 
105.033 0 0 0 0 0 0 -0.0408874 -0.0179005 0.861443 -0.00158443 3.0783 1.56631 
105.084 0 0 0 0 0 0 -0.0408874 -0.0179005 0.861443 -0.00158443 3.0783 1.56631 
105.14 0 0 0 0 0 0 -0.040879 -0.0178755 0.861502 -0.00764095 3.07364 1.56606 
105.197 0 0 0 0 0 0 -0.0408533 -0.0178319 0.861638 -0.0206947 3.06538 1.56544 
105.249 0 0 0 0 0 0 -0.0408648 -0.0178174 0.861706 -0.0222612 3.06253 1.56564 
105.304 0 0 0 0 0 0 -0.0409573 -0.0180302 0.861563 0.0110467 3.09812 1.5681 
105.363 0 0 0 0 0 0 -0.0409008 -0.0180422 0.861648 0.0216968 3.10258 1.56775 
105.414 0 0 0 0 0 0 -0.040889 -0.0179553 0.861909 -0.000715182 3.08355 1.56816 
105.47 0 0 0 0 0 0 -0.0408025 -0.0179184 0.862901 -0.0371723 3.07305 1.56665 
105.525 0 0 0 0 0 0 -0.0407855 -0.0181286 0.862598 0.0127512 3.11163 1.56922 
105.58 0 0 0 0 0 0 -0.0405701 -0.0183304 0.864833 0.00164491 3.14133 1.57062 
105.64 0 0 0 0 0 0 -0.0406732 -0.0182713 0.864652 -0.0347453 3.13196 1.57186 
105.691 0 0 0 0 0 0 -0.0406721 -0.0183182 0.864578 -0.034995 3.14055 1.57231 
105.746 0 0 0 0 0 0 -0.0406142 -0.0182468 0.86417 -0.0447462 3.13233 1.5728 
105.804 0 0 0 0 0 0 -0.0406353 -0.0181964 0.863281 -0.0591384 3.12684 1.5742 
105.857 0 0 0 0 0 0 -0.0401112 -0.0179224 0.864098 0.00282168 3.09138 1.57875 
105.912 0 0 0 0 0 0 -0.0398832 -0.0180527 0.865367 0.107292 3.13965 1.58045 
105.967 0 0 0 0 0 0 -0.0396374 -0.0179086 0.867956 0.157376 -3.1189 1.57197 
106.023 0 0 0 0 0 0 -0.0394464 -0.0177319 0.863306 0.0712204 3.06937 1.58438 
106.083 0 0 0 0 0 0 -0.0393309 -0.0176008 0.863452 0.0932862 3.06729 1.58729 
106.134 0 0 0 0 0 0 -0.039398 -0.0176503 0.863433 0.0842797 3.07077 1.58641 
106.192 0 0 0 0 0 0 -0.0393819 -0.0176013 0.863555 0.0850828 3.06977 1.58716 
106.244 0 0 0 0 0 0 -0.0393799 -0.0175972 0.863545 0.0881906 3.07184 1.58753 
106.303 0 0 0 0 0 0 -0.0393033 -0.0175925 0.863314 0.0972419 3.06912 1.58783 
106.36 0 0 0 0 0 0 -0.0393392 -0.0176103 0.863387 0.0940188 3.06928 1.58743 
106.411 0 0 0 0 0 0 -0.0393392 -0.0176103 0.863387 0.0940188 3.06928 1.58743 
106.466 0 0 0 0 0 0 -0.0393955 -0.0176586 0.863319 0.0830847 3.06999 1.58635 
106.526 0 0 0 0 0 0 -0.0396502 -0.0178758 0.863994 0.0513191 3.09202 1.58252 
106.578 0 0 0 0 0 0 -0.0404518 -0.0180955 0.865053 -0.0123819 3.12357 1.57651 
106.635 0 0 0 0 0 0 -0.0407386 -0.0182035 0.863319 -0.0611271 3.13337 1.57488 
106.692 0 0 0 0 0 0 -0.0406725 -0.0183241 0.864494 -0.0389914 -3.14132 1.57322 
106.742 0 0 0 0 0 0 -0.0407515 -0.0182915 0.864 -0.0436711 3.13535 1.57285 
106.801 0 0 0 0 0 0 -0.040771 -0.0181694 0.864254 -0.0237604 3.11529 1.57182 
106.909 0 0 0 0 0 0 -0.0407725 -0.0181467 0.864227 -0.0243411 3.11136 1.57165 
106.94 0 0 0 0 0 0 -0.0410502 -0.0183487 0.861024 0.0191999 -3.12672 1.57011 
106.99 0 0 0 0 0 0 -0.0410367 -0.0182974 0.86084 0.0253652 -3.13514 1.56934 
107.047 0 0 0 0 0 0 -0.0409696 -0.0181153 0.861586 0.0196608 3.11307 1.56872 
107.107 0 0 0 0 0 0 -0.0409691 -0.0181481 0.861529 0.0219434 3.11906 1.56875 
107.176 0 0 0 0 0 0 -0.0409691 -0.0181481 0.861529 0.0219434 3.11906 1.56875 
107.234 0 0 0 0 0 0 -0.0409414 -0.0181444 0.861528 0.0215898 3.1184 1.56826 
107.287 0 0 0 0 0 0 -0.0409414 -0.0181444 0.861528 0.0215898 3.1184 1.56826 
107.342 0 0 0 0 0 0 -0.0409507 -0.0180701 0.861584 0.0150599 3.10507 1.56818 
107.395 0 0 0 0 0 0 -0.0408943 -0.0180794 0.861634 0.0254022 3.10922 1.5678 
107.443 0 0 0 0 0 0 -0.0409162 -0.0182874 0.860817 0.0359926 -3.13415 1.56777 
107.5 0 0 0 0 0 0 -0.0408755 -0.017944 0.861582 0.00441009 3.08545 1.56652 
107.556 0 0 0 0 0 0 -0.0408922 -0.0178391 0.861517 -0.0126488 3.06711 1.56613 
107.608 0 0 0 0 0 0 -0.0408704 -0.0179992 0.861829 0.0126868 3.09428 1.56714 
107.664 0 0 0 0 0 0 -0.0408901 -0.0181138 0.861588 0.0284334 3.11547 1.56782 
107.722 0 0 0 0 0 0 -0.0408879 -0.0181474 0.861519 0.0309246 3.12166 1.56783 
107.774 0 0 0 0 0 0 -0.0408952 -0.0181513 0.861429 0.0315395 3.12269 1.56782 
107.829 0 0 0 0 0 0 -0.0409008 -0.0180422 0.861648 0.0216968 3.10258 1.56775 
107.891 0 0 0 0 0 0 -0.0409573 -0.0180302 0.861563 0.0110467 3.09812 1.5681 
107.946 0 0 0 0 0 0 -0.0409008 -0.0180422 0.861648 0.0216968 3.10258 1.56775 
107.998 0 0 0 0 0 0 -0.0409507 -0.0180701 0.861584 0.0150599 3.10507 1.56818 
108.053 0 0 0 0 0 0 -0.0409507 -0.0180701 0.861584 0.0150599 3.10507 1.56818 
108.108 0 0 0 0 0 0 -0.0408523 -0.0178472 0.862556 -0.0416731 3.06164 1.56665 
108.163 0 0 0 0 0 0 -0.0407924 -0.0181712 0.862454 0.0280812 3.12194 1.57027 
108.219 0 0 0 0 0 0 -0.0406563 -0.0182287 0.864596 -0.0320964 3.12464 1.57109 
108.274 0 0 0 0 0 0 -0.0406519 -0.0182633 0.864604 -0.0311267 3.13075 1.57138 
108.333 0 0 0 0 0 0 -0.0407223 -0.0183941 0.863804 -0.0229713 -3.12633 1.5728 
108.387 0 0 0 0 0 0 -0.040663 -0.018232 0.864212 -0.0482377 3.12946 1.57339 
108.443 0 0 0 0 0 0 -0.0405288 -0.0180983 0.864805 -0.0311584 3.11416 1.57501 
108.494 0 0 0 0 0 0 -0.0396308 -0.0179611 0.867807 0.160339 -3.11661 1.57084 
108.55 0 0 0 0 0 0 -0.0395589 -0.0180191 0.867081 0.170139 -3.10691 1.56959 
108.606 0 0 0 0 0 0 -0.0396429 -0.0179982 0.86793 0.162059 -3.10575 1.56978 
108.661 0 0 0 0 0 0 -0.0395099 -0.0177415 0.863405 0.0636847 3.07618 1.5847 
108.721 0 0 0 0 0 0 -0.0393612 -0.0176828 0.863101 0.0871325 3.06693 1.58594 
108.773 0 0 0 0 0 0 -0.0394433 -0.0177 0.863295 0.0741508 3.07199 1.58556 
108.831 0 0 0 0 0 0 -0.0393475 -0.017625 0.863336 0.0920306 3.06938 1.5872 
108.883 0 0 0 0 0 0 -0.0393392 -0.0176103 0.863387 0.0940188 3.06928 1.58743 
108.942 0 0 0 0 0 0 -0.0393392 -0.0176103 0.863387 0.0940188 3.06928 1.58743 
108.993 0 0 0 0 0 0 -0.0393392 -0.0176103 0.863387 0.0940188 3.06928 1.58743 
109.053 0 0 0 0 0 0 -0.0394366 -0.0176817 0.863353 0.0758818 3.07124 1.58573 
109.107 0 0 0 0 0 0 -0.0395352 -0.0177627 0.863345 0.0579769 3.07743 1.58436 
109.163 0 0 0 0 0 0 -0.0399373 -0.0180391 0.864507 0.0188432 3.11852 1.58025 
109.219 0 0 0 0 0 0 -0.040426 -0.0182306 0.865721 0.0361809 -3.13568 1.57618 
109.271 0 0 0 0 0 0 -0.0407255 -0.01828 0.864109 -0.0492234 3.13833 1.57394 
109.325 0 0 0 0 0 0 -0.0406991 -0.0183155 0.86451 -0.041193 3.14025 1.57355 
109.38 0 0 0 0 0 0 -0.0406999 -0.0183087 0.864592 -0.0373939 3.13878 1.57263 
109.439 0 0 0 0 0 0 -0.0406999 -0.0183087 0.864592 -0.0373939 3.13878 1.57263 
109.492 0 0 0 0 0 0 -0.0408168 -0.0180019 0.863305 -0.0211241 3.08916 1.57041 
109.545 0 0 0 0 0 0 -0.0410428 -0.0184294 0.860926 0.0117512 -3.11205 1.57055 
109.6 0 0 0 0 0 0 -0.0410367 -0.0182974 0.86084 0.0253652 -3.13514 1.56934 
109.655 0 0 0 0 0 0 -0.0409691 -0.0181481 0.861529 0.0219434 3.11906 1.56875 
109.712 0 0 0 0 0 0 -0.0409673 -0.0183595 0.860525 0.029832 -3.12305 1.56822 
109.768 0 0 0 0 0 0 -0.0409455 -0.0181075 0.86157 0.0185422 3.11173 1.56823 
109.826 0 0 0 0 0 0 -0.0409462 -0.0181053 0.861567 0.0183869 3.11136 1.56823 
109.88 0 0 0 0 0 0 -0.0409414 -0.0181444 0.861528 0.0215898 3.1184 1.56826 
109.932 0 0 0 0 0 0 -0.0409573 -0.0180302 0.861563 0.0110467 3.09812 1.5681 
109.987 0 0 0 0 0 0 -0.0409573 -0.0180302 0.861563 0.0110467 3.09812 1.5681 
110.045 0 0 0 0 0 0 -0.0409008 -0.0180422 0.861648 0.0216968 3.10258 1.56775 
110.101 0 0 0 0 0 0 -0.0409008 -0.0180422 0.861648 0.0216968 3.10258 1.56775 
110.154 0 0 0 0 0 0 -0.0408966 -0.0178768 0.861557 -0.0050211 3.07365 1.56651 
110.214 0 0 0 0 0 0 -0.0408671 -0.0179066 0.861674 -0.0040273 3.0785 1.56623 
110.265 0 0 0 0 0 0 -0.0408715 -0.0178955 0.861614 -0.00532869 3.07675 1.56617 
110.32 0 0 0 0 0 0 -0.0408943 -0.0180794 0.861634 0.0254022 3.10922 1.5678 
110.377 0 0 0 0 0 0 -0.0408516 -0.0178716 0.861782 -0.0137497 3.07187 1.56583 
110.431 0 0 0 0 0 0 -0.0408709 -0.0178685 0.861818 -0.0116113 3.07119 1.56624 
110.491 0 0 0 0 0 0 -0.0408501 -0.0178237 0.861635 -0.0228303 3.06393 1.56532 
110.545 0 0 0 0 0 0 -0.0409573 -0.0180302 0.861563 0.0110467 3.09812 1.5681 
110.601 0 0 0 0 0 0 -0.0408901 -0.0181138 0.861588 0.0284334 3.11547 1.56782 
110.655 0 0 0 0 0 0 -0.0409573 -0.0180302 0.861563 0.0110467 3.09812 1.5681 
110.706 0 0 0 0 0 0 -0.0408796 -0.0178305 0.862256 -0.038224 3.0598 1.56671 
110.766 0 0 0 0 0 0 -0.0408447 -0.0178752 0.862566 -0.0370885 3.06661 1.56672 
110.817 0 0 0 0 0 0 -0.0407322 -0.0180407 0.86379 -0.038843 3.09436 1.5688 
110.876 0 0 0 0 0 0 -0.0406785 -0.0181499 0.864382 -0.0326828 3.11145 1.57044 
110.931 0 0 0 0 0 0 -0.0406437 -0.0182252 0.864713 -0.037046 3.12359 1.57107 
110.987 0 0 0 0 0 0 -0.0406682 -0.0183219 0.864949 -0.0314454 -3.1408 1.57304 
111.042 0 0 0 0 0 0 -0.0406388 -0.0182387 0.864189 -0.0465714 3.13078 1.57311 
111.097 0 0 0 0 0 0 -0.0405489 -0.0181287 0.863182 -0.0538675 3.12061 1.57521 
111.153 0 0 0 0 0 0 -0.0402993 -0.0180187 0.864825 -0.00423322 3.11092 1.57738 
111.209 0 0 0 0 0 0 -0.0399178 -0.0178237 0.864519 0.0380148 3.08057 1.58046 
111.259 0 0 0 0 0 0 -0.0393851 -0.0176784 0.86338 0.0934244 3.06776 1.58634 
111.315 0 0 0 0 0 0 -0.04006 -0.0182025 0.865256 0.1057 -3.10883 1.57779 
111.372 0 0 0 0 0 0 -0.0396881 -0.0180461 0.867144 0.158738 -3.09907 1.57078 
111.426 0 0 0 0 0 0 -0.0394427 -0.0176896 0.863401 0.0758173 3.07243 1.58565 
111.481 0 0 0 0 0 0 -0.0394562 -0.0177031 0.863327 0.0720943 3.07241 1.5854 
111.54 0 0 0 0 0 0 -0.039358 -0.0176404 0.863291 0.0896962 3.06957 1.58695 
111.593 0 0 0 0 0 0 -0.039422 -0.0176789 0.863315 0.0782138 3.07089 1.58591 
111.648 0 0 0 0 0 0 -0.0393007 -0.0176341 0.863137 0.0986216 3.06625 1.58714 
111.705 0 0 0 0 0 0 -0.0394205 -0.0177287 0.863129 0.0765579 3.06954 1.58497 
111.758 0 0 0 0 0 0 -0.0401448 -0.0182521 0.865288 0.0908265 -3.1083 1.57772 
111.813 0 0 0 0 0 0 -0.0399756 -0.0181547 0.866276 0.101543 3.1374 1.57554 
111.868 0 0 0 0 0 0 -0.0406391 -0.0181832 0.865056 -0.0289558 3.13091 1.57517 
111.923 0 0 0 0 0 0 -0.0407202 -0.0182389 0.863692 -0.0547443 3.13541 1.57455 
111.98 0 0 0 0 0 0 -0.0396333 -0.0180802 0.866346 0.161704 -3.11383 1.57164 
112.034 0 0 0 0 0 0 -0.0407353 -0.0182524 0.86432 -0.024438 3.12978 1.57204 
112.092 0 0 0 0 0 0 -0.0407272 -0.0182281 0.86443 -0.0275905 3.12508 1.57185 
112.149 0 0 0 0 0 0 -0.0408479 -0.0179111 0.863047 -0.0236913 3.07106 1.56873 
112.199 0 0 0 0 0 0 -0.0408613 -0.0179386 0.86322 -0.0166473 3.07528 1.5695 
112.258 0 0 0 0 0 0 -0.0410031 -0.0183297 0.860687 0.0274583 -3.1289 1.56877 
112.31 0 0 0 0 0 0 -0.0410031 -0.0183297 0.860687 0.0274583 -3.1289 1.56877 
112.364 0 0 0 0 0 0 -0.0410031 -0.0183297 0.860687 0.0274583 -3.1289 1.56877 
112.424 0 0 0 0 0 0 -0.0409607 -0.0183293 0.860713 0.0299278 -3.12909 1.56821 
112.476 0 0 0 0 0 0 -0.0409414 -0.0181444 0.861528 0.0215898 3.1184 1.56826 
112.533 0 0 0 0 0 0 -0.0409455 -0.0181075 0.86157 0.0185422 3.11173 1.56823 
112.59 0 0 0 0 0 0 -0.0409462 -0.0181052 0.861567 0.0183833 3.11135 1.56823 
112.647 0 0 0 0 0 0 -0.0409573 -0.0180302 0.861563 0.0110467 3.09812 1.5681 
112.7 0 0 0 0 0 0 -0.0409507 -0.0180701 0.861584 0.0150599 3.10507 1.56818 
112.753 0 0 0 0 0 0 -0.0408943 -0.0180794 0.861634 0.0254022 3.10922 1.5678 
112.809 0 0 0 0 0 0 -0.0408943 -0.0180794 0.861634 0.0254022 3.10922 1.5678 
112.869 0 0 0 0 0 0 -0.0408943 -0.0180794 0.861634 0.0254022 3.10922 1.5678 
112.919 0 0 0 0 0 0 -0.0408943 -0.0180794 0.861634 0.0254022 3.10922 1.5678 
112.979 0 0 0 0 0 0 -0.0408901 -0.0181138 0.861588 0.0284334 3.11547 1.56782 
113.03 0 0 0 0 0 0 -0.0408943 -0.0180794 0.861634 0.0254022 3.10922 1.5678 
113.088 0 0 0 0 0 0 -0.0409573 -0.0180302 0.861563 0.0110467 3.09812 1.5681 
113.141 0 0 0 0 0 0 -0.0409507 -0.0180701 0.861584 0.0150599 3.10507 1.56818 
113.199 0 0 0 0 0 0 -0.0409573 -0.0180302 0.861563 0.0110467 3.09812 1.5681 
113.255 0 0 0 0 0 0 -0.0409573 -0.0180302 0.861563 0.0110467 3.09812 1.5681 
113.306 0 0 0 0 0 0 -0.0408759 -0.0177708 0.86169 -0.0450933 3.05134 1.56575 
113.361 0 0 0 0 0 0 -0.0408639 -0.0181762 0.861973 0.0203444 3.12237 1.56885 
113.416 0 0 0 0 0 0 -0.040744 -0.0181036 0.863156 0.00346035 3.1051 1.56903 
113.471 0 0 0 0 0 0 -0.0406182 -0.0182893 0.864377 0.016481 3.13568 1.56967 
113.526 0 0 0 0 0 0 -0.0406815 -0.0182312 0.864321 -0.0225641 3.12608 1.57107 
113.586 0 0 0 0 0 0 -0.0406129 -0.0183367 0.86462 -0.0237474 -3.13698 1.57164 
113.64 0 0 0 0 0 0 -0.0405796 -0.0183041 0.86465 -0.0340302 3.13783 1.57183 
113.692 0 0 0 0 0 0 -0.0404926 -0.0181889 0.863053 -0.0515913 3.1264 1.57421 
113.747 0 0 0 0 0 0 -0.0403024 -0.0180965 0.864278 -0.017118 3.11597 1.57554 
113.807 0 0 0 0 0 0 -0.0402586 -0.0179917 0.864156 -0.0140034 3.10333 1.57741 
113.858 0 0 0 0 0 0 -0.0396175 -0.0179939 0.867959 0.16398 -3.10672 1.56951 
113.913 0 0 0 0 0 0 -0.039539 -0.0180985 0.867061 0.170662 -3.10315 1.56945 
113.97 0 0 0 0 0 0 -0.0395712 -0.0178416 0.863444 0.0502414 3.08544 1.58286 
114.029 0 0 0 0 0 0 -0.0395778 -0.0177859 0.863555 0.0446413 3.08059 1.58298 
114.081 0 0 0 0 0 0 -0.0395984 -0.0177833 0.863492 0.0429062 3.07767 1.58313 
114.135 0 0 0 0 0 0 -0.0393615 -0.0176721 0.863304 0.0838308 3.06415 1.5854 
114.257 0 0 0 0 0 0 -0.039452 -0.0176977 0.863423 0.0715016 3.07104 1.58519 
114.293 0 0 0 0 0 0 -0.039567 -0.0177796 0.86343 0.0536199 3.08005 1.58403 
114.34 0 0 0 0 0 0 -0.0394119 -0.0177068 0.863291 0.077371 3.06769 1.5849 
114.4 0 0 0 0 0 0 -0.0394976 -0.0177774 0.863286 0.0645933 3.07481 1.584 
114.457 0 0 0 0 0 0 -0.0395463 -0.0178113 0.863489 0.0598181 3.07997 1.58352 
114.513 0 0 0 0 0 0 -0.0395612 -0.0180136 0.867081 0.166831 -3.1152 1.57072 
114.571 0 0 0 0 0 0 -0.0406145 -0.0182237 0.864275 -0.0415937 3.13032 1.57439 
114.626 0 0 0 0 0 0 -0.0396362 -0.0180753 0.866922 0.160476 -3.11133 1.57151 
114.685 0 0 0 0 0 0 -0.040707 -0.0183393 0.864021 -0.0487461 -3.13939 1.573 
114.736 0 0 0 0 0 0 -0.0407215 -0.0183115 0.863987 -0.0435616 3.13898 1.57265 
114.795 0 0 0 0 0 0 -0.0407859 -0.0180298 0.863676 -0.0260241 3.09272 1.57044 
114.846 0 0 0 0 0 0 -0.0408766 -0.0179484 0.863259 -0.0239092 3.07692 1.56857 
114.901 0 0 0 0 0 0 -0.0410667 -0.0182656 0.860978 0.0237957 -3.14124 1.56989 
114.956 0 0 0 0 0 0 -0.0410367 -0.0182974 0.86084 0.0253652 -3.13514 1.56934 
115.012 0 0 0 0 0 0 -0.0409696 -0.0181153 0.861586 0.0196608 3.11307 1.56872 
115.071 0 0 0 0 0 0 -0.0409673 -0.0183595 0.860525 0.029832 -3.12305 1.56822 
115.122 0 0 0 0 0 0 -0.0409414 -0.0181444 0.861528 0.0215898 3.1184 1.56826 
115.178 0 0 0 0 0 0 -0.0409462 -0.0181052 0.861567 0.0183833 3.11135 1.56823 
115.236 0 0 0 0 0 0 -0.0409414 -0.0181444 0.861528 0.0215898 3.1184 1.56826 
115.289 0 0 0 0 0 0 -0.0409228 -0.0180981 0.861548 0.0171058 3.11015 1.56775 
115.344 0 0 0 0 0 0 -0.0409414 -0.0181444 0.861528 0.0215898 3.1184 1.56826 
115.4 0 0 0 0 0 0 -0.0408879 -0.0181474 0.861519 0.0309246 3.12166 1.56783 
115.456 0 0 0 0 0 0 -0.0409432 -0.0182263 0.861265 0.0270344 3.13384 1.56825 
115.51 0 0 0 0 0 0 -0.0408937 -0.0181917 0.86133 0.0336472 3.13019 1.56781 
115.566 0 0 0 0 0 0 -0.0409082 -0.0182725 0.860945 0.0358235 -3.13726 1.56778 
115.621 0 0 0 0 0 0 -0.0409414 -0.0181444 0.861528 0.0215898 3.1184 1.56826 
115.677 0 0 0 0 0 0 -0.0408879 -0.0181474 0.861519 0.0309246 3.12166 1.56783 
115.735 0 0 0 0 0 0 -0.0409455 -0.0181075 0.86157 0.0185422 3.11173 1.56823 
115.787 0 0 0 0 0 0 -0.0409455 -0.0181075 0.86157 0.0185422 3.11173 1.56823 
115.844 0 0 0 0 0 0 -0.0409507 -0.0180701 0.861584 0.0150599 3.10507 1.56818 
115.901 0 0 0 0 0 0 -0.0409507 -0.0180701 0.861584 0.0150599 3.10507 1.56818 
115.953 0 0 0 0 0 0 -0.0408942 -0.0181754 0.861979 0.0204771 3.1222 1.5683 
116.012 0 0 0 0 0 0 -0.0408795 -0.0181746 0.861799 0.0214397 3.12274 1.56884 
116.063 0 0 0 0 0 0 -0.0407547 -0.0181046 0.864311 -0.0221366 3.10074 1.56867 
116.122 0 0 0 0 0 0 -0.0408268 -0.0182978 0.862278 0.0244567 -3.13537 1.56934 
116.178 0 0 0 0 0 0 -0.0406346 -0.0183295 0.864648 -0.0355872 -3.14085 1.57205 
116.229 0 0 0 0 0 0 -0.0405957 -0.0183242 0.865361 -0.017584 -3.13932 1.57282 
116.285 0 0 0 0 0 0 -0.0401801 -0.0183092 0.866511 0.0654001 -3.13566 1.57243 
116.341 0 0 0 0 0 0 -0.0402479 -0.0182182 0.866747 0.0520382 3.13601 1.57407 
116.398 0 0 0 0 0 0 -0.0405475 -0.0181441 0.865106 -0.025645 3.12385 1.57444 
116.454 0 0 0 0 0 0 -0.0403133 -0.0180169 0.863925 -0.0229791 3.10596 1.57713 
116.506 0 0 0 0 0 0 -0.0397039 -0.0177146 0.863696 0.0551388 3.06455 1.58233 
116.561 0 0 0 0 0 0 -0.0395939 -0.0180437 0.867363 0.166143 -3.10614 1.56976 
116.62 0 0 0 0 0 0 -0.0397153 -0.0179967 0.868574 0.154332 -3.10567 1.57005 
116.671 0 0 0 0 0 0 -0.039624 -0.0180221 0.867775 0.158276 -3.11653 1.57201 
116.727 0 0 0 0 0 0 -0.0400293 -0.0181108 0.865683 0.0988784 -3.13206 1.57896 
116.783 0 0 0 0 0 0 -0.0401269 -0.0181323 0.865246 0.080622 -3.12644 1.58065 
116.838 0 0 0 0 0 0 -0.0395013 -0.0177277 0.863405 0.058976 3.07096 1.5842 
116.897 0 0 0 0 0 0 -0.0401487 -0.0181606 0.865276 0.0797405 -3.12162 1.58011 
116.953 0 0 0 0 0 0 -0.0403164 -0.0183098 0.865059 0.0618002 -3.10281 1.57817 
117.008 0 0 0 0 0 0 -0.04023 -0.0182698 0.86498 0.0811197 -3.11233 1.57736 
117.063 0 0 0 0 0 0 -0.0401437 -0.0179779 0.86445 0.00888904 3.10526 1.57861 
117.118 0 0 0 0 0 0 -0.040667 -0.0181512 0.863902 -0.0510641 3.12722 1.57484 
117.172 0 0 0 0 0 0 -0.0406003 -0.0182486 0.865114 -0.0238283 3.13687 1.57411 
117.228 0 0 0 0 0 0 -0.039555 -0.0180831 0.866847 0.165911 -3.11532 1.57089 
117.279 0 0 0 0 0 0 -0.0406948 -0.0182853 0.86468 -0.0385698 3.13432 1.57241 
117.336 0 0 0 0 0 0 -0.0407697 -0.0181271 0.864242 -0.0264997 3.10783 1.57148 
117.39 0 0 0 0 0 0 -0.040692 -0.0182042 0.864522 -0.0312582 3.12054 1.57126 
117.448 0 0 0 0 0 0 -0.0407325 -0.0180349 0.863663 -0.0135538 3.09076 1.56931 
117.503 0 0 0 0 0 0 -0.040902 -0.0178926 0.8626 -0.0257001 3.06952 1.56788 
117.556 0 0 0 0 0 0 -0.0410204 -0.018253 0.861112 0.0252301 3.13919 1.56933 
117.615 0 0 0 0 0 0 -0.0409414 -0.0181444 0.861528 0.0215898 3.1184 1.56826 
117.668 0 0 0 0 0 0 -0.0409414 -0.0181444 0.861528 0.0215898 3.1184 1.56826 
117.724 0 0 0 0 0 0 -0.0409455 -0.0181075 0.86157 0.0185422 3.11173 1.56823 
117.777 0 0 0 0 0 0 -0.0409414 -0.0181444 0.861528 0.0215898 3.1184 1.56826 
117.837 0 0 0 0 0 0 -0.0409455 -0.0181075 0.86157 0.0185422 3.11173 1.56823 
117.887 0 0 0 0 0 0 -0.0409507 -0.0180701 0.861584 0.0150599 3.10507 1.56818 
117.943 0 0 0 0 0 0 -0.0409573 -0.0180302 0.861563 0.0110467 3.09812 1.5681 
118 0 0 0 0 0 0 -0.0409452 -0.0181852 0.861369 0.024891 3.1262 1.56826 
118.054 0 0 0 0 0 0 -0.0408977 -0.0181155 0.861502 0.0290175 3.11608 1.56782 
118.11 0 0 0 0 0 0 -0.0409573 -0.0180302 0.861563 0.0110467 3.09812 1.5681 
118.169 0 0 0 0 0 0 -0.0408943 -0.0180794 0.861634 0.0254022 3.10922 1.5678 
118.22 0 0 0 0 0 0 -0.0408901 -0.0181138 0.861588 0.0284334 3.11547 1.56782 
118.276 0 0 0 0 0 0 -0.0409507 -0.0180701 0.861584 0.0150599 3.10507 1.56818 
118.332 0 0 0 0 0 0 -0.0409573 -0.0180302 0.861563 0.0110467 3.09812 1.5681 
118.39 0 0 0 0 0 0 -0.0409414 -0.0181444 0.861528 0.0215898 3.1184 1.56826 
118.441 0 0 0 0 0 0 -0.0409414 -0.0181444 0.861528 0.0215898 3.1184 1.56826 
118.496 0 0 0 0 0 0 -0.0409573 -0.0180302 0.861563 0.0110467 3.09812 1.5681 
118.551 0 0 0 0 0 0 -0.0409508 -0.0180131 0.861479 0.013924 3.09542 1.56907 
118.607 0 0 0 0 0 0 -0.0409507 -0.0180701 0.861584 0.0150599 3.10507 1.56818 
118.664 0 0 0 0 0 0 -0.0407335 -0.0180889 0.864257 -0.0267622 3.09818 1.56818 
118.717 0 0 0 0 0 0 -0.0406715 -0.0181984 0.864802 -0.0167891 3.11551 1.56971 
118.776 0 0 0 0 0 0 -0.0406419 -0.0183111 0.864198 -0.0462301 3.1382 1.57193 
118.828 0 0 0 0 0 0 -0.0406315 -0.0183043 0.864733 -0.0371312 3.13757 1.57182 
118.887 0 0 0 0 0 0 -0.0406315 -0.0183043 0.864733 -0.0371312 3.13757 1.57182 
118.938 0 0 0 0 0 0 -0.0398381 -0.017879 0.869434 0.133433 -3.13545 1.57146 
118.996 0 0 0 0 0 0 -0.0404864 -0.0182187 0.86612 -0.00108712 3.12755 1.57368 
119.049 0 0 0 0 0 0 -0.0406296 -0.0181532 0.863307 -0.0581705 3.12459 1.57426 
119.108 0 0 0 0 0 0 -0.0403848 -0.0180372 0.864999 -0.00966195 3.11347 1.57709 
119.16 0 0 0 0 0 0 -0.0403104 -0.0180214 0.865268 0.00313617 3.11237 1.57734 
119.215 0 0 0 0 0 0 -0.0395869 -0.01799 0.867377 0.164675 -3.11515 1.57074 
119.27 0 0 0 0 0 0 -0.0396335 -0.0179857 0.867581 0.163755 -3.10667 1.56991 
119.325 0 0 0 0 0 0 -0.0395291 -0.018017 0.867065 0.17252 -3.10734 1.56928 
119.386 0 0 0 0 0 0 -0.0400902 -0.0182034 0.865346 0.10101 -3.11182 1.57761 
119.441 0 0 0 0 0 0 -0.0395899 -0.0180178 0.867649 0.166377 -3.10661 1.56948 
119.495 0 0 0 0 0 0 -0.0396477 -0.0180606 0.867114 0.162971 -3.10191 1.57038 
119.552 0 0 0 0 0 0 -0.0395621 -0.0179862 0.867405 0.166475 -3.11604 1.57047 
119.604 0 0 0 0 0 0 -0.0395477 -0.0180457 0.86722 0.170443 -3.10534 1.56937 
119.658 0 0 0 0 0 0 -0.0401997 -0.0180566 0.864656 0.00633304 3.11286 1.5774 
119.713 0 0 0 0 0 0 -0.0406331 -0.0181829 0.865103 -0.0274953 3.13068 1.57521 
119.768 0 0 0 0 0 0 -0.0395301 -0.0180819 0.866329 0.168962 -3.11631 1.57103 
119.823 0 0 0 0 0 0 -0.0407234 -0.0183245 0.864574 -0.0419753 -3.14155 1.57324 
119.879 0 0 0 0 0 0 -0.0406999 -0.0183087 0.864592 -0.0373939 3.13878 1.57263 
119.937 0 0 0 0 0 0 -0.0407751 -0.0181741 0.8643 -0.0262391 3.116 1.57099 
119.992 0 0 0 0 0 0 -0.0407359 -0.0181326 0.864327 -0.030361 3.10853 1.57108 
120.048 0 0 0 0 0 0 -0.0408891 -0.0179625 0.862967 -0.0307047 3.08353 1.56879 
120.103 0 0 0 0 0 0 -0.0408802 -0.0179327 0.862952 -0.0241405 3.07531 1.56812 
120.154 0 0 0 0 0 0 -0.0410225 -0.0181106 0.86159 0.0208005 3.11227 1.56977 
120.209 0 0 0 0 0 0 -0.0409763 -0.0181887 0.861362 0.0245743 3.12687 1.56876 
120.269 0 0 0 0 0 0 -0.0410031 -0.0183297 0.860687 0.0274583 -3.1289 1.56877 
120.32 0 0 0 0 0 0 -0.0410031 -0.0183297 0.860687 0.0274583 -3.1289 1.56877 
120.376 0 0 0 0 0 0 -0.0409673 -0.0183595 0.860525 0.029832 -3.12305 1.56822 
120.435 0 0 0 0 0 0 -0.0409455 -0.0181075 0.86157 0.0185422 3.11173 1.56823 
120.486 0 0 0 0 0 0 -0.0409701 -0.0181132 0.861583 0.0195459 3.11271 1.56871 
120.542 0 0 0 0 0 0 -0.0409455 -0.0181075 0.86157 0.0185422 3.11173 1.56823 
120.6 0 0 0 0 0 0 -0.0409453 -0.0181314 0.861516 0.0207841 3.11617 1.56825 
120.653 0 0 0 0 0 0 -0.0409522 -0.0180656 0.861574 0.0147091 3.10432 1.56818 
120.713 0 0 0 0 0 0 -0.0409426 -0.0181955 0.861369 0.0253657 3.12802 1.56826 
120.767 0 0 0 0 0 0 -0.0409455 -0.0181075 0.86157 0.0185422 3.11173 1.56823 
120.821 0 0 0 0 0 0 -0.0409507 -0.0180701 0.861584 0.0150599 3.10507 1.56818 
120.878 0 0 0 0 0 0 -0.0409507 -0.0180701 0.861584 0.0150599 3.10507 1.56818 
120.93 0 0 0 0 0 0 -0.0409573 -0.0180302 0.861563 0.0110467 3.09812 1.5681 
120.988 0 0 0 0 0 0 -0.0409507 -0.0180701 0.861584 0.0150599 3.10507 1.56818 
121.043 0 0 0 0 0 0 -0.0409414 -0.0181444 0.861528 0.0215898 3.1184 1.56826 
121.099 0 0 0 0 0 0 -0.0409455 -0.0181075 0.86157 0.0185422 3.11173 1.56823 
121.15 0 0 0 0 0 0 -0.0409455 -0.0181075 0.86157 0.0185422 3.11173 1.56823 
121.208 0 0 0 0 0 0 -0.0409455 -0.0181075 0.86157 0.0185422 3.11173 1.56823 
121.261 0 0 0 0 0 0 -0.0408583 -0.0178827 0.862436 -0.0430654 3.07143 1.56729 
121.317 0 0 0 0 0 0 -0.0405991 -0.0182349 0.864874 -0.0140923 3.12173 1.57002 
121.373 0 0 0 0 0 0 -0.0406218 -0.0182889 0.864185 -0.0426499 3.13436 1.57132 
121.431 0 0 0 0 0 0 -0.0406447 -0.0182522 0.864687 -0.0346133 3.12848 1.57131 
121.484 0 0 0 0 0 0 -0.0406377 -0.0182788 0.86472 -0.0357195 3.13308 1.57156 
121.537 0 0 0 0 0 0 -0.0406392 -0.0182545 0.864228 -0.0457298 3.13351 1.57253 
121.592 0 0 0 0 0 0 -0.0406372 -0.01821 0.863782 -0.0520472 3.13013 1.57312 
121.647 0 0 0 0 0 0 -0.0395612 -0.0180136 0.867081 0.166831 -3.1152 1.57072 
121.704 0 0 0 0 0 0 -0.0396083 -0.0180187 0.867551 0.162248 -3.11324 1.57085 
121.759 0 0 0 0 0 0 -0.0396858 -0.0179453 0.868203 0.153647 -3.12112 1.57106 
121.816 0 0 0 0 0 0 -0.0395667 -0.0179849 0.86744 0.165938 -3.11642 1.5705 
121.869 0 0 0 0 0 0 -0.0396731 -0.0179396 0.868248 0.159274 -3.10955 1.56979 
121.924 0 0 0 0 0 0 -0.0395575 -0.0180195 0.86707 0.170298 -3.1068 1.56958 
121.984 0 0 0 0 0 0 -0.0400409 -0.0182064 0.86534 0.104193 -3.1193 1.57748 
122.04 0 0 0 0 0 0 -0.0394348 -0.0177441 0.863366 0.0678816 3.07125 1.58384 
122.09 0 0 0 0 0 0 -0.0399035 -0.0181485 0.865651 0.117574 -3.13077 1.57716 
122.148 0 0 0 0 0 0 -0.0401353 -0.0182401 0.865279 0.0923656 -3.11315 1.57753 
122.206 0 0 0 0 0 0 -0.0401735 -0.0182828 0.864884 0.0934177 -3.10148 1.57713 
122.256 0 0 0 0 0 0 -0.0395477 -0.0180457 0.86722 0.170443 -3.10534 1.56937 
122.315 0 0 0 0 0 0 -0.0395835 -0.0180147 0.86758 0.164084 -3.11416 1.57059 
122.367 0 0 0 0 0 0 -0.0404257 -0.0181487 0.863415 -0.0410331 3.12046 1.57508 
122.422 0 0 0 0 0 0 -0.0406407 -0.0182926 0.864546 -0.0387029 3.13607 1.57327 
122.477 0 0 0 0 0 0 -0.0406855 -0.0182862 0.864754 -0.0417316 3.1342 1.57244 
122.533 0 0 0 0 0 0 -0.0407015 -0.0182077 0.864682 -0.037304 3.12052 1.57166 
122.588 0 0 0 0 0 0 -0.0407022 -0.0181612 0.864417 -0.0313876 3.1133 1.57092 
122.644 0 0 0 0 0 0 -0.0408098 -0.0181092 0.86401 -0.0290819 3.10563 1.5697 
122.698 0 0 0 0 0 0 -0.0409047 -0.0179446 0.86277 -0.029753 3.08108 1.56872 
122.754 0 0 0 0 0 0 -0.0410467 -0.0184138 0.860921 0.0136582 -3.11481 1.57043 
122.809 0 0 0 0 0 0 -0.0409691 -0.0181481 0.861529 0.0219434 3.11906 1.56875 
122.864 0 0 0 0 0 0 -0.0410031 -0.0183297 0.860687 0.0274583 -3.1289 1.56877 
122.919 0 0 0 0 0 0 -0.0409607 -0.0183293 0.860713 0.0299278 -3.12909 1.56821 
122.974 0 0 0 0 0 0 -0.0409673 -0.0183595 0.860525 0.029832 -3.12305 1.56822 
123.034 0 0 0 0 0 0 -0.0409673 -0.0183595 0.860525 0.029832 -3.12305 1.56822 
123.085 0 0 0 0 0 0 -0.0409607 -0.0183293 0.860713 0.0299278 -3.12909 1.56821 
123.143 0 0 0 0 0 0 -0.0409414 -0.0181444 0.861528 0.0215898 3.1184 1.56826 
123.196 0 0 0 0 0 0 -0.0409392 -0.0181784 0.861457 0.0240532 3.12467 1.56827 
123.252 0 0 0 0 0 0 -0.0409415 -0.0181701 0.861455 0.0236207 3.12322 1.56826 
123.307 0 0 0 0 0 0 -0.0409455 -0.0181075 0.86157 0.0185422 3.11173 1.56823 
123.366 0 0 0 0 0 0 -0.040941 -0.0182015 0.861367 0.0256295 3.12909 1.56826 
123.423 0 0 0 0 0 0 -0.0409427 -0.0181401 0.861524 0.0213312 3.11767 1.56826 
123.476 0 0 0 0 0 0 -0.040941 -0.0182015 0.861367 0.0256295 3.12909 1.56826 
123.531 0 0 0 0 0 0 -0.04096 -0.0183394 0.860684 0.0298159 -3.1272 1.56822 
123.584 0 0 0 0 0 0 -0.0409455 -0.0181075 0.86157 0.0185422 3.11173 1.56823 
123.64 0 0 0 0 0 0 -0.0409414 -0.0181444 0.861528 0.0215898 3.1184 1.56826 
123.694 0 0 0 0 0 0 -0.0409414 -0.0181444 0.861528 0.0215898 3.1184 1.56826 
123.752 0 0 0 0 0 0 -0.0409414 -0.0181444 0.861528 0.0215898 3.1184 1.56826 
123.806 0 0 0 0 0 0 -0.0409455 -0.0181075 0.86157 0.0185422 3.11173 1.56823 
123.86 0 0 0 0 0 0 -0.040792 -0.0178775 0.862422 -0.023984 3.06753 1.56799 
123.919 0 0 0 0 0 0 -0.0409023 -0.0178582 0.86219 -0.0397381 3.06797 1.56757 
123.97 0 0 0 0 0 0 -0.0408062 -0.0178888 0.862565 -0.0334933 3.07194 1.5687 
124.025 0 0 0 0 0 0 -0.0407144 -0.0182395 0.86468 -0.0329532 3.12628 1.57031 
124.082 0 0 0 0 0 0 -0.0406432 -0.0182663 0.864686 -0.0343003 3.13098 1.57143 
124.136 0 0 0 0 0 0 -0.040574 -0.0182634 0.865798 -0.00243954 3.13399 1.57291 
124.193 0 0 0 0 0 0 -0.0406339 -0.0182858 0.86468 -0.0386048 3.13443 1.57243 
124.247 0 0 0 0 0 0 -0.0405786 -0.018281 0.865876 -0.0106705 3.13687 1.57309 
124.306 0 0 0 0 0 0 -0.0404388 -0.0182336 0.866143 0.00508593 3.13011 1.57336 
124.357 0 0 0 0 0 0 -0.0395567 -0.017996 0.867313 0.16667 -3.11667 1.5705 
124.413 0 0 0 0 0 0 -0.0404173 -0.0181538 0.866141 0.0139607 3.12965 1.57567 
124.472 0 0 0 0 0 0 -0.0396139 -0.0179976 0.86786 0.160908 -3.11564 1.57068 
124.523 0 0 0 0 0 0 -0.03964 -0.0179534 0.868125 0.161263 -3.11208 1.5696 
124.58 0 0 0 0 0 0 -0.0401233 -0.0182877 0.865395 0.095923 -3.10787 1.57624 
124.635 0 0 0 0 0 0 -0.0396175 -0.0179939 0.867959 0.16398 -3.10672 1.56951 
124.689 0 0 0 0 0 0 -0.0397151 -0.0180116 0.867811 0.156653 -3.10268 1.57043 
124.746 0 0 0 0 0 0 -0.0396674 -0.0179855 0.86809 0.156052 -3.11592 1.57102 
124.801 0 0 0 0 0 0 -0.0395907 -0.0180561 0.867595 0.16287 -3.11205 1.5707 
124.857 0 0 0 0 0 0 -0.0395565 -0.0180907 0.867183 0.165603 -3.11241 1.57067 
124.915 0 0 0 0 0 0 -0.0397267 -0.0178917 0.86876 0.150985 -3.11919 1.57102 
124.966 0 0 0 0 0 0 -0.0404946 -0.0181501 0.864413 -0.0298314 3.12491 1.57523 
125.021 0 0 0 0 0 0 -0.0395941 -0.0180045 0.86733 0.162917 -3.1179 1.57086 
125.077 0 0 0 0 0 0 -0.0406725 -0.0183241 0.864494 -0.0389914 -3.14132 1.57322 
125.135 0 0 0 0 0 0 -0.0406794 -0.018243 0.864624 -0.0334723 3.12705 1.5716 
125.191 0 0 0 0 0 0 -0.0406768 -0.0182915 0.864587 -0.0331401 3.13578 1.57204 
125.242 0 0 0 0 0 0 -0.0406794 -0.018243 0.864624 -0.0334723 3.12705 1.5716 
125.298 0 0 0 0 0 0 -0.0407285 -0.0180617 0.863717 -0.00960134 3.09531 1.56951 
125.353 0 0 0 0 0 0 -0.0408862 -0.0178833 0.862484 -0.0290357 3.06833 1.56738 
125.407 0 0 0 0 0 0 -0.0409951 -0.0182854 0.861329 0.0235956 -3.13907 1.56942 
125.467 0 0 0 0 0 0 -0.0409696 -0.0181153 0.861586 0.0196608 3.11307 1.56872 
125.52 0 0 0 0 0 0 -0.0409717 -0.0180802 0.861616 0.0168651 3.10676 1.56867 
125.578 0 0 0 0 0 0 -0.0409414 -0.0181444 0.861528 0.0215898 3.1184 1.56826 
125.629 0 0 0 0 0 0 -0.0409455 -0.0181075 0.86157 0.0185422 3.11173 1.56823 
125.687 0 0 0 0 0 0 -0.0409414 -0.0181444 0.861528 0.0215898 3.1184 1.56826 
125.744 0 0 0 0 0 0 -0.0409507 -0.0180701 0.861584 0.0150599 3.10507 1.56818 
125.795 0 0 0 0 0 0 -0.0409507 -0.0180701 0.861584 0.0150599 3.10507 1.56818 
125.852 0 0 0 0 0 0 -0.0409507 -0.0180701 0.861584 0.0150599 3.10507 1.56818 
125.907 0 0 0 0 0 0 -0.0409507 -0.0180701 0.861584 0.0150599 3.10507 1.56818 
125.965 0 0 0 0 0 0 -0.0409455 -0.0181075 0.86157 0.0185422 3.11173 1.56823 
126.02 0 0 0 0 0 0 -0.0409455 -0.0181075 0.86157 0.0185422 3.11173 1.56823 
126.076 0 0 0 0 0 0 -0.0409455 -0.0181075 0.86157 0.0185422 3.11173 1.56823 
126.128 0 0 0 0 0 0 -0.0409392 -0.0181784 0.861457 0.0240532 3.12467 1.56827 
126.184 0 0 0 0 0 0 -0.0409414 -0.0181444 0.861528 0.0215898 3.1184 1.56826 
126.242 0 0 0 0 0 0 -0.0409414 -0.0181444 0.861528 0.0215898 3.1184 1.56826 
126.295 0 0 0 0 0 0 -0.0409573 -0.0180302 0.861563 0.0110467 3.09812 1.5681 
126.352 0 0 0 0 0 0 -0.0409573 -0.0180302 0.861563 0.0110467 3.09812 1.5681 
126.405 0 0 0 0 0 0 -0.0409573 -0.0180302 0.861563 0.0110467 3.09812 1.5681 
126.462 0 0 0 0 0 0 -0.0408582 -0.0182588 0.861847 0.0229955 3.13746 1.56896 
126.515 0 0 0 0 0 0 -0.0407915 -0.0179583 0.863064 -0.023341 3.07947 1.56798 
126.572 0 0 0 0 0 0 -0.040842 -0.0181407 0.861866 0.0203171 3.11654 1.57035 
126.625 0 0 0 0 0 0 -0.0406089 -0.0182125 0.864785 -0.0139509 3.11809 1.56988 
126.684 0 0 0 0 0 0 -0.0406098 -0.0182889 0.864709 -0.0332636 3.13494 1.57126 
126.736 0 0 0 0 0 0 -0.0406901 -0.0183156 0.864458 -0.0231281 -3.14017 1.57225 
126.791 0 0 0 0 0 0 -0.0406962 -0.0183334 0.864563 -0.0396156 -3.1399 1.57291 
126.847 0 0 0 0 0 0 -0.040629 -0.0183118 0.865373 -0.0209707 -3.14159 1.57317 
126.905 0 0 0 0 0 0 -0.0406392 -0.0182744 0.864519 -0.0393089 3.13289 1.57389 
126.957 0 0 0 0 0 0 -0.0406172 -0.0182382 0.864025 -0.0449181 3.1312 1.57429 
127.012 0 0 0 0 0 0 -0.0404392 -0.0181557 0.863694 -0.0356667 3.12328 1.57557 
127.067 0 0 0 0 0 0 -0.0401175 -0.0181338 0.866652 0.0708938 3.12418 1.57576 
127.123 0 0 0 0 0 0 -0.0403599 -0.0181284 0.866496 0.029487 3.12651 1.5762 
127.178 0 0 0 0 0 0 -0.0396595 -0.018025 0.867892 0.155781 -3.11044 1.57123 
127.234 0 0 0 0 0 0 -0.0397544 -0.0180239 0.868127 0.149328 -3.10877 1.57171 
127.289 0 0 0 0 0 0 -0.0401435 -0.0180968 0.866495 0.0648669 3.12377 1.57686 
127.344 0 0 0 0 0 0 -0.0402126 -0.0181381 0.866518 0.058492 3.13095 1.57639 
127.399 0 0 0 0 0 0 -0.0403094 -0.0181307 0.866548 0.0388384 3.12676 1.57624 
127.458 0 0 0 0 0 0 -0.0401125 -0.0179913 0.864999 0.0216933 3.10276 1.57799 
127.51 0 0 0 0 0 0 -0.0403692 -0.0180916 0.863986 -0.0278474 3.11348 1.57597 
127.566 0 0 0 0 0 0 -0.0404249 -0.0181591 0.863925 -0.0284371 3.12565 1.57604 
127.621 0 0 0 0 0 0 -0.040745 -0.0182458 0.863749 -0.0557061 3.13645 1.57427 
127.676 0 0 0 0 0 0 -0.0405625 -0.0183017 0.866081 0.00184595 -3.14078 1.57387 
127.731 0 0 0 0 0 0 -0.0406999 -0.0183087 0.864592 -0.0373939 3.13878 1.57263 
127.786 0 0 0 0 0 0 -0.0406836 -0.0182721 0.864148 -0.0435668 3.13144 1.57187 
127.841 0 0 0 0 0 0 -0.0407342 -0.0181092 0.864063 -0.0266263 3.10539 1.57058 
127.896 0 0 0 0 0 0 -0.0408367 -0.0178888 0.862524 -0.0286582 3.07207 1.56921 
127.952 0 0 0 0 0 0 -0.0409096 -0.017916 0.862479 -0.03101 3.07173 1.56749 
128.007 0 0 0 0 0 0 -0.0408978 -0.0179461 0.862706 -0.0295908 3.07622 1.5677 
128.061 0 0 0 0 0 0 -0.040995 -0.0183591 0.860687 0.0262515 -3.1237 1.56885 
128.117 0 0 0 0 0 0 -0.0409696 -0.0181153 0.861586 0.0196608 3.11307 1.56872 
128.172 0 0 0 0 0 0 -0.0409414 -0.0181444 0.861528 0.0215898 3.1184 1.56826 
128.227 0 0 0 0 0 0 -0.040941 -0.0182015 0.861367 0.0256295 3.12909 1.56826 
128.283 0 0 0 0 0 0 -0.0409691 -0.0181481 0.861529 0.0219434 3.11906 1.56875 
128.342 0 0 0 0 0 0 -0.040941 -0.0182015 0.861367 0.0256295 3.12909 1.56826 
128.394 0 0 0 0 0 0 -0.0409455 -0.0181075 0.86157 0.0185422 3.11173 1.56823 
128.453 0 0 0 0 0 0 -0.0409432 -0.0182263 0.861265 0.0270344 3.13384 1.56825 
128.506 0 0 0 0 0 0 -0.0409392 -0.0181784 0.861457 0.0240532 3.12467 1.56827 
128.564 0 0 0 0 0 0 -0.0409415 -0.0181995 0.861368 0.0255439 3.12873 1.56826 
128.62 0 0 0 0 0 0 -0.0409455 -0.0181075 0.86157 0.0185422 3.11173 1.56823 
128.672 0 0 0 0 0 0 -0.0409414 -0.0181444 0.861528 0.0215898 3.1184 1.56826 
128.726 0 0 0 0 0 0 -0.040941 -0.0182015 0.861367 0.0256295 3.12909 1.56826 
128.782 0 0 0 0 0 0 -0.0409403 -0.0181743 0.861456 0.0238428 3.12395 1.56826 
128.837 0 0 0 0 0 0 -0.0409455 -0.0181075 0.86157 0.0185422 3.11173 1.56823 
128.892 0 0 0 0 0 0 -0.0409414 -0.0181444 0.861528 0.0215898 3.1184 1.56826 
128.947 0 0 0 0 0 0 -0.0409573 -0.0180302 0.861563 0.0110467 3.09812 1.5681 
129.005 0 0 0 0 0 0 -0.0409414 -0.0181444 0.861528 0.0215898 3.1184 1.56826 
129.058 0 0 0 0 0 0 -0.0408824 -0.0181668 0.862144 0.018634 3.12006 1.56829 
129.113 0 0 0 0 0 0 -0.0408795 -0.0181746 0.861799 0.0214397 3.12274 1.56884 
129.168 0 0 0 0 0 0 -0.0408227 -0.0178324 0.862238 -0.0363682 3.06021 1.56686 
129.228 0 0 0 0 0 0 -0.040674 -0.0180976 0.864343 -0.0405755 3.10233 1.56995 
129.283 0 0 0 0 0 0 -0.0406279 -0.0182418 0.864426 0.0117824 3.12709 1.57049 
129.335 0 0 0 0 0 0 -0.0406377 -0.0182788 0.86472 -0.0357195 3.13308 1.57156 
129.39 0 0 0 0 0 0 -0.0406782 -0.0182599 0.864619 -0.0332382 3.13006 1.57175 
129.446 0 0 0 0 0 0 -0.0407012 -0.018371 0.864128 -0.0274416 -3.13161 1.57269 
129.501 0 0 0 0 0 0 -0.0404982 -0.0182655 0.865698 -0.00632297 3.13481 1.57342 
129.556 0 0 0 0 0 0 -0.0404733 -0.0182639 0.866015 0.00593434 3.13597 1.57403 
129.611 0 0 0 0 0 0 -0.0404966 -0.0181605 0.864242 -0.0347501 3.12479 1.57421 
129.667 0 0 0 0 0 0 -0.0405475 -0.0181617 0.864327 -0.0376816 3.12466 1.57422 
129.722 0 0 0 0 0 0 -0.0403076 -0.0181637 0.866558 0.0391911 3.12709 1.57569 
129.78 0 0 0 0 0 0 -0.0403055 -0.0180238 0.864173 -0.0189765 3.10895 1.5767 
129.833 0 0 0 0 0 0 -0.0402962 -0.0180641 0.864049 -0.0179359 3.11658 1.57651 
129.887 0 0 0 0 0 0 -0.0403465 -0.0183687 0.865512 0.0545158 -3.10761 1.57629 
129.946 0 0 0 0 0 0 -0.0396179 -0.017973 0.867661 0.16143 -3.11663 1.57083 
129.999 0 0 0 0 0 0 -0.0401885 -0.0179919 0.863962 -0.0110981 3.10418 1.57722 
130.054 0 0 0 0 0 0 -0.0402435 -0.0183197 0.865269 0.0815457 -3.11558 1.57538 

