0.0645865 0 0 0 0 0 0 -0.0400969 -0.0186793 0.855517 0.0612909 -3.05087 1.56158 
0.100486 0 0 0 0 0 0 -0.0398138 -0.0182475 0.866124 0.131972 -3.13872 1.57096 
0.151993 0 0 0 0 0 0 -0.0408601 -0.0179552 0.862741 -0.0257271 3.07767 1.56821 
0.21035 0 0 0 0 0 0 -0.0398715 -0.018239 0.865984 0.128392 -3.13984 1.5709 
0.265076 0 0 0 0 0 0 -0.0398345 -0.0182471 0.866079 0.130579 -3.13865 1.57098 
0.318741 0 0 0 0 0 0 -0.0398917 -0.0182379 0.865936 0.127046 -3.13988 1.57091 
0.375404 0 0 0 0 0 0 -0.0408704 -0.0179868 0.862492 -0.0292081 3.08704 1.56862 
0.428947 0 0 0 0 0 0 -0.0408357 -0.0179712 0.862774 -0.0263847 3.08042 1.56793 
0.481117 0 0 0 0 0 0 -0.0397257 -0.0182616 0.866675 0.135784 -3.14094 1.5707 
0.538867 0 0 0 0 0 0 -0.0397245 -0.0182595 0.866673 0.135948 -3.14133 1.57065 
0.594018 0 0 0 0 0 0 -0.0408047 -0.0179276 0.86259 -0.0280883 3.07335 1.56799 
0.652088 0 0 0 0 0 0 -0.0402168 -0.0180788 0.868694 0.0700577 3.12299 1.57108 
0.707606 0 0 0 0 0 0 -0.0407665 -0.0180832 0.863707 -0.0275936 3.09675 1.56852 
0.762769 0 0 0 0 0 0 -0.0406727 -0.0181344 0.864051 -0.0242364 3.10449 1.5697 
0.817084 0 0 0 0 0 0 -0.0407649 -0.0180136 0.863247 -0.0260356 3.08612 1.56852 
0.872532 0 0 0 0 0 0 -0.0407235 -0.0180324 0.863764 -0.0165643 3.08994 1.56923 
0.928076 0 0 0 0 0 0 -0.040665 -0.0181337 0.864487 -0.0160808 3.1052 1.56977 
0.982998 0 0 0 0 0 0 -0.0407029 -0.0180532 0.864019 -0.0188471 3.09267 1.56929 
1.03765 0 0 0 0 0 0 -0.040726 -0.0180835 0.864209 -0.0209683 3.09736 1.56899 
1.09299 0 0 0 0 0 0 -0.0397955 -0.0182616 0.866847 0.121892 3.13305 1.57051 
1.14878 0 0 0 0 0 0 -0.040637 -0.0182067 0.864773 -0.0138858 3.11709 1.57023 
1.20326 0 0 0 0 0 0 -0.0396814 -0.0182427 0.866361 0.141301 -3.14047 1.57062 
1.25919 0 0 0 0 0 0 -0.0397247 -0.0182394 0.866554 0.134904 3.13849 1.57049 
1.31375 0 0 0 0 0 0 -0.0406528 -0.0181637 0.866571 -0.0326703 3.10857 1.5714 
1.3698 0 0 0 0 0 0 -0.040644 -0.0181516 0.864742 -0.0210272 3.10744 1.56984 
1.42439 0 0 0 0 0 0 -0.0406708 -0.0181891 0.864828 -0.0192017 3.11378 1.56965 
1.47982 0 0 0 0 0 0 -0.0406175 -0.0182322 0.86501 -0.0192092 3.12074 1.5704 
1.53553 0 0 0 0 0 0 -0.0406175 -0.0182322 0.86501 -0.0192092 3.12074 1.5704 
1.59024 0 0 0 0 0 0 -0.0396549 -0.0182368 0.866387 0.1434 3.14148 1.5704 
1.6462 0 0 0 0 0 0 -0.0396803 -0.0182431 0.866467 0.139463 3.13954 1.57043 
1.70009 0 0 0 0 0 0 -0.0396803 -0.0182431 0.866467 0.139463 3.13954 1.57043 
1.7542 0 0 0 0 0 0 -0.0406497 -0.0182031 0.864333 -0.0256829 3.11561 1.57017 
1.81056 0 0 0 0 0 0 -0.0406676 -0.0180974 0.864171 -0.0163192 3.09996 1.5692 
1.86617 0 0 0 0 0 0 -0.0406117 -0.0181495 0.864385 -0.0349737 3.10595 1.5693 
1.92212 0 0 0 0 0 0 -0.0405839 -0.0182566 0.865049 -0.0180089 3.12495 1.57019 
1.97653 0 0 0 0 0 0 -0.0405879 -0.0182267 0.865053 -0.0215123 3.11962 1.56998 
2.0316 0 0 0 0 0 0 -0.0406483 -0.0182255 0.86466 -0.0361641 3.11838 1.56988 
2.08749 0 0 0 0 0 0 -0.0406315 -0.018207 0.864546 -0.0341183 3.11557 1.56935 
2.1424 0 0 0 0 0 0 -0.0406302 -0.0182212 0.865278 -0.0325686 3.11782 1.56988 
2.19821 0 0 0 0 0 0 -0.0406437 -0.0181951 0.865142 -0.0307673 3.11368 1.56967 
2.2536 0 0 0 0 0 0 -0.0406285 -0.0182128 0.864886 -0.0168317 3.11776 1.57027 
2.30821 0 0 0 0 0 0 -0.0406036 -0.0182385 0.864508 -0.0294062 3.12126 1.57005 
2.36343 0 0 0 0 0 0 -0.0406315 -0.0181441 0.864196 -0.0291982 3.10569 1.56933 
2.41868 0 0 0 0 0 0 -0.0397006 -0.0182392 0.866431 0.138147 3.13892 1.57038 
2.47365 0 0 0 0 0 0 -0.0406699 -0.0181295 0.864108 -0.025672 3.1034 1.56967 
2.52907 0 0 0 0 0 0 -0.0406588 -0.0182289 0.864914 -0.0162224 3.12051 1.56991 
2.58518 0 0 0 0 0 0 -0.0406746 -0.0181886 0.864778 -0.0175722 3.11387 1.56965 
2.63951 0 0 0 0 0 0 -0.0406416 -0.0181657 0.864107 -0.0234843 3.10985 1.56954 
2.69456 0 0 0 0 0 0 -0.0407087 -0.01816 0.864038 -0.0224287 3.10909 1.56946 
2.74981 0 0 0 0 0 0 -0.03961 -0.0182247 0.866243 0.150352 -3.13776 1.57032 
2.80599 0 0 0 0 0 0 -0.0407173 -0.0181213 0.864308 -0.0157473 3.10369 1.56926 
2.86047 0 0 0 0 0 0 -0.0407346 -0.0179926 0.863177 -0.0237458 3.08263 1.56889 
2.91572 0 0 0 0 0 0 -0.0406992 -0.0180386 0.863615 -0.0275468 3.08913 1.56902 
2.9717 0 0 0 0 0 0 -0.0407538 -0.0180644 0.863468 -0.0219832 3.0943 1.5689 
3.02635 0 0 0 0 0 0 -0.0407562 -0.0180188 0.8638 -0.0245634 3.0874 1.56857 
3.08141 0 0 0 0 0 0 -0.0407591 -0.017946 0.863207 -0.0224303 3.0767 1.56866 
3.13677 0 0 0 0 0 0 -0.0407761 -0.0180118 0.863135 -0.0235117 3.08623 1.56858 
3.19204 0 0 0 0 0 0 -0.0408161 -0.017958 0.863055 -0.0199227 3.07943 1.56841 
3.24707 0 0 0 0 0 0 -0.0407814 -0.0179426 0.862973 -0.0174867 3.07698 1.56882 
3.30256 0 0 0 0 0 0 -0.0408161 -0.017958 0.863055 -0.0199227 3.07943 1.56841 
3.35756 0 0 0 0 0 0 -0.0407709 -0.017914 0.862529 -0.0254132 3.07113 1.5684 
3.41263 0 0 0 0 0 0 -0.0408116 -0.0179496 0.862609 -0.0236241 3.07718 1.56827 
3.46813 0 0 0 0 0 0 -0.039763 -0.0182183 0.866057 0.140434 -3.13549 1.57076 
3.52341 0 0 0 0 0 0 -0.0404866 -0.018088 0.86809 0.0392136 3.12953 1.57134 
3.5787 0 0 0 0 0 0 -0.0408795 -0.0179435 0.862519 -0.0229245 3.07645 1.56826 
3.63427 0 0 0 0 0 0 -0.040872 -0.0179523 0.86262 -0.0234223 3.07762 1.56828 
3.6894 0 0 0 0 0 0 -0.0408529 -0.017996 0.86315 -0.0170821 3.08582 1.56824 
3.74421 0 0 0 0 0 0 -0.0409018 -0.017954 0.8627 -0.0275972 3.07764 1.56781 
3.7993 0 0 0 0 0 0 -0.0408447 -0.0180044 0.86325 -0.0174586 3.08693 1.56827 
3.85444 0 0 0 0 0 0 -0.0408629 -0.0180067 0.863303 -0.0151206 3.08712 1.5687 
3.9096 0 0 0 0 0 0 -0.040871 -0.0179983 0.863203 -0.0146999 3.08601 1.56867 
3.9703 0 0 0 0 0 0 -0.0409059 -0.0179108 0.862151 -0.0333674 3.07482 1.5684 
4.02408 0 0 0 0 0 0 -0.0401924 -0.0183098 0.865154 0.102882 -3.12393 1.57192 
4.07932 0 0 0 0 0 0 -0.0399105 -0.0182337 0.865888 0.125908 -3.14051 1.57088 
4.13536 0 0 0 0 0 0 -0.0399594 -0.0182493 0.865783 0.121989 -3.13722 1.57118 
4.18979 0 0 0 0 0 0 -0.0400732 -0.0182781 0.865378 0.115017 -3.12764 1.5717 
4.24508 0 0 0 0 0 0 -0.0408877 -0.0179825 0.863229 -0.0151165 3.08308 1.569 
4.30071 0 0 0 0 0 0 -0.0408815 -0.017999 0.863088 -0.0120908 3.08656 1.56874 
4.3556 0 0 0 0 0 0 -0.0399599 -0.0182768 0.865854 0.12032 -3.13233 1.57157 
4.41049 0 0 0 0 0 0 -0.0399177 -0.0182473 0.865887 0.124892 -3.13794 1.5711 
4.46571 0 0 0 0 0 0 -0.0399673 -0.0182612 0.865787 0.120834 -3.135 1.57135 
4.52128 0 0 0 0 0 0 -0.039893 -0.018269 0.866005 0.125335 -3.13428 1.57143 
4.5767 0 0 0 0 0 0 -0.0399959 -0.0182852 0.865701 0.118086 -3.13022 1.57169 
4.63171 0 0 0 0 0 0 -0.0401024 -0.0183022 0.866559 0.0924903 3.14151 1.57143 
4.68698 0 0 0 0 0 0 -0.0399664 -0.0182672 0.86625 0.113901 -3.14125 1.5712 
4.74175 0 0 0 0 0 0 -0.0408872 -0.0179717 0.862777 -0.0193798 3.08044 1.56889 
4.79821 0 0 0 0 0 0 -0.0398364 -0.0182113 0.865776 0.135109 -3.1415 1.57037 
4.85252 0 0 0 0 0 0 -0.0408357 -0.0179712 0.862774 -0.0263847 3.08042 1.56793 
4.90771 0 0 0 0 0 0 -0.0408042 -0.0179582 0.862708 -0.024148 3.07833 1.56829 
4.96283 0 0 0 0 0 0 -0.0408304 -0.0180172 0.863209 -0.0244263 3.08689 1.56857 
5.01834 0 0 0 0 0 0 -0.0407493 -0.0179693 0.862934 -0.0233837 3.07941 1.56876 
5.07429 0 0 0 0 0 0 -0.0404274 -0.01811 0.868204 0.042538 3.12767 1.57135 
5.12869 0 0 0 0 0 0 -0.0407676 -0.017934 0.863085 -0.0223087 3.07502 1.56861 
5.18403 0 0 0 0 0 0 -0.0408161 -0.017958 0.863055 -0.0199227 3.07943 1.56841 
5.24 0 0 0 0 0 0 -0.0407744 -0.0179375 0.862828 -0.0235256 3.07415 1.56894 
5.29435 0 0 0 0 0 0 -0.0406878 -0.018074 0.863807 -0.0264944 3.09469 1.56927 
5.35039 0 0 0 0 0 0 -0.0406753 -0.0181184 0.864006 -0.0251435 3.10181 1.56958 
5.47409 0 0 0 0 0 0 -0.0406381 -0.0182742 0.865109 -0.0188713 3.12784 1.57025 
5.50746 0 0 0 0 0 0 -0.0406639 -0.0182433 0.86451 -0.0292334 3.12211 1.57004 
5.55635 0 0 0 0 0 0 -0.0406332 -0.0182075 0.864826 -0.0154752 3.11703 1.57023 
5.6135 0 0 0 0 0 0 -0.0406292 -0.018308 0.865157 -0.019477 3.13367 1.57052 
5.67697 0 0 0 0 0 0 -0.0406009 -0.0183411 0.864984 -0.0101118 3.14019 1.57024 
5.73774 0 0 0 0 0 0 -0.0406304 -0.0182825 0.865202 -0.0221331 3.12899 1.57034 
5.79301 0 0 0 0 0 0 -0.0405688 -0.0183065 0.865153 -0.0196882 3.13343 1.57059 
5.84892 0 0 0 0 0 0 -0.0406024 -0.0182946 0.86515 -0.0173046 3.13132 1.57 
5.90345 0 0 0 0 0 0 -0.0406168 -0.018186 0.865056 -0.0270331 3.11237 1.57004 
5.95912 0 0 0 0 0 0 -0.0405811 -0.0182552 0.865094 -0.0198528 3.12454 1.57019 
6.01429 0 0 0 0 0 0 -0.0406388 -0.0181644 0.864916 -0.0289154 3.1091 1.56908 
6.06889 0 0 0 0 0 0 -0.0406369 -0.0182075 0.865211 -0.0316712 3.11564 1.56977 
6.12414 0 0 0 0 0 0 -0.0405757 -0.0182814 0.86511 -0.0186607 3.12912 1.57038 
6.17927 0 0 0 0 0 0 -0.0405925 -0.0182617 0.864608 -0.0319432 3.125 1.57024 
6.23466 0 0 0 0 0 0 -0.0406112 -0.0182136 0.864436 -0.0287222 3.11712 1.56985 
6.29006 0 0 0 0 0 0 -0.0406434 -0.0182224 0.8644 -0.0266515 3.11878 1.57031 
6.34502 0 0 0 0 0 0 -0.0406101 -0.0182361 0.865105 -0.0225159 3.1211 1.57043 
6.40039 0 0 0 0 0 0 -0.0406118 -0.018243 0.864419 -0.0261599 3.12238 1.57008 
6.45552 0 0 0 0 0 0 -0.0406325 -0.0181538 0.864461 -0.0353839 3.10639 1.5697 
6.51163 0 0 0 0 0 0 -0.0406562 -0.0181498 0.864588 -0.0163255 3.10768 1.56986 
6.56604 0 0 0 0 0 0 -0.0407016 -0.0181235 0.864081 -0.0291105 3.10247 1.56914 
6.62213 0 0 0 0 0 0 -0.0406871 -0.0182336 0.864262 -0.0218783 3.1213 1.56996 
6.67626 0 0 0 0 0 0 -0.0407057 -0.0180847 0.863641 -0.0201239 3.09722 1.56947 
6.73164 0 0 0 0 0 0 -0.0407057 -0.0180847 0.863641 -0.0201239 3.09722 1.56947 
6.78685 0 0 0 0 0 0 -0.0407181 -0.0180467 0.863447 -0.0213926 3.09122 1.56923 
6.84205 0 0 0 0 0 0 -0.0396549 -0.0182368 0.866387 0.1434 3.14148 1.5704 
6.89758 0 0 0 0 0 0 -0.0406931 -0.0181268 0.863822 -0.0189298 3.10401 1.56974 
6.95139 0 0 0 0 0 0 -0.0396991 -0.0182372 0.866317 0.140333 -3.14136 1.57051 
7.00763 0 0 0 0 0 0 -0.0407658 -0.0180339 0.863288 -0.0230402 3.08956 1.56871 
7.06277 0 0 0 0 0 0 -0.0397655 -0.018234 0.866323 0.133644 3.13833 1.57044 
7.11853 0 0 0 0 0 0 -0.0408546 -0.0179382 0.862984 -0.0271463 3.0762 1.56771 
7.17358 0 0 0 0 0 0 -0.0407724 -0.0181448 0.866429 -0.0305459 3.12942 1.57054 
7.22853 0 0 0 0 0 0 -0.0407698 -0.0179883 0.863431 -0.0144263 3.08334 1.56946 
7.28457 0 0 0 0 0 0 -0.0408045 -0.0180555 0.863282 -0.0216738 3.09343 1.56848 
7.33879 0 0 0 0 0 0 -0.0408604 -0.0179533 0.862731 -0.0258848 3.07738 1.5682 
7.39421 0 0 0 0 0 0 -0.040848 -0.0179406 0.862553 -0.0278456 3.07582 1.56773 
7.44974 0 0 0 0 0 0 -0.0409065 -0.0179366 0.862926 -0.0184686 3.07607 1.5687 
7.50526 0 0 0 0 0 0 -0.0408945 -0.0179348 0.862586 -0.0224452 3.0746 1.56861 
7.5616 0 0 0 0 0 0 -0.0408418 -0.0179936 0.862781 -0.0218732 3.08435 1.56818 
7.61564 0 0 0 0 0 0 -0.0408599 -0.0178918 0.86241 -0.0234512 3.06761 1.5687 
7.67121 0 0 0 0 0 0 -0.0408939 -0.0179428 0.86285 -0.019225 3.07749 1.56833 
7.72621 0 0 0 0 0 0 -0.0400583 -0.0183001 0.865636 0.11201 -3.1273 1.57188 
7.78094 0 0 0 0 0 0 -0.0408548 -0.0180059 0.863143 -0.0147293 3.08761 1.56834 
7.83588 0 0 0 0 0 0 -0.0408643 -0.018018 0.863298 -0.0126429 3.08913 1.5688 
7.89108 0 0 0 0 0 0 -0.0408324 -0.0180128 0.863075 -0.0151647 3.08658 1.56961 
7.9466 0 0 0 0 0 0 -0.0408756 -0.0180014 0.862973 -0.0182817 3.08497 1.56907 
8.00177 0 0 0 0 0 0 -0.0408608 -0.0179183 0.862508 -0.0199385 3.07195 1.56899 
8.05777 0 0 0 0 0 0 -0.0408972 -0.0179114 0.862718 -0.0237571 3.07241 1.56804 
8.11257 0 0 0 0 0 0 -0.0408463 -0.01801 0.863487 -0.0187583 3.08701 1.56862 
8.16745 0 0 0 0 0 0 -0.0408552 -0.0179605 0.862557 -0.0235611 3.07933 1.56798 
8.22366 0 0 0 0 0 0 -0.0400591 -0.0183059 0.865866 0.108351 -3.12993 1.57184 
8.27978 0 0 0 0 0 0 -0.0408542 -0.0180223 0.863162 -0.0116896 3.09043 1.56846 
8.33361 0 0 0 0 0 0 -0.0408524 -0.017991 0.862926 -0.0226687 3.08333 1.56849 
8.3893 0 0 0 0 0 0 -0.0408073 -0.0180375 0.863128 -0.0155117 3.09078 1.56933 
8.44471 0 0 0 0 0 0 -0.0407918 -0.0180143 0.862983 -0.0194108 3.08725 1.56871 
8.5035 0 0 0 0 0 0 -0.0408224 -0.0179591 0.863222 -0.0199522 3.07896 1.56877 
8.55478 0 0 0 0 0 0 -0.0399929 -0.0182776 0.866128 0.116234 -3.13602 1.57148 
8.6095 0 0 0 0 0 0 -0.0399224 -0.0182761 0.866082 0.120687 -3.13611 1.57141 
8.66492 0 0 0 0 0 0 -0.0408467 -0.0179203 0.862413 -0.0342441 3.07547 1.56878 
8.72024 0 0 0 0 0 0 -0.0408585 -0.0179525 0.863223 -0.026082 3.0778 1.56814 
8.77536 0 0 0 0 0 0 -0.0407306 -0.0180098 0.863235 -0.0228141 3.08547 1.56899 
8.83068 0 0 0 0 0 0 -0.0407433 -0.0180118 0.863766 -0.0177188 3.08627 1.56947 
8.88583 0 0 0 0 0 0 -0.0407845 -0.0179111 0.862844 -0.0219753 3.07187 1.56852 
8.94238 0 0 0 0 0 0 -0.0398053 -0.0182513 0.866578 0.126198 3.13779 1.57073 
8.9973 0 0 0 0 0 0 -0.040719 -0.0180468 0.863829 -0.0151661 3.09225 1.56933 
9.0523 0 0 0 0 0 0 -0.040547 -0.0182506 0.867012 0.000915593 3.12493 1.57157 
9.10787 0 0 0 0 0 0 -0.0407117 -0.0181485 0.864345 -0.0116416 3.10837 1.56944 
9.16268 0 0 0 0 0 0 -0.0406973 -0.0181883 0.864451 -0.00806786 3.11501 1.56966 
9.218 0 0 0 0 0 0 -0.0397034 -0.018262 0.866709 0.137368 -3.141 1.57065 
9.27301 0 0 0 0 0 0 -0.0397028 -0.0182423 0.866323 0.139846 -3.14041 1.57065 
9.32888 0 0 0 0 0 0 -0.0407418 -0.0180722 0.863604 -0.0241327 3.09518 1.5689 
9.38408 0 0 0 0 0 0 -0.0406683 -0.0181972 0.864849 -0.0185581 3.11514 1.5697 
9.43874 0 0 0 0 0 0 -0.0405991 -0.0182349 0.864874 -0.0140923 3.12173 1.57002 
9.49479 0 0 0 0 0 0 -0.0406614 -0.0181181 0.864535 -0.0205405 3.10227 1.56963 
9.54977 0 0 0 0 0 0 -0.0406772 -0.0180856 0.863661 -0.0229667 3.09733 1.56905 
9.60517 0 0 0 0 0 0 -0.0397327 -0.0182467 0.866681 0.131801 3.13654 1.57048 
9.65999 0 0 0 0 0 0 -0.040633 -0.0181901 0.864496 -0.0323054 3.1127 1.57002 
9.71468 0 0 0 0 0 0 -0.0397914 -0.0181971 0.867255 0.126076 3.13632 1.57057 
9.76987 0 0 0 0 0 0 -0.0406052 -0.018225 0.864495 -0.0298593 3.11892 1.56994 
9.82537 0 0 0 0 0 0 -0.040609 -0.018242 0.865112 -0.0222559 3.12211 1.57048 
9.88069 0 0 0 0 0 0 -0.0396421 -0.0182338 0.866345 0.145359 -3.14067 1.57038 
9.93607 0 0 0 0 0 0 -0.0406158 -0.0182238 0.865045 -0.0213652 3.11912 1.57034 
9.99065 0 0 0 0 0 0 -0.040631 -0.0182109 0.864525 -0.0316063 3.11628 1.5702 
10.0985 0 0 0 0 0 0 -0.0406098 -0.0182605 0.86474 -0.036579 3.12433 1.56982 
10.1308 0 0 0 0 0 0 -0.0406312 -0.018231 0.86456 -0.0309354 3.11971 1.5704 
10.1808 0 0 0 0 0 0 -0.0406164 -0.0182208 0.865041 -0.0215251 3.11862 1.57032 
10.2385 0 0 0 0 0 0 -0.0405896 -0.0181934 0.865065 -0.0272713 3.11368 1.56973 
10.3019 0 0 0 0 0 0 -0.040614 -0.0182684 0.864676 -0.0352569 3.12591 1.57069 
10.3579 0 0 0 0 0 0 -0.0406199 -0.0181402 0.86454 -0.0407178 3.10369 1.56951 
10.4137 0 0 0 0 0 0 -0.0406107 -0.018241 0.864713 -0.0372061 3.12092 1.57044 
10.4688 0 0 0 0 0 0 -0.0396814 -0.0182427 0.866361 0.141301 -3.14047 1.57062 
10.5236 0 0 0 0 0 0 -0.040689 -0.0181114 0.863914 -0.0282369 3.10097 1.5687 
10.5794 0 0 0 0 0 0 -0.0406843 -0.0181318 0.863985 -0.0267219 3.10432 1.56885 
10.6344 0 0 0 0 0 0 -0.0406862 -0.0180778 0.864229 -0.0194961 3.09627 1.56941 
10.6889 0 0 0 0 0 0 -0.0406769 -0.0181694 0.864773 -0.0208343 3.1105 1.56951 
10.7445 0 0 0 0 0 0 -0.0406948 -0.0181505 0.864566 -0.0176397 3.1079 1.56941 
10.8005 0 0 0 0 0 0 -0.0407161 -0.0180864 0.864319 -0.0237243 3.09745 1.56897 
10.855 0 0 0 0 0 0 -0.0407114 -0.018126 0.864378 -0.0168148 3.10426 1.56928 
10.9104 0 0 0 0 0 0 -0.0406787 -0.0182209 0.864632 -0.00855428 3.12013 1.56984 
10.9659 0 0 0 0 0 0 -0.040757 -0.0180739 0.863845 -0.0132519 3.09701 1.56906 
11.0206 0 0 0 0 0 0 -0.0408181 -0.0180353 0.863825 -0.0216947 3.09023 1.56867 
11.0751 0 0 0 0 0 0 -0.0408149 -0.0180137 0.863813 -0.0267595 3.08645 1.56844 
11.1313 0 0 0 0 0 0 -0.0408233 -0.0180026 0.863705 -0.0264664 3.08488 1.56839 
11.1864 0 0 0 0 0 0 -0.0407857 -0.0180149 0.863728 -0.0198624 3.08697 1.56904 
11.2419 0 0 0 0 0 0 -0.0407796 -0.0180443 0.863434 -0.0216109 3.09083 1.5692 
11.2974 0 0 0 0 0 0 -0.0407954 -0.0179338 0.863032 -0.0170899 3.07518 1.56914 
11.3523 0 0 0 0 0 0 -0.0408011 -0.0179889 0.863081 -0.0231678 3.08233 1.56886 
11.4072 0 0 0 0 0 0 -0.040751 -0.0180095 0.863287 -0.0206592 3.08518 1.56942 
11.463 0 0 0 0 0 0 -0.0407619 -0.0179983 0.863536 -0.0148192 3.08472 1.56949 
11.5179 0 0 0 0 0 0 -0.0408576 -0.0179741 0.863296 -0.0224985 3.08136 1.56836 
11.5731 0 0 0 0 0 0 -0.0408475 -0.0180362 0.8635 -0.0133372 3.0916 1.56885 
11.629 0 0 0 0 0 0 -0.0400623 -0.0182952 0.866005 0.10596 -3.13523 1.5716 
11.6905 0 0 0 0 0 0 -0.0402667 -0.0183466 0.866 0.0779304 -3.13161 1.5719 
11.7338 0 0 0 0 0 0 -0.0399839 -0.0182817 0.865802 0.118367 -3.13125 1.57165 
11.7826 0 0 0 0 0 0 -0.0406955 -0.018323 0.865587 -0.0125113 3.13766 1.57176 
11.8397 0 0 0 0 0 0 -0.0408636 -0.0179906 0.862814 -0.0201507 3.08367 1.56857 
11.8957 0 0 0 0 0 0 -0.0401459 -0.0183211 0.865916 0.0958623 -3.13301 1.57176 
11.9549 0 0 0 0 0 0 -0.0401811 -0.0183408 0.86538 0.0990542 -3.12183 1.57216 
12.0111 0 0 0 0 0 0 -0.0399353 -0.0182423 0.865836 0.123917 -3.1387 1.57105 
12.0665 0 0 0 0 0 0 -0.0399558 -0.0182427 0.865784 0.122512 -3.13845 1.57108 
12.122 0 0 0 0 0 0 -0.0400538 -0.0182955 0.865632 0.112701 -3.12814 1.57182 
12.1763 0 0 0 0 0 0 -0.0400901 -0.0182946 0.865501 0.110474 -3.12787 1.5718 
12.2317 0 0 0 0 0 0 -0.0408792 -0.0179164 0.862419 -0.0265659 3.072 1.56799 
12.2864 0 0 0 0 0 0 -0.0410312 -0.018409 0.860884 0.0106458 -3.11551 1.571 
12.3422 0 0 0 0 0 0 -0.0408527 -0.0179636 0.862837 -0.0262953 3.0788 1.56823 
12.3982 0 0 0 0 0 0 -0.0408594 -0.0179845 0.862839 -0.0219361 3.08249 1.56848 
12.4522 0 0 0 0 0 0 -0.0397666 -0.0182409 0.866204 0.135515 -3.14025 1.57075 
12.5064 0 0 0 0 0 0 -0.0408879 -0.0180148 0.863012 -0.0222402 3.08723 1.56828 
12.5626 0 0 0 0 0 0 -0.0398097 -0.0182414 0.86612 0.132533 -3.13986 1.57083 
12.6181 0 0 0 0 0 0 -0.0397969 -0.0182475 0.865926 0.136198 -3.13512 1.57106 
12.6742 0 0 0 0 0 0 -0.0408697 -0.0179311 0.863044 -0.0269348 3.07468 1.56801 
12.7284 0 0 0 0 0 0 -0.0408335 -0.018003 0.863141 -0.0255927 3.08464 1.56846 
12.7836 0 0 0 0 0 0 -0.0408289 -0.0179497 0.862756 -0.030868 3.07667 1.56767 
12.8387 0 0 0 0 0 0 -0.0397924 -0.0182473 0.866168 0.133449 -3.13892 1.57093 
12.8958 0 0 0 0 0 0 -0.0399325 -0.0182504 0.866652 0.112081 3.13449 1.57081 
12.9426 0 0 0 0 0 0 -0.0406573 -0.0181961 0.866231 -0.0200465 3.11541 1.57107 
12.9994 0 0 0 0 0 0 -0.0397151 -0.018228 0.866274 0.13956 3.1402 1.57032 
13.0535 0 0 0 0 0 0 -0.039675 -0.0182341 0.866349 0.142124 3.1411 1.57037 
13.1101 0 0 0 0 0 0 -0.0397012 -0.0182401 0.86632 0.14006 -3.14083 1.57059 
13.1679 0 0 0 0 0 0 -0.0397011 -0.0182402 0.866431 0.13808 3.13911 1.57041 
13.2192 0 0 0 0 0 0 -0.040665 -0.0181337 0.864487 -0.0160808 3.1052 1.56977 
13.2767 0 0 0 0 0 0 -0.0406695 -0.018105 0.864437 -0.0201145 3.10029 1.56955 
13.3304 0 0 0 0 0 0 -0.0406145 -0.0182484 0.865026 -0.0184961 3.12356 1.57052 
13.3855 0 0 0 0 0 0 -0.0406615 -0.0183005 0.865155 -0.0168363 3.13234 1.56996 
13.4417 0 0 0 0 0 0 -0.0397023 -0.0182401 0.866588 0.13651 3.1385 1.57045 
13.4945 0 0 0 0 0 0 -0.0406577 -0.018174 0.864239 -0.025286 3.11081 1.56996 
13.5519 0 0 0 0 0 0 -0.0407161 -0.018107 0.8642 -0.0389018 3.09913 1.5685 
13.6098 0 0 0 0 0 0 -0.040788 -0.0179246 0.862905 -0.0279029 3.07431 1.56711 
13.6601 0 0 0 0 0 0 -0.0407909 -0.0178929 0.862745 -0.0324843 3.06927 1.56674 
13.715 0 0 0 0 0 0 -0.0409271 -0.0179324 0.861885 -0.00758684 3.0796 1.56746 
13.773 0 0 0 0 0 0 -0.0409014 -0.0178367 0.86182 -0.0277682 3.06286 1.56634 
13.8266 0 0 0 0 0 0 -0.0408284 -0.0178207 0.861854 -0.0412093 3.05992 1.56502 
13.8829 0 0 0 0 0 0 -0.0408599 -0.0178517 0.861883 -0.0171539 3.06794 1.56597 
13.9381 0 0 0 0 0 0 -0.0410342 -0.0181969 0.860945 0.0265694 3.1353 1.56863 
13.9872 0 0 0 0 0 0 -0.0408403 -0.0177391 0.860757 -0.0425877 3.04954 1.56342 
14.0452 0 0 0 0 0 0 -0.04096 -0.0180193 0.861179 0.0128095 3.09757 1.56742 
14.1042 0 0 0 0 0 0 -0.040918 -0.0177803 0.859991 -0.0297081 3.05707 1.56373 
14.1575 0 0 0 0 0 0 -0.040748 -0.0183879 0.862852 0.0717453 3.13162 1.56186 
14.2097 0 0 0 0 0 0 -0.040784 -0.0185346 0.862402 0.0831265 -3.12401 1.55938 
14.269 0 0 0 0 0 0 -0.040721 -0.0179745 0.862547 0.0148624 3.05941 1.5623 
14.3201 0 0 0 0 0 0 -0.0403836 -0.0181936 0.862703 0.0893291 3.07565 1.56212 
14.3743 0 0 0 0 0 0 -0.0406017 -0.018086 0.862826 0.0463142 3.06952 1.56175 
14.43 0 0 0 0 0 0 -0.0406476 -0.0180194 0.86278 0.0407093 3.0637 1.56386 
14.4865 0 0 0 0 0 0 -0.0406305 -0.0182139 0.86235 0.0802959 3.09232 1.56569 
14.5386 0 0 0 0 0 0 -0.0408662 -0.0181188 0.861745 0.038901 3.10495 1.56719 
14.5998 0 0 0 0 0 0 -0.0409778 -0.0179687 0.861608 0.00501253 3.08708 1.56831 
14.6602 0 0 0 0 0 0 -0.0409582 -0.0179508 0.861816 -0.000411381 3.08312 1.56811 
14.7042 0 0 0 0 0 0 -0.0409693 -0.0179121 0.861892 -0.0197679 3.07327 1.56788 
14.7597 0 0 0 0 0 0 -0.0409311 -0.0179332 0.862564 -0.0263864 3.07444 1.56807 
14.8173 0 0 0 0 0 0 -0.0401183 -0.0183743 0.865783 0.103225 -3.11417 1.5728 
14.8766 0 0 0 0 0 0 -0.0397119 -0.0182131 0.865485 0.154364 -3.11117 1.57184 
14.9323 0 0 0 0 0 0 -0.0404394 -0.0181853 0.863995 -0.0357239 -3.13992 1.57907 
14.9858 0 0 0 0 0 0 -0.0394988 -0.0176899 0.864211 0.096875 3.08013 1.58667 
15.0362 0 0 0 0 0 0 -0.0401359 -0.0178519 0.86857 0.0696967 3.13751 1.58608 
15.0923 0 0 0 0 0 0 -0.0400475 -0.0175415 0.86698 0.023703 3.1125 1.59139 
15.1501 0 0 0 0 0 0 -0.0397208 -0.0176315 0.864792 0.0138803 3.1353 1.5945 
15.2062 0 0 0 0 0 0 -0.0396721 -0.0177268 0.863999 -0.0058376 -3.118 1.59894 
15.2573 0 0 0 0 0 0 -0.0395138 -0.0176704 0.865968 0.0284576 -3.1246 1.6031 
15.3118 0 0 0 0 0 0 -0.0393627 -0.0174246 0.865197 0.0254704 3.13693 1.60755 
15.3692 0 0 0 0 0 0 -0.0389469 -0.0175183 0.865072 0.0377154 -3.11031 1.61133 
15.4221 0 0 0 0 0 0 -0.0388242 -0.0176584 0.864741 0.0156117 -3.09328 1.61481 
15.4803 0 0 0 0 0 0 -0.0388476 -0.0175441 0.86444 0.021514 -3.10799 1.61793 
15.5379 0 0 0 0 0 0 -0.0388052 -0.0172662 0.863253 0.0229952 -3.11776 1.61983 
15.5851 0 0 0 0 0 0 -0.0387929 -0.0173883 0.864147 0.00840389 -3.11215 1.61972 
15.645 0 0 0 0 0 0 -0.0387387 -0.0172539 0.863666 0.00160212 -3.12547 1.62189 
15.6955 0 0 0 0 0 0 -0.0390822 -0.0170025 0.863205 -0.00170337 3.13829 1.62438 
15.7515 0 0 0 0 0 0 -0.038855 -0.0174055 0.862749 0.00761691 -3.09432 1.62029 
15.8078 0 0 0 0 0 0 -0.0386937 -0.0171993 0.862916 0.0121303 -3.13284 1.62105 
15.8664 0 0 0 0 0 0 -0.0387635 -0.0171812 0.863041 -0.0015051 -3.11802 1.6203 
15.9157 0 0 0 0 0 0 -0.038908 -0.0174208 0.864787 0.0238733 -3.10139 1.61219 
15.9731 0 0 0 0 0 0 -0.0389451 -0.0172331 0.864947 0.0494527 -3.1345 1.61001 
16.0288 0 0 0 0 0 0 -0.0391939 -0.0172349 0.86799 0.0387416 -3.13939 1.60681 
16.0901 0 0 0 0 0 0 -0.0396278 -0.0175206 0.863135 0.0267739 -3.1177 1.59488 
16.137 0 0 0 0 0 0 -0.0399016 -0.0174386 0.863539 0.0371328 3.13576 1.59244 
16.1942 0 0 0 0 0 0 -0.0401424 -0.0176629 0.8677 0.0671261 3.13776 1.58648 
16.2554 0 0 0 0 0 0 -0.0405661 -0.0181978 0.865743 0.0120787 -3.13338 1.57643 
16.3101 0 0 0 0 0 0 -0.0410356 -0.0181786 0.861089 0.0119166 -3.13549 1.566 
16.3645 0 0 0 0 0 0 -0.0413367 -0.0184854 0.861755 0.00959084 -3.08728 1.55836 
16.42 0 0 0 0 0 0 -0.0412933 -0.0185618 0.864593 0.0531662 -3.10507 1.54533 
16.4755 0 0 0 0 0 0 -0.0413919 -0.0182114 0.865186 0.065296 3.11833 1.54142 
16.5316 0 0 0 0 0 0 -0.0421425 -0.0187605 0.864635 0.0343916 3.13708 1.52758 
16.579 0 0 0 0 0 0 -0.0419975 -0.0190131 0.864449 0.0725204 -3.12318 1.51995 
16.6342 0 0 0 0 0 0 -0.0419056 -0.0189813 0.863003 0.0900489 3.13897 1.51429 
16.6951 0 0 0 0 0 0 -0.042674 -0.0193558 0.868328 0.0506732 3.13275 1.50085 
16.8248 0 0 0 0 0 0 -0.0428601 -0.0195077 0.86371 0.0308343 -3.11236 1.49598 
16.8598 0 0 0 0 0 0 -0.0431898 -0.0194867 0.863541 0.0327289 3.13991 1.48475 
16.9117 0 0 0 0 0 0 -0.0430412 -0.0195925 0.864172 0.0342971 3.13704 1.48148 
16.9658 0 0 0 0 0 0 -0.0432177 -0.0198756 0.86462 0.0542805 3.13939 1.47406 
17.0211 0 0 0 0 0 0 -0.0428378 -0.0199997 0.863357 0.0727015 3.12565 1.46975 
17.0761 0 0 0 0 0 0 -0.0432445 -0.020035 0.863837 0.0541488 3.132 1.46909 
17.1295 0 0 0 0 0 0 -0.0437113 -0.0201226 0.864239 0.0257649 -3.12268 1.4671 
17.1901 0 0 0 0 0 0 -0.0429278 -0.0201071 0.863514 0.0466513 3.13484 1.47019 
17.2453 0 0 0 0 0 0 -0.0429537 -0.0201975 0.864124 0.0462626 -3.13781 1.47133 
17.3011 0 0 0 0 0 0 -0.0433084 -0.0199222 0.864259 0.0277374 3.12669 1.47699 
17.3561 0 0 0 0 0 0 -0.0429989 -0.0197755 0.862966 -0.0077365 3.11883 1.48347 
17.4112 0 0 0 0 0 0 -0.0426729 -0.0201028 0.868547 0.0344843 -3.11831 1.49311 
17.4606 0 0 0 0 0 0 -0.0421459 -0.0198457 0.863306 0.0875331 -3.13535 1.49849 
17.5137 0 0 0 0 0 0 -0.0418504 -0.0196467 0.863542 0.0169836 -3.11816 1.5166 
17.5742 0 0 0 0 0 0 -0.0415254 -0.019604 0.864032 0.0222574 -3.10857 1.52196 
17.6291 0 0 0 0 0 0 -0.041443 -0.0188415 0.861965 -0.0353417 3.12114 1.53371 
17.6838 0 0 0 0 0 0 -0.0404716 -0.018833 0.864717 0.111289 3.11781 1.55167 
17.7426 0 0 0 0 0 0 -0.0405001 -0.0181163 0.863104 -0.0266774 3.07801 1.56047 
17.7897 0 0 0 0 0 0 -0.0405418 -0.0182841 0.864788 -0.0375899 3.12834 1.57011 
17.8446 0 0 0 0 0 0 -0.0398653 -0.0178183 0.868917 0.0139214 3.11044 1.59229 
17.9032 0 0 0 0 0 0 -0.0392391 -0.0178016 0.862708 -0.0400162 3.12145 1.60236 
17.9626 0 0 0 0 0 0 -0.0384708 -0.0174371 0.863929 0.017333 -3.12452 1.62093 
18.0093 0 0 0 0 0 0 -0.0384379 -0.0169902 0.865029 0.0390228 3.13385 1.63247 
18.069 0 0 0 0 0 0 -0.037637 -0.0169316 0.864393 0.0433043 3.13578 1.64437 
18.1273 0 0 0 0 0 0 -0.037793 -0.0168105 0.868218 0.0383681 -3.12444 1.66025 
18.1832 0 0 0 0 0 0 -0.0374067 -0.0164703 0.86426 0.0233415 -3.12764 1.66914 
18.2371 0 0 0 0 0 0 -0.0374514 -0.016222 0.864471 0.0109134 3.12742 1.68035 
18.2937 0 0 0 0 0 0 -0.0371808 -0.0161409 0.864706 -0.00715731 -3.13555 1.69319 
18.3481 0 0 0 0 0 0 -0.0368236 -0.0160152 0.864478 0.0198899 3.1397 1.69823 
18.405 0 0 0 0 0 0 -0.03654 -0.0157721 0.864421 0.063 -3.11549 1.70806 
18.4603 0 0 0 0 0 0 -0.0365555 -0.0157676 0.864566 0.0393074 -3.11866 1.71187 
18.5057 0 0 0 0 0 0 -0.0364759 -0.0156797 0.865078 0.0454928 -3.1305 1.71327 
18.5602 0 0 0 0 0 0 -0.0364738 -0.015539 0.864699 0.0380232 -3.13514 1.7156 
18.6151 0 0 0 0 0 0 -0.0366614 -0.015471 0.864337 0.0338706 -3.13779 1.71462 
18.6709 0 0 0 0 0 0 -0.0369439 -0.0155659 0.864453 0.0293169 -3.12325 1.71372 
18.7261 0 0 0 0 0 0 -0.0367244 -0.0153882 0.863639 0.0233973 -3.14018 1.70515 
18.7902 0 0 0 0 0 0 -0.0367914 -0.0153822 0.864011 0.0176034 -3.14116 1.70123 
18.8355 0 0 0 0 0 0 -0.0373514 -0.0154854 0.864848 0.0376517 3.13257 1.68599 
18.8921 0 0 0 0 0 0 -0.0376849 -0.0156252 0.863964 0.0488039 3.1378 1.67813 
18.9556 0 0 0 0 0 0 -0.038145 -0.0158387 0.863289 0.0159019 -3.13079 1.66986 
18.9999 0 0 0 0 0 0 -0.0381806 -0.016053 0.863339 0.0584135 -3.13193 1.64769 
19.0561 0 0 0 0 0 0 -0.0387795 -0.0161696 0.863098 0.0259386 3.12424 1.6379 
19.1115 0 0 0 0 0 0 -0.0393492 -0.0165245 0.86456 0.0321033 -3.10992 1.62598 
19.1661 0 0 0 0 0 0 -0.0397568 -0.0169238 0.861775 0.0979281 -3.10904 1.59515 
19.2315 0 0 0 0 0 0 -0.0404783 -0.0174031 0.862378 0.0610158 -3.09738 1.58507 
19.2784 0 0 0 0 0 0 -0.0417481 -0.0178373 0.860588 -0.0220606 -3.0885 1.55386 
19.3332 0 0 0 0 0 0 -0.0422672 -0.0178143 0.864619 0.0835317 -3.14096 1.54162 
19.3934 0 0 0 0 0 0 -0.0425341 -0.0181163 0.862298 0.0776236 -3.11516 1.52985 
19.4514 0 0 0 0 0 0 -0.0435571 -0.0184833 0.864225 0.0312408 3.1386 1.50554 
19.506 0 0 0 0 0 0 -0.0434139 -0.0188078 0.862548 0.0754424 3.13525 1.48887 
19.5636 0 0 0 0 0 0 -0.043829 -0.0190064 0.862712 0.0635506 3.136 1.48025 
19.6177 0 0 0 0 0 0 -0.0443041 -0.0194616 0.863331 0.0326412 3.13664 1.45525 
19.6742 0 0 0 0 0 0 -0.0443914 -0.0199123 0.862909 0.033087 -3.11143 1.4396 
19.7302 0 0 0 0 0 0 -0.0445099 -0.0203741 0.864061 0.0440437 -3.12254 1.42119 
19.7734 0 0 0 0 0 0 -0.0443728 -0.0203662 0.862563 0.0386606 3.12446 1.4136 
19.8298 0 0 0 0 0 0 -0.0447374 -0.0208 0.866414 0.040211 -3.12344 1.40414 
19.8952 0 0 0 0 0 0 -0.0447627 -0.0209664 0.864016 0.0522593 -3.13306 1.39196 
20.0334 0 0 0 0 0 0 -0.0446637 -0.0209477 0.863431 0.0319105 3.13547 1.38947 
20.0679 0 0 0 0 0 0 -0.0445983 -0.0211632 0.864075 0.0530126 3.13716 1.38426 
20.1154 0 0 0 0 0 0 -0.0448239 -0.0211474 0.863195 0.039087 3.14073 1.38481 
20.1718 0 0 0 0 0 0 -0.0452125 -0.0211631 0.863133 0.0341625 3.13786 1.38805 
20.2351 0 0 0 0 0 0 -0.0455312 -0.0210851 0.86455 0.00229905 3.13951 1.39172 
20.2805 0 0 0 0 0 0 -0.0458559 -0.0211417 0.868625 0.0366513 3.13256 1.40432 
20.3364 0 0 0 0 0 0 -0.045704 -0.0209707 0.864229 0.0345368 -3.12667 1.41072 
20.3917 0 0 0 0 0 0 -0.0453408 -0.0208079 0.864196 0.00537778 -3.12368 1.41961 
20.4446 0 0 0 0 0 0 -0.0449535 -0.020671 0.864282 0.0175141 -3.12646 1.42876 
20.5003 0 0 0 0 0 0 -0.0425553 -0.0199792 0.864258 0.0388496 3.13302 1.46754 
20.5655 0 0 0 0 0 0 -0.0423008 -0.0195118 0.869047 0.0232212 -3.13435 1.49703 
20.6221 0 0 0 0 0 0 -0.0411838 -0.0191622 0.864066 0.0672835 3.14078 1.51221 
20.6635 0 0 0 0 0 0 -0.0410101 -0.0191113 0.862046 -0.0202869 -3.1129 1.52997 
20.7199 0 0 0 0 0 0 -0.0393439 -0.0184289 0.861817 0.0263017 -3.10246 1.56172 
20.7822 0 0 0 0 0 0 -0.0388679 -0.0184089 0.862174 0.00367305 -3.09647 1.57573 
20.8291 0 0 0 0 0 0 -0.0378736 -0.0176044 0.864182 0.0355266 3.11847 1.59246 
20.8833 0 0 0 0 0 0 -0.0373912 -0.017324 0.863519 -0.0121419 -3.10871 1.62654 
20.9412 0 0 0 0 0 0 -0.0370492 -0.0169373 0.864303 0.0147511 -3.13683 1.64143 
20.9997 0 0 0 0 0 0 -0.0366477 -0.0165629 0.863645 0.0330727 3.12214 1.65955 
21.0582 0 0 0 0 0 0 -0.0367106 -0.0166504 0.865118 0.0133314 -3.11947 1.67387 
21.104 0 0 0 0 0 0 -0.0364077 -0.0160504 0.864025 0.0181881 -3.13447 1.70418 
21.1611 0 0 0 0 0 0 -0.036633 -0.0159191 0.864397 -0.00611667 -3.14097 1.71764 
21.2285 0 0 0 0 0 0 -0.036392 -0.0157658 0.865053 0.0252578 -3.13685 1.73042 
21.2868 0 0 0 0 0 0 -0.0362114 -0.0153025 0.862457 0.0260852 -3.13736 1.76083 
21.3293 0 0 0 0 0 0 -0.0363373 -0.015235 0.863175 0.00876408 -3.12863 1.76875 
21.3873 0 0 0 0 0 0 -0.0361063 -0.0151252 0.864248 0.0241818 -3.12098 1.77478 
21.4485 0 0 0 0 0 0 -0.0355773 -0.0147898 0.863217 0.0373525 -3.12717 1.78468 
21.4978 0 0 0 0 0 0 -0.0354436 -0.0146497 0.862931 0.0295836 -3.12963 1.78646 
21.5505 0 0 0 0 0 0 -0.0352258 -0.0145542 0.864321 0.0495279 -3.127 1.78782 
21.6063 0 0 0 0 0 0 -0.034906 -0.0144101 0.863653 0.0520426 -3.10446 1.78154 
21.6646 0 0 0 0 0 0 -0.035196 -0.0143759 0.864574 0.0346799 -3.10488 1.77972 
21.7147 0 0 0 0 0 0 -0.0350773 -0.0141556 0.863897 0.0225819 -3.14128 1.76791 
21.7725 0 0 0 0 0 0 -0.0351248 -0.0141083 0.863466 0.00190838 3.13554 1.75972 
21.8257 0 0 0 0 0 0 -0.035297 -0.0141156 0.863458 -0.00448883 3.13706 1.74963 
21.8798 0 0 0 0 0 0 -0.0361918 -0.0144548 0.864774 0.037166 -3.13669 1.72497 
21.9392 0 0 0 0 0 0 -0.0364173 -0.0146458 0.863048 0.0145706 3.14001 1.71082 
21.9881 0 0 0 0 0 0 -0.0369703 -0.014923 0.863901 0.0385734 -3.12712 1.69529 
22.0498 0 0 0 0 0 0 -0.0386078 -0.0154869 0.864121 0.0266042 -3.12798 1.66236 
22.0972 0 0 0 0 0 0 -0.0392067 -0.0159559 0.863557 0.060665 -3.10612 1.64318 
22.156 0 0 0 0 0 0 -0.040963 -0.0164617 0.863857 0.0576293 3.12051 1.60854 
22.2085 0 0 0 0 0 0 -0.0419088 -0.0166484 0.86186 -0.0026828 3.07153 1.59226 
22.2623 0 0 0 0 0 0 -0.0425299 -0.0173717 0.870005 0.0630312 3.13877 1.57044 
22.3252 0 0 0 0 0 0 -0.043345 -0.0179698 0.863553 0.102546 3.1384 1.53129 
22.3735 0 0 0 0 0 0 -0.0441877 -0.018607 0.863162 0.0185524 -3.11852 1.51143 
22.4339 0 0 0 0 0 0 -0.0444725 -0.0189411 0.865379 0.0655636 3.12832 1.49251 
22.4956 0 0 0 0 0 0 -0.0450357 -0.0191619 0.862812 0.025741 3.13676 1.47594 
22.5478 0 0 0 0 0 0 -0.0447886 -0.0198502 0.862812 0.0512689 3.1154 1.4416 
22.6045 0 0 0 0 0 0 -0.045591 -0.0208391 0.867157 0.0143675 -3.11842 1.40455 
22.6504 0 0 0 0 0 0 -0.0452392 -0.021024 0.862341 0.0111736 -3.11803 1.39259 
22.7064 0 0 0 0 0 0 -0.0453401 -0.0214517 0.867334 0.0316405 -3.13248 1.37823 
22.7662 0 0 0 0 0 0 -0.0448955 -0.0217018 0.861822 -0.000869016 3.14137 1.35522 
22.8167 0 0 0 0 0 0 -0.0450168 -0.0219328 0.862545 0.0154934 -3.13673 1.34604 
22.8747 0 0 0 0 0 0 -0.0451303 -0.0221725 0.863313 0.0118394 -3.1352 1.3368 
22.9282 0 0 0 0 0 0 -0.0456185 -0.0221575 0.863635 0.0131449 -3.13768 1.32637 
22.9857 0 0 0 0 0 0 -0.0455552 -0.0221902 0.863721 0.04484 3.13383 1.32212 
23.0398 0 0 0 0 0 0 -0.046115 -0.0221378 0.863137 0.0401589 -3.13171 1.32064 
23.1032 0 0 0 0 0 0 -0.0466727 -0.0219417 0.863906 0.0308118 3.13442 1.32286 
23.1574 0 0 0 0 0 0 -0.0468759 -0.0216448 0.86259 0.050685 3.11874 1.33326 
23.2817 0 0 0 0 0 0 -0.0468103 -0.0216164 0.863707 0.0452736 -3.13676 1.33805 
23.3119 0 0 0 0 0 0 -0.0468456 -0.021405 0.86467 0.050039 -3.13563 1.34796 
23.3632 0 0 0 0 0 0 -0.0466541 -0.021162 0.863218 0.0412876 3.13774 1.35855 
23.4175 0 0 0 0 0 0 -0.0463044 -0.0207602 0.864185 0.0356696 -3.13933 1.38378 
23.4745 0 0 0 0 0 0 -0.0456254 -0.0205937 0.862853 0.0223354 -3.12194 1.39882 
23.5381 0 0 0 0 0 0 -0.0447781 -0.0198065 0.863992 0.0133107 3.13041 1.43251 
23.5944 0 0 0 0 0 0 -0.0432853 -0.0194732 0.86318 -0.00868229 3.11394 1.45241 
23.6495 0 0 0 0 0 0 -0.0425845 -0.0193724 0.863346 -0.00108065 3.12544 1.47014 
23.7036 0 0 0 0 0 0 -0.0408173 -0.0187841 0.864807 0.0402932 -3.12444 1.50875 
23.7589 0 0 0 0 0 0 -0.0388636 -0.0175108 0.860636 -0.0471002 3.05493 1.5562 
23.8134 0 0 0 0 0 0 -0.0377001 -0.0171864 0.862928 -0.0253413 -3.13882 1.59583 
23.8688 0 0 0 0 0 0 -0.0367907 -0.0172187 0.864888 0.0106243 -3.09927 1.61681 
23.9245 0 0 0 0 0 0 -0.0361756 -0.0166281 0.865041 0.0139285 -3.12773 1.64016 
23.9796 0 0 0 0 0 0 -0.0358538 -0.016277 0.865207 0.0287552 -3.1218 1.6585 
24.0347 0 0 0 0 0 0 -0.0357939 -0.0157229 0.864518 0.0244779 -3.14062 1.67997 
24.0898 0 0 0 0 0 0 -0.0357774 -0.015517 0.863953 -0.00548823 -3.13981 1.70213 
24.1332 0 0 0 0 0 0 -0.0356321 -0.0149651 0.862529 0.00242558 3.12517 1.73882 
24.1921 0 0 0 0 0 0 -0.0359774 -0.0146646 0.862895 0.00950632 3.14001 1.77162 
24.2528 0 0 0 0 0 0 -0.0359495 -0.0144909 0.862929 0.00571815 3.12861 1.78558 
24.3089 0 0 0 0 0 0 -0.0361459 -0.01439 0.861963 -0.0151869 3.13874 1.79941 
24.3652 0 0 0 0 0 0 -0.0361188 -0.0141309 0.862338 0.00799401 3.13961 1.8109 
24.4219 0 0 0 0 0 0 -0.0362175 -0.0141332 0.864592 0.0255741 -3.12282 1.82833 
24.4799 0 0 0 0 0 0 -0.0358791 -0.0139406 0.864008 0.0367642 -3.11884 1.83499 
24.5314 0 0 0 0 0 0 -0.0350079 -0.0133471 0.862285 0.027983 -3.1301 1.84277 
24.5861 0 0 0 0 0 0 -0.0344886 -0.0131137 0.862726 0.053091 -3.14075 1.84015 
24.6406 0 0 0 0 0 0 -0.034349 -0.0130224 0.864441 0.0485056 -3.12195 1.83282 
24.6965 0 0 0 0 0 0 -0.0341417 -0.0129015 0.864967 0.0449509 -3.12421 1.82622 
24.7495 0 0 0 0 0 0 -0.0339722 -0.0129057 0.864514 0.055228 -3.12714 1.81572 
24.7963 0 0 0 0 0 0 -0.0342805 -0.0130611 0.864089 0.030733 -3.12279 1.79386 
24.8533 0 0 0 0 0 0 -0.0344302 -0.0131663 0.863469 0.00930162 -3.14152 1.78178 
24.9071 0 0 0 0 0 0 -0.0349102 -0.0134686 0.864708 0.0272244 -3.12981 1.76581 
24.9612 0 0 0 0 0 0 -0.0366504 -0.013951 0.864846 0.0323702 -3.11979 1.72976 
25.0233 0 0 0 0 0 0 -0.0372854 -0.0143911 0.865425 0.0232976 -3.12825 1.71151 
25.0717 0 0 0 0 0 0 -0.0383552 -0.0149966 0.869066 0.0408915 -3.11329 1.69023 
25.1265 0 0 0 0 0 0 -0.0395396 -0.0155639 0.863743 0.069728 -3.13973 1.64772 
25.1892 0 0 0 0 0 0 -0.0402444 -0.0162576 0.863409 0.0772873 -3.10475 1.62085 
25.2442 0 0 0 0 0 0 -0.0416417 -0.0170128 0.863635 0.0733405 -3.08057 1.59756 
25.2985 0 0 0 0 0 0 -0.0437601 -0.0178094 0.860483 -0.00739652 -3.08438 1.55127 
25.3578 0 0 0 0 0 0 -0.0437449 -0.0182536 0.863257 0.109619 -3.13137 1.52601 
25.4017 0 0 0 0 0 0 -0.045061 -0.0185807 0.864475 0.039706 3.12737 1.50658 
25.457 0 0 0 0 0 0 -0.0450835 -0.0191191 0.863006 0.0833167 -3.13394 1.48186 
25.5209 0 0 0 0 0 0 -0.0455946 -0.0197293 0.862951 0.0419115 -3.11081 1.46054 
25.577 0 0 0 0 0 0 -0.0456233 -0.0205068 0.86307 0.0455323 3.11323 1.42105 
25.6231 0 0 0 0 0 0 -0.0460725 -0.0217091 0.862896 0.0278625 -3.10487 1.37863 
25.6791 0 0 0 0 0 0 -0.0459264 -0.022011 0.863509 0.032559 -3.13979 1.36178 
25.7394 0 0 0 0 0 0 -0.0457711 -0.0222948 0.862247 0.00999894 3.12755 1.34702 
25.789 0 0 0 0 0 0 -0.04562 -0.0229717 0.861794 -0.00950509 -3.1413 1.31928 
25.8527 0 0 0 0 0 0 -0.0456323 -0.0233281 0.861546 0.00677198 3.14015 1.2956 
25.9029 0 0 0 0 0 0 -0.0460835 -0.0234721 0.861716 0.000750997 -3.12799 1.28736 
25.9574 0 0 0 0 0 0 -0.0463752 -0.0236087 0.862931 0.00636117 -3.13129 1.27675 
26.0106 0 0 0 0 0 0 -0.0463436 -0.0234222 0.861763 0.0170388 3.13744 1.27596 
26.0651 0 0 0 0 0 0 -0.0466393 -0.0232862 0.861453 0.00870214 3.13206 1.2749 
26.1266 0 0 0 0 0 0 -0.0479804 -0.0230354 0.863619 0.0308325 -3.11279 1.27755 
26.1739 0 0 0 0 0 0 -0.0481358 -0.0227437 0.863637 0.00709587 -3.1228 1.28609 
26.2292 0 0 0 0 0 0 -0.0478529 -0.022411 0.86291 0.0187454 3.13502 1.29255 
26.2852 0 0 0 0 0 0 -0.0483437 -0.0220385 0.868235 0.0325933 -3.13075 1.31478 
26.3511 0 0 0 0 0 0 -0.0475521 -0.021576 0.86315 0.0376822 3.135 1.32792 
26.4085 0 0 0 0 0 0 -0.0470884 -0.0211474 0.863186 0.00884042 -3.11474 1.35907 
26.5239 0 0 0 0 0 0 -0.0465365 -0.0207692 0.863615 0.0048613 -3.1205 1.3775 
26.5556 0 0 0 0 0 0 -0.0452915 -0.0204181 0.863633 0.0309981 -3.13784 1.39636 
26.6024 0 0 0 0 0 0 -0.0433373 -0.0198041 0.864167 0.0358782 3.13951 1.44134 
26.659 0 0 0 0 0 0 -0.042158 -0.0193555 0.864172 0.0073926 3.12935 1.46365 
26.721 0 0 0 0 0 0 -0.0410542 -0.0191923 0.864405 0.0538434 -3.12471 1.48641 
26.7801 0 0 0 0 0 0 -0.0400148 -0.0188521 0.863228 0.0028659 -3.11334 1.51254 
26.8348 0 0 0 0 0 0 -0.0388447 -0.0181616 0.864613 0.052312 3.13356 1.53733 
26.8907 0 0 0 0 0 0 -0.0385997 -0.0177956 0.863526 -0.0428845 3.08509 1.56022 
26.9447 0 0 0 0 0 0 -0.0363841 -0.016946 0.864113 -0.00388902 3.13549 1.61473 
26.9995 0 0 0 0 0 0 -0.0355156 -0.0162781 0.864579 0.00596436 -3.11158 1.66149 
27.0453 0 0 0 0 0 0 -0.0352557 -0.0157739 0.868628 0.0709115 -3.13047 1.68529 
27.1878 0 0 0 0 0 0 -0.0348306 -0.0148286 0.862535 -0.00700713 3.13662 1.73206 
27.2201 0 0 0 0 0 0 -0.0348345 -0.0144474 0.86279 0.0207396 3.12298 1.75298 
27.2674 0 0 0 0 0 0 -0.0353172 -0.0140879 0.861307 -0.0290953 -3.13696 1.79276 
27.3242 0 0 0 0 0 0 -0.035306 -0.0138898 0.86262 0.022722 -3.13532 1.80958 
27.3778 0 0 0 0 0 0 -0.0355722 -0.0138123 0.861512 -0.0167161 -3.12981 1.82482 
27.4384 0 0 0 0 0 0 -0.035703 -0.0134521 0.863856 0.0494891 -3.11219 1.84983 
27.5035 0 0 0 0 0 0 -0.0356948 -0.0127624 0.862052 -0.00470381 -3.13335 1.87652 
27.5607 0 0 0 0 0 0 -0.0352363 -0.0124933 0.861542 0.0206379 -3.13819 1.88127 
27.6147 0 0 0 0 0 0 -0.0351124 -0.0124665 0.861215 0.00308456 -3.12501 1.88332 
27.658 0 0 0 0 0 0 -0.034465 -0.0118484 0.86428 0.0116255 -3.13252 1.87461 
27.714 0 0 0 0 0 0 -0.0338727 -0.0116421 0.863046 0.0364892 -3.12793 1.86638 
27.774 0 0 0 0 0 0 -0.0333994 -0.0116559 0.863467 0.0308495 -3.11975 1.84554 
27.8247 0 0 0 0 0 0 -0.0334584 -0.0116646 0.864091 0.036239 -3.12988 1.83449 
27.8785 0 0 0 0 0 0 -0.0344682 -0.012122 0.865182 0.0423733 -3.13391 1.80502 
27.9332 0 0 0 0 0 0 -0.0349712 -0.012481 0.864499 0.0311079 -3.12546 1.78313 
27.9908 0 0 0 0 0 0 -0.0356002 -0.012847 0.865386 0.0254537 -3.12232 1.76493 
28.0487 0 0 0 0 0 0 -0.0375859 -0.0135919 0.863115 -0.00521397 3.13107 1.72207 
28.1034 0 0 0 0 0 0 -0.0388279 -0.0140704 0.864221 0.0289351 -3.1404 1.69644 
28.1592 0 0 0 0 0 0 -0.0391496 -0.0147403 0.863267 0.0378198 -3.12129 1.67141 
28.2135 0 0 0 0 0 0 -0.0415355 -0.0155441 0.862453 0.0770781 3.11955 1.62303 
28.2583 0 0 0 0 0 0 -0.0433267 -0.0163304 0.870104 0.0378811 -3.13437 1.5922 
28.3167 0 0 0 0 0 0 -0.043121 -0.0163866 0.861823 0.0357837 -3.14156 1.56821 
28.371 0 0 0 0 0 0 -0.0439816 -0.0176058 0.862557 0.0610227 -3.13378 1.5432 
28.4262 0 0 0 0 0 0 -0.0448904 -0.0175973 0.862648 0.00788352 3.09576 1.51911 
28.4907 0 0 0 0 0 0 -0.045261 -0.0184607 0.862398 0.0599849 -3.1336 1.49154 
28.5518 0 0 0 0 0 0 -0.0463079 -0.0198616 0.86333 0.0360553 -3.13158 1.43832 
28.6084 0 0 0 0 0 0 -0.0462511 -0.0203847 0.862868 0.0378015 3.13378 1.4167 
28.6638 0 0 0 0 0 0 -0.0466888 -0.0208667 0.862726 0.0263692 -3.11496 1.39204 
28.7184 0 0 0 0 0 0 -0.0466144 -0.0219222 0.861907 -5.67817e-05 3.13844 1.35033 
28.7754 0 0 0 0 0 0 -0.0465887 -0.0231724 0.863585 0.0285526 3.14041 1.29788 
28.8315 0 0 0 0 0 0 -0.0461341 -0.0235814 0.862099 0.0490698 3.12506 1.2825 
28.8806 0 0 0 0 0 0 -0.0462635 -0.023796 0.862101 0.0200256 3.12185 1.27318 
28.9332 0 0 0 0 0 0 -0.0471286 -0.0243758 0.867914 0.00402722 -3.11337 1.2528 
28.9906 0 0 0 0 0 0 -0.0469204 -0.0242481 0.862761 0.0233632 -3.1184 1.24726 
29.0369 0 0 0 0 0 0 -0.0473553 -0.0240943 0.861864 -0.0076273 3.13239 1.24649 
29.0895 0 0 0 0 0 0 -0.0477396 -0.0239191 0.862178 -0.0129724 -3.13269 1.24684 
29.146 0 0 0 0 0 0 -0.0479086 -0.0237053 0.861044 -0.0114033 -3.13174 1.24909 
29.2006 0 0 0 0 0 0 -0.048639 -0.0231478 0.861392 -0.0137151 -3.12544 1.26445 
29.2542 0 0 0 0 0 0 -0.0485032 -0.0227957 0.861614 0.0133263 3.13455 1.27472 
29.3156 0 0 0 0 0 0 -0.0485989 -0.022501 0.863087 -0.00618323 3.13598 1.28696 
29.3691 0 0 0 0 0 0 -0.0478145 -0.0217274 0.863133 0.0348381 3.13411 1.31735 
29.4226 0 0 0 0 0 0 -0.0472661 -0.0214974 0.86349 0.0462333 3.14054 1.33466 
29.4798 0 0 0 0 0 0 -0.0455123 -0.0208872 0.862746 0.0614005 -3.13084 1.37591 
29.5348 0 0 0 0 0 0 -0.044832 -0.0204769 0.864002 0.0407857 -3.11321 1.39773 
29.5891 0 0 0 0 0 0 -0.0437413 -0.0202726 0.868547 0.0464131 -3.1047 1.42093 
29.6438 0 0 0 0 0 0 -0.0412895 -0.019042 0.862912 0.0114529 3.1224 1.47584 
29.699 0 0 0 0 0 0 -0.0401578 -0.0186596 0.86372 0.0290977 -3.12965 1.49992 
29.7537 0 0 0 0 0 0 -0.0389915 -0.0181804 0.862881 0.0375483 3.13434 1.53106 
29.8013 0 0 0 0 0 0 -0.0387815 -0.0177744 0.869188 0.00367391 3.09542 1.55299 
29.8597 0 0 0 0 0 0 -0.0363916 -0.0178077 0.858259 0.111998 -3.0683 1.57567 
29.9105 0 0 0 0 0 0 -0.0361694 -0.0168187 0.863944 0.0152875 3.12836 1.61243 
29.9812 0 0 0 0 0 0 -0.0356501 -0.0163786 0.868332 0.00290203 -3.12653 1.66235 
30.0395 0 0 0 0 0 0 -0.0347737 -0.0157272 0.863515 -0.00945418 -3.13399 1.68935 
30.0951 0 0 0 0 0 0 -0.0343599 -0.015466 0.864484 0.0319883 -3.12772 1.71301 
30.1505 0 0 0 0 0 0 -0.0344037 -0.0149122 0.864429 -0.0181721 -3.13219 1.76087 
30.2086 0 0 0 0 0 0 -0.0341702 -0.0144704 0.863559 -0.0023106 3.12583 1.78289 
30.2607 0 0 0 0 0 0 -0.0344758 -0.0141725 0.863677 0.00704859 -3.13421 1.8202 
30.3006 0 0 0 0 0 0 -0.0345911 -0.0139592 0.864279 0.0105974 3.13865 1.83638 
30.4406 0 0 0 0 0 0 -0.0347554 -0.0137021 0.863033 0.00265535 3.1312 1.84996 
30.4782 0 0 0 0 0 0 -0.0349037 -0.0134275 0.864646 0.0231822 -3.13497 1.8717 
30.5237 0 0 0 0 0 0 -0.034649 -0.0129884 0.86332 0.0426732 3.13826 1.87935 
30.5778 0 0 0 0 0 0 -0.0345473 -0.0123368 0.862339 0.0010231 3.14075 1.88671 
30.6358 0 0 0 0 0 0 -0.0343901 -0.0121412 0.863119 0.0224363 3.13985 1.88511 
30.6973 0 0 0 0 0 0 -0.0343619 -0.012046 0.862752 -0.00209962 -3.12594 1.87849 
30.7565 0 0 0 0 0 0 -0.0339591 -0.0117731 0.865194 0.0502597 -3.13003 1.86267 
30.8114 0 0 0 0 0 0 -0.0338391 -0.0117411 0.864159 0.0415206 -3.12769 1.85084 
30.8656 0 0 0 0 0 0 -0.0342471 -0.0117789 0.864088 0.00790785 3.12691 1.82307 
30.9196 0 0 0 0 0 0 -0.0350435 -0.0125268 0.864131 0.0250553 -3.1144 1.78348 
30.974 0 0 0 0 0 0 -0.0361752 -0.0131338 0.863533 0.0299445 3.13978 1.74313 
31.0292 0 0 0 0 0 0 -0.0372136 -0.0136032 0.863907 0.0013484 -3.1387 1.71955 
31.0844 0 0 0 0 0 0 -0.0383378 -0.0142845 0.865273 0.00940452 -3.10913 1.69361 
31.1392 0 0 0 0 0 0 -0.0391557 -0.0147062 0.864537 0.026744 -3.12618 1.66783 
31.1943 0 0 0 0 0 0 -0.0411206 -0.015965 0.863955 0.0741842 -3.11908 1.61337 
31.2494 0 0 0 0 0 0 -0.0421834 -0.0163372 0.863741 0.0322986 3.13368 1.59227 
31.3049 0 0 0 0 0 0 -0.0429597 -0.0166953 0.863345 0.0750233 3.12784 1.56481 
31.3602 0 0 0 0 0 0 -0.044036 -0.0180106 0.862409 0.0691247 -3.09409 1.53585 
31.4214 0 0 0 0 0 0 -0.0449678 -0.0182215 0.86464 0.0399255 3.11911 1.51018 
31.4774 0 0 0 0 0 0 -0.0462281 -0.0192948 0.8638 0.0248865 3.12118 1.46082 
31.5325 0 0 0 0 0 0 -0.0465084 -0.0199327 0.863278 0.0512735 3.13658 1.43489 
31.5888 0 0 0 0 0 0 -0.047223 -0.0209914 0.863225 0.0322754 -3.13099 1.39157 
31.645 0 0 0 0 0 0 -0.0471612 -0.0214962 0.864456 0.0701196 3.14038 1.37104 
31.7008 0 0 0 0 0 0 -0.047476 -0.0221122 0.864153 0.0449539 -3.10772 1.35128 
31.7576 0 0 0 0 0 0 -0.0470257 -0.0227113 0.862567 0.0262095 3.1323 1.32039 
31.8149 0 0 0 0 0 0 -0.0466815 -0.0231644 0.863161 0.0526485 3.11121 1.29713 
31.8625 0 0 0 0 0 0 -0.0466922 -0.0234539 0.863262 0.0484496 3.13704 1.28607 
31.9154 0 0 0 0 0 0 -0.0465011 -0.0234696 0.862413 0.0246499 3.12996 1.2752 
31.9686 0 0 0 0 0 0 -0.0465158 -0.0235009 0.862122 0.0513393 -3.13501 1.27088 
32.0228 0 0 0 0 0 0 -0.0465686 -0.0232843 0.862251 0.0534328 3.14018 1.27273 
32.0777 0 0 0 0 0 0 -0.0470958 -0.0230126 0.864455 0.0381343 -3.13172 1.27684 
32.1361 0 0 0 0 0 0 -0.0471767 -0.0223486 0.863225 0.0316985 3.12951 1.29276 
32.1907 0 0 0 0 0 0 -0.0473447 -0.0219828 0.862953 0.0125298 3.12339 1.30306 
32.2453 0 0 0 0 0 0 -0.0472969 -0.0212713 0.864409 0.0337515 3.12743 1.32865 
32.2997 0 0 0 0 0 0 -0.0470941 -0.021029 0.863626 0.0321738 -3.1199 1.34312 
32.3546 0 0 0 0 0 0 -0.0464527 -0.0206388 0.863463 0.0498074 -3.12452 1.36253 
32.409 0 0 0 0 0 0 -0.045194 -0.0197026 0.86263 0.0207848 3.13643 1.40206 
32.4679 0 0 0 0 0 0 -0.0446426 -0.0196344 0.865224 0.027722 -3.11779 1.42454 
32.5233 0 0 0 0 0 0 -0.043548 -0.0189729 0.863075 0.0184788 3.13057 1.44736 
32.5783 0 0 0 0 0 0 -0.0428048 -0.0187463 0.863252 0.00485209 -3.12757 1.47129 
32.6329 0 0 0 0 0 0 -0.0407272 -0.0176598 0.863443 -0.0172988 3.10126 1.52085 
32.6882 0 0 0 0 0 0 -0.0395767 -0.0175813 0.863817 0.0289745 -3.13891 1.54499 
32.744 0 0 0 0 0 0 -0.0391484 -0.0176687 0.864988 0.0115034 -3.06633 1.56916 
32.7985 0 0 0 0 0 0 -0.0378526 -0.0165202 0.860819 -0.0386891 3.0717 1.59263 
32.854 0 0 0 0 0 0 -0.0369021 -0.0166896 0.862932 -0.0338285 -3.11635 1.61994 
32.9093 0 0 0 0 0 0 -0.0356713 -0.0160357 0.863782 -0.0122298 -3.1111 1.66723 
32.965 0 0 0 0 0 0 -0.0350703 -0.0154032 0.863226 -0.0175248 3.14036 1.69135 
33.0208 0 0 0 0 0 0 -0.0346901 -0.0150308 0.869817 0.0406523 -3.12935 1.73215 
33.0767 0 0 0 0 0 0 -0.0344116 -0.0147526 0.865214 0.0199455 -3.12909 1.75238 
33.1328 0 0 0 0 0 0 -0.0344565 -0.0144658 0.865192 0.0243583 -3.13994 1.77238 
33.1898 0 0 0 0 0 0 -0.034608 -0.014079 0.86298 -0.0110921 3.13688 1.80242 
33.2461 0 0 0 0 0 0 -0.0348182 -0.0138742 0.863138 -0.00995329 3.13872 1.81464 
33.3022 0 0 0 0 0 0 -0.0350196 -0.0138075 0.864546 0.0151371 -3.13433 1.82503 
33.3613 0 0 0 0 0 0 -0.0351395 -0.01359 0.863256 0.0196153 -3.12772 1.84059 
33.4146 0 0 0 0 0 0 -0.0354197 -0.0132762 0.864485 0.04235 -3.1137 1.84727 
33.4695 0 0 0 0 0 0 -0.0355594 -0.0131423 0.865299 0.0176524 -3.12957 1.84586 
33.5239 0 0 0 0 0 0 -0.0351536 -0.0129586 0.863654 0.0386246 -3.13355 1.84218 
33.6007 0 0 0 0 0 0 -0.0349403 -0.0127771 0.862993 0.0359092 3.1403 1.82854 
33.6307 0 0 0 0 0 0 -0.0350349 -0.0129096 0.865263 0.039249 -3.12313 1.81907 
33.6804 0 0 0 0 0 0 -0.0349158 -0.0129359 0.863666 0.0293003 -3.13861 1.8065 
33.7386 0 0 0 0 0 0 -0.0352763 -0.0133421 0.865108 0.0350928 -3.12076 1.77762 
33.7989 0 0 0 0 0 0 -0.0356737 -0.0135766 0.86551 0.0155269 -3.12958 1.76145 
33.8702 0 0 0 0 0 0 -0.0365307 -0.0142584 0.864986 0.0330713 -3.12419 1.72384 
33.9264 0 0 0 0 0 0 -0.0370504 -0.0145795 0.863909 0.00567804 -3.13803 1.70111 
33.9809 0 0 0 0 0 0 -0.0378213 -0.0150196 0.863908 0.0145777 -3.14094 1.68154 
34.0264 0 0 0 0 0 0 -0.0397226 -0.0161101 0.863994 0.0100389 -3.13043 1.63628 
34.0766 0 0 0 0 0 0 -0.0407453 -0.0166766 0.864919 0.018951 -3.1297 1.61245 
34.1323 0 0 0 0 0 0 -0.0427726 -0.0176401 0.864071 -0.0267658 3.07359 1.56241 
34.1872 0 0 0 0 0 0 -0.0428718 -0.0179532 0.864754 0.0926806 3.11414 1.54161 
34.2477 0 0 0 0 0 0 -0.0449867 -0.0193467 0.863544 0.014612 -3.08903 1.49609 
34.303 0 0 0 0 0 0 -0.0450678 -0.0195346 0.863103 0.0745252 3.12954 1.47417 
34.3585 0 0 0 0 0 0 -0.0459151 -0.0201666 0.864539 0.0585234 -3.12145 1.45205 
34.4141 0 0 0 0 0 0 -0.0463353 -0.0204542 0.865031 0.0534848 3.13951 1.43295 
34.4696 0 0 0 0 0 0 -0.0466617 -0.0209778 0.865147 0.0400984 -3.14066 1.4136 
34.5261 0 0 0 0 0 0 -0.0468036 -0.0213685 0.863418 0.0227403 -3.13695 1.39737 
34.5817 0 0 0 0 0 0 -0.0467359 -0.0216347 0.864166 0.0412614 3.11916 1.3803 
34.6389 0 0 0 0 0 0 -0.0466266 -0.0224043 0.863522 0.0453484 3.138 1.35125 
34.6971 0 0 0 0 0 0 -0.0461984 -0.023035 0.862294 0.0190312 3.13475 1.32247 
34.7548 0 0 0 0 0 0 -0.0460759 -0.0231697 0.863139 0.0225819 3.1299 1.31535 
34.8077 0 0 0 0 0 0 -0.04594 -0.0231815 0.863026 0.0289923 3.12365 1.31266 
34.851 0 0 0 0 0 0 -0.0460508 -0.0230955 0.863992 0.019168 3.13395 1.30986 
34.9048 0 0 0 0 0 0 -0.046079 -0.0230222 0.864736 0.037389 -3.13896 1.31011 
34.9645 0 0 0 0 0 0 -0.0459736 -0.0226101 0.863762 0.0445654 -3.13391 1.31926 
35.0192 0 0 0 0 0 0 -0.046181 -0.0223098 0.863572 0.0205198 3.14048 1.32617 
35.0743 0 0 0 0 0 0 -0.046032 -0.0219038 0.863407 0.0363462 3.12431 1.33691 
35.132 0 0 0 0 0 0 -0.0464526 -0.0214364 0.868111 0.0353672 -3.12527 1.35856 
35.1872 0 0 0 0 0 0 -0.0456692 -0.0209383 0.862765 0.0361644 -3.13518 1.37496 
35.2414 0 0 0 0 0 0 -0.0453955 -0.0204563 0.863609 0.041489 3.13207 1.39039 
35.2958 0 0 0 0 0 0 -0.0446659 -0.0197648 0.863534 0.017563 -3.13349 1.42601 
35.351 0 0 0 0 0 0 -0.0439066 -0.0194564 0.863345 0.0307202 -3.13486 1.4454 
35.4058 0 0 0 0 0 0 -0.0424279 -0.0187582 0.864354 0.0305005 -3.13647 1.4856 
35.4658 0 0 0 0 0 0 -0.041437 -0.0181796 0.863696 0.0116407 3.11407 1.50693 
35.5209 0 0 0 0 0 0 -0.0405182 -0.0182048 0.863152 0.0602877 -3.09423 1.52857 
35.5761 0 0 0 0 0 0 -0.0397527 -0.01756 0.861351 0.0112327 -3.11774 1.54871 
35.6313 0 0 0 0 0 0 -0.0380436 -0.0166903 0.864243 0.0398825 3.12868 1.59499 
35.6869 0 0 0 0 0 0 -0.0374111 -0.016359 0.862097 -0.0362037 3.11489 1.61525 
35.7424 0 0 0 0 0 0 -0.0367787 -0.0160044 0.863116 -0.0115801 3.11725 1.63819 
35.7989 0 0 0 0 0 0 -0.0362531 -0.0158686 0.864389 -0.00302607 -3.12761 1.65769 
35.8532 0 0 0 0 0 0 -0.0356657 -0.0154432 0.86482 0.0223765 3.1246 1.68077 
35.9097 0 0 0 0 0 0 -0.0351136 -0.0149833 0.864216 0.00616371 -3.13171 1.71783 
35.9653 0 0 0 0 0 0 -0.034907 -0.0147452 0.863222 -0.00470322 3.14029 1.73298 
36.022 0 0 0 0 0 0 -0.0349165 -0.0144109 0.863821 0.000950887 3.12444 1.74754 
36.0786 0 0 0 0 0 0 -0.035034 -0.0141944 0.863367 0.00381323 3.13785 1.77364 
36.1348 0 0 0 0 0 0 -0.035091 -0.0140666 0.863756 0.0138858 -3.13806 1.78495 
36.1928 0 0 0 0 0 0 -0.0358046 -0.0137566 0.863658 0.00959342 3.14098 1.80709 
36.2477 0 0 0 0 0 0 -0.0358582 -0.0136215 0.863561 0.0140441 3.13188 1.81219 
36.2944 0 0 0 0 0 0 -0.0360289 -0.0133947 0.86312 0.00707749 3.12677 1.814 
36.3495 0 0 0 0 0 0 -0.0360675 -0.0133964 0.865365 0.043161 -3.1255 1.81121 
36.4039 0 0 0 0 0 0 -0.036193 -0.0133792 0.865384 0.0224774 -3.12022 1.80715 
36.4594 0 0 0 0 0 0 -0.0361215 -0.0133206 0.864853 0.00758979 -3.12932 1.79371 
36.5146 0 0 0 0 0 0 -0.035883 -0.0132777 0.862933 0.0116434 -3.13311 1.78589 
36.5685 0 0 0 0 0 0 -0.035903 -0.0134447 0.863653 0.0220743 -3.13654 1.76222 
36.6235 0 0 0 0 0 0 -0.0361493 -0.0135415 0.863585 0.00851411 3.12296 1.74865 
36.6782 0 0 0 0 0 0 -0.036265 -0.0138687 0.863419 0.0249218 -3.13165 1.73371 
36.7326 0 0 0 0 0 0 -0.0372023 -0.01454 0.864717 0.0349611 -3.12018 1.69662 
36.7875 0 0 0 0 0 0 -0.0378829 -0.0151239 0.8691 0.0473722 -3.08766 1.67787 
36.8477 0 0 0 0 0 0 -0.0392375 -0.0156405 0.865036 0.0311851 -3.1336 1.64207 
36.9026 0 0 0 0 0 0 -0.0399773 -0.016042 0.86469 0.0501132 3.13832 1.62136 
36.9589 0 0 0 0 0 0 -0.0404854 -0.0163874 0.863604 0.0721844 3.12481 1.60349 
37.0128 0 0 0 0 0 0 -0.0417232 -0.0163417 0.861265 -0.0329899 3.05732 1.58486 
37.0681 0 0 0 0 0 0 -0.0430069 -0.0166743 0.867334 -0.0106854 3.01128 1.56529 
37.1238 0 0 0 0 0 0 -0.0436277 -0.0185783 0.863073 0.0780094 -3.12088 1.5196 
37.1787 0 0 0 0 0 0 -0.0447119 -0.019028 0.863414 0.0181127 -3.10099 1.4992 
37.2355 0 0 0 0 0 0 -0.0447725 -0.0193142 0.863461 0.0624855 -3.13602 1.47977 
37.2909 0 0 0 0 0 0 -0.0461551 -0.0206043 0.863328 0.0216056 -3.12853 1.42766 
37.3474 0 0 0 0 0 0 -0.0460779 -0.0209345 0.863551 0.0335245 -3.14034 1.41286 
37.4029 0 0 0 0 0 0 -0.0462806 -0.0213515 0.864365 0.0375208 -3.13153 1.39983 
37.4604 0 0 0 0 0 0 -0.0462514 -0.0219993 0.863591 0.0171465 -3.11977 1.37406 
37.5164 0 0 0 0 0 0 -0.0460932 -0.022337 0.864752 0.0388793 -3.12236 1.36373 
37.5742 0 0 0 0 0 0 -0.0454345 -0.0225131 0.862804 0.0506245 3.12994 1.35031 
37.6294 0 0 0 0 0 0 -0.0453403 -0.02264 0.862818 0.0442371 -3.1411 1.34532 
37.6771 0 0 0 0 0 0 -0.0455513 -0.0227936 0.863592 0.0314399 -3.11662 1.34153 
37.725 0 0 0 0 0 0 -0.0452372 -0.0227495 0.863338 0.036371 -3.12719 1.3409 
37.7807 0 0 0 0 0 0 -0.0450265 -0.0225698 0.863006 0.0481997 3.14043 1.34355 
37.8362 0 0 0 0 0 0 -0.045211 -0.0223161 0.86221 0.0131133 -3.13302 1.34791 
37.8952 0 0 0 0 0 0 -0.0454714 -0.0219812 0.864173 0.0216255 -3.13365 1.36219 
37.9507 0 0 0 0 0 0 -0.045265 -0.0216895 0.863041 0.0344844 -3.13228 1.3702 
38.0044 0 0 0 0 0 0 -0.0450558 -0.0211153 0.863116 0.0203809 3.13549 1.39327 
38.0629 0 0 0 0 0 0 -0.044706 -0.0207097 0.863276 0.0495725 3.11719 1.4074 
38.1175 0 0 0 0 0 0 -0.0448445 -0.0206479 0.864217 0.0209408 -3.12363 1.41914 
38.1718 0 0 0 0 0 0 -0.043933 -0.0199796 0.865077 0.0320961 -3.12792 1.45125 
38.2269 0 0 0 0 0 0 -0.0434026 -0.0195987 0.863899 0.00845587 -3.12744 1.46911 
38.2812 0 0 0 0 0 0 -0.042461 -0.0192896 0.863844 0.028014 -3.13831 1.48762 
38.3364 0 0 0 0 0 0 -0.0410557 -0.0185944 0.861716 -0.000858528 -3.13314 1.52788 
38.3917 0 0 0 0 0 0 -0.040021 -0.0183326 0.862968 0.029071 -3.12771 1.54374 
38.447 0 0 0 0 0 0 -0.0382526 -0.0180467 0.863289 0.0851954 -3.08874 1.58048 
38.5074 0 0 0 0 0 0 -0.0378984 -0.0175452 0.863633 0.0111053 -3.10459 1.59997 
38.5626 0 0 0 0 0 0 -0.0370853 -0.0170784 0.862807 0.0101084 -3.13366 1.61973 
38.6182 0 0 0 0 0 0 -0.0366228 -0.016511 0.864297 0.0377627 3.12352 1.63827 
38.6736 0 0 0 0 0 0 -0.03612 -0.0164136 0.864788 0.030272 3.13909 1.65681 
38.7292 0 0 0 0 0 0 -0.0359242 -0.016094 0.862552 -0.0323622 3.13553 1.67468 
38.7849 0 0 0 0 0 0 -0.0353878 -0.0156812 0.865345 0.0211998 -3.14027 1.70519 
38.8423 0 0 0 0 0 0 -0.035173 -0.0152184 0.863111 -0.00903344 3.13736 1.73215 
38.8982 0 0 0 0 0 0 -0.0351278 -0.0151317 0.864186 0.0315516 -3.12995 1.74286 
38.9546 0 0 0 0 0 0 -0.0354502 -0.0148011 0.862912 0.000915572 3.1385 1.76296 
39.012 0 0 0 0 0 0 -0.0358152 -0.0147464 0.864157 -3.35578e-05 -3.12394 1.77008 
39.0678 0 0 0 0 0 0 -0.0360101 -0.0143854 0.863349 0.00896727 3.13832 1.77973 
39.1147 0 0 0 0 0 0 -0.036058 -0.0143652 0.862975 0.0120537 -3.13633 1.78042 
39.1615 0 0 0 0 0 0 -0.0363715 -0.0142476 0.864274 0.0169396 -3.12683 1.78047 
39.2164 0 0 0 0 0 0 -0.0363939 -0.0141374 0.864095 0.0233325 -3.13075 1.77851 
39.277 0 0 0 0 0 0 -0.0361991 -0.0140623 0.862837 0.0196705 -3.12962 1.77437 
39.3367 0 0 0 0 0 0 -0.0362595 -0.0139444 0.863831 0.0332764 -3.13704 1.75954 
39.3919 0 0 0 0 0 0 -0.0363627 -0.0141509 0.865138 0.0322909 -3.13365 1.75166 
39.4467 0 0 0 0 0 0 -0.0363982 -0.0140618 0.863674 0.00567529 3.12063 1.74236 
39.5011 0 0 0 0 0 0 -0.0368611 -0.0143967 0.864297 -0.00447866 3.14137 1.71823 
39.5562 0 0 0 0 0 0 -0.0370802 -0.0148444 0.864623 0.00511252 -3.10193 1.70256 
39.6106 0 0 0 0 0 0 -0.0379313 -0.0151185 0.864957 0.0231429 -3.13421 1.67357 
39.6662 0 0 0 0 0 0 -0.0384236 -0.0155953 0.864624 0.0282189 -3.10771 1.65252 
39.7211 0 0 0 0 0 0 -0.0391603 -0.0157597 0.864173 0.0177113 3.13597 1.63987 
39.7758 0 0 0 0 0 0 -0.0403931 -0.0161565 0.863215 0.0430695 3.09353 1.60504 
39.831 0 0 0 0 0 0 -0.0416117 -0.0165631 0.863207 -0.0258446 3.10398 1.58537 
39.8862 0 0 0 0 0 0 -0.0414599 -0.0171444 0.864825 0.0626507 -3.0967 1.55869 
39.9425 0 0 0 0 0 0 -0.0426488 -0.0172128 0.862668 0.00821853 3.09281 1.55148 
39.9968 0 0 0 0 0 0 -0.0432545 -0.0177961 0.864499 0.0685892 3.11196 1.53443 
40.0533 0 0 0 0 0 0 -0.0445982 -0.0190372 0.863295 0.0734446 3.13672 1.48161 
40.1093 0 0 0 0 0 0 -0.0451564 -0.0193775 0.863217 0.0279507 -3.14111 1.46668 
40.1654 0 0 0 0 0 0 -0.0452847 -0.0194877 0.863253 0.0384076 3.1167 1.4532 
40.2204 0 0 0 0 0 0 -0.0460687 -0.0202242 0.867402 0.0136685 -3.1129 1.43667 
40.2774 0 0 0 0 0 0 -0.0455931 -0.0204699 0.862969 0.0288278 3.12935 1.41438 
40.3339 0 0 0 0 0 0 -0.0457676 -0.0212779 0.867934 0.0431795 -3.12725 1.39488 
40.3914 0 0 0 0 0 0 -0.045446 -0.0211847 0.863926 0.0329828 -3.14146 1.38693 
40.4464 0 0 0 0 0 0 -0.04525 -0.0213452 0.864441 0.0448797 3.13822 1.38115 
40.502 0 0 0 0 0 0 -0.0450901 -0.0216477 0.864093 0.0127311 -3.12811 1.37349 
40.5564 0 0 0 0 0 0 -0.0446203 -0.0216189 0.862588 0.0408157 -3.13677 1.37164 
40.6087 0 0 0 0 0 0 -0.0447938 -0.0215431 0.864054 0.0205668 3.13742 1.37461 
40.664 0 0 0 0 0 0 -0.044795 -0.02145 0.864508 0.0312877 -3.14013 1.37732 
40.7201 0 0 0 0 0 0 -0.0449582 -0.0210836 0.862917 0.0104347 -3.1166 1.38878 
40.7743 0 0 0 0 0 0 -0.044738 -0.0208893 0.863539 0.0212971 -3.13811 1.39507 
40.8299 0 0 0 0 0 0 -0.0444304 -0.0206584 0.862747 0.0576988 3.13576 1.40341 
40.8843 0 0 0 0 0 0 -0.0444789 -0.0204458 0.863512 0.0470966 3.12579 1.4137 
40.9384 0 0 0 0 0 0 -0.0443171 -0.0199943 0.864201 0.0218335 3.14034 1.43627 
40.9932 0 0 0 0 0 0 -0.0440496 -0.0198031 0.862903 0.00640432 -3.11938 1.45125 
41.0475 0 0 0 0 0 0 -0.0430504 -0.0192156 0.864416 0.0439749 3.13877 1.48012 
41.1034 0 0 0 0 0 0 -0.0425156 -0.0190342 0.863859 0.0221447 -3.13048 1.49472 
41.1581 0 0 0 0 0 0 -0.0419502 -0.0188227 0.862721 0.014097 -3.10976 1.5111 
41.213 0 0 0 0 0 0 -0.0402238 -0.0178968 0.863496 0.0379728 3.09704 1.54724 
41.2683 0 0 0 0 0 0 -0.0394648 -0.0182964 0.86226 0.0131796 -3.11133 1.56173 
41.3229 0 0 0 0 0 0 -0.0384502 -0.0181286 0.861377 0.116438 -3.08344 1.57228 
41.3795 0 0 0 0 0 0 -0.0384142 -0.0175904 0.863304 0.00935652 -3.11744 1.59255 
41.4343 0 0 0 0 0 0 -0.0378017 -0.0170755 0.863945 0.00227862 3.11279 1.61408 
41.4896 0 0 0 0 0 0 -0.0366673 -0.0167397 0.864194 0.0251564 -3.12757 1.64241 
41.5453 0 0 0 0 0 0 -0.0362889 -0.016661 0.864752 0.0372414 -3.11137 1.65619 
41.6018 0 0 0 0 0 0 -0.0357848 -0.0161607 0.863433 -0.0129529 -3.13652 1.68649 
41.6572 0 0 0 0 0 0 -0.0354857 -0.0160475 0.863043 0.0216236 -3.13512 1.69778 
41.7134 0 0 0 0 0 0 -0.0356777 -0.0157321 0.864017 0.0155424 3.13173 1.70927 
41.7708 0 0 0 0 0 0 -0.0360171 -0.0155404 0.863672 -0.014314 -3.1371 1.73727 
41.8275 0 0 0 0 0 0 -0.0358875 -0.0154662 0.8633 0.0115159 -3.13676 1.74348 
41.8838 0 0 0 0 0 0 -0.03604 -0.0153497 0.863729 0.0209922 3.13958 1.7499 
41.9384 0 0 0 0 0 0 -0.036386 -0.0150604 0.863419 0.0023573 3.12451 1.75477 
41.9911 0 0 0 0 0 0 -0.0367083 -0.0152104 0.864818 0.00134133 3.13952 1.75583 
42.0457 0 0 0 0 0 0 -0.0366909 -0.015117 0.864647 0.00579432 3.13196 1.75483 
42.1014 0 0 0 0 0 0 -0.0366659 -0.0150483 0.864963 0.0309685 -3.13135 1.7473 
42.1578 0 0 0 0 0 0 -0.0364339 -0.0150151 0.863448 0.0255824 -3.13836 1.74292 
42.2122 0 0 0 0 0 0 -0.036741 -0.01522 0.864545 0.00530466 -3.11621 1.7297 
42.2684 0 0 0 0 0 0 -0.0365626 -0.0150547 0.863318 0.0173255 3.1259 1.71891 
42.3223 0 0 0 0 0 0 -0.0367206 -0.0153725 0.864825 0.0198446 -3.11507 1.70822 
42.3768 0 0 0 0 0 0 -0.0370482 -0.0155609 0.863873 0.00938637 3.14113 1.68735 
42.4318 0 0 0 0 0 0 -0.0374297 -0.0158578 0.864884 0.0414736 -3.11299 1.67215 
42.4868 0 0 0 0 0 0 -0.0376629 -0.0160959 0.863801 0.0369512 -3.12824 1.65977 
42.5415 0 0 0 0 0 0 -0.0389216 -0.0163429 0.863689 0.0233242 3.11608 1.63294 
42.5961 0 0 0 0 0 0 -0.0398583 -0.0167812 0.863775 -0.00701908 3.12649 1.61608 
42.6515 0 0 0 0 0 0 -0.0405505 -0.0177465 0.862461 0.0893593 -3.08078 1.57875 
42.7063 0 0 0 0 0 0 -0.041366 -0.0180868 0.862953 0.00954192 -3.11149 1.56556 
42.7626 0 0 0 0 0 0 -0.0424266 -0.017771 0.861088 -0.0347163 3.10667 1.55336 
42.8184 0 0 0 0 0 0 -0.043253 -0.0187394 0.862683 0.0532967 -3.11886 1.52187 
42.8729 0 0 0 0 0 0 -0.0440209 -0.0189298 0.863972 0.0182751 -3.12508 1.50847 
42.929 0 0 0 0 0 0 -0.0448839 -0.0195167 0.864301 0.0100314 -3.13946 1.481 
42.9845 0 0 0 0 0 0 -0.0448502 -0.019734 0.862901 0.0267094 -3.13954 1.46674 
43.0404 0 0 0 0 0 0 -0.044963 -0.0200446 0.863506 0.0428416 -3.1192 1.45313 
43.0983 0 0 0 0 0 0 -0.0450441 -0.020431 0.863691 0.0410638 -3.14014 1.43407 
43.1548 0 0 0 0 0 0 -0.0452554 -0.020701 0.864631 0.0170716 -3.11686 1.42356 
43.2095 0 0 0 0 0 0 -0.0450777 -0.0207866 0.863855 0.01735 -3.13049 1.41753 
43.2657 0 0 0 0 0 0 -0.044326 -0.0209602 0.862997 0.0469504 3.12749 1.40654 
43.3215 0 0 0 0 0 0 -0.044462 -0.021098 0.863367 0.0199219 -3.13533 1.40236 
43.3755 0 0 0 0 0 0 -0.0443779 -0.0211745 0.863482 0.00885825 -3.11451 1.3986 
43.4298 0 0 0 0 0 0 -0.04423 -0.0210923 0.863845 0.0135994 -3.12209 1.39879 
43.4845 0 0 0 0 0 0 -0.0441134 -0.0209565 0.863255 0.0142497 -3.12967 1.40036 
43.5396 0 0 0 0 0 0 -0.0439784 -0.0206885 0.864005 0.0479529 3.13983 1.40642 
43.5948 0 0 0 0 0 0 -0.0444093 -0.0206278 0.868309 0.034556 -3.11389 1.41034 
43.651 0 0 0 0 0 0 -0.0438916 -0.0201521 0.862816 0.0493388 -3.13604 1.4272 
43.7055 0 0 0 0 0 0 -0.0443104 -0.0198488 0.864754 0.016125 -3.13922 1.43524 
43.7599 0 0 0 0 0 0 -0.0438182 -0.0196144 0.863284 0.0279223 3.13675 1.44529 
43.8145 0 0 0 0 0 0 -0.0436341 -0.0191025 0.863634 0.0073538 3.13047 1.46911 
43.8694 0 0 0 0 0 0 -0.0431724 -0.0188999 0.864005 0.0227409 3.13322 1.47971 
43.9245 0 0 0 0 0 0 -0.042792 -0.0186987 0.862737 0.010203 -3.12999 1.49652 
43.9787 0 0 0 0 0 0 -0.0419594 -0.018208 0.863174 -0.0116779 -3.12031 1.52169 
44.0341 0 0 0 0 0 0 -0.0409017 -0.0180294 0.864208 0.0679985 -3.13536 1.53456 
44.0896 0 0 0 0 0 0 -0.0398947 -0.0179921 0.86374 -0.0331089 -3.092 1.55996 
44.1452 0 0 0 0 0 0 -0.0386041 -0.0176924 0.86179 0.0998624 -3.08392 1.57479 
44.1993 0 0 0 0 0 0 -0.0386533 -0.0173645 0.861992 0.000820125 -3.10267 1.5915 
44.2541 0 0 0 0 0 0 -0.0378508 -0.0164755 0.861806 -0.0327931 3.0965 1.62172 
44.3098 0 0 0 0 0 0 -0.0371663 -0.0163934 0.864379 0.0245209 3.12097 1.63665 
44.3655 0 0 0 0 0 0 -0.036762 -0.0165271 0.864947 0.0311129 -3.09515 1.64808 
44.4216 0 0 0 0 0 0 -0.0363831 -0.0159502 0.863667 -0.000382178 -3.13899 1.67346 
44.4775 0 0 0 0 0 0 -0.0362954 -0.0157886 0.863987 0.0083242 3.13159 1.68388 
44.5345 0 0 0 0 0 0 -0.0363729 -0.0157864 0.864775 0.012841 -3.12031 1.7025 
44.5911 0 0 0 0 0 0 -0.0362577 -0.0156648 0.864579 0.0460251 -3.12166 1.70796 
44.6462 0 0 0 0 0 0 -0.0366782 -0.0155278 0.864094 -0.00784692 3.13984 1.71583 
44.7025 0 0 0 0 0 0 -0.0368254 -0.015447 0.864282 0.0247557 -3.13227 1.72527 
44.7574 0 0 0 0 0 0 -0.037013 -0.0154018 0.864032 0.00690601 -3.13891 1.72938 
44.8097 0 0 0 0 0 0 -0.0370729 -0.0152717 0.862878 -0.00123797 3.13833 1.72941 
44.8654 0 0 0 0 0 0 -0.0371353 -0.0152512 0.863551 0.00436266 3.13153 1.72952 
44.9208 0 0 0 0 0 0 -0.0371968 -0.0152809 0.863508 0.000539994 3.1325 1.72791 
44.9751 0 0 0 0 0 0 -0.0370416 -0.0152694 0.863574 0.0203397 3.1369 1.71791 
45.0331 0 0 0 0 0 0 -0.0371162 -0.0153084 0.8636 0.0153716 3.13296 1.71294 
45.084 0 0 0 0 0 0 -0.0372738 -0.0155903 0.864735 0.0118567 -3.11516 1.70492 
45.1314 0 0 0 0 0 0 -0.0374447 -0.0159509 0.868057 0.021726 -3.11733 1.68672 
45.1862 0 0 0 0 0 0 -0.0374204 -0.0158075 0.864459 0.0352999 -3.13733 1.67863 
45.2453 0 0 0 0 0 0 -0.0379346 -0.0160285 0.863976 0.0213287 3.12074 1.65622 
45.3039 0 0 0 0 0 0 -0.0383047 -0.016471 0.864737 0.0266836 -3.1306 1.64302 
45.3588 0 0 0 0 0 0 -0.0388143 -0.0164312 0.863769 0.0121026 3.10585 1.63357 
45.4128 0 0 0 0 0 0 -0.0395926 -0.01748 0.863382 0.0692624 -3.08101 1.60119 
45.4685 0 0 0 0 0 0 -0.0404293 -0.0176893 0.8631 0.0374117 -3.10278 1.58888 
45.5241 0 0 0 0 0 0 -0.0405939 -0.0180827 0.861644 0.112681 -3.10668 1.57262 
45.5784 0 0 0 0 0 0 -0.0420967 -0.0183682 0.864033 0.0452454 -3.13933 1.54971 
45.6338 0 0 0 0 0 0 -0.0428926 -0.0187522 0.863609 0.0108088 -3.12369 1.53612 
45.692 0 0 0 0 0 0 -0.0432701 -0.0191172 0.862804 0.0634739 3.13255 1.51124 
45.7466 0 0 0 0 0 0 -0.0444491 -0.0195287 0.869116 0.025171 3.13729 1.50038 
45.8016 0 0 0 0 0 0 -0.0442707 -0.0195226 0.863109 0.00592518 3.11534 1.48854 
45.8574 0 0 0 0 0 0 -0.0442233 -0.0201253 0.863209 0.0746242 3.13989 1.46593 
45.9138 0 0 0 0 0 0 -0.0446226 -0.0203036 0.865189 0.0427517 3.13515 1.45767 
45.9703 0 0 0 0 0 0 -0.0442553 -0.0206022 0.863192 0.0458931 3.13321 1.44241 
46.0273 0 0 0 0 0 0 -0.0442193 -0.020784 0.863285 0.0414683 3.13941 1.43584 
46.0826 0 0 0 0 0 0 -0.044122 -0.0209619 0.863302 0.0240853 -3.13542 1.43121 
46.1371 0 0 0 0 0 0 -0.0440755 -0.0211225 0.86316 0.00788983 -3.10279 1.42426 
46.1918 0 0 0 0 0 0 -0.0437281 -0.0210399 0.86351 0.0291092 -3.13422 1.42067 
46.2448 0 0 0 0 0 0 -0.0434956 -0.0208365 0.863008 0.00398972 3.13791 1.424 
46.3003 0 0 0 0 0 0 -0.043544 -0.0207794 0.863384 0.0251481 -3.12688 1.42547 
46.3555 0 0 0 0 0 0 -0.0436299 -0.0206799 0.863041 0.0143757 -3.11849 1.43042 
46.4115 0 0 0 0 0 0 -0.0436569 -0.0205042 0.864098 0.0126483 -3.12677 1.43656 
46.4677 0 0 0 0 0 0 -0.0434098 -0.0202824 0.863002 0.0278725 3.13054 1.44433 
46.5225 0 0 0 0 0 0 -0.0435264 -0.0201321 0.865015 0.0448163 3.12927 1.44926 
46.5769 0 0 0 0 0 0 -0.0433709 -0.0195991 0.863942 0.0250751 3.13605 1.46795 
46.6325 0 0 0 0 0 0 -0.0431814 -0.0193459 0.862545 0.00495648 3.11545 1.47871 
46.6868 0 0 0 0 0 0 -0.0428128 -0.0192984 0.862659 0.00391714 -3.08506 1.49782 
46.7416 0 0 0 0 0 0 -0.0423027 -0.0188029 0.863263 0.00727706 -3.12447 1.51055 
46.7991 0 0 0 0 0 0 -0.0416139 -0.0186691 0.862791 0.0428814 -3.12018 1.52176 
46.8516 0 0 0 0 0 0 -0.0404025 -0.017793 0.863543 0.0354332 3.07705 1.5503 
46.9079 0 0 0 0 0 0 -0.0401233 -0.0179141 0.862484 -0.00935549 3.11197 1.55737 
46.9626 0 0 0 0 0 0 -0.0388961 -0.0180206 0.861972 0.0553227 3.12994 1.57386 
47.0177 0 0 0 0 0 0 -0.0385168 -0.0171648 0.863613 0.023951 3.1345 1.59611 
47.0736 0 0 0 0 0 0 -0.0381097 -0.0168789 0.86403 -0.0124533 3.11352 1.61191 
47.1286 0 0 0 0 0 0 -0.0375539 -0.0168479 0.867746 0.0181939 -3.11316 1.63227 
47.1845 0 0 0 0 0 0 -0.036924 -0.0166207 0.86406 0.0320972 -3.11989 1.64114 
47.2402 0 0 0 0 0 0 -0.0365001 -0.0162567 0.863357 0.0380007 -3.13709 1.65506 
47.2967 0 0 0 0 0 0 -0.0365456 -0.0160656 0.8632 0.000359887 -3.13652 1.67257 
47.3515 0 0 0 0 0 0 -0.0366636 -0.0160494 0.864541 0.016433 -3.10669 1.68061 
47.4079 0 0 0 0 0 0 -0.0367708 -0.015726 0.863575 0.000845796 3.13283 1.69551 
47.4636 0 0 0 0 0 0 -0.0369544 -0.0156466 0.863312 -0.00373985 3.14035 1.7002 
47.5197 0 0 0 0 0 0 -0.0370416 -0.0158163 0.865508 0.0320719 -3.10727 1.70146 
47.5732 0 0 0 0 0 0 -0.0372553 -0.0156609 0.864505 0.0248625 -3.12356 1.70642 
47.6273 0 0 0 0 0 0 -0.0373819 -0.0155863 0.863694 0.00872081 -3.12996 1.70839 
47.683 0 0 0 0 0 0 -0.037498 -0.0154826 0.863844 0.0102662 3.12908 1.7084 
47.7386 0 0 0 0 0 0 -0.0377434 -0.0155464 0.864233 0.00691771 -3.13577 1.70466 
47.7938 0 0 0 0 0 0 -0.0377646 -0.0154789 0.865129 0.0167395 3.12928 1.70213 
47.8501 0 0 0 0 0 0 -0.0376697 -0.0156811 0.8642 0.0083899 -3.12913 1.68868 
47.9046 0 0 0 0 0 0 -0.0377436 -0.0156089 0.864865 0.024077 3.1401 1.68102 
47.9598 0 0 0 0 0 0 -0.0377741 -0.0156586 0.865395 0.0438835 3.11958 1.67677 
48.0151 0 0 0 0 0 0 -0.0379665 -0.0159877 0.863943 0.0187788 3.13904 1.65804 
48.0701 0 0 0 0 0 0 -0.0383331 -0.0163777 0.867744 0.0447058 -3.11509 1.64733 
48.1248 0 0 0 0 0 0 -0.0386869 -0.0162804 0.865994 0.0340368 3.13466 1.63749 
48.1794 0 0 0 0 0 0 -0.0397591 -0.0170653 0.868729 0.0184098 -3.11375 1.61276 
48.2352 0 0 0 0 0 0 -0.0396052 -0.0172446 0.863277 0.0676322 -3.08918 1.5994 
48.2902 0 0 0 0 0 0 -0.0405706 -0.0179436 0.862915 0.10622 -3.07871 1.57405 
48.3463 0 0 0 0 0 0 -0.0413039 -0.0177448 0.864703 0.0184734 -3.13059 1.56819 
48.4019 0 0 0 0 0 0 -0.0420119 -0.0180576 0.862901 -0.00870294 -3.13142 1.55675 
48.4564 0 0 0 0 0 0 -0.0429268 -0.0185839 0.863994 0.0299819 -3.10917 1.53363 
48.5125 0 0 0 0 0 0 -0.0430896 -0.0187178 0.862829 0.0426749 -3.12716 1.52433 
48.5677 0 0 0 0 0 0 -0.0438924 -0.0187744 0.862383 -0.0109831 3.11864 1.50425 
48.6227 0 0 0 0 0 0 -0.0442379 -0.0193731 0.864538 0.0279413 -3.13527 1.4909 
48.6788 0 0 0 0 0 0 -0.0440831 -0.0194735 0.862599 0.0304939 -3.14051 1.48359 
48.7351 0 0 0 0 0 0 -0.0440178 -0.0198699 0.863465 0.0598898 3.13578 1.46669 
48.7916 0 0 0 0 0 0 -0.0442412 -0.019915 0.863262 0.0200021 3.12759 1.46219 
48.8458 0 0 0 0 0 0 -0.0440728 -0.0201052 0.863852 0.0426501 -3.13453 1.45555 
48.9018 0 0 0 0 0 0 -0.0435863 -0.0202602 0.863389 0.0499131 3.11769 1.44748 
48.9567 0 0 0 0 0 0 -0.0435624 -0.0202915 0.863221 0.0269592 3.11554 1.4459 
49.01 0 0 0 0 0 0 -0.0432746 -0.020455 0.862726 0.0292252 3.13235 1.44354 
49.0639 0 0 0 0 0 0 -0.0432795 -0.0203769 0.862675 0.0153859 3.13265 1.44392 
49.1195 0 0 0 0 0 0 -0.0431911 -0.0202634 0.864374 0.0424365 3.13745 1.44865 
49.1761 0 0 0 0 0 0 -0.0431698 -0.0201648 0.863568 0.0402099 3.13804 1.4531 
49.2309 0 0 0 0 0 0 -0.0433925 -0.0200325 0.863399 0.016779 -3.11834 1.45969 
49.2873 0 0 0 0 0 0 -0.0434203 -0.0199764 0.864013 0.0161063 -3.12091 1.46609 
49.3424 0 0 0 0 0 0 -0.043348 -0.0197675 0.865012 0.0302394 -3.13641 1.47207 
49.397 0 0 0 0 0 0 -0.043093 -0.0194359 0.863756 0.0319272 3.13361 1.48033 
49.4527 0 0 0 0 0 0 -0.0429234 -0.0194957 0.863868 0.00766895 -3.09424 1.49734 
49.5074 0 0 0 0 0 0 -0.0425242 -0.0190577 0.862697 0.000690602 -3.11767 1.50712 
49.5622 0 0 0 0 0 0 -0.0418224 -0.0190177 0.863186 0.0580412 -3.13069 1.51579 
49.6171 0 0 0 0 0 0 -0.0412178 -0.0184041 0.86358 0.0107752 3.11649 1.53715 
49.6728 0 0 0 0 0 0 -0.0405728 -0.0179905 0.863678 0.0188922 3.08453 1.55126 
49.7275 0 0 0 0 0 0 -0.0391429 -0.0182154 0.861387 0.0151949 3.12883 1.57057 
49.7828 0 0 0 0 0 0 -0.0384747 -0.0181227 0.860408 0.117494 -3.08635 1.57233 
49.8371 0 0 0 0 0 0 -0.0387926 -0.0178388 0.86348 0.0305543 -3.10024 1.5894 
49.893 0 0 0 0 0 0 -0.0376994 -0.0173519 0.864331 0.0405351 -3.13852 1.61445 
49.9483 0 0 0 0 0 0 -0.0378515 -0.0170423 0.864629 -0.00189677 3.12507 1.62309 
50.0035 0 0 0 0 0 0 -0.0371964 -0.016974 0.865157 0.0429533 -3.13745 1.63252 
50.0621 0 0 0 0 0 0 -0.0368151 -0.016802 0.86302 0.00769573 -3.13065 1.64949 
50.1159 0 0 0 0 0 0 -0.0367061 -0.0165713 0.863774 0.0267312 3.13596 1.65933 
50.1745 0 0 0 0 0 0 -0.0369218 -0.0163909 0.86431 0.0273143 3.13255 1.67057 
50.228 0 0 0 0 0 0 -0.037148 -0.0166343 0.864462 -0.00657153 -3.111 1.67594 
50.2836 0 0 0 0 0 0 -0.0372258 -0.0164456 0.863712 -0.00733821 -3.12574 1.68225 
50.3375 0 0 0 0 0 0 -0.0372565 -0.0161926 0.863671 0.00482335 3.1307 1.68848 
50.3931 0 0 0 0 0 0 -0.0373494 -0.0161205 0.863342 0.00350567 3.12476 1.69031 
50.4468 0 0 0 0 0 0 -0.0375418 -0.0162201 0.863724 0.0102525 -3.13794 1.69032 
50.5021 0 0 0 0 0 0 -0.0376283 -0.0162182 0.863439 0.00169934 -3.13636 1.68803 
50.5577 0 0 0 0 0 0 -0.0376489 -0.0161574 0.864072 0.00935228 -3.14112 1.68697 
50.6135 0 0 0 0 0 0 -0.0375772 -0.0159842 0.863508 0.022806 3.1177 1.67907 
50.6698 0 0 0 0 0 0 -0.037949 -0.0162325 0.864521 0.00399053 -3.13063 1.67333 
50.7247 0 0 0 0 0 0 -0.0376391 -0.0163884 0.863809 0.016521 -3.11516 1.66635 
50.7798 0 0 0 0 0 0 -0.0378737 -0.0162557 0.863688 0.0209085 3.1165 1.65454 
50.8347 0 0 0 0 0 0 -0.0382896 -0.0165488 0.864929 0.00802459 -3.13841 1.64601 
50.8907 0 0 0 0 0 0 -0.0384215 -0.0168688 0.86357 0.041449 -3.11472 1.62565 
50.9459 0 0 0 0 0 0 -0.0387374 -0.0168757 0.863698 0.0117025 3.13053 1.61875 
51.0014 0 0 0 0 0 0 -0.0392499 -0.0171539 0.864841 0.0441196 -3.13382 1.60641 
51.0562 0 0 0 0 0 0 -0.0402271 -0.0174216 0.863696 0.0345473 -3.14091 1.59123 
51.1115 0 0 0 0 0 0 -0.040495 -0.0181578 0.862691 0.0851553 -3.09226 1.57724 
51.1678 0 0 0 0 0 0 -0.0416255 -0.018233 0.862402 0.00918638 -3.10972 1.55988 
51.2227 0 0 0 0 0 0 -0.0421769 -0.0183046 0.864276 0.0276176 -3.1265 1.5468 
51.2782 0 0 0 0 0 0 -0.0423219 -0.0185863 0.862921 0.047096 -3.09513 1.53435 
51.333 0 0 0 0 0 0 -0.0427352 -0.0187647 0.863532 0.0799475 3.12502 1.51888 
51.3889 0 0 0 0 0 0 -0.0428819 -0.018995 0.862625 0.0953383 -3.13776 1.50957 
51.444 0 0 0 0 0 0 -0.0435358 -0.0187402 0.862474 -0.00690626 3.10262 1.50353 
51.5008 0 0 0 0 0 0 -0.0438573 -0.0194715 0.86355 0.0325721 -3.12001 1.48694 
51.5563 0 0 0 0 0 0 -0.0438903 -0.0195736 0.863983 0.0349114 -3.12416 1.48366 
51.6115 0 0 0 0 0 0 -0.0433897 -0.0195397 0.863381 0.0505242 3.11039 1.4716 
51.6668 0 0 0 0 0 0 -0.0435422 -0.019661 0.863892 0.0302039 3.12072 1.46806 
51.7226 0 0 0 0 0 0 -0.0437073 -0.0198705 0.864593 0.0200572 -3.13183 1.46272 
51.7759 0 0 0 0 0 0 -0.0434266 -0.0198883 0.863731 0.0186883 -3.12868 1.45954 
51.8305 0 0 0 0 0 0 -0.0432969 -0.0197504 0.864347 0.0220672 3.13265 1.45944 
51.8854 0 0 0 0 0 0 -0.0432447 -0.019854 0.86434 0.0172637 -3.12783 1.46088 
51.9391 0 0 0 0 0 0 -0.043176 -0.0197276 0.864297 0.0209945 -3.13501 1.46338 
51.9965 0 0 0 0 0 0 -0.0433053 -0.0197018 0.863396 -0.00153587 -3.11746 1.46717 
52.1156 0 0 0 0 0 0 -0.0432001 -0.0193124 0.863062 -0.00016174 3.13606 1.47631 
52.1489 0 0 0 0 0 0 -0.0430223 -0.0192711 0.864264 0.0378837 3.13323 1.48079 
52.1972 0 0 0 0 0 0 -0.042944 -0.019224 0.863664 0.0375583 -3.14 1.48596 
52.2552 0 0 0 0 0 0 -0.0429403 -0.0189125 0.862905 -0.00305041 -3.1124 1.50202 
52.3182 0 0 0 0 0 0 -0.0425734 -0.0189074 0.863316 0.025116 -3.11167 1.50595 
52.3749 0 0 0 0 0 0 -0.0420888 -0.018397 0.863383 0.017948 3.1387 1.52621 
52.429 0 0 0 0 0 0 -0.0416289 -0.0180886 0.864514 0.0361649 3.09214 1.53817 
52.4842 0 0 0 0 0 0 -0.0413408 -0.0183498 0.865923 0.0412073 -3.12624 1.54281 
52.5407 0 0 0 0 0 0 -0.0407593 -0.0177022 0.861779 -0.0461963 3.0557 1.56172 
52.5954 0 0 0 0 0 0 -0.039332 -0.0173918 0.862315 0.0186437 3.08196 1.58464 
52.6517 0 0 0 0 0 0 -0.0389288 -0.01716 0.865334 0.0107601 3.1161 1.60174 
52.7065 0 0 0 0 0 0 -0.03846 -0.0170194 0.864733 0.00563576 3.11118 1.61438 
52.7608 0 0 0 0 0 0 -0.0382295 -0.0169587 0.864137 -0.00453628 3.10998 1.62 
52.8169 0 0 0 0 0 0 -0.0375694 -0.0167883 0.864122 0.0141911 -3.14159 1.63428 
52.8732 0 0 0 0 0 0 -0.0377062 -0.0169063 0.865136 0.0134404 -3.12473 1.64016 
52.9285 0 0 0 0 0 0 -0.0374718 -0.0166537 0.863828 0.00966912 -3.13646 1.65559 
52.984 0 0 0 0 0 0 -0.0373313 -0.0166042 0.863992 0.0305236 -3.13854 1.66104 
53.0397 0 0 0 0 0 0 -0.0373503 -0.0165675 0.864367 0.0306224 -3.14099 1.66293 
53.0944 0 0 0 0 0 0 -0.0376085 -0.0166581 0.863934 0.0188631 -3.11038 1.66739 
53.1489 0 0 0 0 0 0 -0.0380582 -0.01658 0.869262 0.0340042 3.1185 1.67268 
53.2033 0 0 0 0 0 0 -0.0381126 -0.01669 0.866149 0.00646228 -3.12956 1.67257 
53.2589 0 0 0 0 0 0 -0.0381407 -0.016566 0.864996 0.0105209 -3.13038 1.67218 
53.3137 0 0 0 0 0 0 -0.0379921 -0.0165217 0.86444 0.0168554 -3.13958 1.67181 
53.3695 0 0 0 0 0 0 -0.0379245 -0.0167498 0.864401 0.0373143 -3.10947 1.66468 
53.4262 0 0 0 0 0 0 -0.0379302 -0.016689 0.864492 0.0278756 -3.11418 1.66154 
53.4807 0 0 0 0 0 0 -0.0380099 -0.0164822 0.863532 0.0193575 3.11944 1.65748 
53.536 0 0 0 0 0 0 -0.0381479 -0.0167701 0.863813 0.0117559 3.12962 1.64718 
53.5911 0 0 0 0 0 0 -0.0380013 -0.016715 0.863601 0.0533401 3.12698 1.64209 
53.6458 0 0 0 0 0 0 -0.0386932 -0.0171621 0.863374 -0.00269338 -3.13211 1.62285 
53.7009 0 0 0 0 0 0 -0.0389627 -0.0175387 0.864211 0.0158365 -3.09586 1.61558 
53.7569 0 0 0 0 0 0 -0.0392583 -0.0173232 0.864771 0.022092 3.13467 1.61016 
53.8112 0 0 0 0 0 0 -0.039975 -0.0176245 0.864521 0.0396863 3.1198 1.59242 
53.8672 0 0 0 0 0 0 -0.0401747 -0.0182416 0.866568 0.110532 -3.07155 1.57622 
53.9222 0 0 0 0 0 0 -0.0411018 -0.0182434 0.860901 0.00889073 3.13819 1.5713 
53.9778 0 0 0 0 0 0 -0.0414793 -0.0186764 0.864057 0.0553341 -3.09029 1.55489 
54.0332 0 0 0 0 0 0 -0.0420934 -0.0187509 0.864779 0.0378965 -3.10334 1.54547 
54.0892 0 0 0 0 0 0 -0.0428238 -0.0190697 0.861656 -0.0200307 -3.0937 1.53349 
54.1441 0 0 0 0 0 0 -0.0427608 -0.0188772 0.864047 0.0374253 3.11036 1.52412 
54.2003 0 0 0 0 0 0 -0.0427725 -0.0192505 0.864002 0.0775472 -3.1311 1.51346 
54.2557 0 0 0 0 0 0 -0.042824 -0.0193456 0.863203 0.0731754 3.12012 1.50333 
54.3115 0 0 0 0 0 0 -0.0433228 -0.0195185 0.864012 0.0186469 3.14078 1.49596 
54.3673 0 0 0 0 0 0 -0.043203 -0.0196756 0.861978 0.00699512 -3.12624 1.49212 
54.4228 0 0 0 0 0 0 -0.0432233 -0.0196627 0.863456 0.0105623 -3.14038 1.48294 
54.4777 0 0 0 0 0 0 -0.0431597 -0.0198976 0.865279 0.0357778 -3.13366 1.47861 
54.532 0 0 0 0 0 0 -0.042783 -0.0199292 0.864602 0.0622876 -3.13903 1.4749 
54.5857 0 0 0 0 0 0 -0.0426002 -0.0198847 0.862941 0.0463128 -3.13291 1.47354 
54.6409 0 0 0 0 0 0 -0.042604 -0.0197633 0.862843 0.0292802 -3.13759 1.47566 
54.6973 0 0 0 0 0 0 -0.0427066 -0.0195048 0.862622 0.00942637 3.12736 1.47906 
54.7527 0 0 0 0 0 0 -0.0426416 -0.0195494 0.863418 0.022418 3.14108 1.48064 
54.8069 0 0 0 0 0 0 -0.0426697 -0.0194149 0.864564 0.024009 -3.13584 1.48707 
54.8631 0 0 0 0 0 0 -0.0425529 -0.0192613 0.863925 0.0304698 3.13822 1.48967 
54.9184 0 0 0 0 0 0 -0.0425947 -0.0191591 0.863112 0.00609756 -3.13333 1.49531 
54.9733 0 0 0 0 0 0 -0.0424474 -0.0189284 0.863184 0.0153741 -3.12221 1.50675 
55.0288 0 0 0 0 0 0 -0.0422412 -0.0188995 0.863767 0.0286646 -3.11036 1.51285 
55.0842 0 0 0 0 0 0 -0.0418313 -0.0187567 0.863682 0.0608077 -3.12131 1.51981 
55.139 0 0 0 0 0 0 -0.0415483 -0.0183037 0.865033 0.0315508 3.13122 1.53698 
55.1947 0 0 0 0 0 0 -0.0413 -0.0181975 0.865746 0.0354594 -3.13423 1.54359 
55.2495 0 0 0 0 0 0 -0.0407729 -0.0175987 0.862136 -0.0463271 3.0756 1.55732 
55.3052 0 0 0 0 0 0 -0.0392277 -0.0184375 0.862318 0.0591156 -3.11089 1.5649 
55.3611 0 0 0 0 0 0 -0.0386353 -0.0179858 0.861533 0.100371 -3.11183 1.57515 
55.4156 0 0 0 0 0 0 -0.0392094 -0.0173138 0.863972 -0.00250982 -3.13703 1.59329 
55.4712 0 0 0 0 0 0 -0.0386318 -0.0169312 0.864024 0.0501472 3.12422 1.60262 
55.5265 0 0 0 0 0 0 -0.0383739 -0.0168171 0.863723 -0.0107101 3.10953 1.6185 
55.5824 0 0 0 0 0 0 -0.0383751 -0.0169375 0.863712 -0.0138807 3.13815 1.62208 
55.6381 0 0 0 0 0 0 -0.0380766 -0.0168182 0.864462 0.0162164 -3.13697 1.62881 
55.693 0 0 0 0 0 0 -0.0377326 -0.0165289 0.863207 0.0138969 -3.14125 1.63865 
55.7486 0 0 0 0 0 0 -0.0379463 -0.0165892 0.863519 -0.00549312 -3.13745 1.64537 
55.8042 0 0 0 0 0 0 -0.0380203 -0.0164 0.8659 0.032245 3.12201 1.65013 
55.8593 0 0 0 0 0 0 -0.0380399 -0.0163574 0.863693 0.01978 3.12265 1.65666 
55.9127 0 0 0 0 0 0 -0.0382472 -0.0164707 0.865266 0.0243311 -3.1372 1.65676 
55.9676 0 0 0 0 0 0 -0.0381829 -0.0164703 0.864666 0.0335517 -3.14052 1.65854 
56.0228 0 0 0 0 0 0 -0.0381614 -0.0164436 0.864835 0.0390368 3.1395 1.6589 
56.0781 0 0 0 0 0 0 -0.0383924 -0.016489 0.86594 0.0335519 3.14047 1.65762 
56.1338 0 0 0 0 0 0 -0.0383147 -0.0166776 0.865528 0.0469994 -3.12163 1.65325 
56.1896 0 0 0 0 0 0 -0.0384705 -0.0166418 0.86473 0.01027 3.13828 1.65093 
56.2449 0 0 0 0 0 0 -0.0384363 -0.0165147 0.862944 -0.020603 3.12105 1.64825 
56.3013 0 0 0 0 0 0 -0.0384939 -0.0166425 0.864654 0.0408063 3.13484 1.63791 
56.356 0 0 0 0 0 0 -0.0385613 -0.0167572 0.865063 0.0360241 3.12903 1.63126 
56.411 0 0 0 0 0 0 -0.0389646 -0.0171276 0.863768 -0.00144616 -3.1286 1.61957 
56.4671 0 0 0 0 0 0 -0.039184 -0.0174158 0.864468 0.0350395 -3.10438 1.61068 
56.5222 0 0 0 0 0 0 -0.039359 -0.0173499 0.864503 0.0427913 -3.11747 1.60525 
56.5774 0 0 0 0 0 0 -0.0401491 -0.0175645 0.864566 0.0342493 3.13507 1.59201 
56.6326 0 0 0 0 0 0 -0.040284 -0.0180901 0.863933 0.0949633 -3.08962 1.58044 
56.6881 0 0 0 0 0 0 -0.0411298 -0.0182452 0.861132 0.0165381 3.13499 1.5708 
56.7439 0 0 0 0 0 0 -0.0411771 -0.0183115 0.861473 0.0415794 -3.13254 1.56644 
56.7984 0 0 0 0 0 0 -0.0417689 -0.0186289 0.863437 0.0478275 -3.10245 1.55012 
56.8544 0 0 0 0 0 0 -0.0426287 -0.0189625 0.862155 -0.00632488 -3.08958 1.53629 
56.9094 0 0 0 0 0 0 -0.0428127 -0.0190174 0.861655 -0.0156925 -3.09235 1.53269 
56.9649 0 0 0 0 0 0 -0.0428131 -0.0191177 0.868088 0.0687953 -3.13839 1.52351 
57.0214 0 0 0 0 0 0 -0.04279 -0.0192061 0.863915 0.0545287 3.13384 1.51175 
57.0774 0 0 0 0 0 0 -0.0429924 -0.019179 0.863459 0.0201873 3.11176 1.5096 
57.1315 0 0 0 0 0 0 -0.0431089 -0.0197204 0.863567 0.0100381 -3.09905 1.49712 
57.1868 0 0 0 0 0 0 -0.0430366 -0.0197129 0.863554 0.0144255 -3.10993 1.49542 
57.2416 0 0 0 0 0 0 -0.0430399 -0.0197843 0.863887 0.0179918 -3.10468 1.49269 
57.2966 0 0 0 0 0 0 -0.042624 -0.0195206 0.863221 0.0105464 3.10996 1.48913 
57.3505 0 0 0 0 0 0 -0.0425949 -0.0195355 0.863175 0.0129829 3.11239 1.48867 
57.4061 0 0 0 0 0 0 -0.0425715 -0.019523 0.863102 0.00817153 3.11817 1.48863 
57.4614 0 0 0 0 0 0 -0.0425325 -0.0195453 0.863502 0.0159952 3.11965 1.4889 
57.517 0 0 0 0 0 0 -0.0426 -0.0195007 0.86455 0.0219382 3.12198 1.49116 
57.5716 0 0 0 0 0 0 -0.0424164 -0.0194078 0.863157 0.0222335 -3.14072 1.49548 
57.6278 0 0 0 0 0 0 -0.0426774 -0.0195483 0.862607 0.0141263 -3.08515 1.49957 
57.6828 0 0 0 0 0 0 -0.0427274 -0.0192904 0.862629 -0.00614041 -3.10849 1.50339 
57.7386 0 0 0 0 0 0 -0.0420024 -0.0190488 0.863304 0.0590664 -3.13898 1.51587 
57.7937 0 0 0 0 0 0 -0.0417931 -0.0189372 0.863277 0.0495499 -3.13776 1.51984 
57.8486 0 0 0 0 0 0 -0.0417187 -0.0185064 0.863992 0.0137691 3.11861 1.53515 
57.9041 0 0 0 0 0 0 -0.0412067 -0.0183931 0.863897 0.0128116 3.11764 1.53924 
57.959 0 0 0 0 0 0 -0.0408316 -0.0183189 0.865347 0.0369942 3.12958 1.5458 
58.0151 0 0 0 0 0 0 -0.0405866 -0.0177906 0.861224 -0.0378464 3.06516 1.56128 
58.0701 0 0 0 0 0 0 -0.0397168 -0.0184588 0.864202 0.0421082 -3.12201 1.56435 
58.1239 0 0 0 0 0 0 -0.0385934 -0.0180714 0.860763 0.109787 -3.09127 1.57443 
58.1801 0 0 0 0 0 0 -0.0387573 -0.0178 0.862815 0.0669429 -3.11572 1.58488 
58.2362 0 0 0 0 0 0 -0.0390334 -0.0175071 0.863996 -0.0133358 3.13038 1.59725 
58.2919 0 0 0 0 0 0 -0.0383778 -0.0170253 0.864014 0.0113653 3.09343 1.61411 
58.3467 0 0 0 0 0 0 -0.0383265 -0.0170928 0.864406 0.000874522 3.11813 1.61782 
58.4021 0 0 0 0 0 0 -0.0384174 -0.0171832 0.864698 -0.00190285 -3.13945 1.62096 
58.4585 0 0 0 0 0 0 -0.0379703 -0.0168848 0.863343 0.0112051 3.13793 1.62963 
58.5134 0 0 0 0 0 0 -0.0377901 -0.0168434 0.862988 0.0277385 -3.12865 1.63429 
58.5682 0 0 0 0 0 0 -0.0380295 -0.0166691 0.863972 0.0250274 3.12055 1.64363 
58.6234 0 0 0 0 0 0 -0.0382365 -0.0167579 0.863782 -0.00143151 3.1239 1.6468 
58.678 0 0 0 0 0 0 -0.0382942 -0.0166934 0.862827 -0.0181599 3.12526 1.64715 
58.7322 0 0 0 0 0 0 -0.038208 -0.0167289 0.863387 0.00995292 3.13884 1.64802 
58.7871 0 0 0 0 0 0 -0.0382517 -0.0167148 0.863594 0.0171277 3.13008 1.64825 
58.843 0 0 0 0 0 0 -0.0383079 -0.0166351 0.863319 0.00362142 3.13193 1.64746 
58.8985 0 0 0 0 0 0 -0.0383231 -0.0167399 0.864645 0.0204699 3.1408 1.6448 
58.9535 0 0 0 0 0 0 -0.0384293 -0.0167981 0.864731 0.00835606 -3.1307 1.64103 
59.0093 0 0 0 0 0 0 -0.0385164 -0.016631 0.864849 0.0351359 3.10791 1.63516 
59.0651 0 0 0 0 0 0 -0.0384001 -0.0169793 0.864097 0.0404934 -3.11799 1.62635 
59.1202 0 0 0 0 0 0 -0.0387002 -0.0170818 0.863188 -0.00998626 -3.1295 1.62242 
59.1763 0 0 0 0 0 0 -0.039019 -0.017415 0.865213 0.0269945 -3.1018 1.61189 
59.2311 0 0 0 0 0 0 -0.0392804 -0.0171563 0.865212 0.0334226 3.12717 1.6082 
59.2862 0 0 0 0 0 0 -0.0398844 -0.0171823 0.862912 0.0319678 3.10532 1.59378 
59.3418 0 0 0 0 0 0 -0.0401215 -0.0173835 0.864261 0.0347905 3.13418 1.5911 
59.3964 0 0 0 0 0 0 -0.0403357 -0.0180904 0.866937 0.0939947 -3.06803 1.57523 
59.4518 0 0 0 0 0 0 -0.0410988 -0.0182391 0.860818 0.0167833 3.14043 1.57033 
59.5076 0 0 0 0 0 0 -0.0414963 -0.0182184 0.861365 -0.0183534 -3.11375 1.56427 
59.5631 0 0 0 0 0 0 -0.0418931 -0.018252 0.86241 -0.0159481 -3.11416 1.55735 
59.6186 0 0 0 0 0 0 -0.0421041 -0.0186648 0.863259 0.0315423 -3.10732 1.54233 
59.6741 0 0 0 0 0 0 -0.0424615 -0.0188039 0.86283 0.0177385 -3.0926 1.5338 
59.7299 0 0 0 0 0 0 -0.0425874 -0.0190766 0.864263 0.0364326 -3.11419 1.52366 
59.7846 0 0 0 0 0 0 -0.0423795 -0.0187354 0.864117 0.0747204 3.11097 1.5225 
59.8392 0 0 0 0 0 0 -0.0423096 -0.0187773 0.86378 0.0683445 3.09751 1.51895 
59.8961 0 0 0 0 0 0 -0.0428368 -0.0191577 0.863289 0.00261698 -3.11771 1.50574 
59.9511 0 0 0 0 0 0 -0.0428223 -0.0191057 0.862403 -0.010979 -3.12572 1.50503 
60.0058 0 0 0 0 0 0 -0.042794 -0.0194693 0.866623 0.0222748 -3.10472 1.50223 
60.0593 0 0 0 0 0 0 -0.0428632 -0.0193805 0.868285 0.0224214 -3.12672 1.49872 
60.1146 0 0 0 0 0 0 -0.0427389 -0.0194844 0.863439 0.00955445 -3.09158 1.49791 
60.1697 0 0 0 0 0 0 -0.0427636 -0.019502 0.863176 0.00336635 -3.08406 1.49719 
60.2257 0 0 0 0 0 0 -0.0427543 -0.0194434 0.862885 0.00166567 -3.08503 1.4983 
60.2802 0 0 0 0 0 0 -0.042831 -0.0192941 0.863225 -0.0029892 -3.09581 1.49994 
60.3359 0 0 0 0 0 0 -0.0426827 -0.0190725 0.863038 0.00787821 -3.10662 1.50518 
60.3915 0 0 0 0 0 0 -0.0424935 -0.0187898 0.863572 0.0261604 3.13834 1.51007 
60.4474 0 0 0 0 0 0 -0.0420596 -0.018931 0.864071 0.0764843 -3.13986 1.51712 
60.5027 0 0 0 0 0 0 -0.0421192 -0.0188141 0.864961 0.0529981 -3.1392 1.5227 
60.5587 0 0 0 0 0 0 -0.0423077 -0.0184728 0.864204 -0.00626481 3.11987 1.5287 
60.6132 0 0 0 0 0 0 -0.0416364 -0.0184111 0.865231 0.0234239 3.12087 1.53924 
60.6687 0 0 0 0 0 0 -0.0414392 -0.0184921 0.866419 0.0312849 -3.12638 1.54439 
60.7235 0 0 0 0 0 0 -0.041082 -0.0177423 0.862146 -0.0387349 3.07164 1.55305 
60.7799 0 0 0 0 0 0 -0.0407526 -0.0177309 0.861147 -0.049844 3.0493 1.56277 
60.8349 0 0 0 0 0 0 -0.0405429 -0.0182398 0.865598 -0.0255221 3.12239 1.57012 
60.8898 0 0 0 0 0 0 -0.0391893 -0.0175462 0.863636 0.0727127 3.0963 1.58538 
60.9446 0 0 0 0 0 0 -0.0391761 -0.0175199 0.863697 0.0513553 3.11642 1.58849 
61.0001 0 0 0 0 0 0 -0.0393364 -0.0175304 0.863587 -0.0197197 3.12343 1.59567 
61.1189 0 0 0 0 0 0 -0.038929 -0.0171639 0.863143 -0.0160264 3.09301 1.60832 
61.1533 0 0 0 0 0 0 -0.0387505 -0.0170956 0.863664 0.00166834 3.09345 1.61316 
61.2006 0 0 0 0 0 0 -0.0386567 -0.0174771 0.864028 0.017452 -3.10866 1.61923 
61.2586 0 0 0 0 0 0 -0.0386089 -0.017301 0.863187 0.00149958 -3.12521 1.62265 
61.322 0 0 0 0 0 0 -0.0385752 -0.0173369 0.862956 -0.00116428 -3.11124 1.62482 
61.3818 0 0 0 0 0 0 -0.0384865 -0.0169459 0.863893 0.0308063 3.11823 1.63407 
61.4364 0 0 0 0 0 0 -0.0381877 -0.0168728 0.863834 0.0785222 3.11338 1.63712 
61.4922 0 0 0 0 0 0 -0.0385297 -0.0169728 0.863967 0.0187636 3.12493 1.63907 
61.5458 0 0 0 0 0 0 -0.0384004 -0.0168729 0.863819 0.0359091 3.11713 1.63902 
61.6021 0 0 0 0 0 0 -0.0384712 -0.016899 0.863591 0.0212826 3.11361 1.63963 
61.6568 0 0 0 0 0 0 -0.0382635 -0.017064 0.862905 0.0239797 3.13933 1.63146 
61.7121 0 0 0 0 0 0 -0.0384571 -0.0170815 0.862344 -0.0124312 3.1326 1.62737 
61.7685 0 0 0 0 0 0 -0.0384367 -0.0173016 0.863516 0.00983096 -3.12894 1.62447 
61.8235 0 0 0 0 0 0 -0.0386131 -0.017444 0.864404 0.0202741 -3.12101 1.61888 
61.8791 0 0 0 0 0 0 -0.038814 -0.0175519 0.864069 0.0207291 -3.10481 1.61485 
61.9352 0 0 0 0 0 0 -0.0392597 -0.0172605 0.863702 -0.00293288 3.10237 1.60885 
61.99 0 0 0 0 0 0 -0.039478 -0.0175392 0.862843 -0.0236617 3.13477 1.6006 
62.0456 0 0 0 0 0 0 -0.0396016 -0.0175111 0.863553 0.0430573 3.12616 1.59357 
62.1018 0 0 0 0 0 0 -0.0395893 -0.0176588 0.863804 0.0804861 3.09269 1.5882 
62.1562 0 0 0 0 0 0 -0.0406632 -0.0183542 0.86397 0.00718453 -3.10463 1.57725 
62.2111 0 0 0 0 0 0 -0.0410726 -0.0183067 0.860887 0.0194288 -3.13645 1.56978 
62.2665 0 0 0 0 0 0 -0.0413349 -0.018464 0.862147 0.0201131 -3.10089 1.56214 
62.3223 0 0 0 0 0 0 -0.0415263 -0.0187897 0.863533 0.0407802 -3.06909 1.55214 
62.3781 0 0 0 0 0 0 -0.0420258 -0.0188249 0.864251 0.00816108 -3.112 1.54208 
62.433 0 0 0 0 0 0 -0.0421341 -0.018544 0.863942 0.00211918 3.10956 1.53953 
62.4886 0 0 0 0 0 0 -0.0423132 -0.0186896 0.863425 -0.0251639 3.12234 1.53178 
62.5436 0 0 0 0 0 0 -0.0421299 -0.0189556 0.865138 0.039886 -3.14102 1.52404 
62.5996 0 0 0 0 0 0 -0.0420648 -0.0191438 0.863975 0.0387716 -3.12861 1.52 
62.6547 0 0 0 0 0 0 -0.0420466 -0.0192214 0.863565 0.0479987 -3.11708 1.51476 
62.7094 0 0 0 0 0 0 -0.0418489 -0.0191709 0.862738 0.059511 -3.13488 1.51381 
62.7638 0 0 0 0 0 0 -0.0417867 -0.0191732 0.862321 0.0594219 -3.13071 1.511 
62.8189 0 0 0 0 0 0 -0.0420791 -0.0190043 0.862759 0.0311522 3.13724 1.51059 
62.8736 0 0 0 0 0 0 -0.0424253 -0.0191978 0.863403 0.00569267 -3.10228 1.50719 
62.9284 0 0 0 0 0 0 -0.0424122 -0.0191378 0.862925 0.000563686 -3.10565 1.50822 
62.9845 0 0 0 0 0 0 -0.0419455 -0.0190481 0.86271 0.0601082 -3.13959 1.51118 
63.039 0 0 0 0 0 0 -0.0423748 -0.0190537 0.863709 0.0282467 -3.11068 1.50982 
63.095 0 0 0 0 0 0 -0.0418553 -0.0188825 0.862772 0.0851237 -3.13433 1.51573 
63.1511 0 0 0 0 0 0 -0.0419251 -0.0188019 0.863257 0.0541781 3.13888 1.51895 
63.2061 0 0 0 0 0 0 -0.0420459 -0.0186492 0.863222 0.0312787 -3.13641 1.52336 
63.2626 0 0 0 0 0 0 -0.0420419 -0.0183016 0.864495 0.0152757 3.11588 1.53142 
63.3175 0 0 0 0 0 0 -0.041764 -0.0183233 0.86496 0.0140701 3.11805 1.53775 
63.372 0 0 0 0 0 0 -0.0413854 -0.0184822 0.866082 0.0272834 -3.11066 1.5439 
63.4272 0 0 0 0 0 0 -0.0408491 -0.017479 0.861198 -0.0340668 3.06552 1.55484 
63.4828 0 0 0 0 0 0 -0.0410217 -0.0175154 0.86201 -0.0435299 3.07025 1.55788 
63.5392 0 0 0 0 0 0 -0.0404347 -0.018198 0.864564 -0.0382323 3.114 1.56793 
63.5931 0 0 0 0 0 0 -0.0392435 -0.0178443 0.862368 0.0205139 3.09735 1.57696 
63.6499 0 0 0 0 0 0 -0.0391536 -0.017571 0.863177 0.056421 3.0875 1.58327 
63.7048 0 0 0 0 0 0 -0.0393707 -0.0173484 0.863815 0.0292427 3.12255 1.59047 
63.7595 0 0 0 0 0 0 -0.0392995 -0.017403 0.863788 0.00625105 3.14041 1.59393 
63.8158 0 0 0 0 0 0 -0.0390059 -0.0171867 0.864883 0.0439933 3.13253 1.60613 
63.8702 0 0 0 0 0 0 -0.0391471 -0.0172038 0.864503 0.0186083 3.12285 1.61003 
63.9256 0 0 0 0 0 0 -0.0389967 -0.0171537 0.864415 0.0280325 3.12922 1.61303 
63.9811 0 0 0 0 0 0 -0.0388658 -0.0172565 0.864211 0.0158204 -3.12569 1.61921 
64.0361 0 0 0 0 0 0 -0.0386791 -0.0172276 0.863226 0.0142353 -3.12602 1.62148 
64.0908 0 0 0 0 0 0 -0.0389698 -0.0169552 0.863173 -0.0150186 3.12302 1.62666 
64.1457 0 0 0 0 0 0 -0.0390725 -0.0170907 0.863136 -0.0131008 3.14082 1.62853 
64.2001 0 0 0 0 0 0 -0.0389109 -0.0169772 0.862553 -0.0203525 3.12681 1.6274 
64.2543 0 0 0 0 0 0 -0.0388844 -0.0169673 0.865749 0.0463895 3.13645 1.6298 
64.3111 0 0 0 0 0 0 -0.0390004 -0.0170579 0.864137 5.57288e-05 3.1326 1.62856 
64.3664 0 0 0 0 0 0 -0.0390172 -0.017144 0.863541 -0.019382 3.14152 1.6277 
64.4212 0 0 0 0 0 0 -0.0387051 -0.0173254 0.863897 0.0140298 -3.12165 1.62228 
64.4763 0 0 0 0 0 0 -0.0387882 -0.0173323 0.863428 0.00104145 -3.12223 1.62108 
64.5326 0 0 0 0 0 0 -0.0390147 -0.0175355 0.864429 0.0206777 -3.10748 1.6133 
64.5893 0 0 0 0 0 0 -0.0391582 -0.0172152 0.865077 0.0292241 3.12003 1.61236 
64.645 0 0 0 0 0 0 -0.0394504 -0.0173465 0.865364 0.0146156 3.12229 1.60947 
64.6989 0 0 0 0 0 0 -0.039976 -0.0178489 0.863874 -0.0103208 -3.10994 1.59916 
64.7545 0 0 0 0 0 0 -0.0401352 -0.0175229 0.863762 0.00455651 3.11471 1.59492 
64.8102 0 0 0 0 0 0 -0.0402844 -0.0183737 0.866252 0.0986264 -3.0598 1.5772 
64.8656 0 0 0 0 0 0 -0.0409457 -0.0184109 0.861046 -0.00256892 -3.10003 1.57541 
64.9206 0 0 0 0 0 0 -0.0411298 -0.0182452 0.861132 0.0165381 3.13499 1.5708 
64.9755 0 0 0 0 0 0 -0.0410981 -0.0181859 0.861067 0.0243743 3.12746 1.57038 
65.0317 0 0 0 0 0 0 -0.041309 -0.0184264 0.861301 0.0286287 -3.11963 1.56411 
65.0864 0 0 0 0 0 0 -0.0415423 -0.0189565 0.863832 0.0535913 -3.07846 1.55077 
65.1415 0 0 0 0 0 0 -0.0421212 -0.0187693 0.865099 0.0087161 -3.1327 1.54263 
65.1978 0 0 0 0 0 0 -0.042141 -0.0187341 0.863597 -0.00767387 3.12665 1.53945 
65.253 0 0 0 0 0 0 -0.0422995 -0.0190066 0.865316 -0.00175986 3.13519 1.52987 
65.3078 0 0 0 0 0 0 -0.0419933 -0.0189565 0.864096 0.0148366 3.13572 1.52601 
65.3625 0 0 0 0 0 0 -0.0419049 -0.019117 0.863887 0.0306301 -3.14069 1.52236 
65.4177 0 0 0 0 0 0 -0.0417289 -0.0192344 0.86289 0.0498674 -3.12974 1.5181 
65.4718 0 0 0 0 0 0 -0.0417855 -0.0192582 0.862966 0.0515707 -3.12792 1.51644 
65.5266 0 0 0 0 0 0 -0.0418074 -0.0192472 0.862763 0.0487146 -3.12598 1.5152 
65.5811 0 0 0 0 0 0 -0.0419598 -0.0192486 0.863615 0.0612497 -3.12142 1.51522 
65.637 0 0 0 0 0 0 -0.041851 -0.0192315 0.863004 0.0481795 -3.12938 1.5155 
65.6927 0 0 0 0 0 0 -0.0419772 -0.0192404 0.863868 0.0629478 -3.1159 1.5153 
65.7488 0 0 0 0 0 0 -0.0420963 -0.0190998 0.86395 0.0571264 -3.12918 1.51695 
65.8038 0 0 0 0 0 0 -0.0419167 -0.0190878 0.863696 0.0756772 -3.1238 1.51737 
65.8594 0 0 0 0 0 0 -0.0421197 -0.0188946 0.864049 0.0220814 -3.13 1.52424 
65.9148 0 0 0 0 0 0 -0.042119 -0.0186676 0.862899 -0.0135279 3.13909 1.52754 
65.97 0 0 0 0 0 0 -0.0416899 -0.01849 0.863861 0.00724977 3.12424 1.53652 
66.0262 0 0 0 0 0 0 -0.0416639 -0.0184516 0.864951 0.0113886 3.12744 1.53894 
66.0805 0 0 0 0 0 0 -0.0409436 -0.0183078 0.864835 0.0613658 3.12905 1.5396 
66.1358 0 0 0 0 0 0 -0.0407473 -0.0175871 0.86054 -0.0473253 3.06591 1.55514 
66.1916 0 0 0 0 0 0 -0.0406084 -0.0177093 0.860983 -0.0388455 3.05987 1.56012 
66.2473 0 0 0 0 0 0 -0.0396059 -0.0184544 0.864373 0.081592 -3.11888 1.56302 
66.3017 0 0 0 0 0 0 -0.038877 -0.0180638 0.862062 0.0618859 3.12592 1.57328 
66.3585 0 0 0 0 0 0 -0.0388931 -0.0178847 0.862865 0.0762655 3.12722 1.57738 
66.4138 0 0 0 0 0 0 -0.0393099 -0.0172682 0.863292 0.0411802 3.07766 1.58733 
66.4679 0 0 0 0 0 0 -0.0392819 -0.0173556 0.864091 0.0282869 3.12323 1.59081 
66.5239 0 0 0 0 0 0 -0.0392983 -0.0174429 0.863105 -0.00982016 -3.12785 1.59488 
66.5795 0 0 0 0 0 0 -0.0391078 -0.0170774 0.864557 0.0318655 3.11373 1.60632 
66.6349 0 0 0 0 0 0 -0.0392207 -0.017095 0.865419 0.0189212 3.11091 1.61031 
66.6901 0 0 0 0 0 0 -0.0390097 -0.0172523 0.8647 0.0223424 -3.13457 1.61329 
66.7437 0 0 0 0 0 0 -0.0389274 -0.0172805 0.863914 0.0133769 -3.1238 1.61662 
66.7977 0 0 0 0 0 0 -0.0388508 -0.0172591 0.863874 0.0186592 -3.11884 1.618 
66.8563 0 0 0 0 0 0 -0.0388661 -0.0172229 0.863432 -0.00619806 -3.10988 1.62059 
66.908 0 0 0 0 0 0 -0.0386724 -0.0171728 0.86294 0.000222783 -3.12902 1.62198 
66.9631 0 0 0 0 0 0 -0.0387586 -0.0172053 0.863296 0.00363294 -3.11724 1.62147 
67.019 0 0 0 0 0 0 -0.03874 -0.0171982 0.863717 -0.0003855 -3.12476 1.62168 
67.1361 0 0 0 0 0 0 -0.0387413 -0.0172169 0.863293 -0.00142414 -3.12281 1.62143 
67.1694 0 0 0 0 0 0 -0.0386266 -0.0172421 0.864083 0.0143903 -3.12325 1.61908 
67.2192 0 0 0 0 0 0 -0.0389091 -0.0173593 0.864192 -0.00305526 -3.10449 1.61699 
67.2768 0 0 0 0 0 0 -0.0387302 -0.0169906 0.863418 0.00840285 3.10244 1.61613 
67.3389 0 0 0 0 0 0 -0.0393024 -0.0170846 0.864812 0.0185256 3.10818 1.61054 
67.399 0 0 0 0 0 0 -0.0392895 -0.0171649 0.863859 0.00421103 3.10085 1.60655 
67.4524 0 0 0 0 0 0 -0.0395089 -0.0173573 0.863118 -0.00942107 3.12302 1.5994 
67.5076 0 0 0 0 0 0 -0.0400899 -0.0177737 0.866623 0.026147 -3.11496 1.59179 
67.5612 0 0 0 0 0 0 -0.0398235 -0.0174066 0.86329 0.0332435 3.10123 1.59111 
67.6183 0 0 0 0 0 0 -0.0410954 -0.0181326 0.860681 0.0104704 3.12485 1.57243 
67.6739 0 0 0 0 0 0 -0.0410667 -0.0182656 0.860978 0.0237957 -3.14124 1.56989 
67.7295 0 0 0 0 0 0 -0.0415578 -0.0182988 0.861856 -0.0082906 -3.10649 1.56294 
67.785 0 0 0 0 0 0 -0.0414275 -0.018708 0.862834 0.0355219 -3.07573 1.55461 
67.8398 0 0 0 0 0 0 -0.0416482 -0.0188949 0.863316 0.0289728 -3.06543 1.5497 
67.8947 0 0 0 0 0 0 -0.0419376 -0.0187868 0.864666 0.00809654 -3.12353 1.54271 
67.9499 0 0 0 0 0 0 -0.0419709 -0.0185429 0.864775 0.00511415 3.10804 1.53983 
68.0053 0 0 0 0 0 0 -0.0420248 -0.0184061 0.863616 -0.00964206 3.08044 1.53707 
68.0611 0 0 0 0 0 0 -0.0420509 -0.0185637 0.861725 -0.0344886 3.11173 1.52863 
68.1158 0 0 0 0 0 0 -0.0417928 -0.018905 0.863656 0.0405097 3.13998 1.52291 
68.1704 0 0 0 0 0 0 -0.0419028 -0.0191003 0.863851 0.0498807 -3.1213 1.52147 
68.225 0 0 0 0 0 0 -0.0419198 -0.01917 0.863811 0.052715 -3.11916 1.51922 
68.28 0 0 0 0 0 0 -0.0417329 -0.0190669 0.863431 0.0680155 -3.13486 1.51894 
68.3346 0 0 0 0 0 0 -0.0419993 -0.0191221 0.864048 0.0588766 -3.12796 1.51909 
68.391 0 0 0 0 0 0 -0.0419802 -0.0189978 0.863836 0.0537799 3.1366 1.51934 
68.4466 0 0 0 0 0 0 -0.0427524 -0.0189711 0.869382 0.0115749 -3.14132 1.52383 
68.5011 0 0 0 0 0 0 -0.0422567 -0.0187059 0.863206 0.0014907 3.11863 1.52542 
68.5562 0 0 0 0 0 0 -0.0423631 -0.0188783 0.865108 0.0191422 -3.14118 1.52635 
68.613 0 0 0 0 0 0 -0.0422399 -0.0186436 0.864304 -0.00504567 3.1362 1.53068 
68.668 0 0 0 0 0 0 -0.0418441 -0.018384 0.863263 0.0032415 3.10262 1.53516 
68.723 0 0 0 0 0 0 -0.0417287 -0.0183939 0.865033 0.0241788 3.11116 1.53945 
68.7785 0 0 0 0 0 0 -0.0412154 -0.0183132 0.865155 0.0321504 3.1201 1.54565 
68.8342 0 0 0 0 0 0 -0.0410531 -0.0180071 0.863679 -0.00916759 3.09332 1.55205 
68.8896 0 0 0 0 0 0 -0.0407456 -0.0177468 0.861113 -0.0353921 3.05491 1.56285 
68.945 0 0 0 0 0 0 -0.0408195 -0.0177577 0.861084 -0.0354301 3.05433 1.56394 
69.0005 0 0 0 0 0 0 -0.0404878 -0.0182474 0.864856 -0.024845 3.12423 1.56898 
69.0565 0 0 0 0 0 0 -0.0393902 -0.0177767 0.863578 0.0701743 3.07598 1.58251 
69.1121 0 0 0 0 0 0 -0.039196 -0.0174904 0.863462 0.0964212 3.0666 1.58805 
69.1658 0 0 0 0 0 0 -0.0394475 -0.0174468 0.863382 0.0490988 3.0823 1.58801 
69.221 0 0 0 0 0 0 -0.0396824 -0.017509 0.864291 -0.00183944 3.12646 1.59379 
69.2764 0 0 0 0 0 0 -0.039475 -0.017534 0.862667 -0.0273457 3.12392 1.60119 
69.3321 0 0 0 0 0 0 -0.0395415 -0.0175807 0.865024 0.00195772 -3.13642 1.60593 
69.3873 0 0 0 0 0 0 -0.0392819 -0.0173412 0.864576 0.0269658 3.12992 1.60864 
69.4421 0 0 0 0 0 0 -0.0392601 -0.017191 0.864038 0.0164283 3.11097 1.6112 
69.4971 0 0 0 0 0 0 -0.0390848 -0.0172865 0.864146 0.0394297 3.13611 1.61313 
69.552 0 0 0 0 0 0 -0.0388595 -0.017425 0.864069 0.0532794 -3.12314 1.61339 
69.606 0 0 0 0 0 0 -0.038882 -0.0174417 0.864018 0.0197781 -3.11684 1.61618 
69.6614 0 0 0 0 0 0 -0.0388237 -0.0174342 0.863863 0.0153919 -3.11716 1.6175 
69.7164 0 0 0 0 0 0 -0.0388621 -0.017502 0.864221 0.0163792 -3.10631 1.61651 
69.7723 0 0 0 0 0 0 -0.038841 -0.0175387 0.864127 0.016443 -3.10202 1.61586 
69.8283 0 0 0 0 0 0 -0.0385929 -0.0171892 0.864301 0.019536 3.11941 1.61734 
69.8827 0 0 0 0 0 0 -0.0388867 -0.0174477 0.864474 0.0199162 -3.11957 1.61379 
69.9387 0 0 0 0 0 0 -0.0391463 -0.0172018 0.864928 0.0168357 3.1131 1.61083 
69.9948 0 0 0 0 0 0 -0.0391996 -0.0172163 0.864289 0.00485626 3.11199 1.60915 
70.0496 0 0 0 0 0 0 -0.0395384 -0.017508 0.862901 -0.0257492 3.12888 1.60051 
70.1055 0 0 0 0 0 0 -0.0398152 -0.0176368 0.867516 0.00838928 -3.13484 1.59887 
70.1604 0 0 0 0 0 0 -0.0399455 -0.0179195 0.867062 0.0138038 -3.11294 1.59481 
70.2161 0 0 0 0 0 0 -0.0400809 -0.018005 0.868009 0.0913631 -3.11767 1.58276 
70.2713 0 0 0 0 0 0 -0.0401538 -0.0181279 0.867163 0.116951 -3.08366 1.57496 
70.3273 0 0 0 0 0 0 -0.0410456 -0.0181975 0.861033 0.0168861 3.13219 1.57206 
70.382 0 0 0 0 0 0 -0.0410667 -0.0182656 0.860978 0.0237957 -3.14124 1.56989 
70.4373 0 0 0 0 0 0 -0.0409681 -0.0183158 0.860626 0.0331229 -3.12836 1.56834 
70.4934 0 0 0 0 0 0 -0.0409256 -0.0179715 0.860691 0.0149356 3.09354 1.56506 
70.5482 0 0 0 0 0 0 -0.0413886 -0.0186733 0.863936 0.0305754 -3.09203 1.55121 
70.603 0 0 0 0 0 0 -0.0411927 -0.0184153 0.865029 0.0382992 3.1248 1.542 
70.6592 0 0 0 0 0 0 -0.0412874 -0.0184054 0.864751 0.0351991 3.11109 1.54038 
70.714 0 0 0 0 0 0 -0.0418115 -0.018621 0.864474 -0.013756 3.12509 1.53898 
70.7692 0 0 0 0 0 0 -0.0421277 -0.0188926 0.86871 0.0103685 -3.13345 1.5321 
70.824 0 0 0 0 0 0 -0.0415703 -0.018504 0.86219 -0.00470802 3.11164 1.53258 
70.8792 0 0 0 0 0 0 -0.0418805 -0.0187224 0.86318 0.00743025 -3.13738 1.52676 
70.9342 0 0 0 0 0 0 -0.0420402 -0.01872 0.862832 -0.0130215 3.13741 1.52685 
70.9896 0 0 0 0 0 0 -0.0419799 -0.0186927 0.863 -0.00394644 3.13139 1.52683 
71.0442 0 0 0 0 0 0 -0.04213 -0.018708 0.863306 -0.00633253 3.13394 1.5267 
71.0992 0 0 0 0 0 0 -0.042023 -0.0188916 0.864725 0.0387126 -3.1324 1.52506 
71.155 0 0 0 0 0 0 -0.042189 -0.0187408 0.864918 0.0178055 3.13283 1.52709 
71.2098 0 0 0 0 0 0 -0.0423398 -0.0184913 0.86413 -0.0150615 3.11079 1.5301 
71.2654 0 0 0 0 0 0 -0.0421914 -0.0184921 0.864505 0.00110415 3.11614 1.53195 
71.3209 0 0 0 0 0 0 -0.0419505 -0.0183432 0.864141 0.0148681 3.10896 1.5346 
71.376 0 0 0 0 0 0 -0.0415775 -0.0182834 0.865411 0.0400355 3.11031 1.54045 
71.4318 0 0 0 0 0 0 -0.0415935 -0.0182881 0.865713 0.0211008 3.12159 1.54249 
71.4871 0 0 0 0 0 0 -0.0410148 -0.0181179 0.864231 0.0125653 3.11575 1.54971 
71.5428 0 0 0 0 0 0 -0.0408794 -0.0175507 0.860947 -0.0436188 3.05523 1.55756 
71.5979 0 0 0 0 0 0 -0.0409244 -0.0176113 0.86115 -0.0296674 3.06055 1.56077 
71.6545 0 0 0 0 0 0 -0.0407316 -0.0178091 0.86183 -0.0428039 3.06062 1.56357 
71.7091 0 0 0 0 0 0 -0.0405229 -0.0182225 0.865514 -0.0224743 3.11961 1.56959 
71.765 0 0 0 0 0 0 -0.0397298 -0.0181822 0.865895 0.131856 3.14026 1.57199 
71.8192 0 0 0 0 0 0 -0.0393109 -0.0175041 0.86341 0.0756631 3.07499 1.58781 
71.8745 0 0 0 0 0 0 -0.0395396 -0.0173916 0.863067 0.0357267 3.08086 1.58884 
71.9302 0 0 0 0 0 0 -0.0396546 -0.0171872 0.861959 0.00982578 3.07823 1.59128 
71.9855 0 0 0 0 0 0 -0.0396819 -0.0174428 0.8639 0.0238883 3.11844 1.59427 
72.0403 0 0 0 0 0 0 -0.0397973 -0.0177493 0.863647 -0.00467791 -3.11806 1.5984 
72.0957 0 0 0 0 0 0 -0.0394829 -0.0176263 0.864408 0.0325549 -3.0983 1.60419 
72.151 0 0 0 0 0 0 -0.0393403 -0.0174528 0.864227 0.0323967 -3.122 1.6071 
72.2064 0 0 0 0 0 0 -0.0392937 -0.0173877 0.864053 0.0313157 -3.13246 1.60957 
72.2605 0 0 0 0 0 0 -0.0391806 -0.0173147 0.864225 0.0341229 -3.13968 1.61127 
72.3156 0 0 0 0 0 0 -0.0391686 -0.0174025 0.864488 0.0430414 -3.12299 1.61046 
72.3706 0 0 0 0 0 0 -0.0391577 -0.0173327 0.864674 0.035941 -3.14107 1.61161 
72.4263 0 0 0 0 0 0 -0.0392181 -0.0172987 0.865044 0.0257799 3.13203 1.61173 
72.4825 0 0 0 0 0 0 -0.0391508 -0.0174196 0.865029 0.0288288 -3.12649 1.61163 
72.5368 0 0 0 0 0 0 -0.0392649 -0.0172109 0.86487 0.0142311 3.11744 1.61167 
72.5929 0 0 0 0 0 0 -0.0392526 -0.0173197 0.864742 0.0173635 3.12881 1.60993 
72.6471 0 0 0 0 0 0 -0.0393014 -0.0173944 0.863942 0.00445827 3.11151 1.60605 
72.7029 0 0 0 0 0 0 -0.0395747 -0.0175385 0.862447 -0.0387864 3.12236 1.60228 
72.7579 0 0 0 0 0 0 -0.0398166 -0.0178786 0.863987 -0.0112202 -3.10668 1.59919 
72.8144 0 0 0 0 0 0 -0.0397481 -0.0174194 0.862942 0.0392078 3.10099 1.59229 
72.8702 0 0 0 0 0 0 -0.0402538 -0.0180499 0.867799 0.0386547 -3.1218 1.58916 
72.9262 0 0 0 0 0 0 -0.0396776 -0.0176234 0.86371 0.0777858 3.1004 1.58982 
72.9807 0 0 0 0 0 0 -0.0402155 -0.018244 0.864777 0.118604 -3.0862 1.57468 
73.0372 0 0 0 0 0 0 -0.040259 -0.0183628 0.86376 0.112614 -3.08383 1.57295 
73.0916 0 0 0 0 0 0 -0.0410667 -0.0182656 0.860978 0.0237957 -3.14124 1.56989 
73.1473 0 0 0 0 0 0 -0.0410031 -0.0183297 0.860687 0.0274583 -3.1289 1.56877 
73.2032 0 0 0 0 0 0 -0.0409927 -0.0181341 0.860911 0.0127264 3.11611 1.56727 
73.2583 0 0 0 0 0 0 -0.0412543 -0.018729 0.864149 0.0417938 -3.10258 1.55016 
73.3137 0 0 0 0 0 0 -0.0407293 -0.0187287 0.863273 0.112691 -3.13041 1.54637 
73.3693 0 0 0 0 0 0 -0.0415035 -0.0185709 0.864505 -0.00413245 3.11893 1.54035 
73.424 0 0 0 0 0 0 -0.0415208 -0.0185606 0.863844 0.0005773 3.10651 1.5388 
73.4797 0 0 0 0 0 0 -0.0419736 -0.0187543 0.868346 0.0166947 3.13136 1.53672 
73.5344 0 0 0 0 0 0 -0.0417483 -0.0186278 0.86278 -0.0131673 3.10693 1.53606 
73.5901 0 0 0 0 0 0 -0.0418363 -0.0185238 0.862542 -0.0188879 3.09412 1.53524 
73.6449 0 0 0 0 0 0 -0.0420522 -0.0187615 0.863075 -0.0134553 3.14096 1.52961 
73.7002 0 0 0 0 0 0 -0.0421916 -0.0187914 0.864118 -0.0128649 3.13653 1.52955 
73.7557 0 0 0 0 0 0 -0.0421518 -0.0188694 0.864766 0.000300293 -3.13358 1.52856 
73.811 0 0 0 0 0 0 -0.0422268 -0.0187107 0.864005 -0.0154222 3.13086 1.52919 
73.8664 0 0 0 0 0 0 -0.0422618 -0.0186124 0.864274 -0.0121916 3.12596 1.53106 
73.9215 0 0 0 0 0 0 -0.0421121 -0.0185062 0.864845 0.00447364 3.1123 1.53308 
73.9762 0 0 0 0 0 0 -0.0417424 -0.0183361 0.864139 0.0160841 3.09819 1.53743 
74.0314 0 0 0 0 0 0 -0.0417465 -0.0183734 0.865374 0.0155605 3.10654 1.54007 
74.0877 0 0 0 0 0 0 -0.0414209 -0.0186028 0.865964 0.0259679 -3.11852 1.54274 
74.1432 0 0 0 0 0 0 -0.041069 -0.0179816 0.864567 0.0082863 3.08765 1.54752 
74.1981 0 0 0 0 0 0 -0.0412019 -0.0181682 0.865995 0.00583633 3.11985 1.54924 
74.2537 0 0 0 0 0 0 -0.0409282 -0.0175984 0.861568 -0.0414142 3.06152 1.55866 
74.3095 0 0 0 0 0 0 -0.0406671 -0.017737 0.860972 -0.043876 3.05373 1.56173 
74.3654 0 0 0 0 0 0 -0.0407271 -0.0177445 0.86121 -0.0500246 3.05152 1.56262 
74.4209 0 0 0 0 0 0 -0.0403529 -0.0182143 0.866658 0.0140585 3.12166 1.57082 
74.4755 0 0 0 0 0 0 -0.0392566 -0.0177191 0.863191 0.0606832 3.06705 1.58135 
74.5305 0 0 0 0 0 0 -0.0394952 -0.0174168 0.863203 0.0364331 3.07666 1.58753 
74.5858 0 0 0 0 0 0 -0.0396153 -0.0172812 0.86267 0.0142296 3.07644 1.5887 
74.6419 0 0 0 0 0 0 -0.0396289 -0.0171899 0.862519 0.0129357 3.07658 1.58986 
74.6967 0 0 0 0 0 0 -0.0396059 -0.0172736 0.863212 -0.00165029 3.11413 1.59391 
74.7515 0 0 0 0 0 0 -0.039534 -0.0174176 0.863347 -0.00271183 -3.14028 1.59679 
74.8065 0 0 0 0 0 0 -0.039394 -0.0174658 0.865109 0.0301746 -3.12041 1.60269 
74.8611 0 0 0 0 0 0 -0.0392826 -0.017304 0.865323 0.0467591 -3.13757 1.60516 
74.9164 0 0 0 0 0 0 -0.0393118 -0.0172279 0.864883 0.0275055 3.13003 1.60764 
74.9716 0 0 0 0 0 0 -0.0392297 -0.0171599 0.864947 0.0266886 3.12136 1.61011 
75.0262 0 0 0 0 0 0 -0.0392274 -0.0172322 0.86521 0.028952 3.13608 1.60991 
75.082 0 0 0 0 0 0 -0.0392204 -0.0171356 0.865265 0.0229682 3.11358 1.61077 
75.1379 0 0 0 0 0 0 -0.0391287 -0.0172085 0.86505 0.0263011 3.12469 1.61032 
75.1934 0 0 0 0 0 0 -0.0392121 -0.0171558 0.865379 0.0225427 3.11643 1.61081 
75.2508 0 0 0 0 0 0 -0.0392344 -0.0172072 0.864622 0.00686126 3.11716 1.60923 
75.3015 0 0 0 0 0 0 -0.0393028 -0.0171728 0.863175 -0.0146475 3.09396 1.60694 
75.3585 0 0 0 0 0 0 -0.0393836 -0.01761 0.867779 0.0560882 -3.11095 1.60098 
75.4139 0 0 0 0 0 0 -0.0396494 -0.0177058 0.863345 -0.0129831 -3.1316 1.59963 
75.4685 0 0 0 0 0 0 -0.0398047 -0.0175429 0.863887 0.0151128 3.12509 1.59489 
75.5245 0 0 0 0 0 0 -0.0399025 -0.0173694 0.862909 0.0163369 3.101 1.59254 
75.5802 0 0 0 0 0 0 -0.039634 -0.0174932 0.863753 0.0619394 3.09082 1.5902 
75.6362 0 0 0 0 0 0 -0.0397082 -0.0177159 0.864116 0.0782259 3.10141 1.58754 
75.6909 0 0 0 0 0 0 -0.0409836 -0.0183671 0.861401 -0.01692 -3.11675 1.57425 
75.7463 0 0 0 0 0 0 -0.0411021 -0.0181996 0.860957 0.00917558 3.13025 1.57122 
75.8021 0 0 0 0 0 0 -0.0410667 -0.0182656 0.860978 0.0237957 -3.14124 1.56989 
75.8566 0 0 0 0 0 0 -0.0410457 -0.0182521 0.860833 0.026527 3.14006 1.56929 
75.9123 0 0 0 0 0 0 -0.040991 -0.0181601 0.860826 0.0143631 3.12101 1.56726 
75.9687 0 0 0 0 0 0 -0.0414348 -0.018789 0.864294 0.0286329 -3.08895 1.55034 
76.0229 0 0 0 0 0 0 -0.0415529 -0.0188391 0.86493 0.019101 -3.08487 1.54678 
76.0775 0 0 0 0 0 0 -0.041654 -0.0186816 0.865526 0.0299334 3.13589 1.54201 
76.133 0 0 0 0 0 0 -0.0415554 -0.0184621 0.863397 -0.00461378 3.09926 1.5392 
76.1883 0 0 0 0 0 0 -0.0418169 -0.0187272 0.864336 0.00208453 3.13666 1.53965 
76.2436 0 0 0 0 0 0 -0.0419741 -0.0186637 0.864472 -0.00354138 3.12594 1.5394 
76.2977 0 0 0 0 0 0 -0.0421563 -0.0185886 0.86355 -0.021265 3.10334 1.53598 
76.3531 0 0 0 0 0 0 -0.0423022 -0.0186889 0.863723 -0.0233896 3.12126 1.53435 
76.4082 0 0 0 0 0 0 -0.0423571 -0.0187225 0.864292 -0.0226627 3.12542 1.53429 
76.464 0 0 0 0 0 0 -0.0423359 -0.0187725 0.864305 -0.0129679 3.13902 1.53364 
76.5197 0 0 0 0 0 0 -0.0423097 -0.0187237 0.864067 -0.0134499 3.13116 1.53423 
76.5746 0 0 0 0 0 0 -0.0422353 -0.0186854 0.86419 -0.00487558 3.13117 1.53454 
76.6297 0 0 0 0 0 0 -0.0421262 -0.0185434 0.864124 -0.00974121 3.10409 1.53753 
76.6844 0 0 0 0 0 0 -0.0419249 -0.0184951 0.865151 0.00736044 3.11962 1.54087 
76.7401 0 0 0 0 0 0 -0.0415184 -0.0183092 0.864167 0.0105089 3.10617 1.54169 
76.7937 0 0 0 0 0 0 -0.0415481 -0.0187088 0.866298 0.0310862 -3.11099 1.54327 
76.8514 0 0 0 0 0 0 -0.0409761 -0.0181338 0.864041 0.0243312 3.09224 1.55278 
76.9072 0 0 0 0 0 0 -0.0409701 -0.0177738 0.86141 -0.0318085 3.05835 1.55885 
76.9624 0 0 0 0 0 0 -0.0408006 -0.0176665 0.860098 -0.0350495 3.04434 1.562 
77.0182 0 0 0 0 0 0 -0.040818 -0.0178359 0.861503 -0.0233937 3.06662 1.56475 
77.1432 0 0 0 0 0 0 -0.0409008 -0.0178038 0.861424 -0.0310027 3.05853 1.56573 
77.1785 0 0 0 0 0 0 -0.0404615 -0.0182721 0.866387 0.0090601 3.13599 1.57261 
77.2252 0 0 0 0 0 0 -0.0398245 -0.0180035 0.865772 0.112879 3.12915 1.57974 
77.2822 0 0 0 0 0 0 -0.0393502 -0.0175734 0.863629 0.0915705 3.06994 1.58778 
77.3422 0 0 0 0 0 0 -0.0395853 -0.0173927 0.863994 0.0567871 3.0857 1.58996 
77.4021 0 0 0 0 0 0 -0.04001 -0.0173052 0.867897 0.0221687 3.07585 1.59165 
77.4571 0 0 0 0 0 0 -0.0396839 -0.0173743 0.863563 0.0262826 3.1183 1.5935 
77.5126 0 0 0 0 0 0 -0.0398669 -0.0177073 0.867357 -0.00418305 -3.12471 1.59952 
77.5676 0 0 0 0 0 0 -0.0396592 -0.0175894 0.862073 -0.0295979 -3.12676 1.59966 
77.6226 0 0 0 0 0 0 -0.0393958 -0.0173684 0.865354 0.0212239 3.13704 1.60707 
77.6776 0 0 0 0 0 0 -0.0392343 -0.0170557 0.864156 0.00873455 3.08889 1.60784 
77.733 0 0 0 0 0 0 -0.0393237 -0.0171989 0.864915 0.020412 3.12752 1.60778 
77.7888 0 0 0 0 0 0 -0.039067 -0.0171793 0.864511 0.0139782 3.10816 1.60908 
77.8438 0 0 0 0 0 0 -0.0390794 -0.0170753 0.864016 -7.6875e-05 3.09138 1.60922 
77.8994 0 0 0 0 0 0 -0.0393001 -0.0173184 0.869175 0.032057 3.13037 1.60458 
77.9545 0 0 0 0 0 0 -0.0393621 -0.0172261 0.864048 -0.0126551 3.11364 1.60622 
78.0097 0 0 0 0 0 0 -0.0395839 -0.0174849 0.864175 -0.0147427 -3.13316 1.60082 
78.0638 0 0 0 0 0 0 -0.0396576 -0.0176341 0.864004 -0.0191357 -3.12796 1.59937 
78.1208 0 0 0 0 0 0 -0.0397833 -0.0176009 0.863489 -0.00973174 -3.13491 1.59533 
78.1758 0 0 0 0 0 0 -0.0399731 -0.0177907 0.867842 0.015407 -3.12303 1.59404 
78.231 0 0 0 0 0 0 -0.0399779 -0.0176587 0.868046 0.0500145 3.11952 1.5891 
78.2875 0 0 0 0 0 0 -0.0394153 -0.0175217 0.863932 0.0912524 3.08157 1.5892 
78.3422 0 0 0 0 0 0 -0.0399121 -0.0181035 0.867362 0.136969 -3.09187 1.5731 
78.3992 0 0 0 0 0 0 -0.0405413 -0.0182047 0.865755 -0.000260687 3.13739 1.57588 
78.4543 0 0 0 0 0 0 -0.0409055 -0.0179222 0.862675 -0.0201042 3.07449 1.56822 
78.5087 0 0 0 0 0 0 -0.0410031 -0.0183297 0.860687 0.0274583 -3.1289 1.56877 
78.5646 0 0 0 0 0 0 -0.0408469 -0.0179573 0.862169 0.00104749 3.08559 1.56682 
78.6195 0 0 0 0 0 0 -0.0408443 -0.0177438 0.860259 -0.0252447 3.05479 1.56279 
78.6753 0 0 0 0 0 0 -0.0407621 -0.0177827 0.861119 0.00316881 3.0552 1.56134 
78.7299 0 0 0 0 0 0 -0.0411009 -0.018209 0.865339 0.0211524 3.10068 1.54914 
78.7844 0 0 0 0 0 0 -0.0411487 -0.0183242 0.865281 0.0341539 3.11841 1.54409 
78.8413 0 0 0 0 0 0 -0.0412907 -0.0183337 0.865161 0.0214498 3.10782 1.543 
78.8944 0 0 0 0 0 0 -0.0417528 -0.0184606 0.864828 0.00507151 3.10847 1.54009 
78.9496 0 0 0 0 0 0 -0.0417613 -0.0185039 0.86516 0.00924106 3.1041 1.54002 
79.0049 0 0 0 0 0 0 -0.0419121 -0.0185705 0.864369 -0.0141468 3.11186 1.53841 
79.0599 0 0 0 0 0 0 -0.0418861 -0.0186 0.864553 -0.00930209 3.11395 1.53878 
79.1152 0 0 0 0 0 0 -0.04194 -0.0185327 0.864427 -0.0096291 3.10568 1.53846 
79.1714 0 0 0 0 0 0 -0.0419138 -0.0184606 0.864372 -0.00491632 3.09229 1.53879 
79.2266 0 0 0 0 0 0 -0.0419491 -0.0184845 0.864182 -0.0111864 3.09429 1.53841 
79.282 0 0 0 0 0 0 -0.0419636 -0.0185287 0.864675 -0.0129425 3.10897 1.53836 
79.3363 0 0 0 0 0 0 -0.0417965 -0.0185179 0.865905 0.0122031 3.11438 1.54007 
79.3917 0 0 0 0 0 0 -0.0416623 -0.0183913 0.866043 0.0256102 3.11182 1.54192 
79.4466 0 0 0 0 0 0 -0.0412636 -0.0184674 0.865339 0.023259 3.13077 1.5447 
79.5024 0 0 0 0 0 0 -0.0411919 -0.0181811 0.864829 0.0141684 3.10905 1.54874 
79.5589 0 0 0 0 0 0 -0.0410359 -0.0181446 0.86484 0.0122157 3.10211 1.55192 
79.6135 0 0 0 0 0 0 -0.0409635 -0.0177837 0.861115 -0.0127505 3.07203 1.56314 
79.6694 0 0 0 0 0 0 -0.0408121 -0.017683 0.8604 -0.0453855 3.04365 1.56276 
79.7246 0 0 0 0 0 0 -0.040815 -0.017733 0.861165 -0.0421583 3.04958 1.5637 
79.7802 0 0 0 0 0 0 -0.0408381 -0.0179756 0.863256 -0.024513 3.08181 1.56796 
79.8357 0 0 0 0 0 0 -0.0406554 -0.0182697 0.864806 -0.0411822 3.13111 1.57189 
79.8906 0 0 0 0 0 0 -0.0394079 -0.0176765 0.863278 0.0804375 3.07062 1.58609 
79.9456 0 0 0 0 0 0 -0.0394643 -0.017569 0.863864 0.0787987 3.07654 1.58798 
80.0008 0 0 0 0 0 0 -0.0395623 -0.0174716 0.864021 0.0633853 3.08322 1.58922 
80.0568 0 0 0 0 0 0 -0.0401634 -0.0176879 0.868174 0.0154341 3.13361 1.59236 
80.1111 0 0 0 0 0 0 -0.0396518 -0.0172527 0.863056 0.0415716 3.09304 1.59281 
80.1664 0 0 0 0 0 0 -0.0399013 -0.0176428 0.868595 0.0401139 -3.13458 1.59681 
80.2211 0 0 0 0 0 0 -0.0396375 -0.0176495 0.862443 -0.00726779 -3.13049 1.59896 
80.2764 0 0 0 0 0 0 -0.0396231 -0.017764 0.868399 0.0534325 -3.08669 1.59988 
80.3309 0 0 0 0 0 0 -0.0395618 -0.0175277 0.862442 -0.0336836 3.12852 1.60148 
80.3865 0 0 0 0 0 0 -0.039557 -0.0174709 0.862062 -0.046484 3.12258 1.6024 
80.4411 0 0 0 0 0 0 -0.0395582 -0.0173884 0.861951 -0.0473045 3.11513 1.60343 
80.4973 0 0 0 0 0 0 -0.0395902 -0.017439 0.861967 -0.0530329 3.11722 1.60297 
80.5529 0 0 0 0 0 0 -0.0395473 -0.0176144 0.864691 -0.00459478 -3.12811 1.60312 
80.6083 0 0 0 0 0 0 -0.0395758 -0.0174862 0.862597 -0.0375511 3.12069 1.60161 
80.6633 0 0 0 0 0 0 -0.0395793 -0.017562 0.863073 -0.0265147 3.12697 1.60024 
80.7183 0 0 0 0 0 0 -0.0395364 -0.0174811 0.862856 -0.0150672 3.12417 1.59929 
80.7739 0 0 0 0 0 0 -0.0398364 -0.017312 0.862798 0.0115894 3.09069 1.59469 
80.8292 0 0 0 0 0 0 -0.0398751 -0.0174167 0.864294 0.0470586 3.10743 1.5928 
80.8857 0 0 0 0 0 0 -0.0401561 -0.0178477 0.867579 0.0547767 -3.13849 1.58833 
80.9413 0 0 0 0 0 0 -0.0400982 -0.0179762 0.867462 0.095089 -3.10784 1.58142 
80.9966 0 0 0 0 0 0 -0.039616 -0.0176662 0.864088 0.0808167 3.09285 1.58786 
81.0557 0 0 0 0 0 0 -0.0406398 -0.0183273 0.86514 0.00221496 -3.12726 1.57482 
81.109 0 0 0 0 0 0 -0.0401437 -0.0182674 0.864498 0.126047 -3.08156 1.57262 
81.1615 0 0 0 0 0 0 -0.0410667 -0.0182656 0.860978 0.0237957 -3.14124 1.56989 
81.2172 0 0 0 0 0 0 -0.0408914 -0.0180488 0.862008 0.0210072 3.10241 1.56819 
81.2729 0 0 0 0 0 0 -0.0408833 -0.0180684 0.861785 0.0233051 3.10669 1.56777 
81.3288 0 0 0 0 0 0 -0.0408809 -0.0178198 0.860228 -0.0157799 3.05761 1.56273 
81.3832 0 0 0 0 0 0 -0.0414273 -0.0187243 0.86813 0.0253202 -3.09655 1.54959 
81.4389 0 0 0 0 0 0 -0.0409866 -0.0182858 0.864491 0.0428527 3.11181 1.55103 
81.4943 0 0 0 0 0 0 -0.0412677 -0.0184801 0.865703 0.0282861 3.12603 1.54342 
81.5486 0 0 0 0 0 0 -0.0413243 -0.0183679 0.864565 0.0188141 3.10839 1.54287 
81.6046 0 0 0 0 0 0 -0.0415344 -0.0186636 0.865905 0.0299544 -3.13669 1.54219 
81.6593 0 0 0 0 0 0 -0.0417179 -0.0184418 0.865237 0.0145504 3.10567 1.54115 
81.7138 0 0 0 0 0 0 -0.0418111 -0.0184917 0.865517 0.00611914 3.11405 1.54051 
81.7701 0 0 0 0 0 0 -0.0417685 -0.0184118 0.865028 0.00901879 3.09913 1.54012 
81.8256 0 0 0 0 0 0 -0.0417407 -0.0184232 0.865198 0.0154654 3.0974 1.54054 
81.881 0 0 0 0 0 0 -0.0417775 -0.0184762 0.865213 0.00924551 3.09905 1.54041 
81.9361 0 0 0 0 0 0 -0.041764 -0.0184648 0.865402 0.0107433 3.11213 1.54046 
81.991 0 0 0 0 0 0 -0.0417638 -0.0183991 0.865412 0.00756391 3.1059 1.54124 
82.0462 0 0 0 0 0 0 -0.0414336 -0.0185044 0.866157 0.0409045 -3.13692 1.54251 
82.1016 0 0 0 0 0 0 -0.0413969 -0.0186218 0.866632 0.0384977 -3.12058 1.54452 
82.1563 0 0 0 0 0 0 -0.041101 -0.0181982 0.864819 0.0275665 3.11968 1.54816 
82.213 0 0 0 0 0 0 -0.040782 -0.0177395 0.862222 -0.00726344 3.05363 1.55738 
82.2679 0 0 0 0 0 0 -0.0408265 -0.0176153 0.860595 -0.0415014 3.04672 1.5606 
82.3241 0 0 0 0 0 0 -0.041046 -0.0177161 0.861506 -0.0239561 3.08329 1.56183 
82.379 0 0 0 0 0 0 -0.0407843 -0.0177658 0.861604 -0.0436418 3.05374 1.5638 
82.4343 0 0 0 0 0 0 -0.0407119 -0.0180116 0.863428 -0.033605 3.08786 1.56608 
82.4901 0 0 0 0 0 0 -0.0406328 -0.0182552 0.864338 -0.049126 3.1278 1.57135 
82.5451 0 0 0 0 0 0 -0.03944 -0.017763 0.86363 0.0612037 3.07042 1.58143 
82.6011 0 0 0 0 0 0 -0.0394857 -0.0176515 0.863658 0.0620235 3.07553 1.58564 
82.6569 0 0 0 0 0 0 -0.0394692 -0.0174302 0.8633 0.0499367 3.08149 1.58872 
82.7106 0 0 0 0 0 0 -0.0394697 -0.0174304 0.863298 0.0498212 3.08149 1.58871 
82.7662 0 0 0 0 0 0 -0.0396064 -0.0171571 0.863106 0.0198266 3.0822 1.59041 
82.8212 0 0 0 0 0 0 -0.0399972 -0.0172775 0.86742 -0.0202708 3.09513 1.5947 
82.8761 0 0 0 0 0 0 -0.0394823 -0.0174243 0.864717 0.0314514 3.12643 1.59366 
82.931 0 0 0 0 0 0 -0.0395432 -0.0175647 0.86371 -0.00915255 3.13607 1.59837 
82.9857 0 0 0 0 0 0 -0.0395605 -0.0175131 0.863647 -0.0181984 3.13317 1.59924 
83.041 0 0 0 0 0 0 -0.0395682 -0.0175194 0.863291 -0.0276013 3.13227 1.60029 
83.0961 0 0 0 0 0 0 -0.0395825 -0.0176436 0.862919 -0.0282101 -3.12515 1.60108 
83.152 0 0 0 0 0 0 -0.0395117 -0.0176415 0.864548 0.00025098 -3.12283 1.60178 
83.2081 0 0 0 0 0 0 -0.0394149 -0.0174825 0.86243 -0.0290216 3.12664 1.60092 
83.2634 0 0 0 0 0 0 -0.0395021 -0.0177235 0.864568 0.00710214 -3.12192 1.6011 
83.3184 0 0 0 0 0 0 -0.039509 -0.0175079 0.86279 -0.0295678 3.12675 1.60044 
83.3733 0 0 0 0 0 0 -0.0395662 -0.0174865 0.863678 -0.000620534 3.12257 1.59705 
83.4278 0 0 0 0 0 0 -0.0396486 -0.017581 0.863678 0.0177385 3.14117 1.59402 
83.4837 0 0 0 0 0 0 -0.0397045 -0.0173373 0.863856 0.0563623 3.09209 1.592 
83.5392 0 0 0 0 0 0 -0.0401859 -0.0176244 0.867064 0.0294004 3.1051 1.59153 
83.5954 0 0 0 0 0 0 -0.0403046 -0.0180229 0.867786 0.0518181 -3.11376 1.5863 
83.6508 0 0 0 0 0 0 -0.040191 -0.0181409 0.864227 0.0864897 -3.11052 1.58087 
83.7058 0 0 0 0 0 0 -0.0405404 -0.0181858 0.86542 -0.000318023 3.14077 1.57707 
83.761 0 0 0 0 0 0 -0.0408104 -0.01839 0.863303 -0.0405631 -3.12237 1.57461 
83.8168 0 0 0 0 0 0 -0.0410667 -0.0182656 0.860978 0.0237957 -3.14124 1.56989 
83.8719 0 0 0 0 0 0 -0.0410367 -0.0182974 0.86084 0.0253652 -3.13514 1.56934 
83.9266 0 0 0 0 0 0 -0.0409714 -0.0182764 0.860612 0.034735 -3.1353 1.56825 
83.9825 0 0 0 0 0 0 -0.0409317 -0.0180161 0.861226 0.0102659 3.09681 1.56695 
84.0379 0 0 0 0 0 0 -0.0409726 -0.0179939 0.860797 0.00138317 3.09179 1.56641 
84.0932 0 0 0 0 0 0 -0.0414392 -0.018791 0.86321 0.0214144 -3.07614 1.55081 
84.1478 0 0 0 0 0 0 -0.0405963 -0.0187539 0.862495 0.121752 -3.11778 1.54675 
84.2031 0 0 0 0 0 0 -0.041595 -0.0189126 0.865299 0.0289626 -3.08403 1.54406 
84.2575 0 0 0 0 0 0 -0.0414901 -0.0183695 0.863991 0.0224455 3.10101 1.54309 
84.3129 0 0 0 0 0 0 -0.0418669 -0.0186265 0.865484 0.00749344 3.12785 1.54234 
84.3683 0 0 0 0 0 0 -0.0418503 -0.0185839 0.865373 0.0173929 3.1256 1.5418 
84.424 0 0 0 0 0 0 -0.0419112 -0.0185633 0.865441 0.0151376 3.11679 1.54202 
84.4784 0 0 0 0 0 0 -0.0419 -0.0185764 0.865268 0.0158581 3.11976 1.54154 
84.5349 0 0 0 0 0 0 -0.0419807 -0.018623 0.865275 0.0126594 3.13118 1.54173 
84.5899 0 0 0 0 0 0 -0.0416799 -0.0184891 0.863937 0.0106429 3.11298 1.53945 
84.6448 0 0 0 0 0 0 -0.0417855 -0.0186407 0.865147 0.0330505 -3.12849 1.54209 
84.7006 0 0 0 0 0 0 -0.0416315 -0.0186248 0.865212 0.0499452 -3.12451 1.54264 
84.7549 0 0 0 0 0 0 -0.0416202 -0.0187212 0.864755 0.0270314 -3.09711 1.54488 
84.8099 0 0 0 0 0 0 -0.0414356 -0.0186685 0.864718 0.0184028 -3.09319 1.54799 
84.8657 0 0 0 0 0 0 -0.0413401 -0.0185786 0.864173 0.0220281 -3.09926 1.55077 
84.9213 0 0 0 0 0 0 -0.0412206 -0.0182024 0.864137 0.0118316 3.13086 1.55526 
84.9786 0 0 0 0 0 0 -0.0411469 -0.0178008 0.861612 -0.0196391 3.0897 1.56436 
85.0332 0 0 0 0 0 0 -0.0408329 -0.0177911 0.861395 -0.0298327 3.05906 1.56461 
85.0894 0 0 0 0 0 0 -0.04095 -0.0178966 0.861571 -0.00900863 3.07445 1.56734 
85.1441 0 0 0 0 0 0 -0.0407359 -0.0179739 0.863187 -0.00215903 3.08417 1.56888 
85.1992 0 0 0 0 0 0 -0.0406254 -0.0182644 0.865527 -0.024646 3.13263 1.57276 
85.2543 0 0 0 0 0 0 -0.0392725 -0.0175901 0.863389 0.100382 3.06275 1.58727 
85.3091 0 0 0 0 0 0 -0.0393956 -0.0175548 0.863782 0.0876882 3.07432 1.58821 
85.3641 0 0 0 0 0 0 -0.0395338 -0.017424 0.863624 0.0518301 3.07907 1.58913 
85.4188 0 0 0 0 0 0 -0.0395225 -0.0173768 0.863663 0.0493728 3.09799 1.58926 
85.4745 0 0 0 0 0 0 -0.0396556 -0.017189 0.862071 0.00779297 3.07544 1.59027 
85.5291 0 0 0 0 0 0 -0.039549 -0.0173185 0.863287 0.0309969 3.10518 1.59177 
85.585 0 0 0 0 0 0 -0.0396659 -0.0173589 0.862999 0.0126809 3.12669 1.5941 
85.6395 0 0 0 0 0 0 -0.03965 -0.0175189 0.863526 -0.000134099 -3.14133 1.5953 
85.695 0 0 0 0 0 0 -0.0396243 -0.0176617 0.864557 -0.00336487 -3.12498 1.59762 
85.7504 0 0 0 0 0 0 -0.0395183 -0.0175753 0.863491 -0.0144948 -3.13614 1.59843 
85.8065 0 0 0 0 0 0 -0.0393428 -0.0176836 0.868734 0.0686999 -3.10432 1.59817 
85.8609 0 0 0 0 0 0 -0.0395366 -0.0176241 0.864148 -0.00730187 -3.12996 1.59878 
85.9164 0 0 0 0 0 0 -0.0395607 -0.0177012 0.864524 -0.00059614 -3.12043 1.59852 
85.9723 0 0 0 0 0 0 -0.0396907 -0.0177858 0.86361 -0.020656 -3.1079 1.59806 
86.027 0 0 0 0 0 0 -0.0396876 -0.017576 0.864122 -0.0127117 3.13642 1.59668 
86.0828 0 0 0 0 0 0 -0.0399354 -0.0173634 0.866902 -0.0186805 3.0969 1.59653 
86.1354 0 0 0 0 0 0 -0.0400342 -0.0178054 0.86764 -0.00222395 -3.1301 1.59527 
86.1922 0 0 0 0 0 0 -0.0395137 -0.0173803 0.863777 0.0596978 3.08761 1.59009 
86.2481 0 0 0 0 0 0 -0.0395232 -0.017463 0.863456 0.0549949 3.08664 1.58925 
86.3037 0 0 0 0 0 0 -0.0394666 -0.0175915 0.863658 0.0794406 3.0814 1.58816 
86.3597 0 0 0 0 0 0 -0.0394409 -0.0176231 0.863494 0.0824543 3.07945 1.58779 
86.4151 0 0 0 0 0 0 -0.0406828 -0.018329 0.864318 -0.0401313 -3.13984 1.57407 
86.4704 0 0 0 0 0 0 -0.0407472 -0.0182441 0.864491 -0.0308651 3.12767 1.5724 
86.5255 0 0 0 0 0 0 -0.0409392 -0.0181784 0.861457 0.0240532 3.12467 1.56827 
86.5806 0 0 0 0 0 0 -0.0409392 -0.0181784 0.861457 0.0240532 3.12467 1.56827 
86.6367 0 0 0 0 0 0 -0.0408552 -0.0178612 0.861718 -0.0149533 3.07028 1.56576 
86.6911 0 0 0 0 0 0 -0.0408892 -0.0177489 0.859925 -0.0371108 3.05174 1.56311 
86.7466 0 0 0 0 0 0 -0.0407265 -0.0178561 0.861301 0.00449345 3.05956 1.56211 
86.8023 0 0 0 0 0 0 -0.0404481 -0.0180707 0.862106 0.0700619 3.06339 1.56055 
86.8562 0 0 0 0 0 0 -0.0412276 -0.018713 0.866213 0.0515172 -3.12471 1.54798 
86.9119 0 0 0 0 0 0 -0.0407981 -0.0186345 0.864594 0.0949236 -3.14134 1.54609 
86.9665 0 0 0 0 0 0 -0.0412502 -0.0184544 0.865418 0.0314775 3.10618 1.54399 
87.0214 0 0 0 0 0 0 -0.0414316 -0.0185754 0.864576 0.00106322 3.12701 1.54192 
87.0771 0 0 0 0 0 0 -0.041623 -0.0184043 0.865816 0.0252646 3.09613 1.54386 
87.1318 0 0 0 0 0 0 -0.041409 -0.0184294 0.86459 0.0205314 3.10888 1.54247 
87.1873 0 0 0 0 0 0 -0.0415372 -0.0184686 0.864294 0.000916891 3.10719 1.54086 
87.2437 0 0 0 0 0 0 -0.041547 -0.0183665 0.864065 0.00466199 3.09275 1.54092 
87.2983 0 0 0 0 0 0 -0.0414552 -0.0184185 0.864731 0.0162213 3.10933 1.5421 
87.3539 0 0 0 0 0 0 -0.0414752 -0.0187061 0.865831 0.042773 -3.11299 1.5431 
87.4088 0 0 0 0 0 0 -0.0414112 -0.0187635 0.865709 0.0316066 -3.09956 1.54541 
87.4638 0 0 0 0 0 0 -0.0413801 -0.0187691 0.86523 0.0276123 -3.09117 1.54675 
87.5195 0 0 0 0 0 0 -0.0406755 -0.0183818 0.863533 0.08504 3.11786 1.55246 
87.5751 0 0 0 0 0 0 -0.0408688 -0.0177474 0.859916 -0.0296819 3.05417 1.5628 
87.631 0 0 0 0 0 0 -0.0408641 -0.0176953 0.859829 -0.0295901 3.04795 1.56295 
87.6859 0 0 0 0 0 0 -0.0408428 -0.0180356 0.86151 0.0177011 3.10188 1.56638 
87.7413 0 0 0 0 0 0 -0.0409573 -0.0180302 0.861563 0.0110467 3.09812 1.5681 
87.7967 0 0 0 0 0 0 -0.0409341 -0.0179987 0.861415 0.0111068 3.09312 1.56857 
87.8525 0 0 0 0 0 0 -0.040682 -0.0183177 0.864396 -0.0111321 -3.13951 1.57229 
87.908 0 0 0 0 0 0 -0.0406989 -0.0182562 0.863189 -0.0599549 3.13783 1.57427 
87.9627 0 0 0 0 0 0 -0.0402196 -0.0182467 0.864483 0.0924189 -3.1039 1.57755 
88.0182 0 0 0 0 0 0 -0.0394487 -0.0175655 0.863774 0.0781248 3.07628 1.58798 
88.0732 0 0 0 0 0 0 -0.0399292 -0.0175346 0.868766 0.0811774 3.09836 1.58649 
88.1278 0 0 0 0 0 0 -0.0396746 -0.017479 0.863977 0.0623484 3.10595 1.59021 
88.1836 0 0 0 0 0 0 -0.0396505 -0.0173229 0.862742 0.0269658 3.07792 1.59053 
88.238 0 0 0 0 0 0 -0.0397961 -0.0173297 0.862847 0.0347774 3.10774 1.59233 
88.2934 0 0 0 0 0 0 -0.0396751 -0.0174697 0.863383 0.0192337 3.12061 1.59403 
88.3487 0 0 0 0 0 0 -0.0398907 -0.0176508 0.86373 -0.0068455 -3.13026 1.59558 
88.4033 0 0 0 0 0 0 -0.0396218 -0.0175971 0.86313 0.00957652 -3.13173 1.595 
88.459 0 0 0 0 0 0 -0.039823 -0.0177237 0.863585 -0.00694335 -3.1221 1.59678 
88.5148 0 0 0 0 0 0 -0.0395898 -0.0173609 0.862787 -0.00892441 3.1219 1.59591 
88.5706 0 0 0 0 0 0 -0.0395918 -0.0175566 0.863156 0.00996962 -3.13358 1.59592 
88.6258 0 0 0 0 0 0 -0.0396789 -0.0175106 0.863522 0.0080804 3.13755 1.59534 
88.6812 0 0 0 0 0 0 -0.0396454 -0.0174717 0.863396 0.0156736 3.13105 1.59494 
88.7357 0 0 0 0 0 0 -0.0399587 -0.017887 0.867873 0.0179561 -3.1188 1.59471 
88.7908 0 0 0 0 0 0 -0.0397078 -0.0173005 0.864049 0.0575581 3.0917 1.59267 
88.8471 0 0 0 0 0 0 -0.0397348 -0.017326 0.863081 0.0204665 3.085 1.58996 
88.9016 0 0 0 0 0 0 -0.0400494 -0.01762 0.868676 0.0726211 3.11228 1.58683 
88.9572 0 0 0 0 0 0 -0.0400317 -0.0180999 0.867603 0.120034 -3.09254 1.57648 
89.0131 0 0 0 0 0 0 -0.0402762 -0.0182838 0.864237 0.0860041 -3.08824 1.57762 
89.0685 0 0 0 0 0 0 -0.0406818 -0.0181447 0.864512 -0.0354497 3.13437 1.57651 
89.124 0 0 0 0 0 0 -0.0408023 -0.0182573 0.863816 -0.0352417 3.1354 1.57321 
89.1787 0 0 0 0 0 0 -0.0410667 -0.0182656 0.860978 0.0237957 -3.14124 1.56989 
89.2337 0 0 0 0 0 0 -0.0410667 -0.0182656 0.860978 0.0237957 -3.14124 1.56989 
89.2894 0 0 0 0 0 0 -0.0409338 -0.0183454 0.860455 0.0351701 -3.12253 1.56778 
89.3458 0 0 0 0 0 0 -0.0408816 -0.0179297 0.861517 0.00275999 3.08317 1.56646 
89.4001 0 0 0 0 0 0 -0.0408236 -0.0178292 0.861037 -0.00174266 3.06959 1.56408 
89.4554 0 0 0 0 0 0 -0.0409575 -0.0180497 0.861831 0.00434162 3.0839 1.55936 
89.5109 0 0 0 0 0 0 -0.0412366 -0.0186424 0.864197 0.0352256 -3.1072 1.55168 
89.5651 0 0 0 0 0 0 -0.0413067 -0.0187224 0.865483 0.0505933 -3.10364 1.54647 
89.621 0 0 0 0 0 0 -0.0410894 -0.0184071 0.865641 0.0563001 3.12859 1.54549 
89.6754 0 0 0 0 0 0 -0.0413502 -0.0186511 0.86649 0.0429266 -3.12302 1.54522 
89.7313 0 0 0 0 0 0 -0.0413099 -0.0183787 0.864943 0.0274178 3.11403 1.54381 
89.7969 0 0 0 0 0 0 -0.0413923 -0.0186327 0.866515 0.0463463 -3.13715 1.54472 
89.8554 0 0 0 0 0 0 -0.0414823 -0.0187431 0.866048 0.0406732 -3.11518 1.5442 
89.8975 0 0 0 0 0 0 -0.0412852 -0.0183889 0.865068 0.0302016 3.12058 1.54333 
89.9543 0 0 0 0 0 0 -0.0414539 -0.0185408 0.866611 0.0438959 3.13759 1.54396 
90.0073 0 0 0 0 0 0 -0.0413922 -0.0186698 0.866722 0.0402612 -3.12044 1.54482 
90.0627 0 0 0 0 0 0 -0.041326 -0.0186398 0.866341 0.0350373 -3.12177 1.54579 
90.1178 0 0 0 0 0 0 -0.0411424 -0.0182481 0.865177 0.0180848 3.11392 1.54925 
90.1734 0 0 0 0 0 0 -0.0406924 -0.0177825 0.862455 0.0151974 3.0521 1.55917 
90.2296 0 0 0 0 0 0 -0.0408297 -0.017712 0.860387 -0.0299126 3.05123 1.5612 
90.2851 0 0 0 0 0 0 -0.0407917 -0.0176968 0.86066 -0.0369154 3.04772 1.56279 
90.3405 0 0 0 0 0 0 -0.0407764 -0.0177422 0.861076 -0.0438929 3.0516 1.56316 
90.3955 0 0 0 0 0 0 -0.0407687 -0.0177492 0.861178 -0.0443424 3.05247 1.56317 
90.4515 0 0 0 0 0 0 -0.040675 -0.0181672 0.864903 -0.0297262 3.10967 1.56867 
90.5067 0 0 0 0 0 0 -0.0405847 -0.0183033 0.864691 -0.0346715 3.13207 1.57069 
90.5621 0 0 0 0 0 0 -0.0403759 -0.0181518 0.866278 0.00670776 3.12331 1.57475 
90.6171 0 0 0 0 0 0 -0.0395507 -0.0177753 0.863369 0.0418374 3.07671 1.58274 
90.672 0 0 0 0 0 0 -0.0393669 -0.0175497 0.863595 0.0802368 3.06863 1.58758 
90.7271 0 0 0 0 0 0 -0.0393505 -0.0174784 0.863603 0.0785357 3.07793 1.58878 
90.7823 0 0 0 0 0 0 -0.0394377 -0.0174529 0.863645 0.0661966 3.07866 1.58898 
90.8378 0 0 0 0 0 0 -0.0394846 -0.0173685 0.862945 0.036397 3.07533 1.58875 
90.8924 0 0 0 0 0 0 -0.0399952 -0.0176152 0.867435 -0.0204998 3.10463 1.59344 
90.9477 0 0 0 0 0 0 -0.0396329 -0.0171759 0.861599 0.00264043 3.07495 1.59019 
91.0028 0 0 0 0 0 0 -0.039465 -0.0173696 0.863797 0.0309774 3.11283 1.59233 
91.058 0 0 0 0 0 0 -0.0395968 -0.0175478 0.86372 0.000691343 3.13812 1.59392 
91.1131 0 0 0 0 0 0 -0.040006 -0.0174849 0.867676 -0.0106166 3.1022 1.59535 
91.1688 0 0 0 0 0 0 -0.0395445 -0.0175138 0.863662 0.00684579 3.13514 1.59395 
91.2247 0 0 0 0 0 0 -0.0394874 -0.0174248 0.863845 0.031095 3.11341 1.59483 
91.2807 0 0 0 0 0 0 -0.0395658 -0.0175238 0.863834 0.00720273 3.13894 1.5936 
91.3353 0 0 0 0 0 0 -0.0394942 -0.0175252 0.863542 0.0385863 3.13218 1.59243 
91.3901 0 0 0 0 0 0 -0.0396176 -0.0173877 0.863353 0.0272892 3.10637 1.59205 
91.4455 0 0 0 0 0 0 -0.0395384 -0.0173603 0.863553 0.0697066 3.08946 1.59163 
91.5001 0 0 0 0 0 0 -0.0396 -0.0173998 0.86276 0.0280266 3.08887 1.58921 
91.5548 0 0 0 0 0 0 -0.0395231 -0.0175512 0.86382 0.0875927 3.09792 1.58974 
91.6106 0 0 0 0 0 0 -0.0400546 -0.0182271 0.866904 0.11854 -3.07847 1.57553 
91.6667 0 0 0 0 0 0 -0.0396391 -0.0178202 0.865114 0.0961515 3.10492 1.58443 
91.7214 0 0 0 0 0 0 -0.0400446 -0.0182021 0.866075 0.13029 -3.08029 1.57274 
91.7768 0 0 0 0 0 0 -0.0401324 -0.0183316 0.864404 0.121815 -3.08876 1.57301 
91.8328 0 0 0 0 0 0 -0.0410004 -0.0179099 0.861777 -0.0181149 3.076 1.56975 
91.8867 0 0 0 0 0 0 -0.0410031 -0.0183297 0.860687 0.0274583 -3.1289 1.56877 
91.9451 0 0 0 0 0 0 -0.0410031 -0.0183297 0.860687 0.0274583 -3.1289 1.56877 
91.9974 0 0 0 0 0 0 -0.0409421 -0.0183071 0.860472 0.0366377 -3.12939 1.56771 
92.0531 0 0 0 0 0 0 -0.0408886 -0.0179496 0.861204 0.0115942 3.08779 1.56634 
92.1114 0 0 0 0 0 0 -0.0408606 -0.0180151 0.861199 0.0200146 3.09121 1.5652 
92.1636 0 0 0 0 0 0 -0.040853 -0.018212 0.862759 0.0496496 3.10869 1.56017 
92.2208 0 0 0 0 0 0 -0.0413758 -0.018739 0.864166 0.0350673 -3.08943 1.55055 
92.2762 0 0 0 0 0 0 -0.0414132 -0.0188216 0.863914 0.0349329 -3.08187 1.54904 
92.3284 0 0 0 0 0 0 -0.0415476 -0.018893 0.864792 0.0325981 -3.08296 1.54706 
92.387 0 0 0 0 0 0 -0.0411879 -0.0184753 0.86481 0.0511944 3.12814 1.54446 
92.4394 0 0 0 0 0 0 -0.0413576 -0.0184279 0.86501 0.0252257 3.12007 1.54471 
92.4952 0 0 0 0 0 0 -0.0413133 -0.0184225 0.865051 0.0307285 3.12679 1.54385 
92.5513 0 0 0 0 0 0 -0.0413317 -0.0184645 0.864817 0.0312251 3.13524 1.54383 
92.6099 0 0 0 0 0 0 -0.0415997 -0.0188243 0.864449 0.0366295 -3.08571 1.54539 
92.6656 0 0 0 0 0 0 -0.0415521 -0.0188134 0.864657 0.0251236 -3.08313 1.54623 
92.7204 0 0 0 0 0 0 -0.0415437 -0.0187718 0.864267 0.0231227 -3.07816 1.54683 
92.7722 0 0 0 0 0 0 -0.0409647 -0.0183662 0.864329 0.05021 3.13475 1.55073 
92.8307 0 0 0 0 0 0 -0.0413516 -0.0184604 0.863899 0.00904382 -3.11083 1.554 
92.886 0 0 0 0 0 0 -0.041245 -0.0183289 0.864742 0.0238162 -3.12869 1.55573 
92.9419 0 0 0 0 0 0 -0.0408478 -0.0177122 0.860064 -0.0300924 3.05003 1.56298 
92.9945 0 0 0 0 0 0 -0.040828 -0.0177832 0.861096 -0.0267517 3.05874 1.56393 
93.054 0 0 0 0 0 0 -0.0408256 -0.0177965 0.861484 -0.0304434 3.05968 1.5646 
93.1052 0 0 0 0 0 0 -0.0409507 -0.0180701 0.861584 0.0150599 3.10507 1.56818 
93.1617 0 0 0 0 0 0 -0.0408297 -0.0182235 0.862648 0.016086 3.12823 1.56946 
93.2189 0 0 0 0 0 0 -0.0401801 -0.0183092 0.866511 0.0654001 -3.13566 1.57243 
93.2721 0 0 0 0 0 0 -0.0400314 -0.0180885 0.866622 0.0860177 3.12715 1.57631 
93.3274 0 0 0 0 0 0 -0.0394016 -0.0175692 0.863718 0.0860136 3.07439 1.58804 
93.3817 0 0 0 0 0 0 -0.039396 -0.0175125 0.86378 0.0824074 3.07503 1.58854 
93.4374 0 0 0 0 0 0 -0.0398005 -0.0175352 0.868394 0.0926137 3.0843 1.58688 
93.4924 0 0 0 0 0 0 -0.0396381 -0.0172653 0.862874 0.0224113 3.07246 1.59005 
93.5477 0 0 0 0 0 0 -0.0396093 -0.017175 0.861945 0.00946079 3.06817 1.59039 
93.6027 0 0 0 0 0 0 -0.0396005 -0.0171988 0.862029 0.0118083 3.07488 1.59029 
93.6576 0 0 0 0 0 0 -0.0398613 -0.0175528 0.868064 0.00860834 3.11527 1.59343 
93.7133 0 0 0 0 0 0 -0.0398564 -0.0175993 0.86818 0.0103038 3.12062 1.59419 
93.7704 0 0 0 0 0 0 -0.0394602 -0.017408 0.863899 0.0298734 3.11932 1.59237 
93.8243 0 0 0 0 0 0 -0.0394552 -0.0174441 0.863994 0.0288603 3.12532 1.5913 
93.8792 0 0 0 0 0 0 -0.0394566 -0.0174641 0.863693 0.0287505 3.12996 1.59188 
93.9356 0 0 0 0 0 0 -0.0397738 -0.017566 0.868207 0.00364563 3.10986 1.59515 
93.9904 0 0 0 0 0 0 -0.0394646 -0.0174072 0.863905 0.0292394 3.11906 1.59125 
94.0456 0 0 0 0 0 0 -0.0394829 -0.0172177 0.863199 0.0420147 3.07424 1.59052 
94.1006 0 0 0 0 0 0 -0.0394923 -0.0172726 0.86351 0.050813 3.0795 1.59052 
94.1564 0 0 0 0 0 0 -0.0395387 -0.0173508 0.86396 0.0620108 3.07539 1.59048 
94.211 0 0 0 0 0 0 -0.0401047 -0.0177287 0.868977 0.0595447 3.10067 1.58816 
94.2667 0 0 0 0 0 0 -0.0394691 -0.0175939 0.863662 0.0762174 3.07905 1.58785 
94.3221 0 0 0 0 0 0 -0.0394473 -0.0176112 0.863589 0.0793465 3.07694 1.58751 
94.3781 0 0 0 0 0 0 -0.0405363 -0.0182932 0.865568 0.00201019 -3.12666 1.57673 
94.4331 0 0 0 0 0 0 -0.0407303 -0.0183468 0.864451 -0.0414398 -3.13713 1.57347 
94.4891 0 0 0 0 0 0 -0.0408662 -0.0180274 0.863281 -0.0103822 3.09087 1.56888 
94.5433 0 0 0 0 0 0 -0.0410126 -0.0183221 0.861053 0.0234843 -3.13156 1.56945 
94.5993 0 0 0 0 0 0 -0.0409414 -0.0181444 0.861528 0.0215898 3.1184 1.56826 
94.6552 0 0 0 0 0 0 -0.0408902 -0.0181303 0.86151 0.0199912 3.11594 1.56729 
94.7092 0 0 0 0 0 0 -0.0410569 -0.0180961 0.86147 0.011573 3.12356 1.56624 
94.7648 0 0 0 0 0 0 -0.0407922 -0.0178749 0.861795 -0.00671325 3.05305 1.56311 
94.8203 0 0 0 0 0 0 -0.0407479 -0.017899 0.862076 0.00620036 3.05063 1.56285 
94.8739 0 0 0 0 0 0 -0.0404146 -0.0182545 0.862612 0.0883688 3.09643 1.55806 
94.9296 0 0 0 0 0 0 -0.0403273 -0.0186788 0.862448 0.139136 -3.12862 1.54941 
94.9856 0 0 0 0 0 0 -0.0411882 -0.0186642 0.865881 0.0609389 -3.12411 1.54808 
95.0397 0 0 0 0 0 0 -0.0413183 -0.0187334 0.8664 0.0480931 -3.11885 1.54655 
95.0952 0 0 0 0 0 0 -0.0413978 -0.0187598 0.865905 0.0462852 -3.10916 1.54627 
95.1512 0 0 0 0 0 0 -0.040867 -0.0186722 0.864171 0.0955869 -3.13826 1.54524 
95.2077 0 0 0 0 0 0 -0.0410201 -0.0185843 0.865012 0.0777491 3.1377 1.54612 
95.2629 0 0 0 0 0 0 -0.040914 -0.0186529 0.864519 0.0900795 -3.13464 1.5453 
95.3187 0 0 0 0 0 0 -0.0409486 -0.0185772 0.86482 0.0833494 3.13957 1.54627 
95.3732 0 0 0 0 0 0 -0.0413207 -0.0187723 0.864526 0.0455215 -3.09352 1.54808 
95.4275 0 0 0 0 0 0 -0.0412816 -0.0186709 0.864887 0.0387254 -3.10751 1.54948 
95.4826 0 0 0 0 0 0 -0.0412667 -0.0184152 0.865067 0.0255934 -3.13184 1.55309 
95.5383 0 0 0 0 0 0 -0.040893 -0.0177222 0.85957 -0.0288114 3.05103 1.56277 
95.5945 0 0 0 0 0 0 -0.0409712 -0.0178896 0.861125 -0.00578914 3.09078 1.56432 
95.6487 0 0 0 0 0 0 -0.0408635 -0.0177649 0.860998 -0.0279771 3.05592 1.5646 
95.7044 0 0 0 0 0 0 -0.0408479 -0.0177537 0.86106 -0.0327297 3.05368 1.56431 
95.7594 0 0 0 0 0 0 -0.0409008 -0.0180422 0.861648 0.0216968 3.10258 1.56775 
95.8154 0 0 0 0 0 0 -0.0409273 -0.0183212 0.861533 0.0158354 -3.13347 1.57069 
95.871 0 0 0 0 0 0 -0.0406706 -0.0182426 0.864704 -0.0366755 3.12667 1.57161 
95.9259 0 0 0 0 0 0 -0.0404474 -0.0181964 0.865696 0.0321941 -3.1362 1.57672 
95.9807 0 0 0 0 0 0 -0.0393994 -0.0176684 0.86369 0.0991085 3.07015 1.58665 
96.0359 0 0 0 0 0 0 -0.0394487 -0.0175655 0.863774 0.0781248 3.07628 1.58798 
96.0906 0 0 0 0 0 0 -0.0395193 -0.0175067 0.86403 0.0708339 3.08125 1.58875 
96.1459 0 0 0 0 0 0 -0.0401132 -0.0176408 0.869224 0.0686286 3.11923 1.58544 
96.2012 0 0 0 0 0 0 -0.039598 -0.0174474 0.864081 0.0604283 3.08667 1.58961 
96.255 0 0 0 0 0 0 -0.0396551 -0.0173822 0.86369 0.0602409 3.09799 1.59172 
96.3116 0 0 0 0 0 0 -0.0397086 -0.0172367 0.862717 0.0188418 3.07858 1.59107 
96.3675 0 0 0 0 0 0 -0.0396471 -0.0172232 0.862419 0.0201051 3.08022 1.59113 
96.4225 0 0 0 0 0 0 -0.0396495 -0.017216 0.862307 0.0160407 3.07668 1.59087 
96.4773 0 0 0 0 0 0 -0.0396097 -0.0171558 0.862283 0.0223494 3.06867 1.59188 
96.5327 0 0 0 0 0 0 -0.039654 -0.0173037 0.862627 0.0313615 3.10443 1.59126 
96.5885 0 0 0 0 0 0 -0.0398503 -0.0178597 0.867186 0.0234307 -3.1185 1.59368 
96.644 0 0 0 0 0 0 -0.0396399 -0.0173217 0.862741 0.0347194 3.10461 1.59117 
96.6993 0 0 0 0 0 0 -0.0395894 -0.0174074 0.863091 0.0462723 3.1107 1.59031 
96.754 0 0 0 0 0 0 -0.0395899 -0.0174273 0.863436 0.0542808 3.10769 1.59032 
96.8091 0 0 0 0 0 0 -0.0401893 -0.0177637 0.868507 0.0460016 3.11419 1.58889 
96.8647 0 0 0 0 0 0 -0.0396517 -0.0174911 0.863855 0.0488266 3.08723 1.58889 
96.9195 0 0 0 0 0 0 -0.0399074 -0.0180932 0.867741 0.12384 -3.10208 1.57724 
96.9756 0 0 0 0 0 0 -0.040255 -0.0182525 0.864026 0.0904664 -3.09031 1.57819 
97.031 0 0 0 0 0 0 -0.0405198 -0.0180871 0.865491 -0.00442907 3.12849 1.57767 
97.0872 0 0 0 0 0 0 -0.0407604 -0.0183083 0.86427 -0.0293918 3.13988 1.57296 
97.1419 0 0 0 0 0 0 -0.0409251 -0.0179875 0.862744 -0.0262196 3.0861 1.56982 
97.1963 0 0 0 0 0 0 -0.0410604 -0.0182953 0.861003 0.0225097 -3.13609 1.56995 
97.2519 0 0 0 0 0 0 -0.0409673 -0.0183595 0.860525 0.029832 -3.12305 1.56822 
97.3071 0 0 0 0 0 0 -0.0409673 -0.0183595 0.860525 0.029832 -3.12305 1.56822 
97.3631 0 0 0 0 0 0 -0.0408904 -0.0179384 0.861914 0.00441755 3.08321 1.56728 
97.4181 0 0 0 0 0 0 -0.0409116 -0.0177411 0.860233 -0.0292777 3.05188 1.5642 
97.4731 0 0 0 0 0 0 -0.0409467 -0.0177202 0.859995 -0.0357445 3.04628 1.56384 
97.5284 0 0 0 0 0 0 -0.0406995 -0.0182187 0.86321 0.059231 3.08864 1.55924 
97.5838 0 0 0 0 0 0 -0.0404702 -0.0184757 0.862788 0.110301 3.12642 1.55469 
97.6386 0 0 0 0 0 0 -0.0412496 -0.0186362 0.865008 0.0398178 -3.11703 1.5502 
97.6938 0 0 0 0 0 0 -0.0412892 -0.0187261 0.864465 0.0422175 -3.10158 1.54913 
97.7528 0 0 0 0 0 0 -0.0404625 -0.0186522 0.862918 0.127051 -3.12443 1.54713 
97.8052 0 0 0 0 0 0 -0.040571 -0.0186511 0.863079 0.114407 -3.12744 1.54766 
97.8595 0 0 0 0 0 0 -0.0412557 -0.0187755 0.865572 0.0577848 -3.1083 1.54723 
97.9163 0 0 0 0 0 0 -0.0412572 -0.018701 0.866573 0.0601704 -3.12009 1.54764 
97.9716 0 0 0 0 0 0 -0.041206 -0.018767 0.865435 0.0600271 -3.10682 1.5467 
98.0268 0 0 0 0 0 0 -0.0406141 -0.0183521 0.863345 0.083455 3.10807 1.55441 
98.0818 0 0 0 0 0 0 -0.0412885 -0.0185307 0.866146 0.0365925 -3.129 1.55097 
98.1383 0 0 0 0 0 0 -0.0408195 -0.0178362 0.860681 -0.00635618 3.05869 1.56272 
98.1919 0 0 0 0 0 0 -0.040866 -0.0177341 0.859983 -0.032556 3.05152 1.56276 
98.2466 0 0 0 0 0 0 -0.0409142 -0.0178625 0.860467 -0.0115363 3.07525 1.56462 
98.3019 0 0 0 0 0 0 -0.0407841 -0.0177351 0.860973 -0.0434544 3.05073 1.56314 
98.357 0 0 0 0 0 0 -0.0407687 -0.0177492 0.861178 -0.0443424 3.05247 1.56317 
98.4127 0 0 0 0 0 0 -0.040895 -0.0178636 0.862001 -0.0250438 3.06695 1.56657 
98.4681 0 0 0 0 0 0 -0.0406115 -0.0180194 0.863842 -0.0448184 3.0849 1.56784 
98.5233 0 0 0 0 0 0 -0.0405935 -0.0182612 0.864202 -0.0430072 3.12938 1.57113 
98.5783 0 0 0 0 0 0 -0.040353 -0.0181548 0.863378 -0.0382442 3.11621 1.57469 
98.6334 0 0 0 0 0 0 -0.0396185 -0.0180398 0.867854 0.16001 -3.11328 1.57078 
98.689 0 0 0 0 0 0 -0.0394543 -0.0175673 0.863775 0.0743363 3.07384 1.58763 
98.744 0 0 0 0 0 0 -0.0393402 -0.0175158 0.863901 0.0987316 3.07227 1.58871 
98.7993 0 0 0 0 0 0 -0.0393947 -0.017501 0.863558 0.0728085 3.07666 1.58837 
98.8543 0 0 0 0 0 0 -0.0395573 -0.017429 0.863401 0.0406516 3.08422 1.58853 
98.9096 0 0 0 0 0 0 -0.0396125 -0.017295 0.862493 0.0183613 3.07395 1.58962 
98.9646 0 0 0 0 0 0 -0.0394371 -0.0173153 0.86306 0.0486208 3.07623 1.59011 
99.0201 0 0 0 0 0 0 -0.0394966 -0.0173593 0.8633 0.0482189 3.09099 1.58984 
99.0757 0 0 0 0 0 0 -0.0394974 -0.0173035 0.863503 0.0471991 3.08564 1.58991 
99.1308 0 0 0 0 0 0 -0.0394728 -0.0172815 0.863262 0.0495861 3.08275 1.59064 
99.1866 0 0 0 0 0 0 -0.0394929 -0.0172655 0.863172 0.0453543 3.08285 1.5907 
99.2422 0 0 0 0 0 0 -0.0394966 -0.0173593 0.8633 0.0482189 3.09099 1.58984 
99.2978 0 0 0 0 0 0 -0.0399185 -0.0176349 0.867698 -0.0020541 3.12304 1.59241 
99.3535 0 0 0 0 0 0 -0.0394418 -0.0173236 0.863613 0.0631556 3.08276 1.59044 
99.4079 0 0 0 0 0 0 -0.0396276 -0.0174852 0.863931 0.0675689 3.10459 1.59017 
99.4628 0 0 0 0 0 0 -0.0395395 -0.0174631 0.863544 0.0555284 3.08635 1.58932 
99.5174 0 0 0 0 0 0 -0.0394878 -0.0175496 0.863787 0.0936017 3.09529 1.58977 
99.5728 0 0 0 0 0 0 -0.0400433 -0.0181616 0.867662 0.126695 -3.0925 1.57609 
99.6285 0 0 0 0 0 0 -0.0396599 -0.0177699 0.86438 0.0697724 3.09637 1.58555 
99.6847 0 0 0 0 0 0 -0.0407289 -0.0184429 0.862538 0.0241472 -3.08936 1.57609 
99.7396 0 0 0 0 0 0 -0.0399822 -0.0181577 0.86612 0.133565 -3.09317 1.57338 
99.7947 0 0 0 0 0 0 -0.040872 -0.0180063 0.862956 -0.00968916 3.09123 1.57114 
99.8495 0 0 0 0 0 0 -0.0410367 -0.0182974 0.86084 0.0253652 -3.13514 1.56934 
99.9054 0 0 0 0 0 0 -0.0410367 -0.0182974 0.86084 0.0253652 -3.13514 1.56934 
99.9603 0 0 0 0 0 0 -0.0410031 -0.0183297 0.860687 0.0274583 -3.1289 1.56877 
100.016 0 0 0 0 0 0 -0.0408434 -0.018123 0.861772 0.0276775 3.11635 1.56732 
100.071 0 0 0 0 0 0 -0.0408986 -0.0179976 0.861496 0.0160682 3.09526 1.56721 
100.127 0 0 0 0 0 0 -0.0408733 -0.0180042 0.86141 0.0169268 3.08857 1.56589 
100.181 0 0 0 0 0 0 -0.0412261 -0.0184908 0.862798 0.0272415 -3.11471 1.558 
100.237 0 0 0 0 0 0 -0.0409495 -0.0182734 0.862987 0.0357204 3.11337 1.55801 
100.291 0 0 0 0 0 0 -0.0416288 -0.0186929 0.868773 0.0248355 -3.10756 1.54789 
100.349 0 0 0 0 0 0 -0.0414136 -0.018768 0.86346 0.0279163 -3.07861 1.5511 
100.403 0 0 0 0 0 0 -0.0407331 -0.0186539 0.862656 0.108815 -3.12144 1.55059 
100.458 0 0 0 0 0 0 -0.0414566 -0.0188123 0.86418 0.0347825 -3.08703 1.54936 
100.513 0 0 0 0 0 0 -0.0414232 -0.0187761 0.864037 0.0393028 -3.08217 1.54953 
100.569 0 0 0 0 0 0 -0.041502 -0.0188264 0.864136 0.0292136 -3.07869 1.54902 
100.625 0 0 0 0 0 0 -0.0414878 -0.0187613 0.863901 0.0239873 -3.08402 1.55007 
100.68 0 0 0 0 0 0 -0.0414807 -0.018697 0.86394 0.025287 -3.08479 1.5504 
100.735 0 0 0 0 0 0 -0.0413865 -0.0185038 0.863141 0.0127637 -3.09738 1.554 
100.789 0 0 0 0 0 0 -0.0409003 -0.0177612 0.860055 -0.0154272 3.06139 1.56315 
100.845 0 0 0 0 0 0 -0.0409065 -0.0177424 0.860187 -0.0179993 3.05494 1.56426 
100.9 0 0 0 0 0 0 -0.0412007 -0.0180219 0.861361 -0.014887 3.12962 1.56515 
100.956 0 0 0 0 0 0 -0.0408897 -0.0177645 0.861 -0.0246662 3.05583 1.56504 
101.011 0 0 0 0 0 0 -0.0409424 -0.0180101 0.861478 0.00768899 3.09489 1.5676 
101.066 0 0 0 0 0 0 -0.0409573 -0.0180302 0.861563 0.0110467 3.09812 1.5681 
101.122 0 0 0 0 0 0 -0.0409238 -0.0179426 0.861935 -0.00656582 3.08121 1.56752 
101.177 0 0 0 0 0 0 -0.040738 -0.0183633 0.863704 -0.0158712 -3.13143 1.57239 
101.232 0 0 0 0 0 0 -0.040659 -0.0182948 0.864742 -0.0395405 3.13582 1.57213 
101.288 0 0 0 0 0 0 -0.0395665 -0.0177349 0.8639 0.0623964 3.07299 1.58426 
101.342 0 0 0 0 0 0 -0.0394495 -0.0176547 0.863602 0.0813855 3.07366 1.58672 
101.397 0 0 0 0 0 0 -0.0394016 -0.0175692 0.863718 0.0860136 3.07439 1.58804 
101.453 0 0 0 0 0 0 -0.0395301 -0.017522 0.863944 0.0653666 3.07881 1.5883 
101.508 0 0 0 0 0 0 -0.0395244 -0.0174449 0.863873 0.0608281 3.07907 1.58915 
101.563 0 0 0 0 0 0 -0.0397792 -0.0175463 0.868241 0.0597376 3.08429 1.59004 
101.618 0 0 0 0 0 0 -0.0394882 -0.0173867 0.863746 0.0584756 3.08263 1.58952 
101.673 0 0 0 0 0 0 -0.0394671 -0.0173527 0.863424 0.0517468 3.08675 1.5897 
101.732 0 0 0 0 0 0 -0.0394172 -0.0173055 0.86336 0.0573749 3.07874 1.59039 
101.785 0 0 0 0 0 0 -0.0394652 -0.0173277 0.86345 0.0496275 3.08219 1.58964 
101.84 0 0 0 0 0 0 -0.0394854 -0.0172493 0.863026 0.0400623 3.07514 1.59041 
101.896 0 0 0 0 0 0 -0.0394454 -0.0173135 0.863703 0.055225 3.08144 1.58968 
101.951 0 0 0 0 0 0 -0.0395996 -0.0172412 0.861827 0.00737562 3.07257 1.58964 
102.006 0 0 0 0 0 0 -0.0395924 -0.0173111 0.862337 0.0153738 3.07782 1.58908 
102.062 0 0 0 0 0 0 -0.0395148 -0.0173739 0.862814 0.0327272 3.0794 1.58894 
102.115 0 0 0 0 0 0 -0.0400794 -0.0173601 0.867315 0.0101293 3.04545 1.58961 
102.171 0 0 0 0 0 0 -0.0393937 -0.0175396 0.863565 0.0781991 3.07527 1.58814 
102.226 0 0 0 0 0 0 -0.0394691 -0.0175939 0.863662 0.0762174 3.07905 1.58785 
102.283 0 0 0 0 0 0 -0.0396263 -0.0177215 0.863606 0.0478089 3.08539 1.5852 
102.339 0 0 0 0 0 0 -0.0404901 -0.0184079 0.863963 0.0513437 -3.09251 1.57648 
102.394 0 0 0 0 0 0 -0.0406991 -0.0183155 0.86451 -0.041193 3.14025 1.57355 
102.449 0 0 0 0 0 0 -0.0407336 -0.018163 0.864085 -0.0207325 3.11484 1.57099 
102.504 0 0 0 0 0 0 -0.0410428 -0.0184294 0.860926 0.0117512 -3.11205 1.57055 
102.558 0 0 0 0 0 0 -0.0409785 -0.0183535 0.860896 0.0256248 -3.12546 1.56889 
102.614 0 0 0 0 0 0 -0.0409414 -0.0181444 0.861528 0.0215898 3.1184 1.56826 
102.669 0 0 0 0 0 0 -0.0408734 -0.0180704 0.861611 0.0236531 3.10768 1.5673 
102.724 0 0 0 0 0 0 -0.0408736 -0.0178387 0.861309 -0.0248199 3.06515 1.56503 
102.78 0 0 0 0 0 0 -0.0408286 -0.0180492 0.861578 0.0287692 3.10116 1.56538 
102.838 0 0 0 0 0 0 -0.0408739 -0.0181381 0.861778 0.0251043 3.10798 1.56466 
102.891 0 0 0 0 0 0 -0.0406369 -0.0180159 0.862176 0.0319547 3.06798 1.56194 
102.946 0 0 0 0 0 0 -0.0405383 -0.0183676 0.862957 0.0819539 3.1237 1.55743 
103.001 0 0 0 0 0 0 -0.0403696 -0.0185945 0.862308 0.121682 -3.12861 1.55243 
103.057 0 0 0 0 0 0 -0.0404623 -0.0184939 0.862778 0.117082 3.12934 1.55322 
103.111 0 0 0 0 0 0 -0.0413577 -0.0186978 0.864354 0.0288972 -3.10029 1.55081 
103.167 0 0 0 0 0 0 -0.0413658 -0.0187632 0.863965 0.0299112 -3.0871 1.54999 
103.221 0 0 0 0 0 0 -0.0413935 -0.0187107 0.86426 0.027213 -3.09749 1.55093 
103.278 0 0 0 0 0 0 -0.0413528 -0.0186859 0.863784 0.0249267 -3.09477 1.55107 
103.333 0 0 0 0 0 0 -0.0412836 -0.0185764 0.864331 0.0277856 -3.11113 1.55266 
103.389 0 0 0 0 0 0 -0.0405921 -0.0183441 0.862245 0.0889249 3.1386 1.55742 
103.444 0 0 0 0 0 0 -0.0409113 -0.0177627 0.859765 -0.0208071 3.05747 1.56351 
103.498 0 0 0 0 0 0 -0.0409712 -0.0178896 0.861125 -0.00578914 3.09078 1.56432 
103.553 0 0 0 0 0 0 -0.0411834 -0.0180541 0.861567 -0.0100727 3.13188 1.5648 
103.609 0 0 0 0 0 0 -0.0408885 -0.0177442 0.860898 -0.028043 3.05261 1.56479 
103.664 0 0 0 0 0 0 -0.040862 -0.0178268 0.861771 -0.0212169 3.06394 1.56572 
103.72 0 0 0 0 0 0 -0.0409008 -0.0180422 0.861648 0.0216968 3.10258 1.56775 
103.775 0 0 0 0 0 0 -0.04102 -0.0182979 0.861024 0.0245754 -3.13573 1.56938 
103.83 0 0 0 0 0 0 -0.0409344 -0.0180974 0.862591 -0.000798347 3.10875 1.56987 
103.885 0 0 0 0 0 0 -0.0404988 -0.0182348 0.866253 0.000789643 3.12988 1.57338 
103.943 0 0 0 0 0 0 -0.0405509 -0.0180759 0.865686 -0.0137594 3.12028 1.57624 
103.996 0 0 0 0 0 0 -0.0404137 -0.0181834 0.864594 0.0392873 -3.12083 1.57973 
104.051 0 0 0 0 0 0 -0.0394673 -0.017593 0.864108 0.0883501 3.07703 1.58787 
104.106 0 0 0 0 0 0 -0.0394795 -0.0175288 0.863943 0.077074 3.08005 1.58859 
104.161 0 0 0 0 0 0 -0.0395284 -0.0174998 0.86399 0.0717858 3.08566 1.58926 
104.217 0 0 0 0 0 0 -0.0396717 -0.0176363 0.863449 0.0823824 3.11711 1.58963 
104.272 0 0 0 0 0 0 -0.0396919 -0.0173769 0.862967 0.0242121 3.08652 1.58957 
104.327 0 0 0 0 0 0 -0.0399546 -0.0175592 0.867759 0.0492209 3.10014 1.58959 
104.382 0 0 0 0 0 0 -0.0400724 -0.0175338 0.867054 0.0173057 3.10892 1.59099 
104.438 0 0 0 0 0 0 -0.0398975 -0.0175535 0.86739 0.0481565 3.09654 1.59019 
104.493 0 0 0 0 0 0 -0.0396704 -0.0172874 0.862388 0.0154824 3.08097 1.59025 
104.55 0 0 0 0 0 0 -0.0399796 -0.0176325 0.867662 0.0410852 3.10314 1.59035 
104.605 0 0 0 0 0 0 -0.04008 -0.0176441 0.868205 0.0331699 3.10944 1.59013 
104.66 0 0 0 0 0 0 -0.0396585 -0.0173336 0.862863 0.0213444 3.08195 1.5895 
104.715 0 0 0 0 0 0 -0.0395074 -0.017466 0.863378 0.0544704 3.08749 1.58913 
104.77 0 0 0 0 0 0 -0.0394943 -0.0175095 0.863999 0.0778605 3.08463 1.58924 
104.825 0 0 0 0 0 0 -0.0394503 -0.0175614 0.863779 0.0834888 3.08104 1.58854 
104.88 0 0 0 0 0 0 -0.0395162 -0.0176058 0.863942 0.0810436 3.0828 1.5881 
104.935 0 0 0 0 0 0 -0.040383 -0.0182537 0.864564 0.0472214 -3.1137 1.57911 
104.991 0 0 0 0 0 0 -0.0399496 -0.0181139 0.866659 0.133123 -3.09222 1.57373 
105.047 0 0 0 0 0 0 -0.0402082 -0.0179936 0.86885 0.102123 -3.10689 1.57283 
105.105 0 0 0 0 0 0 -0.040921 -0.0180202 0.863276 -0.0205551 3.09252 1.57009 
105.157 0 0 0 0 0 0 -0.0401529 -0.0183199 0.865385 0.103984 -3.12286 1.57206 
105.212 0 0 0 0 0 0 -0.0410367 -0.0182974 0.86084 0.0253652 -3.13514 1.56934 
105.267 0 0 0 0 0 0 -0.0409673 -0.0183595 0.860525 0.029832 -3.12305 1.56822 
105.323 0 0 0 0 0 0 -0.0409338 -0.0183454 0.860455 0.0351701 -3.12253 1.56778 
105.378 0 0 0 0 0 0 -0.0408879 -0.0181474 0.861519 0.0309246 3.12166 1.56783 
105.433 0 0 0 0 0 0 -0.0411075 -0.0181403 0.861307 0.0013632 3.13999 1.56518 
105.489 0 0 0 0 0 0 -0.0408804 -0.0178006 0.860563 -0.0237315 3.0611 1.56384 
105.544 0 0 0 0 0 0 -0.0407577 -0.0179717 0.861796 0.0101269 3.07022 1.56327 
105.599 0 0 0 0 0 0 -0.0407338 -0.017981 0.86173 0.0175465 3.06925 1.56255 
105.654 0 0 0 0 0 0 -0.0406457 -0.0183133 0.863138 0.0762875 3.10554 1.55867 
105.713 0 0 0 0 0 0 -0.0407055 -0.0183235 0.863337 0.0673765 3.1094 1.55822 
105.766 0 0 0 0 0 0 -0.0404049 -0.0185584 0.862384 0.115885 -3.13511 1.55348 
105.821 0 0 0 0 0 0 -0.0404142 -0.0185545 0.862283 0.116136 -3.13551 1.55312 
105.876 0 0 0 0 0 0 -0.040542 -0.0184648 0.862642 0.0962482 3.12821 1.55543 
105.932 0 0 0 0 0 0 -0.0404137 -0.0185278 0.862457 0.112139 -3.14074 1.55418 
105.987 0 0 0 0 0 0 -0.0404416 -0.0182194 0.862399 0.084539 3.08869 1.55968 
106.043 0 0 0 0 0 0 -0.0407522 -0.0178954 0.861439 0.0116798 3.06056 1.5625 
106.097 0 0 0 0 0 0 -0.0408732 -0.0177573 0.859936 -0.0275886 3.05585 1.56295 
106.152 0 0 0 0 0 0 -0.0409609 -0.0178161 0.86085 -0.0116271 3.07616 1.56406 
106.208 0 0 0 0 0 0 -0.0407915 -0.0177298 0.860886 -0.0428336 3.05012 1.56315 
106.262 0 0 0 0 0 0 -0.0408214 -0.0177216 0.86083 -0.0406844 3.04886 1.56346 
106.318 0 0 0 0 0 0 -0.0408417 -0.0177538 0.861109 -0.0339123 3.05351 1.56425 
106.373 0 0 0 0 0 0 -0.0409125 -0.0180622 0.862039 0.00972697 3.10197 1.5681 
106.427 0 0 0 0 0 0 -0.0407887 -0.0178311 0.862476 -0.052407 3.05914 1.56549 
106.484 0 0 0 0 0 0 -0.0406212 -0.0181416 0.864614 -0.0448216 3.10919 1.56996 
106.539 0 0 0 0 0 0 -0.0405627 -0.0181659 0.864766 -0.0423713 3.1128 1.57175 
106.593 0 0 0 0 0 0 -0.0403098 -0.018125 0.863794 -0.0262616 3.12022 1.57491 
106.649 0 0 0 0 0 0 -0.0394372 -0.0176668 0.863533 0.07235 3.0678 1.58521 
106.703 0 0 0 0 0 0 -0.0393988 -0.0175525 0.863718 0.0782189 3.06863 1.58738 
106.76 0 0 0 0 0 0 -0.039424 -0.0175074 0.864036 0.085011 3.07583 1.58866 
106.815 0 0 0 0 0 0 -0.0394777 -0.0174818 0.863889 0.0689977 3.07747 1.5887 
106.87 0 0 0 0 0 0 -0.039462 -0.0174795 0.8638 0.0683804 3.07742 1.58867 
106.925 0 0 0 0 0 0 -0.0395374 -0.0174234 0.864156 0.0664168 3.08207 1.58961 
106.981 0 0 0 0 0 0 -0.0395014 -0.0174249 0.863453 0.0508059 3.07988 1.58896 
107.037 0 0 0 0 0 0 -0.039602 -0.0173151 0.862749 0.0248677 3.07385 1.58968 
107.092 0 0 0 0 0 0 -0.0396006 -0.0173485 0.862754 0.0225623 3.07976 1.58895 
107.147 0 0 0 0 0 0 -0.0399365 -0.0173789 0.868231 0.042865 3.06775 1.58987 
107.202 0 0 0 0 0 0 -0.0399615 -0.0173792 0.868255 0.0359969 3.07181 1.5893 
107.259 0 0 0 0 0 0 -0.0395664 -0.0173331 0.862514 0.0213248 3.07847 1.58903 
107.314 0 0 0 0 0 0 -0.0399296 -0.0174197 0.868505 0.0490129 3.07114 1.58959 
107.368 0 0 0 0 0 0 -0.0394093 -0.0174811 0.86362 0.0736714 3.08112 1.58904 
107.424 0 0 0 0 0 0 -0.0395223 -0.0174875 0.863812 0.0632036 3.08144 1.58878 
107.479 0 0 0 0 0 0 -0.0394869 -0.0175437 0.863877 0.0751266 3.08022 1.58842 
107.534 0 0 0 0 0 0 -0.0394595 -0.0176262 0.863864 0.0930594 3.07846 1.58777 
107.589 0 0 0 0 0 0 -0.0403166 -0.0183121 0.864167 0.0781786 -3.0911 1.57757 
107.644 0 0 0 0 0 0 -0.0406625 -0.0182833 0.865008 -0.0249908 -3.13981 1.57478 
107.699 0 0 0 0 0 0 -0.040119 -0.018165 0.86571 0.12448 -3.08807 1.5732 
107.755 0 0 0 0 0 0 -0.0408446 -0.01811 0.863118 -0.0165293 3.10636 1.57158 
107.811 0 0 0 0 0 0 -0.0410667 -0.0182656 0.860978 0.0237957 -3.14124 1.56989 
107.865 0 0 0 0 0 0 -0.0410367 -0.0182974 0.86084 0.0253652 -3.13514 1.56934 
107.921 0 0 0 0 0 0 -0.0410031 -0.0183297 0.860687 0.0274583 -3.1289 1.56877 
107.976 0 0 0 0 0 0 -0.0410031 -0.0183297 0.860687 0.0274583 -3.1289 1.56877 
108.032 0 0 0 0 0 0 -0.04088 -0.0181202 0.861682 0.0283624 3.11623 1.56782 
108.088 0 0 0 0 0 0 -0.0409714 -0.0179154 0.860771 -0.00857844 3.07801 1.56599 
108.143 0 0 0 0 0 0 -0.0409376 -0.0179781 0.861175 0.00614474 3.09028 1.56682 
108.199 0 0 0 0 0 0 -0.0409816 -0.0178849 0.860771 -0.0110358 3.07259 1.56611 
108.253 0 0 0 0 0 0 -0.0409135 -0.0179253 0.861281 0.00870069 3.07227 1.56377 
108.309 0 0 0 0 0 0 -0.0410272 -0.018204 0.862435 0.0251744 3.11449 1.56249 
108.363 0 0 0 0 0 0 -0.0413427 -0.0186345 0.863258 0.0271824 -3.09896 1.55455 
108.419 0 0 0 0 0 0 -0.0413616 -0.0186698 0.86322 0.0235691 -3.09241 1.55468 
108.475 0 0 0 0 0 0 -0.0414388 -0.0186601 0.863065 0.00865795 -3.08793 1.55449 
108.531 0 0 0 0 0 0 -0.0414202 -0.0187438 0.862208 0.0130922 -3.07252 1.55435 
108.586 0 0 0 0 0 0 -0.040752 -0.0184948 0.862404 0.0823275 -3.13429 1.55686 
108.641 0 0 0 0 0 0 -0.0413014 -0.0186376 0.863348 0.0352599 -3.09349 1.55432 
108.697 0 0 0 0 0 0 -0.0412105 -0.0184799 0.863443 0.0327834 -3.11646 1.558 
108.754 0 0 0 0 0 0 -0.0409014 -0.0178641 0.86087 -0.00065221 3.07392 1.56554 
108.806 0 0 0 0 0 0 -0.040859 -0.0178482 0.861353 -0.00012679 3.072 1.56572 
108.861 0 0 0 0 0 0 -0.0409262 -0.0178463 0.861084 -0.0147286 3.06736 1.56584 
108.918 0 0 0 0 0 0 -0.0409182 -0.0179627 0.861573 0.012609 3.08881 1.56754 
108.972 0 0 0 0 0 0 -0.0408943 -0.0180794 0.861634 0.0254022 3.10922 1.5678 
109.027 0 0 0 0 0 0 -0.0409092 -0.0180024 0.861626 0.0173345 3.09564 1.56767 
109.083 0 0 0 0 0 0 -0.0409547 -0.0179817 0.861874 0.0033927 3.08836 1.56828 
109.138 0 0 0 0 0 0 -0.0406846 -0.0183562 0.864034 -0.0144318 -3.13138 1.57204 
109.193 0 0 0 0 0 0 -0.0406524 -0.0182428 0.864851 -0.0431182 3.12618 1.57163 
109.248 0 0 0 0 0 0 -0.0403214 -0.0181873 0.866653 0.0405105 3.1309 1.57523 
109.304 0 0 0 0 0 0 -0.0395047 -0.0177755 0.863529 0.0703706 3.07623 1.58421 
109.359 0 0 0 0 0 0 -0.0395972 -0.0177887 0.863547 0.051879 3.08119 1.58392 
109.413 0 0 0 0 0 0 -0.0394607 -0.0175808 0.863719 0.0754574 3.0765 1.58775 
109.469 0 0 0 0 0 0 -0.0395147 -0.0175766 0.863749 0.0661881 3.07836 1.58768 
109.524 0 0 0 0 0 0 -0.0393767 -0.0174711 0.863534 0.0706866 3.07963 1.58869 
109.579 0 0 0 0 0 0 -0.0394813 -0.0174536 0.863523 0.057473 3.07932 1.58888 
109.635 0 0 0 0 0 0 -0.039931 -0.0174171 0.867615 0.0442609 3.06558 1.58915 
109.69 0 0 0 0 0 0 -0.0394863 -0.017366 0.863783 0.056428 3.07879 1.58944 
109.745 0 0 0 0 0 0 -0.0393501 -0.0174198 0.863531 0.0703081 3.08244 1.58914 
109.801 0 0 0 0 0 0 -0.0394235 -0.0173258 0.863391 0.0562925 3.07326 1.58992 
109.858 0 0 0 0 0 0 -0.0393919 -0.0173412 0.863452 0.0623161 3.07303 1.58988 
109.913 0 0 0 0 0 0 -0.0394259 -0.0174187 0.863538 0.059607 3.08108 1.58891 
109.968 0 0 0 0 0 0 -0.0393132 -0.0174454 0.863814 0.0870337 3.07638 1.58907 
110.023 0 0 0 0 0 0 -0.0393944 -0.0174624 0.863432 0.0641001 3.08127 1.58858 
110.078 0 0 0 0 0 0 -0.039839 -0.0175431 0.868395 0.0857792 3.08316 1.58753 
110.133 0 0 0 0 0 0 -0.039411 -0.0175837 0.863663 0.0838022 3.07448 1.58782 
110.19 0 0 0 0 0 0 -0.039502 -0.0176374 0.86362 0.0668922 3.07597 1.58647 
110.244 0 0 0 0 0 0 -0.0394127 -0.0176509 0.863541 0.0873705 3.07045 1.58663 
110.302 0 0 0 0 0 0 -0.0406324 -0.0181916 0.86428 -0.0401781 3.13001 1.57544 
110.354 0 0 0 0 0 0 -0.039664 -0.0180524 0.867222 0.158022 -3.11114 1.57154 
110.41 0 0 0 0 0 0 -0.0407675 -0.018139 0.863997 -0.0196511 3.11088 1.57124 
110.465 0 0 0 0 0 0 -0.0408576 -0.0179301 0.862784 -0.016382 3.07548 1.56878 
110.518 0 0 0 0 0 0 -0.0410129 -0.0183271 0.861039 0.0233108 -3.13062 1.56946 
110.575 0 0 0 0 0 0 -0.0409414 -0.0181444 0.861528 0.0215898 3.1184 1.56826 
110.63 0 0 0 0 0 0 -0.0409455 -0.0181075 0.86157 0.0185422 3.11173 1.56823 
110.686 0 0 0 0 0 0 -0.0409488 -0.0181251 0.861227 0.0312513 3.11885 1.56833 
110.742 0 0 0 0 0 0 -0.0408785 -0.0178254 0.861372 -0.0167403 3.06524 1.56559 
110.796 0 0 0 0 0 0 -0.0408929 -0.0177025 0.8606 -0.0332997 3.04629 1.56432 
110.851 0 0 0 0 0 0 -0.0408894 -0.0178143 0.860544 -0.020061 3.0636 1.56406 
110.907 0 0 0 0 0 0 -0.0409113 -0.0177837 0.860363 -0.0210397 3.05888 1.56412 
110.962 0 0 0 0 0 0 -0.0407842 -0.0179106 0.86164 0.00511093 3.06541 1.56355 
111.017 0 0 0 0 0 0 -0.0408302 -0.0178476 0.860889 0.00312306 3.05716 1.5633 
111.073 0 0 0 0 0 0 -0.0407544 -0.0179235 0.861493 0.0216263 3.0627 1.56323 
111.129 0 0 0 0 0 0 -0.0408437 -0.0181236 0.862669 0.0316661 3.09345 1.56014 
111.184 0 0 0 0 0 0 -0.0408366 -0.0179371 0.861692 0.0194888 3.06441 1.56287 
111.24 0 0 0 0 0 0 -0.0410579 -0.0178609 0.861089 -0.0170249 3.0617 1.56143 
111.295 0 0 0 0 0 0 -0.0409317 -0.0178015 0.860251 -0.0148078 3.06248 1.5645 
111.35 0 0 0 0 0 0 -0.0409062 -0.0177881 0.86038 -0.0109147 3.06233 1.56472 
111.405 0 0 0 0 0 0 -0.0408513 -0.0178818 0.861199 0.00618397 3.07852 1.56563 
111.46 0 0 0 0 0 0 -0.0409634 -0.0179707 0.861388 0.00636157 3.09899 1.56611 
111.514 0 0 0 0 0 0 -0.0411858 -0.0180265 0.86134 -0.0124119 3.12783 1.56535 
111.571 0 0 0 0 0 0 -0.0408734 -0.0180704 0.861611 0.0236531 3.10768 1.5673 
111.626 0 0 0 0 0 0 -0.0409323 -0.0180553 0.861534 0.0126545 3.10264 1.5677 
111.681 0 0 0 0 0 0 -0.0409507 -0.0180701 0.861584 0.0150599 3.10507 1.56818 
111.735 0 0 0 0 0 0 -0.0408377 -0.0179587 0.863209 -0.0276395 3.07899 1.56779 
111.791 0 0 0 0 0 0 -0.040811 -0.0183966 0.863029 0.0171936 -3.12341 1.57054 
111.846 0 0 0 0 0 0 -0.0399282 -0.0178154 0.87019 0.123549 -3.13891 1.57165 
111.902 0 0 0 0 0 0 -0.0405344 -0.0182047 0.865939 -0.00308213 3.13123 1.57503 
111.957 0 0 0 0 0 0 -0.0404762 -0.0180395 0.864738 -0.0196917 3.11759 1.57751 
112.013 0 0 0 0 0 0 -0.0394559 -0.0176645 0.863953 0.096936 3.07665 1.58706 
112.068 0 0 0 0 0 0 -0.0394965 -0.0176157 0.864165 0.0890733 3.08086 1.5878 
112.122 0 0 0 0 0 0 -0.0394569 -0.0175782 0.863715 0.0789048 3.07879 1.58808 
112.178 0 0 0 0 0 0 -0.0395913 -0.0175441 0.86379 0.0559329 3.08331 1.58818 
112.233 0 0 0 0 0 0 -0.0397139 -0.0175593 0.863484 0.0344668 3.08974 1.58805 
112.288 0 0 0 0 0 0 -0.0395802 -0.0174633 0.863691 0.0521201 3.08302 1.58912 
112.343 0 0 0 0 0 0 -0.0400367 -0.0176177 0.868432 0.07005 3.1058 1.58756 
112.399 0 0 0 0 0 0 -0.0400309 -0.0176745 0.86849 0.0715131 3.11671 1.58759 
112.455 0 0 0 0 0 0 -0.0394898 -0.0175506 0.863785 0.0932182 3.09523 1.58975 
112.511 0 0 0 0 0 0 -0.0395174 -0.0174231 0.863533 0.0513196 3.07922 1.58907 
112.566 0 0 0 0 0 0 -0.0394917 -0.0175371 0.863868 0.0936311 3.09516 1.58982 
112.621 0 0 0 0 0 0 -0.0394548 -0.0174854 0.863871 0.0757232 3.08086 1.58918 
112.676 0 0 0 0 0 0 -0.0394675 -0.0175152 0.863743 0.0750396 3.08394 1.58911 
112.731 0 0 0 0 0 0 -0.0394581 -0.0175762 0.863718 0.0815279 3.08119 1.58835 
112.786 0 0 0 0 0 0 -0.0394666 -0.0175915 0.863658 0.0794406 3.0814 1.58816 
112.841 0 0 0 0 0 0 -0.0398891 -0.0181901 0.867094 0.141748 -3.08614 1.57212 
112.896 0 0 0 0 0 0 -0.0405323 -0.0183616 0.864541 0.0268149 -3.10274 1.57738 
112.954 0 0 0 0 0 0 -0.0407156 -0.018262 0.864311 -0.0401998 -3.14078 1.57506 
113.01 0 0 0 0 0 0 -0.0407532 -0.0182778 0.864394 -0.0299071 3.134 1.57269 
113.069 0 0 0 0 0 0 -0.040177 -0.0183603 0.865339 0.0998688 -3.11216 1.57368 
113.124 0 0 0 0 0 0 -0.0408828 -0.017993 0.862878 -0.0176731 3.08383 1.56905 
113.177 0 0 0 0 0 0 -0.0410031 -0.0183297 0.860687 0.0274583 -3.1289 1.56877 
113.232 0 0 0 0 0 0 -0.0410031 -0.0183297 0.860687 0.0274583 -3.1289 1.56877 
113.287 0 0 0 0 0 0 -0.0409338 -0.0183454 0.860455 0.0351701 -3.12253 1.56778 
113.342 0 0 0 0 0 0 -0.0409445 -0.0182204 0.861269 0.026832 3.13279 1.56825 
113.398 0 0 0 0 0 0 -0.0408806 -0.0178652 0.861595 -0.0209674 3.06875 1.56562 
113.454 0 0 0 0 0 0 -0.0409193 -0.0180271 0.86108 0.0113248 3.0993 1.56654 
113.509 0 0 0 0 0 0 -0.0408808 -0.0180678 0.861322 0.0201441 3.10285 1.56628 
113.563 0 0 0 0 0 0 -0.0408485 -0.0181256 0.861921 0.0307819 3.10798 1.56507 
113.619 0 0 0 0 0 0 -0.0408523 -0.0178221 0.860838 -0.0110237 3.05835 1.56348 
113.675 0 0 0 0 0 0 -0.040913 -0.0178031 0.860624 -0.0109873 3.05856 1.56448 
113.73 0 0 0 0 0 0 -0.0409022 -0.0177836 0.860586 -0.0094 3.05249 1.56406 
113.785 0 0 0 0 0 0 -0.040886 -0.0177801 0.860495 -0.0127417 3.0522 1.56356 
113.842 0 0 0 0 0 0 -0.0408745 -0.0178358 0.860671 -0.00555652 3.06145 1.56384 
113.897 0 0 0 0 0 0 -0.0409273 -0.0177264 0.859765 -0.0252843 3.05099 1.5635 
113.952 0 0 0 0 0 0 -0.0409207 -0.0177268 0.859734 -0.0253789 3.05119 1.56343 
114.007 0 0 0 0 0 0 -0.0408844 -0.0177442 0.859997 -0.0291439 3.05328 1.56307 
114.063 0 0 0 0 0 0 -0.0408675 -0.0177788 0.860963 -0.0215447 3.05847 1.56442 
114.117 0 0 0 0 0 0 -0.0411193 -0.0177784 0.861593 -0.0202928 3.08311 1.56437 
114.172 0 0 0 0 0 0 -0.0408976 -0.017857 0.861268 -0.00759801 3.07125 1.56604 
114.227 0 0 0 0 0 0 -0.0408076 -0.0177401 0.861266 -0.0426418 3.05044 1.56371 
114.284 0 0 0 0 0 0 -0.040843 -0.0179026 0.861676 -0.00765846 3.07777 1.56579 
114.339 0 0 0 0 0 0 -0.0408541 -0.0179385 0.862404 -0.019553 3.07873 1.56674 
114.393 0 0 0 0 0 0 -0.0407034 -0.0180549 0.864219 -0.0378997 3.09233 1.56747 
114.449 0 0 0 0 0 0 -0.0406784 -0.0182796 0.864177 -0.0450859 3.13266 1.57195 
114.504 0 0 0 0 0 0 -0.040614 -0.0182339 0.863764 -0.0532811 3.12903 1.57232 
114.559 0 0 0 0 0 0 -0.0404439 -0.0182106 0.866456 0.0149622 3.13301 1.57421 
114.614 0 0 0 0 0 0 -0.0399209 -0.0180838 0.865809 0.100056 3.13791 1.57907 
114.67 0 0 0 0 0 0 -0.0394421 -0.0176844 0.863469 0.0708748 3.06846 1.58506 
114.725 0 0 0 0 0 0 -0.0393784 -0.0176366 0.863433 0.0815508 3.06555 1.58607 
114.78 0 0 0 0 0 0 -0.0394319 -0.0175602 0.863676 0.0776153 3.07574 1.588 
114.834 0 0 0 0 0 0 -0.0394162 -0.0175567 0.863585 0.0769781 3.07548 1.58799 
114.891 0 0 0 0 0 0 -0.0398752 -0.0177508 0.869082 0.101413 3.11443 1.58411 
114.946 0 0 0 0 0 0 -0.0398705 -0.0174767 0.868783 0.0862492 3.08338 1.58685 
115.002 0 0 0 0 0 0 -0.0394172 -0.0174793 0.863558 0.0662851 3.07837 1.58844 
115.057 0 0 0 0 0 0 -0.0393958 -0.0174991 0.863554 0.0648539 3.08572 1.58806 
115.113 0 0 0 0 0 0 -0.0394854 -0.0174268 0.863374 0.0503244 3.08055 1.58885 
115.168 0 0 0 0 0 0 -0.0394861 -0.0174596 0.863127 0.0454001 3.082 1.58839 
115.224 0 0 0 0 0 0 -0.0394854 -0.0174268 0.863374 0.0503244 3.08055 1.58885 
115.28 0 0 0 0 0 0 -0.03946 -0.017441 0.863526 0.0586789 3.07979 1.58891 
115.334 0 0 0 0 0 0 -0.0393855 -0.017509 0.863711 0.0837984 3.07745 1.58874 
115.388 0 0 0 0 0 0 -0.0394407 -0.0175505 0.863836 0.0801588 3.07611 1.58817 
115.443 0 0 0 0 0 0 -0.0394166 -0.0175726 0.863805 0.0867694 3.07465 1.58805 
115.499 0 0 0 0 0 0 -0.0398698 -0.0179211 0.864869 0.044327 3.10463 1.58259 
115.554 0 0 0 0 0 0 -0.0405946 -0.0183576 0.864056 0.00676443 -3.1044 1.57823 
115.611 0 0 0 0 0 0 -0.0407375 -0.0182971 0.863978 -0.0469623 -3.14134 1.57411 
115.665 0 0 0 0 0 0 -0.0408244 -0.0181606 0.86368 -0.0297552 3.11877 1.5724 
115.721 0 0 0 0 0 0 -0.0408764 -0.0180542 0.863111 -0.0277356 3.09657 1.56978 
115.775 0 0 0 0 0 0 -0.0409976 -0.0179788 0.862023 -0.00722566 3.08459 1.56894 
115.83 0 0 0 0 0 0 -0.0410367 -0.0182974 0.86084 0.0253652 -3.13514 1.56934 
115.885 0 0 0 0 0 0 -0.0410667 -0.0182656 0.860978 0.0237957 -3.14124 1.56989 
115.94 0 0 0 0 0 0 -0.0410031 -0.0183297 0.860687 0.0274583 -3.1289 1.56877 
115.996 0 0 0 0 0 0 -0.0410031 -0.0183297 0.860687 0.0274583 -3.1289 1.56877 
116.052 0 0 0 0 0 0 -0.0410162 -0.0182639 0.860669 0.0277964 -3.13505 1.5681 
116.106 0 0 0 0 0 0 -0.0410942 -0.0183121 0.861062 0.0174322 -3.12522 1.56619 
116.162 0 0 0 0 0 0 -0.0409315 -0.0179965 0.86124 0.00775072 3.09328 1.56688 
116.217 0 0 0 0 0 0 -0.0409736 -0.0179327 0.860786 -0.00616002 3.08102 1.56612 
116.272 0 0 0 0 0 0 -0.0409338 -0.0180063 0.860939 0.0102601 3.09616 1.56652 
116.328 0 0 0 0 0 0 -0.0413275 -0.0184763 0.862372 0.00294151 -3.09927 1.55958 
116.384 0 0 0 0 0 0 -0.041002 -0.0180396 0.860843 0.00455953 3.09971 1.56622 
116.439 0 0 0 0 0 0 -0.0413063 -0.0185747 0.862075 0.00982077 -3.0915 1.55818 
116.496 0 0 0 0 0 0 -0.0409861 -0.017885 0.860464 -0.00911385 3.07381 1.56585 
116.55 0 0 0 0 0 0 -0.0409336 -0.0179508 0.860648 0.00517739 3.08741 1.56559 
116.606 0 0 0 0 0 0 -0.040968 -0.0179344 0.860769 -0.00604822 3.08138 1.56607 
116.66 0 0 0 0 0 0 -0.0410476 -0.0182777 0.860383 0.0118235 -3.12916 1.56662 
116.717 0 0 0 0 0 0 -0.040924 -0.0179386 0.861052 -0.000426062 3.08377 1.5662 
116.77 0 0 0 0 0 0 -0.0412096 -0.0180489 0.861348 -0.0113292 3.13169 1.56593 
116.826 0 0 0 0 0 0 -0.0408658 -0.0178826 0.861902 -0.00998363 3.07337 1.56634 
116.881 0 0 0 0 0 0 -0.0409008 -0.0180422 0.861648 0.0216968 3.10258 1.56775 
116.936 0 0 0 0 0 0 -0.0409573 -0.0180302 0.861563 0.0110467 3.09812 1.5681 
116.991 0 0 0 0 0 0 -0.0409573 -0.0180302 0.861563 0.0110467 3.09812 1.5681 
117.047 0 0 0 0 0 0 -0.0408658 -0.0177473 0.86158 -0.0498436 3.04757 1.56533 
117.102 0 0 0 0 0 0 -0.0406486 -0.0182549 0.864647 -0.0329326 3.1291 1.57132 
117.158 0 0 0 0 0 0 -0.0406377 -0.0182788 0.86472 -0.0357195 3.13308 1.57156 
117.212 0 0 0 0 0 0 -0.0406029 -0.0180933 0.864283 -0.0430896 3.11807 1.57541 
117.267 0 0 0 0 0 0 -0.0394707 -0.0180998 0.865912 0.176189 -3.10655 1.56971 
117.324 0 0 0 0 0 0 -0.0397024 -0.01799 0.867659 0.157706 -3.10606 1.57043 
117.379 0 0 0 0 0 0 -0.0394379 -0.017599 0.863646 0.078746 3.07452 1.58741 
117.433 0 0 0 0 0 0 -0.0394407 -0.0175505 0.863836 0.0801588 3.07611 1.58817 
117.489 0 0 0 0 0 0 -0.0394241 -0.0175452 0.863739 0.0796163 3.07555 1.58819 
117.544 0 0 0 0 0 0 -0.0395064 -0.0175285 0.863677 0.0619363 3.07829 1.58812 
117.6 0 0 0 0 0 0 -0.0394311 -0.0174946 0.86361 0.0695597 3.07807 1.5887 
117.656 0 0 0 0 0 0 -0.0394475 -0.0175075 0.863482 0.0628141 3.07812 1.58819 
117.71 0 0 0 0 0 0 -0.0394295 -0.0175089 0.863412 0.0627534 3.0789 1.58812 
117.766 0 0 0 0 0 0 -0.0397941 -0.0173054 0.867658 0.0688528 3.05756 1.58952 
117.822 0 0 0 0 0 0 -0.0393514 -0.0174757 0.863956 0.0919804 3.07314 1.58895 
117.877 0 0 0 0 0 0 -0.0395164 -0.0174397 0.863287 0.0440395 3.08053 1.58843 
117.932 0 0 0 0 0 0 -0.0393484 -0.0175598 0.863212 0.0725465 3.07751 1.58755 
117.988 0 0 0 0 0 0 -0.039358 -0.0175228 0.86347 0.0784729 3.07538 1.58821 
118.043 0 0 0 0 0 0 -0.039311 -0.017546 0.863309 0.0826965 3.07465 1.58791 
118.098 0 0 0 0 0 0 -0.0393007 -0.0176341 0.863137 0.0986216 3.06625 1.58714 
118.153 0 0 0 0 0 0 -0.0395075 -0.0177408 0.8634 0.0640767 3.07606 1.58472 
118.209 0 0 0 0 0 0 -0.0402258 -0.018132 0.864337 -0.0127436 3.13258 1.57998 
118.263 0 0 0 0 0 0 -0.0403549 -0.0182988 0.866575 0.0454059 -3.13773 1.57385 
118.319 0 0 0 0 0 0 -0.0407303 -0.0183468 0.864451 -0.0414398 -3.13713 1.57347 
118.375 0 0 0 0 0 0 -0.0407765 -0.0181093 0.86399 -0.0263353 3.1057 1.57017 
118.429 0 0 0 0 0 0 -0.040897 -0.017976 0.862819 -0.0256448 3.08109 1.56799 
118.485 0 0 0 0 0 0 -0.0408845 -0.0179009 0.862344 -0.0362569 3.0696 1.56683 
118.54 0 0 0 0 0 0 -0.0409414 -0.0181444 0.861528 0.0215898 3.1184 1.56826 
118.594 0 0 0 0 0 0 -0.0409717 -0.0180802 0.861616 0.0168651 3.10676 1.56867 
118.651 0 0 0 0 0 0 -0.0408583 -0.018146 0.861521 0.0309248 3.12137 1.56731 
118.706 0 0 0 0 0 0 -0.0408542 -0.0177875 0.861425 -0.0280939 3.05828 1.56495 
118.76 0 0 0 0 0 0 -0.0408568 -0.0177513 0.861196 -0.0332616 3.05271 1.56453 
118.816 0 0 0 0 0 0 -0.0409193 -0.0180271 0.86108 0.0113248 3.0993 1.56654 
118.871 0 0 0 0 0 0 -0.0409371 -0.0178409 0.860606 -0.0226353 3.06545 1.56483 
118.927 0 0 0 0 0 0 -0.0409259 -0.0178485 0.860494 -0.0215187 3.06724 1.56465 
118.984 0 0 0 0 0 0 -0.0409301 -0.0177575 0.860754 -0.0178606 3.05552 1.56565 
119.038 0 0 0 0 0 0 -0.0409214 -0.0177559 0.860237 -0.0255735 3.0545 1.56446 
119.094 0 0 0 0 0 0 -0.0409583 -0.0177968 0.860209 -0.0243536 3.05915 1.56459 
119.149 0 0 0 0 0 0 -0.0409469 -0.0178476 0.860803 -0.0100507 3.0686 1.566 
119.204 0 0 0 0 0 0 -0.0409699 -0.0178427 0.860476 -0.0168987 3.06624 1.56539 
119.261 0 0 0 0 0 0 -0.0408917 -0.017857 0.860965 -0.00350219 3.07231 1.56542 
119.316 0 0 0 0 0 0 -0.0409373 -0.0177525 0.860317 -0.025077 3.05358 1.56472 
119.37 0 0 0 0 0 0 -0.0408947 -0.0178304 0.861229 -0.0127809 3.06667 1.56578 
119.425 0 0 0 0 0 0 -0.0408874 -0.0179005 0.861443 -0.00158443 3.0783 1.56631 
119.481 0 0 0 0 0 0 -0.0409134 -0.0178457 0.861314 -0.00742751 3.06906 1.56637 
119.534 0 0 0 0 0 0 -0.0409573 -0.0180302 0.861563 0.0110467 3.09812 1.5681 
119.59 0 0 0 0 0 0 -0.040915 -0.0181379 0.861521 0.0209373 3.11727 1.56777 
119.644 0 0 0 0 0 0 -0.0409455 -0.0181075 0.86157 0.0185422 3.11173 1.56823 
119.701 0 0 0 0 0 0 -0.0408695 -0.0181857 0.861888 0.0213111 3.12438 1.56886 
119.755 0 0 0 0 0 0 -0.0409515 -0.0181433 0.862099 0.0100379 3.11867 1.57199 
119.811 0 0 0 0 0 0 -0.0407696 -0.0182526 0.863807 -0.0565837 3.13748 1.57397 
119.866 0 0 0 0 0 0 -0.0397645 -0.0180086 0.867246 0.151508 -3.10818 1.57201 
119.921 0 0 0 0 0 0 -0.0406484 -0.0181609 0.864544 -0.0350283 3.13167 1.57609 
119.976 0 0 0 0 0 0 -0.0402647 -0.0182493 0.864592 0.0826385 -3.09836 1.57801 
120.031 0 0 0 0 0 0 -0.0401507 -0.0181573 0.86445 0.0986578 -3.10866 1.579 
120.087 0 0 0 0 0 0 -0.0394523 -0.0176051 0.863791 0.08563 3.07777 1.58788 
120.142 0 0 0 0 0 0 -0.0394691 -0.0175939 0.863662 0.0762174 3.07905 1.58785 
120.197 0 0 0 0 0 0 -0.0394666 -0.0175915 0.863658 0.0794406 3.0814 1.58816 
120.253 0 0 0 0 0 0 -0.0395481 -0.0175531 0.863824 0.0638202 3.08208 1.5882 
120.309 0 0 0 0 0 0 -0.0395695 -0.0175859 0.863706 0.0616733 3.08563 1.58807 
120.364 0 0 0 0 0 0 -0.0398505 -0.0177027 0.869197 0.10412 3.10962 1.58412 
120.419 0 0 0 0 0 0 -0.0394397 -0.0175058 0.86381 0.0749481 3.07648 1.58852 
120.475 0 0 0 0 0 0 -0.0394397 -0.0175058 0.86381 0.0749481 3.07648 1.58852 
120.531 0 0 0 0 0 0 -0.0393789 -0.0175377 0.863481 0.077455 3.07527 1.5881 
120.585 0 0 0 0 0 0 -0.0394085 -0.0175416 0.863649 0.0789596 3.07528 1.58819 
120.641 0 0 0 0 0 0 -0.0394487 -0.0175631 0.863776 0.0809604 3.07861 1.58827 
120.694 0 0 0 0 0 0 -0.0393916 -0.0176058 0.863885 0.0998124 3.0719 1.58765 
120.75 0 0 0 0 0 0 -0.0401683 -0.018214 0.864404 0.0925945 -3.09828 1.57889 
120.805 0 0 0 0 0 0 -0.0397817 -0.0178857 0.865007 0.0888096 3.10052 1.58129 
120.86 0 0 0 0 0 0 -0.0398707 -0.0181995 0.86608 0.141916 -3.09901 1.5732 
120.916 0 0 0 0 0 0 -0.040756 -0.0183106 0.864066 -0.0492131 -3.13924 1.57389 
120.971 0 0 0 0 0 0 -0.040833 -0.0180174 0.86341 -0.0179317 3.0915 1.57096 
121.026 0 0 0 0 0 0 -0.0408792 -0.0180107 0.862956 -0.0162833 3.08668 1.56917 
121.082 0 0 0 0 0 0 -0.0409026 -0.0179336 0.862456 -0.0248902 3.07761 1.56996 
121.137 0 0 0 0 0 0 -0.0410667 -0.0182656 0.860978 0.0237957 -3.14124 1.56989 
121.193 0 0 0 0 0 0 -0.0409673 -0.0183595 0.860525 0.029832 -3.12305 1.56822 
121.249 0 0 0 0 0 0 -0.040939 -0.0182095 0.861365 0.0259663 3.13052 1.56826 
121.303 0 0 0 0 0 0 -0.0409455 -0.0181075 0.86157 0.0185422 3.11173 1.56823 
121.359 0 0 0 0 0 0 -0.0408943 -0.0181016 0.861576 0.0275905 3.11335 1.56782 
121.414 0 0 0 0 0 0 -0.0408789 -0.0178596 0.861471 -0.010571 3.07094 1.56592 
121.469 0 0 0 0 0 0 -0.0410566 -0.0180948 0.861241 0.0149531 3.12147 1.5676 
121.524 0 0 0 0 0 0 -0.0410842 -0.0180847 0.861263 0.0102283 3.12229 1.56735 
121.581 0 0 0 0 0 0 -0.0409296 -0.0177881 0.860569 -0.0215789 3.05894 1.56502 
121.635 0 0 0 0 0 0 -0.0409676 -0.0179866 0.861125 0.00569282 3.09464 1.56666 
121.691 0 0 0 0 0 0 -0.0409339 -0.0177959 0.860567 -0.0196947 3.06034 1.56514 
121.747 0 0 0 0 0 0 -0.0409383 -0.0178037 0.860561 -0.0178091 3.06176 1.56526 
121.802 0 0 0 0 0 0 -0.0409007 -0.0178308 0.860814 -0.00636507 3.06823 1.56526 
121.857 0 0 0 0 0 0 -0.0409733 -0.0179482 0.861038 -0.00135325 3.09086 1.56586 
121.913 0 0 0 0 0 0 -0.04095 -0.0179605 0.861034 0.00546767 3.08771 1.56679 
121.969 0 0 0 0 0 0 -0.040938 -0.0179356 0.860897 0.00117999 3.08385 1.56625 
122.023 0 0 0 0 0 0 -0.040856 -0.0177942 0.861213 -0.0247409 3.06031 1.56486 
122.078 0 0 0 0 0 0 -0.040869 -0.0177507 0.861097 -0.0309006 3.053 1.56466 
122.133 0 0 0 0 0 0 -0.0408559 -0.0180567 0.861574 0.0211811 3.10538 1.56682 
122.188 0 0 0 0 0 0 -0.0409424 -0.0180101 0.861478 0.00768899 3.09489 1.5676 
122.243 0 0 0 0 0 0 -0.0408737 -0.0179623 0.861588 0.00745623 3.08867 1.5666 
122.298 0 0 0 0 0 0 -0.0408442 -0.0177583 0.861609 -0.0508313 3.04945 1.56509 
122.354 0 0 0 0 0 0 -0.0406707 -0.0180991 0.863906 -0.0494332 3.10165 1.56901 
122.409 0 0 0 0 0 0 -0.0406412 -0.0182884 0.864673 -0.0339827 3.13495 1.57163 
122.464 0 0 0 0 0 0 -0.0405771 -0.0182784 0.864718 -0.0358306 3.13302 1.57161 
122.519 0 0 0 0 0 0 -0.0406119 -0.018216 0.863738 -0.053656 3.12584 1.57309 
122.575 0 0 0 0 0 0 -0.0397898 -0.0178373 0.86503 0.0790833 3.0891 1.58131 
122.63 0 0 0 0 0 0 -0.0398986 -0.0179812 0.86529 0.106575 3.13802 1.58118 
122.686 0 0 0 0 0 0 -0.0393475 -0.017625 0.863336 0.0920306 3.06938 1.5872 
122.741 0 0 0 0 0 0 -0.0393138 -0.0175842 0.863467 0.0994319 3.06975 1.588 
122.796 0 0 0 0 0 0 -0.0393956 -0.0175548 0.863782 0.0876882 3.07432 1.58821 
122.851 0 0 0 0 0 0 -0.0394085 -0.0175416 0.863649 0.0789596 3.07528 1.58819 
122.908 0 0 0 0 0 0 -0.0393644 -0.017546 0.8636 0.0863515 3.07347 1.58823 
122.963 0 0 0 0 0 0 -0.0394014 -0.0175269 0.863713 0.0808322 3.07515 1.58837 
123.018 0 0 0 0 0 0 -0.0393649 -0.0175375 0.863404 0.0766185 3.07554 1.58803 
123.075 0 0 0 0 0 0 -0.039358 -0.0175228 0.86347 0.0784729 3.07538 1.58821 
123.13 0 0 0 0 0 0 -0.0394085 -0.0175416 0.863649 0.0789596 3.07528 1.58819 
123.184 0 0 0 0 0 0 -0.0394162 -0.0175567 0.863585 0.0769781 3.07548 1.58799 
123.239 0 0 0 0 0 0 -0.0394241 -0.0175452 0.863739 0.0796163 3.07555 1.58819 
123.294 0 0 0 0 0 0 -0.0393956 -0.0175548 0.863782 0.0876882 3.07432 1.58821 
123.35 0 0 0 0 0 0 -0.0393271 -0.0175822 0.863504 0.0973135 3.06925 1.58783 
123.406 0 0 0 0 0 0 -0.0394611 -0.0176695 0.863836 0.0921809 3.07532 1.5868 
123.461 0 0 0 0 0 0 -0.0405679 -0.0181337 0.865118 -0.0161428 3.13 1.57682 
123.515 0 0 0 0 0 0 -0.0407149 -0.0183061 0.863852 -0.0469443 -3.13931 1.57459 
123.57 0 0 0 0 0 0 -0.0401808 -0.0181207 0.866716 0.113972 -3.08914 1.57322 
123.626 0 0 0 0 0 0 -0.0408414 -0.0180284 0.863335 -0.0145606 3.09373 1.5711 
123.681 0 0 0 0 0 0 -0.0408263 -0.0179576 0.862973 -0.00692965 3.07962 1.56995 
123.736 0 0 0 0 0 0 -0.0410667 -0.0182656 0.860978 0.0237957 -3.14124 1.56989 
123.791 0 0 0 0 0 0 -0.0410667 -0.0182656 0.860978 0.0237957 -3.14124 1.56989 
123.847 0 0 0 0 0 0 -0.0410031 -0.0183297 0.860687 0.0274583 -3.1289 1.56877 
123.904 0 0 0 0 0 0 -0.0410031 -0.0183297 0.860687 0.0274583 -3.1289 1.56877 
123.957 0 0 0 0 0 0 -0.0409673 -0.0183595 0.860525 0.029832 -3.12305 1.56822 
124.012 0 0 0 0 0 0 -0.0409338 -0.0183454 0.860455 0.0351701 -3.12253 1.56778 
124.067 0 0 0 0 0 0 -0.0409338 -0.0183454 0.860455 0.0351701 -3.12253 1.56778 
124.123 0 0 0 0 0 0 -0.0409439 -0.0179616 0.861365 0.00387254 3.08665 1.56712 
124.178 0 0 0 0 0 0 -0.040988 -0.0183117 0.860317 0.0269956 -3.13076 1.56764 
124.234 0 0 0 0 0 0 -0.0409317 -0.0180161 0.861226 0.0102659 3.09681 1.56695 
124.289 0 0 0 0 0 0 -0.0409149 -0.0180204 0.861139 0.00992358 3.09789 1.56652 
124.345 0 0 0 0 0 0 -0.040932 -0.0180359 0.861204 0.0126755 3.1004 1.56701 
124.4 0 0 0 0 0 0 -0.0408991 -0.0181007 0.861165 0.018205 3.11195 1.56664 
124.456 0 0 0 0 0 0 -0.0409317 -0.0180004 0.861152 0.00892812 3.09432 1.56685 
124.513 0 0 0 0 0 0 -0.0409084 -0.0180376 0.86119 0.0114654 3.10074 1.56655 
124.567 0 0 0 0 0 0 -0.0410862 -0.0182858 0.860326 0.00977268 -3.12751 1.56711 
124.622 0 0 0 0 0 0 -0.0412659 -0.0182167 0.860445 -0.0181464 -3.11588 1.5662 
124.677 0 0 0 0 0 0 -0.0408722 -0.0180247 0.861752 0.017055 3.09909 1.56722 
124.731 0 0 0 0 0 0 -0.0409014 -0.0178952 0.86177 -0.00145877 3.07609 1.56703 
124.785 0 0 0 0 0 0 -0.0408589 -0.0179696 0.862014 0.00560412 3.08834 1.56696 
124.841 0 0 0 0 0 0 -0.0409455 -0.0181075 0.86157 0.0185422 3.11173 1.56823 
124.896 0 0 0 0 0 0 -0.0409573 -0.0180302 0.861563 0.0110467 3.09812 1.5681 
124.951 0 0 0 0 0 0 -0.0409913 -0.0180176 0.862331 0.00324938 3.09582 1.56905 
125.006 0 0 0 0 0 0 -0.0408344 -0.0179702 0.863276 -0.0264177 3.08078 1.56788 
125.062 0 0 0 0 0 0 -0.0406514 -0.018269 0.864602 -0.0310062 3.13175 1.57143 
125.117 0 0 0 0 0 0 -0.0406339 -0.0182858 0.86468 -0.0386048 3.13443 1.57243 
125.173 0 0 0 0 0 0 -0.0403221 -0.0182116 0.866743 0.0440835 3.13485 1.57474 
125.227 0 0 0 0 0 0 -0.0402752 -0.0182705 0.864604 0.0807997 -3.10826 1.57735 
125.283 0 0 0 0 0 0 -0.040207 -0.018234 0.864792 0.0918921 -3.10456 1.57756 
125.338 0 0 0 0 0 0 -0.039422 -0.0176789 0.863315 0.0782138 3.07089 1.58591 
125.394 0 0 0 0 0 0 -0.0393654 -0.017598 0.863507 0.0905067 3.07212 1.5877 
125.449 0 0 0 0 0 0 -0.0394607 -0.0175808 0.863719 0.0754574 3.0765 1.58775 
125.504 0 0 0 0 0 0 -0.0394319 -0.0175602 0.863676 0.0776153 3.07574 1.588 
125.559 0 0 0 0 0 0 -0.0394319 -0.0175602 0.863676 0.0776153 3.07574 1.588 
125.614 0 0 0 0 0 0 -0.039372 -0.017523 0.863547 0.0793092 3.07512 1.58829 
125.67 0 0 0 0 0 0 -0.0393649 -0.0175375 0.863404 0.0766185 3.07554 1.58803 
125.726 0 0 0 0 0 0 -0.0393402 -0.0175158 0.863901 0.0987316 3.07227 1.58871 
125.781 0 0 0 0 0 0 -0.0393291 -0.0175499 0.863221 0.0734594 3.07847 1.58756 
125.836 0 0 0 0 0 0 -0.0393529 -0.017541 0.863342 0.0755591 3.0764 1.58788 
125.892 0 0 0 0 0 0 -0.0394319 -0.0175602 0.863676 0.0776153 3.07574 1.588 
125.947 0 0 0 0 0 0 -0.0394283 -0.0175833 0.863702 0.0810117 3.07424 1.58762 
126.002 0 0 0 0 0 0 -0.0394427 -0.0176896 0.863401 0.0758173 3.07243 1.58565 
126.058 0 0 0 0 0 0 -0.0394112 -0.0177135 0.863235 0.0819301 3.06912 1.58536 
126.112 0 0 0 0 0 0 -0.0400969 -0.0181398 0.866602 0.0798935 3.13363 1.57573 
126.167 0 0 0 0 0 0 -0.0406991 -0.0183155 0.86451 -0.041193 3.14025 1.57355 
126.222 0 0 0 0 0 0 -0.0407234 -0.0183245 0.864574 -0.0419753 -3.14155 1.57324 
126.278 0 0 0 0 0 0 -0.0407264 -0.0182995 0.864607 -0.0396119 3.13707 1.57296 
126.333 0 0 0 0 0 0 -0.040784 -0.0179802 0.863498 -0.0139801 3.08163 1.56979 
126.388 0 0 0 0 0 0 -0.0408892 -0.01794 0.862889 -0.0207891 3.07685 1.56826 
126.443 0 0 0 0 0 0 -0.0409691 -0.0181481 0.861529 0.0219434 3.11906 1.56875 
126.499 0 0 0 0 0 0 -0.0409696 -0.0181153 0.861586 0.0196608 3.11307 1.56872 
126.554 0 0 0 0 0 0 -0.0409414 -0.0181444 0.861528 0.0215898 3.1184 1.56826 
126.608 0 0 0 0 0 0 -0.0409414 -0.0181444 0.861528 0.0215898 3.1184 1.56826 
126.664 0 0 0 0 0 0 -0.0409507 -0.0180701 0.861584 0.0150599 3.10507 1.56818 
126.719 0 0 0 0 0 0 -0.0409573 -0.0180302 0.861563 0.0110467 3.09812 1.5681 
126.775 0 0 0 0 0 0 -0.0410232 -0.0180661 0.861314 0.0135913 3.11614 1.56711 
126.831 0 0 0 0 0 0 -0.0409003 -0.0180441 0.861373 0.0227175 3.10393 1.56731 
126.887 0 0 0 0 0 0 -0.0409003 -0.0180441 0.861373 0.0227175 3.10393 1.56731 
126.941 0 0 0 0 0 0 -0.0409876 -0.0179676 0.861166 0.00510911 3.09113 1.56701 
126.995 0 0 0 0 0 0 -0.0409638 -0.0179831 0.861146 0.0092259 3.0913 1.5673 
127.055 0 0 0 0 0 0 -0.0409032 -0.0180558 0.861311 0.0243788 3.10622 1.56732 
127.107 0 0 0 0 0 0 -0.0409638 -0.0179831 0.861146 0.0092259 3.0913 1.5673 
127.163 0 0 0 0 0 0 -0.0409905 -0.0180154 0.86115 0.00980363 3.09963 1.56719 
127.218 0 0 0 0 0 0 -0.0410645 -0.0181126 0.861164 0.0103486 3.12759 1.56687 
127.273 0 0 0 0 0 0 -0.0411487 -0.0181093 0.861149 0.000512292 3.13243 1.56682 
127.328 0 0 0 0 0 0 -0.040902 -0.0179244 0.861779 0.00388548 3.08123 1.56725 
127.383 0 0 0 0 0 0 -0.0408758 -0.0179303 0.861836 0.00108329 3.08206 1.56679 
127.438 0 0 0 0 0 0 -0.0408901 -0.0181138 0.861588 0.0284334 3.11547 1.56782 
127.494 0 0 0 0 0 0 -0.0409455 -0.0181075 0.86157 0.0185422 3.11173 1.56823 
127.548 0 0 0 0 0 0 -0.0409696 -0.0181153 0.861586 0.0196608 3.11307 1.56872 
127.603 0 0 0 0 0 0 -0.0409078 -0.0180314 0.861283 0.0171784 3.09941 1.56918 
127.66 0 0 0 0 0 0 -0.0407922 -0.0179568 0.86295 -0.027498 3.08255 1.56928 
127.715 0 0 0 0 0 0 -0.0400903 -0.0178967 0.869021 0.109278 3.1412 1.57202 
127.769 0 0 0 0 0 0 -0.0407288 -0.0182834 0.864184 -0.0490333 3.13323 1.57278 
127.828 0 0 0 0 0 0 -0.0405422 -0.0182852 0.865998 0.00176323 3.13981 1.57424 
127.879 0 0 0 0 0 0 -0.0398454 -0.0181437 0.865913 0.150499 -3.09304 1.57159 
127.935 0 0 0 0 0 0 -0.0403178 -0.0183275 0.864139 0.0805173 -3.08833 1.57731 
127.99 0 0 0 0 0 0 -0.0396801 -0.0178113 0.864255 0.0617417 3.08784 1.58418 
128.045 0 0 0 0 0 0 -0.0393507 -0.0176578 0.863122 0.0921287 3.06786 1.58659 
128.101 0 0 0 0 0 0 -0.0393824 -0.0175928 0.86354 0.0905381 3.07381 1.58784 
128.156 0 0 0 0 0 0 -0.0394301 -0.0176074 0.863545 0.0848827 3.0792 1.58802 
128.211 0 0 0 0 0 0 -0.0394691 -0.0175939 0.863662 0.0762174 3.07905 1.58785 
128.267 0 0 0 0 0 0 -0.0394791 -0.0176075 0.863606 0.0767081 3.08171 1.58794 
128.322 0 0 0 0 0 0 -0.0394666 -0.0175915 0.863658 0.0794406 3.0814 1.58816 
128.378 0 0 0 0 0 0 -0.0394569 -0.0175782 0.863715 0.0789048 3.07879 1.58808 
128.435 0 0 0 0 0 0 -0.0394569 -0.0175782 0.863715 0.0789048 3.07879 1.58808 
128.489 0 0 0 0 0 0 -0.0394569 -0.0175782 0.863715 0.0789048 3.07879 1.58808 
128.548 0 0 0 0 0 0 -0.0394301 -0.0176074 0.863545 0.0848827 3.0792 1.58802 
128.6 0 0 0 0 0 0 -0.0393413 -0.0176052 0.863376 0.0963913 3.07115 1.58777 
128.655 0 0 0 0 0 0 -0.0401317 -0.0182104 0.86482 0.102934 -3.10337 1.57715 
128.711 0 0 0 0 0 0 -0.0405037 -0.0180989 0.865497 -0.00629712 3.12512 1.57715 
128.766 0 0 0 0 0 0 -0.0405566 -0.0181841 0.865762 -0.00569326 3.13372 1.5757 
128.821 0 0 0 0 0 0 -0.0407303 -0.0183468 0.864451 -0.0414398 -3.13713 1.57347 
128.876 0 0 0 0 0 0 -0.0407445 -0.0182875 0.864466 -0.0331648 3.13546 1.5728 
128.931 0 0 0 0 0 0 -0.0407612 -0.0180635 0.863853 -0.00664609 3.0951 1.57036 
128.986 0 0 0 0 0 0 -0.0409126 -0.0179144 0.862797 -0.020717 3.07262 1.56853 
129.042 0 0 0 0 0 0 -0.0409319 -0.0179569 0.862641 -0.0230606 3.07835 1.56831 
129.097 0 0 0 0 0 0 -0.0410031 -0.0183297 0.860687 0.0274583 -3.1289 1.56877 
129.151 0 0 0 0 0 0 -0.0410031 -0.0183297 0.860687 0.0274583 -3.1289 1.56877 
129.207 0 0 0 0 0 0 -0.0409691 -0.0181481 0.861529 0.0219434 3.11906 1.56875 
129.262 0 0 0 0 0 0 -0.0409414 -0.0181444 0.861528 0.0215898 3.1184 1.56826 
129.318 0 0 0 0 0 0 -0.0409113 -0.0178371 0.861503 -0.0241006 3.06416 1.5662 
129.373 0 0 0 0 0 0 -0.0408943 -0.0180794 0.861634 0.0254022 3.10922 1.5678 
129.428 0 0 0 0 0 0 -0.0408943 -0.0180794 0.861634 0.0254022 3.10922 1.5678 
129.484 0 0 0 0 0 0 -0.0408734 -0.0180704 0.861611 0.0236531 3.10768 1.5673 
129.54 0 0 0 0 0 0 -0.0408963 -0.0178435 0.86125 -0.0102055 3.06892 1.56591 
129.595 0 0 0 0 0 0 -0.0408963 -0.0178435 0.86125 -0.0102055 3.06892 1.56591 
129.649 0 0 0 0 0 0 -0.0409134 -0.0178678 0.861038 -0.0127599 3.07138 1.56564 
129.706 0 0 0 0 0 0 -0.0411561 -0.0180392 0.861689 -0.00167268 3.12341 1.56582 
129.761 0 0 0 0 0 0 -0.0411007 -0.0180576 0.861315 0.00250121 3.12268 1.56641 
129.816 0 0 0 0 0 0 -0.041186 -0.0180715 0.861255 -0.0104806 3.13604 1.56557 
129.872 0 0 0 0 0 0 -0.0409067 -0.0178115 0.86128 -0.0145981 3.06311 1.56598 
129.927 0 0 0 0 0 0 -0.0408693 -0.0177971 0.861342 -0.0234248 3.06032 1.56521 
129.981 0 0 0 0 0 0 -0.040866 -0.0177875 0.861325 -0.0256818 3.05868 1.56507 
130.037 0 0 0 0 0 0 -0.0409092 -0.0180024 0.861626 0.0173345 3.09564 1.56767 
130.092 0 0 0 0 0 0 -0.0409173 -0.0180348 0.86146 0.00941798 3.09932 1.56721 
130.146 0 0 0 0 0 0 -0.0409372 -0.0179343 0.861524 -0.00436384 3.08131 1.56721 
130.202 0 0 0 0 0 0 -0.0408374 -0.0179469 0.862215 -0.0102868 3.08091 1.56746 
130.257 0 0 0 0 0 0 -0.0406093 -0.0181989 0.865217 -0.0346328 3.11411 1.56934 
130.312 0 0 0 0 0 0 -0.0406427 -0.0183108 0.864655 -0.03751 3.13349 1.57152 
130.367 0 0 0 0 0 0 -0.0406786 -0.01835 0.864816 -0.0359248 -3.13777 1.57139 
130.422 0 0 0 0 0 0 -0.0406072 -0.0182946 0.864663 -0.0364183 3.13606 1.57213 
130.477 0 0 0 0 0 0 -0.040445 -0.0181869 0.862972 -0.0491079 3.12638 1.57418 
130.533 0 0 0 0 0 0 -0.039702 -0.0178802 0.864152 0.0405254 3.08939 1.5817 
130.588 0 0 0 0 0 0 -0.0399411 -0.0181574 0.865769 0.109105 -3.1295 1.57765 
130.645 0 0 0 0 0 0 -0.0394225 -0.0177163 0.863321 0.0728444 3.06652 1.5844 
130.699 0 0 0 0 0 0 -0.0394459 -0.0176485 0.86348 0.075559 3.07303 1.5864 
130.754 0 0 0 0 0 0 -0.039411 -0.0175837 0.863663 0.0838022 3.07448 1.58782 
130.81 0 0 0 0 0 0 -0.0393579 -0.0175838 0.863564 0.0923888 3.07209 1.58791 
130.866 0 0 0 0 0 0 -0.0394607 -0.0175808 0.863719 0.0754574 3.0765 1.58775 
130.921 0 0 0 0 0 0 -0.0394401 -0.0175881 0.863472 0.0716296 3.07605 1.58753 
130.977 0 0 0 0 0 0 -0.0394607 -0.0175808 0.863719 0.0754574 3.0765 1.58775 
131.032 0 0 0 0 0 0 -0.0394607 -0.0175808 0.863719 0.0754574 3.0765 1.58775 
131.088 0 0 0 0 0 0 -0.039411 -0.0175837 0.863663 0.0838022 3.07448 1.58782 
131.142 0 0 0 0 0 0 -0.0393946 -0.0175786 0.863567 0.0832439 3.07394 1.58785 
131.197 0 0 0 0 0 0 -0.0393579 -0.0175838 0.863564 0.0923888 3.07209 1.58791 
131.253 0 0 0 0 0 0 -0.0399551 -0.0179837 0.864424 0.0146968 3.11451 1.58108 
131.308 0 0 0 0 0 0 -0.0396927 -0.0180957 0.867228 0.158635 -3.09854 1.57075 
131.363 0 0 0 0 0 0 -0.0402735 -0.0180288 0.865093 0.0105448 3.11441 1.57838 
131.417 0 0 0 0 0 0 -0.0407323 -0.0183028 0.863999 -0.0485699 -3.14041 1.57419 
131.473 0 0 0 0 0 0 -0.040738 -0.0183244 0.86445 -0.0374458 -3.14112 1.57319 
131.528 0 0 0 0 0 0 -0.0399789 -0.0182562 0.865357 0.129857 -3.10852 1.57336 
131.584 0 0 0 0 0 0 -0.0409729 -0.0178813 0.862364 -0.0271051 3.0713 1.56919 
131.638 0 0 0 0 0 0 -0.0409749 -0.0179486 0.862446 -0.0159995 3.07759 1.5689 
131.694 0 0 0 0 0 0 -0.0409883 -0.0179423 0.862283 -0.0144793 3.0771 1.56895 
131.748 0 0 0 0 0 0 -0.0410031 -0.0183297 0.860687 0.0274583 -3.1289 1.56877 
131.804 0 0 0 0 0 0 -0.0410031 -0.0183297 0.860687 0.0274583 -3.1289 1.56877 
131.859 0 0 0 0 0 0 -0.0410031 -0.0183297 0.860687 0.0274583 -3.1289 1.56877 
131.915 0 0 0 0 0 0 -0.0410031 -0.0183297 0.860687 0.0274583 -3.1289 1.56877 
131.969 0 0 0 0 0 0 -0.0410031 -0.0183297 0.860687 0.0274583 -3.1289 1.56877 
132.025 0 0 0 0 0 0 -0.0410336 -0.0182989 0.860826 0.0254763 -3.13482 1.56932 
132.081 0 0 0 0 0 0 -0.0410162 -0.0182639 0.860669 0.0277964 -3.13505 1.5681 
132.137 0 0 0 0 0 0 -0.0408841 -0.0180863 0.86173 0.0253621 3.11006 1.5678 
132.191 0 0 0 0 0 0 -0.0410162 -0.0182639 0.860669 0.0277964 -3.13505 1.5681 
132.247 0 0 0 0 0 0 -0.0410162 -0.0182639 0.860669 0.0277964 -3.13505 1.5681 
132.302 0 0 0 0 0 0 -0.0411449 -0.0182357 0.860658 0.00502464 -3.12934 1.56728 
132.358 0 0 0 0 0 0 -0.0410551 -0.0182548 0.860681 0.0210573 -3.13404 1.56789 
132.413 0 0 0 0 0 0 -0.0411188 -0.0182411 0.860671 0.00974953 -3.1311 1.56748 
132.469 0 0 0 0 0 0 -0.0411138 -0.0182403 0.860691 0.0107908 -3.13132 1.56751 
132.524 0 0 0 0 0 0 -0.0410841 -0.0182468 0.860697 0.0160729 -3.13285 1.56771 
132.579 0 0 0 0 0 0 -0.0408962 -0.017985 0.861806 0.013177 3.09187 1.56756 
132.634 0 0 0 0 0 0 -0.0408963 -0.0180008 0.86178 0.0156069 3.09476 1.56763 
132.689 0 0 0 0 0 0 -0.040863 -0.0179467 0.861982 0.00193311 3.08441 1.56683 
132.744 0 0 0 0 0 0 -0.0409455 -0.0181075 0.86157 0.0185422 3.11173 1.56823 
132.798 0 0 0 0 0 0 -0.0409267 -0.0181054 0.861403 0.0203444 3.11202 1.56878 
132.854 0 0 0 0 0 0 -0.0408756 -0.0178712 0.8623 -0.031209 3.06692 1.56694 
132.909 0 0 0 0 0 0 -0.0408023 -0.0178033 0.861957 -0.0327895 3.05607 1.56723 
132.965 0 0 0 0 0 0 -0.0406436 -0.0181916 0.86447 -0.0307716 3.11855 1.57042 
133.02 0 0 0 0 0 0 -0.0406346 -0.0183295 0.864648 -0.0355872 -3.14085 1.57205 
133.076 0 0 0 0 0 0 -0.0406441 -0.0182916 0.864163 -0.0473446 3.13481 1.57247 
133.13 0 0 0 0 0 0 -0.040346 -0.0183768 0.864224 0.0820955 -3.09368 1.57518 
133.185 0 0 0 0 0 0 -0.0397503 -0.0179198 0.86894 0.14823 -3.11741 1.57116 
133.241 0 0 0 0 0 0 -0.0399831 -0.0178735 0.864288 0.0297889 3.08758 1.58045 
133.296 0 0 0 0 0 0 -0.0395102 -0.0177494 0.863752 0.0797755 3.07346 1.58487 
133.351 0 0 0 0 0 0 -0.0393833 -0.0176415 0.863361 0.0856871 3.0695 1.58662 
133.407 0 0 0 0 0 0 -0.0393966 -0.0176426 0.863396 0.0835796 3.06956 1.58645 
133.463 0 0 0 0 0 0 -0.0393749 -0.0176126 0.863457 0.0882993 3.0722 1.58748 
133.518 0 0 0 0 0 0 -0.0393946 -0.0175786 0.863567 0.0832439 3.07394 1.58785 
133.573 0 0 0 0 0 0 -0.0394045 -0.0175937 0.863512 0.0809275 3.07412 1.58762 
133.628 0 0 0 0 0 0 -0.0393603 -0.0175871 0.86326 0.0786482 3.07395 1.58752 
133.683 0 0 0 0 0 0 -0.0392996 -0.017572 0.863232 0.0892547 3.07134 1.58783 
133.739 0 0 0 0 0 0 -0.0392982 -0.017579 0.863375 0.0987591 3.0692 1.58802 
133.794 0 0 0 0 0 0 -0.0393043 -0.0175789 0.863543 0.0961571 3.06569 1.58752 
133.849 0 0 0 0 0 0 -0.0394125 -0.017684 0.863276 0.0775486 3.07193 1.58582 
133.904 0 0 0 0 0 0 -0.0394488 -0.017743 0.863239 0.0730192 3.07163 1.58463 
133.96 0 0 0 0 0 0 -0.0394205 -0.0177287 0.863129 0.0765579 3.06954 1.58497 
134.015 0 0 0 0 0 0 -0.0405469 -0.0181123 0.86504 -0.0268827 3.11841 1.5753 
134.069 0 0 0 0 0 0 -0.0407006 -0.0182722 0.864052 -0.0482773 3.13713 1.57423 
134.125 0 0 0 0 0 0 -0.0407234 -0.0183245 0.864574 -0.0419753 -3.14155 1.57324 
134.179 0 0 0 0 0 0 -0.0407044 -0.0182421 0.864645 -0.035277 3.12676 1.57198 
134.235 0 0 0 0 0 0 -0.0407228 -0.0181598 0.86384 -0.0344695 3.1127 1.57088 
134.29 0 0 0 0 0 0 -0.0410019 -0.0183779 0.861047 0.0200499 -3.12165 1.56965 
134.345 0 0 0 0 0 0 -0.0410138 -0.0184053 0.860832 0.0187961 -3.116 1.56973 
134.4 0 0 0 0 0 0 -0.0410031 -0.0183297 0.860687 0.0274583 -3.1289 1.56877 
134.456 0 0 0 0 0 0 -0.0409414 -0.0181444 0.861528 0.0215898 3.1184 1.56826 
134.509 0 0 0 0 0 0 -0.0409414 -0.0181444 0.861528 0.0215898 3.1184 1.56826 
134.567 0 0 0 0 0 0 -0.0409573 -0.0180302 0.861563 0.0110467 3.09812 1.5681 
134.622 0 0 0 0 0 0 -0.0409573 -0.0180302 0.861563 0.0110467 3.09812 1.5681 
134.677 0 0 0 0 0 0 -0.0409008 -0.0180422 0.861648 0.0216968 3.10258 1.56775 
134.734 0 0 0 0 0 0 -0.0408865 -0.017839 0.861575 -0.0138109 3.06688 1.56608 
134.788 0 0 0 0 0 0 -0.0408865 -0.017839 0.861575 -0.0138109 3.06688 1.56608 
134.843 0 0 0 0 0 0 -0.0409008 -0.0180422 0.861648 0.0216968 3.10258 1.56775 
134.898 0 0 0 0 0 0 -0.0410566 -0.0180948 0.861241 0.0149531 3.12147 1.5676 
134.954 0 0 0 0 0 0 -0.0410842 -0.0180847 0.861263 0.0102283 3.12229 1.56735 
135.009 0 0 0 0 0 0 -0.0409933 -0.0181206 0.86118 0.0256614 3.12091 1.56809 
135.067 0 0 0 0 0 0 -0.040891 -0.0179072 0.861654 -0.000505743 3.07867 1.56671 
135.169 0 0 0 0 0 0 -0.0410635 -0.0179536 0.861438 0.00470526 3.0985 1.56709 
135.201 0 0 0 0 0 0 -0.0408914 -0.0181356 0.861514 0.0302568 3.11959 1.56782 
135.252 0 0 0 0 0 0 -0.0409049 -0.0178861 0.861477 -0.00183319 3.07561 1.56664 
135.309 0 0 0 0 0 0 -0.0408881 -0.0181783 0.861428 0.0327896 3.12745 1.56782 
135.369 0 0 0 0 0 0 -0.040942 -0.0181422 0.861526 0.0214621 3.11803 1.56826 
135.428 0 0 0 0 0 0 -0.0409392 -0.0181784 0.861457 0.0240532 3.12467 1.56827 
135.484 0 0 0 0 0 0 -0.0409455 -0.0181075 0.86157 0.0185422 3.11173 1.56823 
135.539 0 0 0 0 0 0 -0.0409019 -0.017867 0.862274 -0.028216 3.06624 1.56735 
135.594 0 0 0 0 0 0 -0.0408789 -0.0179564 0.863037 -0.0203791 3.0792 1.56834 
135.65 0 0 0 0 0 0 -0.040659 -0.0182948 0.864742 -0.0395405 3.13582 1.57213 
135.705 0 0 0 0 0 0 -0.0406906 -0.0183093 0.86467 -0.040534 3.13862 1.57267 
135.761 0 0 0 0 0 0 -0.0407348 -0.0182551 0.864 -0.0489927 3.13976 1.57467 
135.815 0 0 0 0 0 0 -0.0405657 -0.0181395 0.86572 -0.00761528 3.13144 1.57629 
135.871 0 0 0 0 0 0 -0.0404867 -0.0180951 0.865511 -0.00414809 3.12439 1.57726 
135.927 0 0 0 0 0 0 -0.0401951 -0.0181762 0.864992 0.0816285 -3.12343 1.5784 
135.981 0 0 0 0 0 0 -0.0400689 -0.0180341 0.865568 0.0318018 3.12436 1.58076 
136.037 0 0 0 0 0 0 -0.0394324 -0.0176896 0.863463 0.0939967 3.0722 1.58653 
136.092 0 0 0 0 0 0 -0.0394092 -0.0176611 0.863378 0.0845826 3.07294 1.58652 
136.148 0 0 0 0 0 0 -0.0393829 -0.0176351 0.863346 0.088477 3.07117 1.58699 
136.203 0 0 0 0 0 0 -0.039532 -0.0176616 0.863639 0.0650628 3.08018 1.58634 
136.258 0 0 0 0 0 0 -0.0394304 -0.0176107 0.863551 0.0820681 3.077 1.5877 
136.313 0 0 0 0 0 0 -0.0394473 -0.0176112 0.863589 0.0793465 3.07694 1.58751 
136.369 0 0 0 0 0 0 -0.0393392 -0.0176103 0.863387 0.0940188 3.06928 1.58743 
136.424 0 0 0 0 0 0 -0.0393392 -0.0176103 0.863387 0.0940188 3.06928 1.58743 
136.479 0 0 0 0 0 0 -0.0393682 -0.01765 0.86323 0.0901187 3.07156 1.58706 
136.534 0 0 0 0 0 0 -0.0402231 -0.0182882 0.864514 0.0925581 -3.08841 1.57701 
136.589 0 0 0 0 0 0 -0.0405928 -0.0183549 0.864114 0.0122864 -3.10778 1.57763 
136.644 0 0 0 0 0 0 -0.0405936 -0.0184292 0.86433 0.0171996 -3.09814 1.57665 
136.699 0 0 0 0 0 0 -0.039998 -0.0180492 0.866943 0.13223 -3.09702 1.57287 
136.754 0 0 0 0 0 0 -0.0407814 -0.0182335 0.864031 -0.0406535 3.13038 1.57302 
136.809 0 0 0 0 0 0 -0.0398678 -0.01818 0.8655 0.145759 -3.10085 1.57201 
136.865 0 0 0 0 0 0 -0.040963 -0.0179298 0.862636 -0.0228751 3.07889 1.56959 
136.921 0 0 0 0 0 0 -0.0409283 -0.0179866 0.863024 -0.0217504 3.08213 1.56886 
136.975 0 0 0 0 0 0 -0.0410667 -0.0182656 0.860978 0.0237957 -3.14124 1.56989 
137.03 0 0 0 0 0 0 -0.0410367 -0.0182974 0.86084 0.0253652 -3.13514 1.56934 
137.085 0 0 0 0 0 0 -0.0409414 -0.0181444 0.861528 0.0215898 3.1184 1.56826 
137.14 0 0 0 0 0 0 -0.0409414 -0.0181444 0.861528 0.0215898 3.1184 1.56826 
137.196 0 0 0 0 0 0 -0.0409453 -0.0182563 0.861142 0.02829 3.1396 1.56824 
137.252 0 0 0 0 0 0 -0.0409673 -0.0183595 0.860525 0.029832 -3.12305 1.56822 
137.308 0 0 0 0 0 0 -0.0409507 -0.0180701 0.861584 0.0150599 3.10507 1.56818 
137.362 0 0 0 0 0 0 -0.0409507 -0.0180701 0.861584 0.0150599 3.10507 1.56818 
137.418 0 0 0 0 0 0 -0.0408838 -0.0178953 0.861723 -0.00399839 3.0763 1.56658 
137.474 0 0 0 0 0 0 -0.0408783 -0.0178777 0.861514 -0.0073869 3.07398 1.56608 
137.529 0 0 0 0 0 0 -0.0408976 -0.017857 0.861268 -0.00759801 3.07125 1.56604 
137.584 0 0 0 0 0 0 -0.0409646 -0.0181172 0.861181 0.0255366 3.12028 1.5676 
137.64 0 0 0 0 0 0 -0.0408976 -0.017857 0.861268 -0.00759801 3.07125 1.56604 
137.695 0 0 0 0 0 0 -0.0408943 -0.0180794 0.861634 0.0254022 3.10922 1.5678 
137.75 0 0 0 0 0 0 -0.0409573 -0.0180302 0.861563 0.0110467 3.09812 1.5681 
137.806 0 0 0 0 0 0 -0.0409008 -0.0180422 0.861648 0.0216968 3.10258 1.56775 
137.86 0 0 0 0 0 0 -0.0409573 -0.0180302 0.861563 0.0110467 3.09812 1.5681 
137.916 0 0 0 0 0 0 -0.0409573 -0.0180302 0.861563 0.0110467 3.09812 1.5681 
137.97 0 0 0 0 0 0 -0.0409573 -0.0180302 0.861563 0.0110467 3.09812 1.5681 
138.026 0 0 0 0 0 0 -0.0409573 -0.0180302 0.861563 0.0110467 3.09812 1.5681 
138.081 0 0 0 0 0 0 -0.0407619 -0.0178216 0.862173 -0.0370529 3.05854 1.56683 
138.136 0 0 0 0 0 0 -0.0406924 -0.0180298 0.864174 -0.0370179 3.08799 1.56803 
138.19 0 0 0 0 0 0 -0.0406664 -0.0180895 0.864168 -0.0377115 3.10158 1.56959 
138.246 0 0 0 0 0 0 -0.0406433 -0.0182555 0.864264 -0.0461636 3.12812 1.57134 
138.302 0 0 0 0 0 0 -0.0406727 -0.0182647 0.864368 -0.0427358 3.13178 1.57185 
138.357 0 0 0 0 0 0 -0.0406066 -0.0182386 0.864279 -0.0480632 3.12499 1.57198 
138.413 0 0 0 0 0 0 -0.040297 -0.018148 0.864227 -0.0179248 3.11982 1.5748 
138.467 0 0 0 0 0 0 -0.0400593 -0.0178748 0.865067 0.027991 3.09006 1.57941 
138.523 0 0 0 0 0 0 -0.0396547 -0.0177235 0.862941 0.0516819 3.06101 1.58252 
138.579 0 0 0 0 0 0 -0.0395197 -0.0177989 0.863502 0.0626257 3.08044 1.58361 
138.633 0 0 0 0 0 0 -0.0398963 -0.017963 0.86535 0.100774 3.12661 1.58199 
138.689 0 0 0 0 0 0 -0.039358 -0.0176404 0.863291 0.0896962 3.06957 1.58695 
138.745 0 0 0 0 0 0 -0.039358 -0.0176404 0.863291 0.0896962 3.06957 1.58695 
138.8 0 0 0 0 0 0 -0.039358 -0.0176404 0.863291 0.0896962 3.06957 1.58695 
138.855 0 0 0 0 0 0 -0.0393392 -0.0176103 0.863387 0.0940188 3.06928 1.58743 
138.91 0 0 0 0 0 0 -0.0393931 -0.0176169 0.863507 0.0826094 3.07002 1.58692 
138.966 0 0 0 0 0 0 -0.0393901 -0.0176124 0.863495 0.085873 3.07201 1.58729 
139.021 0 0 0 0 0 0 -0.0393901 -0.0176124 0.863495 0.085873 3.07201 1.58729 
139.077 0 0 0 0 0 0 -0.039358 -0.0176404 0.863291 0.0896962 3.06957 1.58695 
139.131 0 0 0 0 0 0 -0.0400686 -0.0182158 0.865127 0.10869 -3.10617 1.57698 
139.187 0 0 0 0 0 0 -0.0402301 -0.0181674 0.864359 -0.0121113 3.13878 1.57917 
139.24 0 0 0 0 0 0 -0.0396111 -0.0181788 0.86625 0.165031 -3.10132 1.57081 
139.296 0 0 0 0 0 0 -0.0407514 -0.0182689 0.863653 -0.0548403 3.1409 1.57453 
139.35 0 0 0 0 0 0 -0.0397158 -0.0180795 0.86639 0.155866 -3.10837 1.57227 
139.406 0 0 0 0 0 0 -0.0407865 -0.018146 0.864072 -0.0199541 3.11181 1.57169 
139.461 0 0 0 0 0 0 -0.0408375 -0.0181109 0.863881 -0.0196147 3.10632 1.57105 
139.517 0 0 0 0 0 0 -0.0409865 -0.0179173 0.862243 -0.0307364 3.07557 1.56889 
139.571 0 0 0 0 0 0 -0.0410367 -0.0182974 0.86084 0.0253652 -3.13514 1.56934 
139.626 0 0 0 0 0 0 -0.0410367 -0.0182974 0.86084 0.0253652 -3.13514 1.56934 
139.682 0 0 0 0 0 0 -0.0410667 -0.0182656 0.860978 0.0237957 -3.14124 1.56989 
139.737 0 0 0 0 0 0 -0.0410031 -0.0183297 0.860687 0.0274583 -3.1289 1.56877 
139.793 0 0 0 0 0 0 -0.0410031 -0.0183297 0.860687 0.0274583 -3.1289 1.56877 
139.848 0 0 0 0 0 0 -0.0410031 -0.0183297 0.860687 0.0274583 -3.1289 1.56877 
139.903 0 0 0 0 0 0 -0.0409673 -0.0183595 0.860525 0.029832 -3.12305 1.56822 
139.958 0 0 0 0 0 0 -0.0409673 -0.0183595 0.860525 0.029832 -3.12305 1.56822 
140.014 0 0 0 0 0 0 -0.0409782 -0.0183194 0.860545 0.0308756 -3.13024 1.56815 
140.069 0 0 0 0 0 0 -0.0410509 -0.018275 0.860721 0.0221043 -3.13603 1.56852 
140.125 0 0 0 0 0 0 -0.0410841 -0.0182468 0.860697 0.0160729 -3.13285 1.56771 
140.18 0 0 0 0 0 0 -0.0410162 -0.0182639 0.860669 0.0277964 -3.13505 1.5681 
140.235 0 0 0 0 0 0 -0.0410162 -0.0182639 0.860669 0.0277964 -3.13505 1.5681 
140.291 0 0 0 0 0 0 -0.04088 -0.0181202 0.861682 0.0283624 3.11623 1.56782 
140.345 0 0 0 0 0 0 -0.0408855 -0.0181041 0.861666 0.0272503 3.11346 1.56781 
140.401 0 0 0 0 0 0 -0.0409673 -0.0183595 0.860525 0.029832 -3.12305 1.56822 
140.456 0 0 0 0 0 0 -0.0409338 -0.0183454 0.860455 0.0351701 -3.12253 1.56778 
140.512 0 0 0 0 0 0 -0.040954 -0.0183119 0.860852 0.0296441 -3.13268 1.56822 
140.567 0 0 0 0 0 0 -0.0409428 -0.0182283 0.861263 0.0270978 3.1342 1.56825 
140.622 0 0 0 0 0 0 -0.040941 -0.0182015 0.861367 0.0256295 3.12909 1.56826 
140.677 0 0 0 0 0 0 -0.0409414 -0.0181444 0.861528 0.0215898 3.1184 1.56826 
140.731 0 0 0 0 0 0 -0.0409541 -0.0181461 0.8617 0.020732 3.11807 1.56875 
140.788 0 0 0 0 0 0 -0.040906 -0.0178719 0.862234 -0.0372268 3.07024 1.56774 
140.842 0 0 0 0 0 0 -0.0408628 -0.0182173 0.861944 0.0200948 3.12979 1.56995 
140.898 0 0 0 0 0 0 -0.0406706 -0.0182426 0.864704 -0.0366755 3.12667 1.57161 
140.953 0 0 0 0 0 0 -0.0399437 -0.0179395 0.869132 0.125877 -3.12909 1.5709 
141.009 0 0 0 0 0 0 -0.0406193 -0.0183802 0.864767 -0.00531316 -3.12458 1.57424 
141.063 0 0 0 0 0 0 -0.0406682 -0.0182708 0.864166 -0.0495344 3.13101 1.57334 
141.119 0 0 0 0 0 0 -0.0405318 -0.0180734 0.864853 -0.0259465 3.11767 1.57648 
141.176 0 0 0 0 0 0 -0.0403106 -0.0181938 0.865768 0.0484675 -3.13953 1.57731 
141.229 0 0 0 0 0 0 -0.0396349 -0.0180642 0.866654 0.16428 -3.1049 1.57059 
141.285 0 0 0 0 0 0 -0.0402128 -0.0182157 0.864672 0.0672689 -3.11509 1.58028 
141.341 0 0 0 0 0 0 -0.0393883 -0.017704 0.863109 0.0822572 3.06794 1.58548 
141.396 0 0 0 0 0 0 -0.0393626 -0.017683 0.863105 0.0869204 3.06695 1.58592 
141.452 0 0 0 0 0 0 -0.0395737 -0.0177822 0.86344 0.0524985 3.08048 1.58397 
141.507 0 0 0 0 0 0 -0.039358 -0.0176404 0.863291 0.0896962 3.06957 1.58695 
141.563 0 0 0 0 0 0 -0.0395333 -0.0177425 0.863492 0.0545929 3.07322 1.58385 
141.619 0 0 0 0 0 0 -0.0395122 -0.017745 0.863351 0.0601538 3.077 1.58447 
141.673 0 0 0 0 0 0 -0.0395301 -0.0177484 0.863445 0.0603951 3.07721 1.58448 
141.729 0 0 0 0 0 0 -0.0394225 -0.0177163 0.863321 0.0728444 3.06652 1.5844 
141.784 0 0 0 0 0 0 -0.0393972 -0.0177046 0.863222 0.0759329 3.06483 1.58471 
141.838 0 0 0 0 0 0 -0.0395939 -0.0180934 0.866713 0.163532 -3.11276 1.57135 
141.893 0 0 0 0 0 0 -0.0404722 -0.0182067 0.863252 -0.0421694 3.13132 1.57538 
141.949 0 0 0 0 0 0 -0.0406991 -0.0183155 0.86451 -0.041193 3.14025 1.57355 
142.004 0 0 0 0 0 0 -0.0406689 -0.0182847 0.864185 -0.049103 3.13348 1.57277 
142.059 0 0 0 0 0 0 -0.0407333 -0.0182193 0.864635 -0.0354663 3.12273 1.57217 
142.116 0 0 0 0 0 0 -0.0407627 -0.0181987 0.864426 -0.0283202 3.11991 1.57117 
142.17 0 0 0 0 0 0 -0.0408005 -0.0179144 0.86292 -0.0190268 3.07215 1.56898 
142.227 0 0 0 0 0 0 -0.0408769 -0.0179244 0.862953 -0.0263023 3.07384 1.568 
142.28 0 0 0 0 0 0 -0.0408933 -0.0179232 0.862423 -0.0310522 3.07324 1.56723 
142.334 0 0 0 0 0 0 -0.0409717 -0.0180802 0.861616 0.0168651 3.10676 1.56867 
142.39 0 0 0 0 0 0 -0.0409414 -0.0181444 0.861528 0.0215898 3.1184 1.56826 
142.446 0 0 0 0 0 0 -0.0409507 -0.0180701 0.861584 0.0150599 3.10507 1.56818 
142.501 0 0 0 0 0 0 -0.0409507 -0.0180701 0.861584 0.0150599 3.10507 1.56818 
142.557 0 0 0 0 0 0 -0.0409507 -0.0180701 0.861584 0.0150599 3.10507 1.56818 
142.612 0 0 0 0 0 0 -0.0408943 -0.0180794 0.861634 0.0254022 3.10922 1.5678 
142.667 0 0 0 0 0 0 -0.0409008 -0.0180422 0.861648 0.0216968 3.10258 1.56775 
142.723 0 0 0 0 0 0 -0.0409008 -0.0180422 0.861648 0.0216968 3.10258 1.56775 
142.778 0 0 0 0 0 0 -0.0408943 -0.0180794 0.861634 0.0254022 3.10922 1.5678 
142.835 0 0 0 0 0 0 -0.0409507 -0.0180701 0.861584 0.0150599 3.10507 1.56818 
142.889 0 0 0 0 0 0 -0.0408943 -0.0180794 0.861634 0.0254022 3.10922 1.5678 
142.944 0 0 0 0 0 0 -0.0408698 -0.0179145 0.861649 -0.00203914 3.07999 1.56631 
143 0 0 0 0 0 0 -0.0409507 -0.0180701 0.861584 0.0150599 3.10507 1.56818 
143.056 0 0 0 0 0 0 -0.0409507 -0.0180701 0.861584 0.0150599 3.10507 1.56818 
143.11 0 0 0 0 0 0 -0.0408879 -0.0181474 0.861519 0.0309246 3.12166 1.56783 
143.166 0 0 0 0 0 0 -0.0408943 -0.0180794 0.861634 0.0254022 3.10922 1.5678 
143.22 0 0 0 0 0 0 -0.0409455 -0.0181075 0.86157 0.0185422 3.11173 1.56823 
143.275 0 0 0 0 0 0 -0.0409455 -0.0181075 0.86157 0.0185422 3.11173 1.56823 
143.329 0 0 0 0 0 0 -0.0409414 -0.0181444 0.861528 0.0215898 3.1184 1.56826 
143.385 0 0 0 0 0 0 -0.0409233 -0.0181806 0.861976 0.0205716 3.12314 1.56879 
143.441 0 0 0 0 0 0 -0.0409163 -0.0182715 0.861834 0.0232823 3.13975 1.56891 
143.496 0 0 0 0 0 0 -0.0407348 -0.018012 0.863613 -0.0171895 3.08689 1.56912 
143.552 0 0 0 0 0 0 -0.0406733 -0.0182685 0.864654 -0.0347708 3.13146 1.57184 
143.607 0 0 0 0 0 0 -0.0406906 -0.0183106 0.864667 -0.0405599 3.13886 1.57268 
143.662 0 0 0 0 0 0 -0.0407069 -0.0183379 0.864382 -0.0408695 -3.13849 1.57378 
143.718 0 0 0 0 0 0 -0.040745 -0.0182458 0.863749 -0.0557061 3.13645 1.57427 
143.773 0 0 0 0 0 0 -0.0405071 -0.0180863 0.865666 -0.00632194 3.12224 1.57681 
143.828 0 0 0 0 0 0 -0.0406499 -0.0181179 0.864107 -0.0418403 3.12849 1.57669 
143.884 0 0 0 0 0 0 -0.0404251 -0.01806 0.865465 -0.0019124 3.11839 1.5773 
143.938 0 0 0 0 0 0 -0.0397609 -0.0181091 0.867082 0.153566 -3.09549 1.57123 
143.994 0 0 0 0 0 0 -0.0395724 -0.0177247 0.86365 0.0730858 3.07486 1.58521 
144.05 0 0 0 0 0 0 -0.0399945 -0.0179979 0.868315 0.133168 -3.10401 1.57262 
144.105 0 0 0 0 0 0 -0.0401992 -0.0182556 0.86468 0.0923998 -3.09746 1.57789 
144.161 0 0 0 0 0 0 -0.0394966 -0.0177167 0.863623 0.07883 3.07638 1.58578 
144.216 0 0 0 0 0 0 -0.0396279 -0.0178131 0.863524 0.0489699 3.08559 1.58389 
144.272 0 0 0 0 0 0 -0.0395632 -0.0177506 0.863815 0.0733972 3.0789 1.58527 
144.327 0 0 0 0 0 0 -0.0401938 -0.0182405 0.864687 0.0905713 -3.10013 1.57839 
144.382 0 0 0 0 0 0 -0.0402299 -0.0182281 0.865796 0.0632368 -3.12529 1.57795 
144.437 0 0 0 0 0 0 -0.0403976 -0.0183942 0.864318 0.0626182 -3.0934 1.5766 
144.492 0 0 0 0 0 0 -0.0407153 -0.0182418 0.864351 -0.0426125 3.13871 1.57482 
144.546 0 0 0 0 0 0 -0.0406358 -0.0183109 0.865594 -0.0151783 -3.13994 1.57378 
144.605 0 0 0 0 0 0 -0.0407328 -0.018321 0.864504 -0.038821 3.14128 1.57317 
144.66 0 0 0 0 0 0 -0.0407447 -0.0182902 0.86446 -0.0332407 3.13597 1.57282 
144.712 0 0 0 0 0 0 -0.0408547 -0.018145 0.864096 -0.0231998 3.11158 1.57079 
144.767 0 0 0 0 0 0 -0.0409172 -0.0178839 0.862332 -0.0255649 3.07191 1.56928 
144.822 0 0 0 0 0 0 -0.0409625 -0.0178794 0.862 -0.0287052 3.06973 1.56913 
144.878 0 0 0 0 0 0 -0.0410485 -0.0183853 0.860967 0.0163798 -3.12003 1.57027 
144.933 0 0 0 0 0 0 -0.0410667 -0.0182656 0.860978 0.0237957 -3.14124 1.56989 
144.988 0 0 0 0 0 0 -0.0410031 -0.0183297 0.860687 0.0274583 -3.1289 1.56877 
145.044 0 0 0 0 0 0 -0.0410031 -0.0183297 0.860687 0.0274583 -3.1289 1.56877 
145.099 0 0 0 0 0 0 -0.0409432 -0.0182263 0.861265 0.0270344 3.13384 1.56825 
145.154 0 0 0 0 0 0 -0.0409673 -0.0183595 0.860525 0.029832 -3.12305 1.56822 
145.21 0 0 0 0 0 0 -0.0409455 -0.0181075 0.86157 0.0185422 3.11173 1.56823 
145.266 0 0 0 0 0 0 -0.0409455 -0.0181075 0.86157 0.0185422 3.11173 1.56823 
145.321 0 0 0 0 0 0 -0.0409455 -0.0181075 0.86157 0.0185422 3.11173 1.56823 
145.377 0 0 0 0 0 0 -0.0409455 -0.0181075 0.86157 0.0185422 3.11173 1.56823 
145.431 0 0 0 0 0 0 -0.0409455 -0.0181075 0.86157 0.0185422 3.11173 1.56823 
145.487 0 0 0 0 0 0 -0.0408901 -0.0181138 0.861588 0.0284334 3.11547 1.56782 
145.542 0 0 0 0 0 0 -0.0408943 -0.0180794 0.861634 0.0254022 3.10922 1.5678 
145.599 0 0 0 0 0 0 -0.0408617 -0.0178753 0.861686 -0.0110028 3.0729 1.56594 
145.653 0 0 0 0 0 0 -0.0409483 -0.0182411 0.86116 0.0279137 3.13685 1.56824 
145.709 0 0 0 0 0 0 -0.0409573 -0.0180302 0.861563 0.0110467 3.09812 1.5681 
145.763 0 0 0 0 0 0 -0.0409573 -0.0180302 0.861563 0.0110467 3.09812 1.5681 
145.819 0 0 0 0 0 0 -0.0409507 -0.0180701 0.861584 0.0150599 3.10507 1.56818 
145.874 0 0 0 0 0 0 -0.040955 -0.0179199 0.861563 -0.0046191 3.07862 1.56755 
145.933 0 0 0 0 0 0 -0.04095 -0.0178966 0.861571 -0.00900863 3.07445 1.56734 
145.984 0 0 0 0 0 0 -0.0409181 -0.0178764 0.861453 -0.0071623 3.0713 1.56776 
146.04 0 0 0 0 0 0 -0.040823 -0.0179942 0.862246 0.00305591 3.08917 1.56874 
146.094 0 0 0 0 0 0 -0.0406271 -0.0181626 0.864154 -0.0470774 3.1121 1.5701 
146.15 0 0 0 0 0 0 -0.0406916 -0.0181831 0.86439 -0.00541407 3.11432 1.57054 
146.206 0 0 0 0 0 0 -0.0406928 -0.0183424 0.864093 -0.0237897 3.14118 1.57171 
146.26 0 0 0 0 0 0 -0.040634 -0.0183094 0.865039 -0.0298401 3.13987 1.5725 
146.316 0 0 0 0 0 0 -0.039484 -0.0180828 0.86635 0.171653 -3.1192 1.57053 
146.371 0 0 0 0 0 0 -0.0395132 -0.0180332 0.866826 0.170462 -3.11625 1.57044 
146.426 0 0 0 0 0 0 -0.0399497 -0.0181307 0.866467 0.09377 3.13001 1.57689 
146.482 0 0 0 0 0 0 -0.040363 -0.018101 0.865928 0.0111854 3.12118 1.57744 
146.537 0 0 0 0 0 0 -0.0395477 -0.0180457 0.86722 0.170443 -3.10534 1.56937 
146.592 0 0 0 0 0 0 -0.0400728 -0.018156 0.864966 0.0810253 -3.1293 1.58009 
146.648 0 0 0 0 0 0 -0.0393683 -0.0176825 0.863216 0.0811602 3.06364 1.5852 
146.703 0 0 0 0 0 0 -0.0396639 -0.017839 0.86344 0.0363626 3.08768 1.5831 
146.76 0 0 0 0 0 0 -0.0395737 -0.0177822 0.86344 0.0524985 3.08048 1.58397 
146.814 0 0 0 0 0 0 -0.0397199 -0.0178964 0.863383 0.0234275 3.09793 1.58223 
146.869 0 0 0 0 0 0 -0.0394976 -0.0177774 0.863286 0.0645933 3.07481 1.584 
146.925 0 0 0 0 0 0 -0.0395301 -0.0177484 0.863445 0.0603951 3.07721 1.58448 
146.98 0 0 0 0 0 0 -0.0400887 -0.0182018 0.865086 0.104564 -3.10845 1.57769 
147.035 0 0 0 0 0 0 -0.0396243 -0.0181086 0.866531 0.165127 -3.1017 1.57063 
147.09 0 0 0 0 0 0 -0.0405268 -0.0181461 0.865778 -0.00600241 3.12693 1.57588 
147.145 0 0 0 0 0 0 -0.040745 -0.0182458 0.863749 -0.0557061 3.13645 1.57427 
147.201 0 0 0 0 0 0 -0.040745 -0.0182458 0.863749 -0.0557061 3.13645 1.57427 
147.256 0 0 0 0 0 0 -0.0407369 -0.0183114 0.864491 -0.0369481 3.13961 1.57306 
147.311 0 0 0 0 0 0 -0.040765 -0.0182182 0.864318 -0.0247078 3.12371 1.57219 
147.366 0 0 0 0 0 0 -0.0408802 -0.0180326 0.863624 -0.0105574 3.09047 1.56969 
147.421 0 0 0 0 0 0 -0.0409111 -0.0179879 0.862718 -0.02079 3.08359 1.5682 
147.476 0 0 0 0 0 0 -0.0410449 -0.0182677 0.860948 0.0219664 -3.14074 1.57046 
147.532 0 0 0 0 0 0 -0.0410031 -0.0183297 0.860687 0.0274583 -3.1289 1.56877 
147.586 0 0 0 0 0 0 -0.0410031 -0.0183297 0.860687 0.0274583 -3.1289 1.56877 
147.642 0 0 0 0 0 0 -0.0410031 -0.0183297 0.860687 0.0274583 -3.1289 1.56877 
147.697 0 0 0 0 0 0 -0.0409673 -0.0183595 0.860525 0.029832 -3.12305 1.56822 
147.753 0 0 0 0 0 0 -0.0410031 -0.0183297 0.860687 0.0274583 -3.1289 1.56877 
147.808 0 0 0 0 0 0 -0.0410031 -0.0183297 0.860687 0.0274583 -3.1289 1.56877 
147.862 0 0 0 0 0 0 -0.0409673 -0.0183595 0.860525 0.029832 -3.12305 1.56822 
147.919 0 0 0 0 0 0 -0.0409673 -0.0183595 0.860525 0.029832 -3.12305 1.56822 
147.975 0 0 0 0 0 0 -0.0409673 -0.0183595 0.860525 0.029832 -3.12305 1.56822 
148.03 0 0 0 0 0 0 -0.0409673 -0.0183595 0.860525 0.029832 -3.12305 1.56822 
148.085 0 0 0 0 0 0 -0.0409673 -0.0183595 0.860525 0.029832 -3.12305 1.56822 
148.141 0 0 0 0 0 0 -0.0408602 -0.0181015 0.86166 0.0264194 3.11298 1.56732 
148.195 0 0 0 0 0 0 -0.0409338 -0.0183454 0.860455 0.0351701 -3.12253 1.56778 
148.251 0 0 0 0 0 0 -0.0409338 -0.0183454 0.860455 0.0351701 -3.12253 1.56778 
148.307 0 0 0 0 0 0 -0.0409673 -0.0183595 0.860525 0.029832 -3.12305 1.56822 
148.36 0 0 0 0 0 0 -0.0410031 -0.0183297 0.860687 0.0274583 -3.1289 1.56877 
148.419 0 0 0 0 0 0 -0.0409673 -0.0183595 0.860525 0.029832 -3.12305 1.56822 
148.471 0 0 0 0 0 0 -0.0409506 -0.0182745 0.861022 0.0290162 -3.13992 1.56823 
148.528 0 0 0 0 0 0 -0.0409414 -0.0181444 0.861528 0.0215898 3.1184 1.56826 
148.647 0 0 0 0 0 0 -0.0409414 -0.0181444 0.861528 0.0215898 3.1184 1.56826 
148.68 0 0 0 0 0 0 -0.0409088 -0.0181763 0.861807 0.0217468 3.123 1.56829 
148.729 0 0 0 0 0 0 -0.0409035 -0.0178947 0.862573 -0.0368723 3.07298 1.5682 
148.785 0 0 0 0 0 0 -0.0408388 -0.0180124 0.863329 -0.031852 3.09104 1.5687 
148.849 0 0 0 0 0 0 -0.0407131 -0.0181492 0.863913 -0.0376247 3.11054 1.57076 
148.91 0 0 0 0 0 0 -0.0407127 -0.01824 0.864163 -0.0435102 3.12565 1.57192 
148.965 0 0 0 0 0 0 -0.0407193 -0.0182723 0.864247 -0.0491567 3.13653 1.57308 
149.019 0 0 0 0 0 0 -0.0406526 -0.0183013 0.864026 -0.0475739 3.13697 1.57331 
149.075 0 0 0 0 0 0 -0.0407039 -0.01815 0.864043 -0.0516862 3.12642 1.57496 
149.131 0 0 0 0 0 0 -0.040425 -0.0182089 0.865414 0.0307054 -3.13834 1.57716 
149.186 0 0 0 0 0 0 -0.0401627 -0.0180371 0.865855 0.0446603 3.113 1.57836 
149.242 0 0 0 0 0 0 -0.0395477 -0.0180457 0.86722 0.170443 -3.10534 1.56937 
149.351 0 0 0 0 0 0 -0.0396235 -0.0180313 0.867122 0.161572 -3.10698 1.57136 
149.384 0 0 0 0 0 0 -0.0394076 -0.0177165 0.863174 0.0764564 3.06716 1.58485 
149.433 0 0 0 0 0 0 -0.0396903 -0.0180301 0.867666 0.154046 -3.11176 1.57261 
149.492 0 0 0 0 0 0 -0.0394976 -0.0177774 0.863286 0.0645933 3.07481 1.584 
149.549 0 0 0 0 0 0 -0.0394976 -0.0177774 0.863286 0.0645933 3.07481 1.584 
149.608 0 0 0 0 0 0 -0.039669 -0.0179552 0.868575 0.153981 -3.11827 1.57187 
149.667 0 0 0 0 0 0 -0.0394205 -0.0177287 0.863129 0.0765579 3.06954 1.58497 
149.722 0 0 0 0 0 0 -0.0397032 -0.0179941 0.868461 0.152723 -3.11289 1.57113 
149.777 0 0 0 0 0 0 -0.0403837 -0.0184153 0.86503 0.0604915 -3.10045 1.57527 
149.832 0 0 0 0 0 0 -0.0396005 -0.0180533 0.867668 0.16171 -3.11286 1.57074 
149.887 0 0 0 0 0 0 -0.0407169 -0.0183019 0.864679 -0.0427627 3.13724 1.57301 
149.942 0 0 0 0 0 0 -0.0407025 -0.0181907 0.864419 -0.0286082 3.11852 1.57116 
149.998 0 0 0 0 0 0 -0.040646 -0.0182561 0.864962 -0.0167048 3.12516 1.57098 
150.053 0 0 0 0 0 0 -0.0408038 -0.0180499 0.863997 -0.0230871 3.09218 1.56872 
150.107 0 0 0 0 0 0 -0.0408563 -0.0179106 0.86286 -0.0313372 3.07177 1.56743 
150.162 0 0 0 0 0 0 -0.0410112 -0.0183234 0.860829 0.0216817 -3.13047 1.57 
150.218 0 0 0 0 0 0 -0.0409696 -0.0181153 0.861586 0.0196608 3.11307 1.56872 
150.275 0 0 0 0 0 0 -0.0409957 -0.0183019 0.860854 0.0275205 -3.13443 1.56876 
150.329 0 0 0 0 0 0 -0.0409455 -0.0181075 0.86157 0.0185422 3.11173 1.56823 
150.384 0 0 0 0 0 0 -0.0409414 -0.0181444 0.861528 0.0215898 3.1184 1.56826 
150.439 0 0 0 0 0 0 -0.0409455 -0.0181075 0.86157 0.0185422 3.11173 1.56823 
150.495 0 0 0 0 0 0 -0.0409414 -0.0181444 0.861528 0.0215898 3.1184 1.56826 
150.551 0 0 0 0 0 0 -0.0409573 -0.0180302 0.861563 0.0110467 3.09812 1.5681 
150.606 0 0 0 0 0 0 -0.0409573 -0.0180302 0.861563 0.0110467 3.09812 1.5681 
150.661 0 0 0 0 0 0 -0.0409791 -0.0180079 0.861595 0.0100325 3.09406 1.56849 
150.718 0 0 0 0 0 0 -0.0409455 -0.0181075 0.86157 0.0185422 3.11173 1.56823 
150.773 0 0 0 0 0 0 -0.0409455 -0.0181075 0.86157 0.0185422 3.11173 1.56823 
150.828 0 0 0 0 0 0 -0.0408879 -0.0181474 0.861519 0.0309246 3.12166 1.56783 
150.883 0 0 0 0 0 0 -0.0409455 -0.0181075 0.86157 0.0185422 3.11173 1.56823 
150.939 0 0 0 0 0 0 -0.0409414 -0.0181444 0.861528 0.0215898 3.1184 1.56826 
150.994 0 0 0 0 0 0 -0.0409414 -0.0181444 0.861528 0.0215898 3.1184 1.56826 
151.051 0 0 0 0 0 0 -0.040941 -0.0182015 0.861367 0.0256295 3.12909 1.56826 
151.104 0 0 0 0 0 0 -0.0409455 -0.0181075 0.86157 0.0185422 3.11173 1.56823 
151.159 0 0 0 0 0 0 -0.0409455 -0.0181075 0.86157 0.0185422 3.11173 1.56823 
151.214 0 0 0 0 0 0 -0.0409455 -0.0181075 0.86157 0.0185422 3.11173 1.56823 
151.271 0 0 0 0 0 0 -0.0409261 -0.0181076 0.861406 0.0204568 3.11238 1.56878 
151.324 0 0 0 0 0 0 -0.0409179 -0.0178735 0.862148 -0.0346218 3.07083 1.56786 
151.381 0 0 0 0 0 0 -0.0408074 -0.0179779 0.863101 -0.0236894 3.08571 1.56985 
151.435 0 0 0 0 0 0 -0.0407013 -0.0181503 0.864155 -0.0250388 3.11236 1.57049 
151.491 0 0 0 0 0 0 -0.0407066 -0.0181929 0.864376 -0.0269795 3.11907 1.57118 
151.546 0 0 0 0 0 0 -0.0407204 -0.0182751 0.864699 -0.0405863 3.1324 1.57271 
151.601 0 0 0 0 0 0 -0.0407243 -0.0182957 0.864161 -0.0479492 3.14099 1.57333 
151.656 0 0 0 0 0 0 -0.0406152 -0.0182291 0.865589 -0.0173307 3.13423 1.57454 
151.711 0 0 0 0 0 0 -0.040745 -0.0182458 0.863749 -0.0557061 3.13645 1.57427 
151.767 0 0 0 0 0 0 -0.0406203 -0.0181236 0.864939 -0.0295142 3.12623 1.57603 
151.823 0 0 0 0 0 0 -0.0405632 -0.0181224 0.865186 -0.0174861 3.12776 1.57674 
151.878 0 0 0 0 0 0 -0.0404257 -0.0181337 0.864503 -0.0250978 3.12952 1.57774 
151.934 0 0 0 0 0 0 -0.0398847 -0.0181437 0.866805 0.143129 -3.08798 1.57217 
151.988 0 0 0 0 0 0 -0.0402231 -0.0182886 0.864407 0.0971132 -3.09083 1.57646 
152.043 0 0 0 0 0 0 -0.0401395 -0.0180747 0.866446 0.0679872 3.12824 1.57749 
152.099 0 0 0 0 0 0 -0.0402924 -0.018144 0.86565 0.0561525 -3.13978 1.57782 
152.156 0 0 0 0 0 0 -0.0401758 -0.0182572 0.864537 0.103853 -3.09696 1.57619 
152.21 0 0 0 0 0 0 -0.040455 -0.0181009 0.864969 -0.011205 3.12483 1.57713 
152.266 0 0 0 0 0 0 -0.0404272 -0.0180927 0.864913 -0.00955573 3.12361 1.57728 
152.321 0 0 0 0 0 0 -0.0404823 -0.0181074 0.865025 -0.0127936 3.12575 1.57701 
152.376 0 0 0 0 0 0 -0.0407393 -0.0182507 0.864417 -0.0433343 3.14005 1.57451 
152.431 0 0 0 0 0 0 -0.0406176 -0.0182977 0.865491 -0.0158085 3.14127 1.5741 
152.486 0 0 0 0 0 0 -0.0407303 -0.0183468 0.864451 -0.0414398 -3.13713 1.57347 
152.542 0 0 0 0 0 0 -0.0407324 -0.0182141 0.864382 -0.0262473 3.12277 1.57174 
152.596 0 0 0 0 0 0 -0.0407928 -0.0181764 0.864103 -0.0201582 3.11714 1.57103 
152.652 0 0 0 0 0 0 -0.0409037 -0.0180233 0.863042 -0.0279394 3.09133 1.56998 
152.707 0 0 0 0 0 0 -0.0409018 -0.0179533 0.863019 -0.0167644 3.0787 1.56883 
152.762 0 0 0 0 0 0 -0.0410428 -0.0184294 0.860926 0.0117512 -3.11205 1.57055 
152.817 0 0 0 0 0 0 -0.0410667 -0.0182656 0.860978 0.0237957 -3.14124 1.56989 
152.872 0 0 0 0 0 0 -0.0410667 -0.0182656 0.860978 0.0237957 -3.14124 1.56989 
152.928 0 0 0 0 0 0 -0.0409673 -0.0183595 0.860525 0.029832 -3.12305 1.56822 
152.983 0 0 0 0 0 0 -0.0409673 -0.0183595 0.860525 0.029832 -3.12305 1.56822 
153.041 0 0 0 0 0 0 -0.0409405 -0.0182035 0.861367 0.0257187 3.12944 1.56826 
153.094 0 0 0 0 0 0 -0.0409573 -0.0180302 0.861563 0.0110467 3.09812 1.5681 
153.15 0 0 0 0 0 0 -0.0409673 -0.0183595 0.860525 0.029832 -3.12305 1.56822 
153.205 0 0 0 0 0 0 -0.0409607 -0.0183293 0.860713 0.0299278 -3.12909 1.56821 
153.26 0 0 0 0 0 0 -0.0409455 -0.0181075 0.86157 0.0185422 3.11173 1.56823 
153.316 0 0 0 0 0 0 -0.0409455 -0.0181075 0.86157 0.0185422 3.11173 1.56823 
153.371 0 0 0 0 0 0 -0.0409455 -0.0181075 0.86157 0.0185422 3.11173 1.56823 
153.427 0 0 0 0 0 0 -0.0409414 -0.0181444 0.861528 0.0215898 3.1184 1.56826 
153.481 0 0 0 0 0 0 -0.0409414 -0.0181444 0.861528 0.0215898 3.1184 1.56826 
153.537 0 0 0 0 0 0 -0.0409414 -0.0181444 0.861528 0.0215898 3.1184 1.56826 
153.593 0 0 0 0 0 0 -0.0409455 -0.0181075 0.86157 0.0185422 3.11173 1.56823 
153.647 0 0 0 0 0 0 -0.0409573 -0.0180302 0.861563 0.0110467 3.09812 1.5681 
153.703 0 0 0 0 0 0 -0.0409573 -0.0180302 0.861563 0.0110467 3.09812 1.5681 
153.758 0 0 0 0 0 0 -0.0409455 -0.0181075 0.86157 0.0185422 3.11173 1.56823 
153.813 0 0 0 0 0 0 -0.0408922 -0.0182087 0.861899 0.0228366 3.12837 1.56832 
153.868 0 0 0 0 0 0 -0.0408995 -0.018069 0.861757 0.0148475 3.10424 1.56869 
153.923 0 0 0 0 0 0 -0.040728 -0.0181538 0.862909 0.0245675 3.11713 1.56974 
153.978 0 0 0 0 0 0 -0.0406829 -0.018137 0.863917 -0.0402238 3.1084 1.57026 
154.034 0 0 0 0 0 0 -0.0405942 -0.0183201 0.865185 -0.0241304 3.13572 1.57114 
154.09 0 0 0 0 0 0 -0.0406419 -0.0183111 0.864198 -0.0462301 3.1382 1.57193 
154.145 0 0 0 0 0 0 -0.0406582 -0.0183341 0.864377 -0.0395786 -3.13904 1.57282 
154.199 0 0 0 0 0 0 -0.0406679 -0.0183427 0.864553 -0.0370893 -3.13819 1.57259 
154.255 0 0 0 0 0 0 -0.0406336 -0.0182683 0.864645 -0.0394315 3.13139 1.57302 
154.31 0 0 0 0 0 0 -0.040593 -0.0182562 0.864053 -0.0453604 3.12881 1.57375 
154.365 0 0 0 0 0 0 -0.0405438 -0.0181591 0.863509 -0.0493026 3.12193 1.57502 
154.421 0 0 0 0 0 0 -0.0396288 -0.0179418 0.868059 0.159889 -3.11845 1.57064 
154.479 0 0 0 0 0 0 -0.0400316 -0.0181081 0.866381 0.0837759 3.12342 1.57657 
154.531 0 0 0 0 0 0 -0.0396175 -0.0179939 0.867959 0.16398 -3.10672 1.56951 
154.588 0 0 0 0 0 0 -0.0395119 -0.0177458 0.863357 0.0619985 3.06876 1.58334 
154.643 0 0 0 0 0 0 -0.0401433 -0.018281 0.865068 0.0949092 -3.10236 1.5772 
154.699 0 0 0 0 0 0 -0.0394889 -0.0177732 0.86344 0.0697436 3.07617 1.58419 
154.753 0 0 0 0 0 0 -0.0394205 -0.0177287 0.863129 0.0765579 3.06954 1.58497 
154.809 0 0 0 0 0 0 -0.0401889 -0.0183046 0.865125 0.090131 -3.10398 1.57629 
154.864 0 0 0 0 0 0 -0.0395548 -0.0180202 0.867047 0.17062 -3.10658 1.56957 
154.92 0 0 0 0 0 0 -0.0395857 -0.0180645 0.867027 0.167719 -3.10369 1.56993 
154.975 0 0 0 0 0 0 -0.0406756 -0.0182434 0.863119 -0.0594459 3.13571 1.57486 
155.029 0 0 0 0 0 0 -0.040745 -0.0182458 0.863749 -0.0557061 3.13645 1.57427 
155.085 0 0 0 0 0 0 -0.0407696 -0.0182526 0.863807 -0.0565837 3.13748 1.57397 
155.139 0 0 0 0 0 0 -0.040709 -0.0183054 0.864516 -0.0342144 3.13847 1.57257 
155.194 0 0 0 0 0 0 -0.0408089 -0.0181461 0.864212 -0.0252274 3.11134 1.57122 
155.25 0 0 0 0 0 0 -0.040958 -0.0178988 0.862568 -0.0281171 3.07363 1.56924 
155.305 0 0 0 0 0 0 -0.0409612 -0.0179114 0.862589 -0.025732 3.07581 1.56939 
155.359 0 0 0 0 0 0 -0.0410512 -0.0183553 0.861 0.0188181 -3.12547 1.57013 
155.415 0 0 0 0 0 0 -0.0410235 -0.0182644 0.860793 0.024492 -3.14077 1.56988 
155.47 0 0 0 0 0 0 -0.0410667 -0.0182656 0.860978 0.0237957 -3.14124 1.56989 
155.527 0 0 0 0 0 0 -0.0410031 -0.0183297 0.860687 0.0274583 -3.1289 1.56877 
155.583 0 0 0 0 0 0 -0.0410031 -0.0183297 0.860687 0.0274583 -3.1289 1.56877 
155.637 0 0 0 0 0 0 -0.0410031 -0.0183297 0.860687 0.0274583 -3.1289 1.56877 
155.691 0 0 0 0 0 0 -0.0410031 -0.0183297 0.860687 0.0274583 -3.1289 1.56877 

