3.4691e-05 0 0 0 0 -1.74533e-05 -1.74533e-05 0 0
0.00418195 2.12954e-06 0 0.00106382 0 -1.53234e-05 -1.74533e-05 0.00106401 0
0.00825552 8.50299e-06 0 0.00212196 0 -8.94882e-06 -1.74533e-05 0.00212233 0
0.0123312 1.90976e-05 0 0.0031744 0 1.64764e-06 -1.74533e-05 0.00317495 0
0.0164048 3.38906e-05 0 0.00422116 0 1.64432e-05 -1.74533e-05 0.00422189 0
0.0205108 5.28593e-05 0 0.00526222 0 3.54152e-05 -1.74533e-05 0.00526314 0
0.0246054 7.59808e-05 0 0.0062976 0 5.85408e-05 -1.74533e-05 0.0062987 0
0.0286569 0.000103232 0 0.00732729 0 8.57972e-05 -1.74533e-05 0.00732857 0
0.0327372 0.000134592 0 0.00835129 0 0.000117162 -1.74533e-05 0.00835275 0
0.0367969 0.000170035 0 0.0093696 0 0.000152612 -1.74533e-05 0.00937124 0
0.0408578 0.000209541 0 0.0103822 0 0.000192124 -1.74533e-05 0.010384 0
0.0449218 0.000253085 0 0.0113892 0 0.000235676 -1.74533e-05 0.0113911 0
0.0489955 0.000300646 0 0.0123904 0 0.000283246 -1.74533e-05 0.0123926 0
0.0530687 0.000352201 0 0.013386 0 0.000334809 -1.74533e-05 0.0133883 0
0.0571386 0.000407726 0 0.0143758 0 0.000390344 -1.74533e-05 0.0143783 0
0.0612066 0.0004672 0 0.01536 0 0.000449828 -1.74533e-05 0.0153627 0
0.0652726 0.000530599 0 0.0163385 0 0.000513238 -1.74533e-05 0.0163413 0
0.0693642 0.0005979 0 0.0173113 0 0.000580551 -1.74533e-05 0.0173143 0
0.0734742 0.000669082 0 0.0182784 0 0.000651745 0 0.0182816 0
0.0775792 0.00074412 0 0.0192398 0 0.000726797 0 0.0192432 0
0.0817046 0.000822993 0 0.0201956 0 0.000805683 0 0.0201991 0
0.0858859 0.000905677 0 0.0211456 0 0.000888382 0 0.0211493 0
0.0900113 0.00099215 0 0.02209 0 0.00097487 0 0.0220938 0
0.0941342 0.00108239 0 0.0230286 0 0.00106512 0 0.0230326 0
0.0982509 0.00117637 0.00010472 0.0239616 0.00842994 0.00115912 5.23599e-05 0.0239658 0.00872665
0.102361 0.00127407 0.00010472 0.0248889 0.00842994 0.00125684 5.23599e-05 0.0248932 0.00872665
0.106466 0.00137547 0.00010472 0.0258105 0.00842994 0.00135826 5.23599e-05 0.025815 0.00872665
0.110573 0.00148055 0.00010472 0.0267264 0.00842994 0.00146336 5.23599e-05 0.0267311 0.00872665
0.114721 0.00158928 0.00010472 0.0276366 0.00842994 0.0015721 5.23599e-05 0.0276414 0.00872665
0.118852 0.00170164 0.00010472 0.0285412 0.00842994 0.00168448 0.000261799 0.0285461 0.016633
0.122979 0.0018176 0.000401426 0.02944 0.0208218 0.00180046 0.000261799 0.0294451 0.016633
0.127167 0.00193715 0.000401426 0.0303332 0.0208218 0.00192003 0.000261799 0.0303384 0.016633
0.131272 0.00206026 0.000401426 0.0312206 0.0208218 0.00204316 0.000261799 0.0312261 0.016633
0.135393 0.00218691 0.000401426 0.0321024 0.0208218 0.00216983 0.000261799 0.032108 0.016633
0.139512 0.00231707 0.000907571 0.0329785 0.0315032 0.00230002 0.000680678 0.0329842 0.0263719
0.143647 0.00245073 0.000907571 0.0338489 0.0315032 0.0024337 0.000680678 0.0338548 0.0263719
0.147782 0.00258785 0.000907571 0.0347136 0.0315032 0.00257085 0.000680678 0.0347197 0.0263719
0.152669 0.00272843 0.000907571 0.0355726 0.0315032 0.00271145 0.000680678 0.0355788 0.0263719
0.156843 0.00287243 0.000907571 0.036426 0.0315032 0.00285547 0.00132645 0.0364323 0.0406836
0.160958 0.00301983 0.000907571 0.0372736 0.0315032 0.0030029 0.00132645 0.0372801 0.0406836
0.16508 0.00317061 0.00165806 0.0381156 0.0450819 0.00315371 0.00132645 0.0381222 0.0406836
0.169211 0.00332474 0.00165806 0.0389518 0.0450819 0.00330787 0.00132645 0.0389586 0.0406836
0.173344 0.00348221 0.00165806 0.0397824 0.0450819 0.00346537 0.00132645 0.0397893 0.0406836
0.17746 0.003643 0.00165806 0.0406073 0.0450819 0.00362618 0.00221657 0.0406144 0.0545066
0.181576 0.00380707 0.00314159 0.0414265 0.0542274 0.00379028 0.00221657 0.0414337 0.0545066
0.185667 0.0039744 0.00314159 0.04224 0.0542274 0.00395764 0.00221657 0.0422474 0.0545066
0.189751 0.00414498 0.00314159 0.0430478 0.0542274 0.00412825 0.00221657 0.0430553 0.0545066
0.193829 0.00431877 0.00314159 0.04385 0.0542274 0.00430208 0.00221657 0.0438576 0.0545066
0.197909 0.00449577 0.00314159 0.0446464 0.0542274 0.0044791 0.00340339 0.0446542 0.0620639
0.201987 0.00467594 0.00432842 0.0454372 0.0586431 0.0046593 0.00340339 0.0454451 0.0620639
0.206057 0.00485926 0.00432842 0.0462222 0.0586431 0.00484265 0.00340339 0.0462303 0.0620639
0.210152 0.00504571 0.00432842 0.0470016 0.0586431 0.00502914 0.00340339 0.0470098 0.0620639
0.21422 0.00523526 0.00432842 0.0477753 0.0586431 0.00521872 0.00466003 0.0477836 0.0639489
0.218295 0.0054279 0.00432842 0.0485433 0.0586431 0.0054114 0.00466003 0.0485518 0.0639489
0.222368 0.0056236 0.00563741 0.0493056 0.0618545 0.00560713 0.00466003 0.0493142 0.0639489
0.226435 0.00582234 0.00563741 0.0500622 0.0618545 0.0058059 0.00466003 0.050071 0.0639489
0.230505 0.00602409 0.00563741 0.0508132 0.0618545 0.00600769 0.00466003 0.050822 0.0639489
0.234575 0.00622884 0.00563741 0.0515584 0.0618545 0.00621247 0.00595157 0.0515674 0.0653277
0.238684 0.00643655 0.00614356 0.052298 0.0537561 0.00642022 0.00595157 0.0523071 0.0653277
0.242768 0.00664721 0.00614356 0.0530318 0.0537561 0.00663092 0.00595157 0.0530411 0.0653277
0.246866 0.0068608 0.00614356 0.05376 0.0537561 0.00684454 0.00595157 0.0537694 0.0653277
0.25097 0.00707729 0.00614356 0.0544825 0.0537561 0.00706107 0.00595157 0.054492 0.0653277
0.25503 0.00729665 0.00614356 0.0551993 0.0537561 0.00728047 0.00720821 0.0552089 0.0611389
0.259087 0.00751887 0.00719076 0.0559104 0.0478046 0.00750273 0.00720821 0.0559202 0.0611389
0.263145 0.00774393 0.00719076 0.0566158 0.0478046 0.00772783 0.00720821 0.0566257 0.0611389
0.267208 0.00797179 0.00719076 0.0573156 0.0478046 0.00795573 0.00720821 0.0573256 0.0611389
0.271281 0.00820244 0.00719076 0.0580096 0.0478046 0.00818642 0.00841249 0.0580197 0.0602488
0.275353 0.00843586 0.00719076 0.058698 0.0478046 0.00841988 0.00841249 0.0587082 0.0602488
0.279423 0.00867202 0.00813323 0.0593806 0.0487645 0.00865608 0.00841249 0.059391 0.0602488
0.283493 0.0089109 0.00813323 0.0600576 0.0487645 0.008895 0.00841249 0.0600681 0.0602488
0.287562 0.00915247 0.00813323 0.0607289 0.0487645 0.00913662 0.00841249 0.0607395 0.0602488
0.291625 0.00939672 0.00813323 0.0613945 0.0487645 0.00938091 0.0095295 0.0614052 0.0547859
0.295697 0.00964362 0.00813323 0.0620544 0.0487645 0.00962785 0.0095295 0.0620652 0.0547859
0.299757 0.00989315 0.00916298 0.0627086 0.0593761 0.00987742 0.0095295 0.0627196 0.0547859
0.303816 0.0101453 0.00916298 0.0633572 0.0593761 0.0101296 0.0095295 0.0633682 0.0547859
0.307875 0.0104 0.00916298 0.064 0.0593761 0.0103844 0.0095295 0.0640112 0.0547859
0.312002 0.0106573 0.00916298 0.0646372 0.0593761 0.0106417 0.0106465 0.0646484 0.0556585
0.316063 0.0109171 0.00916298 0.0652686 0.0593761 0.0109015 0.0106465 0.06528 0.0556585
0.320127 0.0111794 0.0104022 0.0658944 0.06353 0.0111639 0.0106465 0.0659059 0.0556585
0.324201 0.0114442 0.0104022 0.0665145 0.06353 0.0114288 0.0106465 0.0665261 0.0556585
0.328273 0.0117115 0.0104022 0.0671289 0.06353 0.0116961 0.0117461 0.0671406 0.0565138
0.332343 0.0119813 0.0104022 0.0677376 0.06353 0.0119659 0.0117461 0.0677494 0.0565138
0.336417 0.0122534 0.0117286 0.0683406 0.0685914 0.0122381 0.0117461 0.0683525 0.0565138
0.340487 0.012528 0.0117286 0.068938 0.0685914 0.0125127 0.0117461 0.06895 0.0565138
0.344559 0.0128049 0.0117286 0.0695296 0.0685914 0.0127897 0.0117461 0.0695417 0.0565138
0.348629 0.0130842 0.0117286 0.0701156 0.0685914 0.013069 0.0123395 0.0701278 0.0598124
0.35265 0.0133658 0.0117286 0.0706958 0.0685914 0.0133507 0.0123395 0.0707082 0.0598124
0.356722 0.0136498 0.0131772 0.0712704 0.0770737 0.0136347 0.0123395 0.0712828 0.0598124
0.360797 0.013936 0.0131772 0.0718393 0.0770737 0.013921 0.0123395 0.0718518 0.0598124
0.364857 0.0142245 0.0131772 0.0724025 0.0770737 0.0142095 0.0123395 0.0724151 0.0598124
0.368915 0.0145152 0.0131772 0.07296 0.0770737 0.0145003 0.0135961 0.0729727 0.0685042
0.372972 0.0148081 0.0131772 0.0735118 0.0770737 0.0147933 0.0135961 0.0735247 0.0685042
0.377035 0.0151033 0.0147306 0.074058 0.0769865 0.0150885 0.0135961 0.0740709 0.0685042
0.381108 0.0154006 0.0147306 0.0745984 0.0769865 0.0153858 0.0135961 0.0746114 0.0685042
0.38518 0.0157001 0.0147306 0.0751332 0.0769865 0.0156854 0.0149749 0.0751463 0.0742289
0.389251 0.0160017 0.0147306 0.0756622 0.0769865 0.015987 0.0149749 0.0756754 0.0742289
0.393332 0.0163054 0.0162665 0.0761856 0.0774053 0.0162907 0.0149749 0.0761989 0.0742289
0.397401 0.0166111 0.0162665 0.0767033 0.0774053 0.0165966 0.0149749 0.0767167 0.0742289
0.401465 0.016919 0.0162665 0.0772153 0.0774053 0.0169045 0.0165632 0.0772288 0.0833395
0.405526 0.0172289 0.0162665 0.0777216 0.0774053 0.0172144 0.0165632 0.0777352 0.0833395
0.409586 0.0175407 0.0162665 0.0782222 0.0774053 0.0175263 0.0165632 0.0782359 0.0833395
0.413644 0.0178546 0.0178547 0.0787172 0.0786794 0.0178403 0.0165632 0.0787309 0.0833395
0.41782 0.0181705 0.0178547 0.0792064 0.0786794 0.0181562 0.0165632 0.0792202 0.0833395
0.422007 0.0184883 0.0178547 0.07969 0.0786794 0.018474 0.0183085 0.0797039 0.0880344
0.426068 0.018808 0.0178547 0.0801678 0.0786794 0.0187938 0.0183085 0.0801818 0.0880344
0.430134 0.0191296 0.0178547 0.08064 0.0786794 0.0191155 0.0183085 0.0806541 0.0880344
0.434203 0.0194531 0.0194779 0.0811065 0.0802328 0.019439 0.0183085 0.0811206 0.0880344
0.438275 0.0197784 0.0194779 0.0815673 0.0802328 0.0197644 0.0183085 0.0815815 0.0880344
0.442344 0.0201056 0.0194779 0.0820224 0.0802328 0.0200917 0.0201062 0.0820367 0.0897099
0.446415 0.0204346 0.0194779 0.0824718 0.0802328 0.0204207 0.0201062 0.0824862 0.0897099
0.450482 0.0207654 0.0210312 0.0829156 0.0781209 0.0207516 0.0201062 0.08293 0.0897099
0.454548 0.0210979 0.0210312 0.0833536 0.0781209 0.0210842 0.0201062 0.0833681 0.0897099
0.45861 0.0214322 0.0210312 0.083786 0.0781209 0.0214185 0.0218515 0.0838006 0.087982
0.462669 0.0217682 0.0210312 0.0842126 0.0781209 0.0217546 0.0218515 0.0842273 0.087982
0.466849 0.0221059 0.0210312 0.0846336 0.0781209 0.0220923 0.0218515 0.0846484 0.087982
0.470908 0.0224453 0.0210312 0.0850489 0.0781209 0.0224317 0.0218515 0.0850637 0.087982
0.474966 0.0227863 0.0218515 0.0854585 0.0782606 0.0227728 0.0218515 0.0854734 0.087982
0.479024 0.0231289 0.0218515 0.0858624 0.0782606 0.0231155 0.0227765 0.0858774 0.0856608
0.483081 0.0234732 0.0218515 0.0862606 0.0782606 0.0234598 0.0227765 0.0862757 0.0856608
0.487144 0.023819 0.0218515 0.0866532 0.0782606 0.0238057 0.0227765 0.0866683 0.0856608
0.491218 0.0241664 0.0242601 0.08704 0.0820479 0.0241532 0.0227765 0.0870552 0.0856608
0.495289 0.0245153 0.0242601 0.0874212 0.0820479 0.0245021 0.0244172 0.0874364 0.0824319
0.499359 0.0248658 0.0242601 0.0877966 0.0820479 0.0248526 0.0244172 0.0878119 0.0824319
0.503443 0.0252177 0.0242601 0.0881664 0.0820479 0.0252046 0.0244172 0.0881818 0.0824319
0.507521 0.0255711 0.0250629 0.0885305 0.0831824 0.0255581 0.0244172 0.0885459 0.0824319
0.511591 0.0259259 0.0250629 0.0888889 0.0831824 0.025913 0.0244172 0.0889044 0.0824319
0.51565 0.0262822 0.0250629 0.0892416 0.0831824 0.0262693 0.0260403 0.0892572 0.0795347
0.51971 0.0266399 0.0250629 0.0895886 0.0831824 0.026627 0.0260403 0.0896043 0.0795347
0.523769 0.0269989 0.0250629 0.08993 0.0831824 0.0269861 0.0260403 0.0899457 0.0795347
0.527828 0.0273593 0.026913 0.0902656 0.101229 0.0273466 0.0260403 0.0902814 0.0795347
0.531888 0.027721 0.026913 0.0905956 0.101229 0.0277084 0.0260403 0.0906114 0.0795347
0.535981 0.028084 0.026913 0.0909198 0.101229 0.0280715 0.0277507 0.0909357 0.089675
0.540044 0.0284484 0.026913 0.0912384 0.101229 0.0284359 0.0277507 0.0912543 0.089675
0.544114 0.0288139 0.0286409 0.0915513 0.0802851 0.0288015 0.0277507 0.0915673 0.089675
0.548194 0.0291808 0.0286409 0.0918585 0.0802851 0.0291684 0.0277507 0.0918745 0.089675
0.552273 0.0295488 0.0286409 0.09216 0.0802851 0.0295365 0.0295484 0.0921761 0.0864287
0.556347 0.029918 0.0286409 0.0924558 0.0802851 0.0299058 0.0295484 0.092472 0.0864287
0.560426 0.0302884 0.0286409 0.092746 0.0802851 0.0302763 0.0295484 0.0927621 0.0864287
0.564506 0.03066 0.0306305 0.0930304 0.102032 0.0306479 0.0295484 0.0930466 0.0864287
0.568614 0.0310327 0.0306305 0.0933092 0.102032 0.0310206 0.0295484 0.0933254 0.0864287
0.572659 0.0314065 0.0306305 0.0935822 0.102032 0.0313945 0.0314857 0.0935986 0.09903
0.576734 0.0317813 0.0306305 0.0938496 0.102032 0.0317694 0.0314857 0.093866 0.09903
0.580807 0.0321572 0.0325504 0.0941113 0.0974417 0.0321454 0.0314857 0.0941277 0.09903
0.584871 0.0325342 0.0325504 0.0943673 0.0974417 0.0325224 0.0314857 0.0943838 0.09903
0.588937 0.0329122 0.0325504 0.0946176 0.0974417 0.0329005 0.0333009 0.0946341 0.0923803
0.593002 0.0332911 0.0325504 0.0948622 0.0974417 0.0332795 0.0333009 0.0948788 0.0923803
0.597077 0.0336711 0.0325504 0.0951012 0.0974417 0.0336595 0.0333009 0.0951178 0.0923803
0.601148 0.0340519 0.0335278 0.0953344 0.0925374 0.0340404 0.0333009 0.095351 0.0923803
0.605227 0.0344337 0.0335278 0.095562 0.0925374 0.0344223 0.0333009 0.0955786 0.0923803
0.609305 0.0348164 0.0335278 0.0957838 0.0925374 0.0348051 0.0351684 0.0958005 0.0918392
0.613376 0.0352 0.0335278 0.096 0.0925374 0.0351887 0.0351684 0.0960168 0.0918392
0.617449 0.0355844 0.0353953 0.0962105 0.0953473 0.0355732 0.0351684 0.0962273 0.0918392
0.621526 0.0359697 0.0353953 0.0964153 0.0953473 0.0359585 0.0351684 0.0964321 0.0918392
0.625598 0.0363557 0.0353953 0.0966144 0.0953473 0.0363446 0.0351684 0.0966313 0.0918392
0.629673 0.0367426 0.0353953 0.0968078 0.0953473 0.0367315 0.0370184 0.0968247 0.0937242
0.633743 0.0371302 0.0353953 0.0969956 0.0953473 0.0371192 0.0370184 0.0970125 0.0937242
0.637817 0.0375185 0.0372628 0.0971776 0.0985762 0.0375076 0.0370184 0.0971946 0.0937242
0.641882 0.0379076 0.0372628 0.097354 0.0985762 0.0378968 0.0370184 0.0973709 0.0937242
0.645946 0.0382974 0.0372628 0.0975246 0.0985762 0.0382866 0.0379435 0.0975416 0.0894132
0.65002 0.0386878 0.0372628 0.0976896 0.0985762 0.0386771 0.0379435 0.0977067 0.0894132
0.654105 0.0390789 0.0372628 0.0978489 0.0985762 0.0390682 0.0379435 0.097866 0.0894132
0.658183 0.0394706 0.0393048 0.0980025 0.104022 0.03946 0.0379435 0.0980196 0.0894132
0.662263 0.0398629 0.0393048 0.0981504 0.104022 0.0398524 0.0379435 0.0981675 0.0894132
0.666339 0.0402558 0.0393048 0.0982926 0.104022 0.0402453 0.0397411 0.0983098 0.0881391
0.670412 0.0406492 0.0393048 0.0984292 0.104022 0.0406389 0.0397411 0.0984463 0.0881391
0.674486 0.0410432 0.041277 0.09856 0.101159 0.0410329 0.0397411 0.0985772 0.0881391
0.678562 0.0414377 0.041277 0.0986852 0.101159 0.0414275 0.0397411 0.0987024 0.0881391
0.68264 0.0418327 0.041277 0.0988046 0.101159 0.0418225 0.0415214 0.0988219 0.09156
0.68671 0.0422281 0.041277 0.0989184 0.101159 0.042218 0.0415214 0.0989357 0.09156
0.690873 0.042624 0.041277 0.0990265 0.101159 0.042614 0.0415214 0.0990438 0.09156
0.694945 0.0430203 0.0433016 0.0991289 0.0999725 0.0430104 0.0415214 0.0991462 0.09156
0.699058 0.043417 0.0433016 0.0992256 0.0999725 0.0434072 0.0415214 0.0992429 0.09156
0.703127 0.0438141 0.0433016 0.0993166 0.0999725 0.0438043 0.0436856 0.099334 0.109956
0.707224 0.0442116 0.0433016 0.099402 0.0999725 0.0442018 0.0436856 0.0994193 0.109956
0.711296 0.0446093 0.0433016 0.0994816 0.0999725 0.0445997 0.0436856 0.099499 0.109956
0.715381 0.0450074 0.0453087 0.0995556 0.0978955 0.0449978 0.0436856 0.0995729 0.109956
0.719461 0.0454058 0.0453087 0.0996238 0.0978955 0.0453962 0.0436856 0.0996412 0.109956
0.723536 0.0458044 0.0453087 0.0996864 0.0978955 0.0457949 0.0457974 0.0997038 0.107512
0.727611 0.0462033 0.0453087 0.0997433 0.0978955 0.0461939 0.0457974 0.0997607 0.107512
0.731689 0.0466023 0.0453087 0.0997945 0.0978955 0.046593 0.0457974 0.0998119 0.107512
0.735788 0.0470016 0.0472286 0.09984 0.0978781 0.0469924 0.0457974 0.0998574 0.107512
0.73989 0.047401 0.0472286 0.0998798 0.0978781 0.0473919 0.0478918 0.0998973 0.106273
0.743957 0.0478006 0.0472286 0.099914 0.0978781 0.0477915 0.0478918 0.0999314 0.106273
0.748023 0.0482003 0.0472286 0.0999424 0.0978781 0.0481913 0.0478918 0.0999598 0.106273
0.752092 0.0486002 0.049131 0.0999652 0.092485 0.0485912 0.0478918 0.0999826 0.106273
0.756159 0.0490001 0.049131 0.0999822 0.092485 0.0489912 0.0478918 0.0999997 0.106273
0.760226 0.0494 0.049131 0.0999936 0.092485 0.0493912 0.0499164 0.100011 0.0997456
0.764301 0.0498 0.049131 0.0999993 0.092485 0.0497912 0.0499164 0.100017 0.0997456
0.768391 0.0502 0.049131 0.0999993 0.092485 0.0501913 0.0499164 0.100017 0.0997456
0.772488 0.0506 0.0509462 0.0999936 0.0921185 0.0505914 0.0499164 0.100011 0.0997456
0.776568 0.0509999 0.0509462 0.0999822 0.0921185 0.0509914 0.0499164 0.0999997 0.0997456
0.780652 0.0513998 0.0509462 0.0999652 0.0921185 0.0513914 0.0518886 0.0999826 0.0958186
0.784728 0.0517997 0.0509462 0.0999424 0.0921185 0.0517912 0.0518886 0.0999598 0.0958186
0.788811 0.0521994 0.0518712 0.099914 0.0976686 0.052191 0.0518886 0.0999314 0.0958186
0.792885 0.052599 0.0518712 0.0998798 0.0976686 0.0525907 0.0518886 0.0998973 0.0958186
0.796983 0.0529984 0.0518712 0.09984 0.0976686 0.0529902 0.0528137 0.0998574 0.0953124
0.801049 0.0533977 0.0518712 0.0997945 0.0976686 0.0533895 0.0528137 0.0998119 0.0953124
0.805114 0.0537967 0.0518712 0.0997433 0.0976686 0.0537887 0.0528137 0.0997607 0.0953124
0.809214 0.0541956 0.0538434 0.0996864 0.0976337 0.0541876 0.0528137 0.0997038 0.0953124
0.813315 0.0545942 0.0538434 0.0996238 0.0976337 0.0545863 0.0528137 0.0996412 0.0953124
0.817415 0.0549926 0.0538434 0.0995556 0.0976337 0.0549847 0.0546637 0.0995729 0.0906524
0.821518 0.0553907 0.0538434 0.0994816 0.0976337 0.0553829 0.0546637 0.099499 0.0906524
0.8256 0.0557884 0.0538434 0.099402 0.0976337 0.0557807 0.0546637 0.0994193 0.0906524
0.829677 0.0561859 0.0557458 0.0993166 0.0950332 0.0561782 0.0546637 0.099334 0.0906524
0.833752 0.056583 0.0557458 0.0992256 0.0950332 0.0565754 0.0565138 0.0992429 0.0959233
0.837829 0.0569797 0.0557458 0.0991289 0.0950332 0.0569722 0.0565138 0.0991462 0.0959233
0.841898 0.057376 0.0557458 0.0990265 0.0950332 0.0573685 0.0565138 0.0990438 0.0959233
0.845969 0.0577719 0.0578228 0.0989184 0.111771 0.0577645 0.0565138 0.0989357 0.0959233
0.850039 0.0581673 0.0578228 0.0988046 0.111771 0.05816 0.0565138 0.0988219 0.0959233
0.854109 0.0585623 0.0578228 0.0986852 0.111771 0.0585551 0.0584685 0.0987024 0.100845
0.85817 0.0589568 0.0578228 0.09856 0.111771 0.0589496 0.0584685 0.0985772 0.100845
0.862265 0.0593508 0.0578228 0.0984292 0.111771 0.0593437 0.0584685 0.0984463 0.100845
0.866356 0.0597442 0.0578228 0.0982926 0.111771 0.0597372 0.0584685 0.0983098 0.100845
0.870448 0.0601371 0.0600568 0.0981504 0.112137 0.0601302 0.0605804 0.0981675 0.103795
0.874513 0.0605294 0.0600568 0.0980025 0.112137 0.0605225 0.0605804 0.0980196 0.103795
0.878595 0.0609211 0.0600568 0.0978489 0.112137 0.0609143 0.0605804 0.097866 0.103795
0.882667 0.0613122 0.0600568 0.0976896 0.112137 0.0613055 0.0605804 0.0977067 0.103795
0.886739 0.0617026 0.0622559 0.0975246 0.107512 0.061696 0.0605804 0.0975416 0.103795
0.890808 0.0620924 0.0622559 0.097354 0.107512 0.0620858 0.0627795 0.0973709 0.110916
0.894877 0.0624815 0.0622559 0.0971776 0.107512 0.0624749 0.0627795 0.0971946 0.110916
0.899003 0.0628698 0.0622559 0.0969956 0.107512 0.0628633 0.0627795 0.0970125 0.110916
0.903064 0.0632574 0.0622559 0.0968078 0.107512 0.063251 0.0627795 0.0968247 0.110916
0.907224 0.0636443 0.0644026 0.0966144 0.105837 0.0636379 0.0627795 0.0966313 0.110916
0.911284 0.0640303 0.0644026 0.0964153 0.105837 0.064024 0.0647866 0.0964321 0.0997281
0.91538 0.0644156 0.0644026 0.0962105 0.105837 0.0644094 0.0647866 0.0962273 0.0997281
0.919443 0.0648 0.0644026 0.096 0.105837 0.0647939 0.0647866 0.0960168 0.0997281
0.923504 0.0651836 0.0644026 0.0957838 0.105837 0.0651775 0.0647866 0.0958005 0.0997281
0.927571 0.0655663 0.0663574 0.095562 0.0983842 0.0655603 0.0666716 0.0955786 0.0933577
0.93164 0.0659481 0.0663574 0.0953344 0.0983842 0.0659421 0.0666716 0.095351 0.0933577
0.935712 0.0663289 0.0663574 0.0951012 0.0983842 0.0663231 0.0666716 0.0951178 0.0933577
0.939782 0.0667089 0.0663574 0.0948622 0.0983842 0.066703 0.0666716 0.0948788 0.0933577
0.943852 0.0670878 0.0681551 0.0946176 0.0838631 0.0670821 0.0666716 0.0946341 0.0933577
0.947919 0.0674658 0.0681551 0.0943673 0.0838631 0.0674601 0.0675617 0.0943838 0.0860273
0.952075 0.0678428 0.0681551 0.0941113 0.0838631 0.0678371 0.0675617 0.0941277 0.0860273
0.956298 0.0682187 0.0681551 0.0938496 0.0838631 0.0682131 0.0675617 0.093866 0.0860273
0.960422 0.0685935 0.0681551 0.0935822 0.0838631 0.0685881 0.0675617 0.0935986 0.0860273
0.964631 0.0689673 0.0681551 0.0933092 0.0838631 0.0689619 0.0675617 0.0933254 0.0860273
0.968796 0.06934 0.0698481 0.0930304 0.0845787 0.0693347 0.0692547 0.0930466 0.0842296
0.97289 0.0697116 0.0698481 0.092746 0.0845787 0.0697063 0.0692547 0.0927621 0.0842296
0.976951 0.070082 0.0698481 0.0924558 0.0845787 0.0700767 0.0692547 0.092472 0.0842296
0.981013 0.0704512 0.0698481 0.09216 0.0845787 0.070446 0.0692547 0.0921761 0.0842296
0.985082 0.0708192 0.0698481 0.0918585 0.0845787 0.0708141 0.0709127 0.0918745 0.0834093
0.989169 0.0711861 0.0714712 0.0915513 0.0830602 0.071181 0.0709127 0.0915673 0.0834093
0.993242 0.0715516 0.0714712 0.0912384 0.0830602 0.0715467 0.0709127 0.0912543 0.0834093
0.997319 0.071916 0.0714712 0.0909198 0.0830602 0.0719111 0.0709127 0.0909357 0.0834093
1.00139 0.072279 0.0714712 0.0905956 0.0830602 0.0722742 0.0709127 0.0906114 0.0834093
1.00558 0.0726407 0.0731118 0.0902656 0.0822225 0.0726359 0.0726581 0.0902814 0.0941081
1.00974 0.0730011 0.0731118 0.08993 0.0822225 0.0729964 0.0726581 0.0899457 0.0941081
1.0138 0.0733601 0.0731118 0.0895886 0.0822225 0.0733555 0.0726581 0.0896043 0.0941081
1.01786 0.0737178 0.0731118 0.0892416 0.0822225 0.0737132 0.0726581 0.0892572 0.0941081
1.02192 0.0740741 0.0731118 0.0888889 0.0822225 0.0740695 0.0745256 0.0889044 0.0921359
1.02598 0.0744289 0.0748223 0.0885305 0.0868999 0.0744245 0.0745256 0.0885459 0.0921359
1.03008 0.0747823 0.0748223 0.0881664 0.0868999 0.0747779 0.0745256 0.0881818 0.0921359
1.03421 0.0751342 0.0748223 0.0877966 0.0868999 0.0751299 0.0745256 0.0878119 0.0921359
1.03827 0.0754847 0.0748223 0.0874212 0.0868999 0.0754804 0.0745256 0.0874364 0.0921359
1.04234 0.0758336 0.0748223 0.08704 0.0868999 0.0758294 0.0764803 0.0870552 0.096028
1.04642 0.076181 0.0765676 0.0866532 0.0884184 0.0761768 0.0764803 0.0866683 0.096028
1.05049 0.0765268 0.0765676 0.0862606 0.0884184 0.0765227 0.0764803 0.0862757 0.096028
1.05459 0.0768711 0.0765676 0.0858624 0.0884184 0.076867 0.0764803 0.0858774 0.096028
1.05868 0.0772137 0.0765676 0.0854585 0.0884184 0.0772097 0.0782257 0.0854734 0.0886802
1.06288 0.0775547 0.0765676 0.0850489 0.0884184 0.0775508 0.0782257 0.0850637 0.0886802
1.06712 0.0778941 0.078278 0.0846336 0.0829206 0.0778902 0.0782257 0.0846484 0.0886802
1.07118 0.0782318 0.078278 0.0842126 0.0829206 0.078228 0.0782257 0.0842273 0.0886802
1.07524 0.0785678 0.078278 0.083786 0.0829206 0.078564 0.0791158 0.0838006 0.0799012
1.0793 0.0789021 0.078278 0.0833536 0.0829206 0.0788984 0.0791158 0.0833681 0.0799012
1.08336 0.0792346 0.0800408 0.0829156 0.0892736 0.079231 0.0791158 0.08293 0.0799012
1.08744 0.0795654 0.0800408 0.0824718 0.0892736 0.0795618 0.0791158 0.0824862 0.0799012
1.09153 0.0798944 0.0800408 0.0820224 0.0892736 0.0798909 0.0791158 0.0820367 0.0799012
1.0956 0.0802216 0.0800408 0.0815673 0.0892736 0.0802181 0.0806168 0.0815815 0.0741067
1.09968 0.0805469 0.0800408 0.0811065 0.0892736 0.0805435 0.0806168 0.0811206 0.0741067
1.10375 0.0808704 0.081629 0.08064 0.0800059 0.0808671 0.0806168 0.0806541 0.0741067
1.10783 0.081192 0.081629 0.0801678 0.0800059 0.0811887 0.0806168 0.0801818 0.0741067
1.1119 0.0815117 0.081629 0.07969 0.0800059 0.0815085 0.0820654 0.0797039 0.0671777
1.11597 0.0818295 0.081629 0.0792064 0.0800059 0.0818264 0.0820654 0.0792202 0.0671777
1.12003 0.0821454 0.0824494 0.0787172 0.078854 0.0821423 0.0820654 0.0787309 0.0671777
1.12423 0.0824593 0.0824494 0.0782222 0.078854 0.0824562 0.0820654 0.0782359 0.0671777
1.12833 0.0827711 0.0824494 0.0777216 0.078854 0.0827681 0.0820654 0.0777352 0.0671777
1.13239 0.083081 0.0824494 0.0772153 0.078854 0.0830781 0.083514 0.0772288 0.075311
1.13652 0.0833889 0.0824494 0.0767033 0.078854 0.083386 0.083514 0.0767167 0.075311
1.14061 0.0836946 0.083898 0.0761856 0.0672301 0.0836918 0.083514 0.0761989 0.075311
1.14465 0.0839983 0.083898 0.0756622 0.0672301 0.0839955 0.083514 0.0756754 0.075311
1.14871 0.0842999 0.083898 0.0751332 0.0672301 0.0842972 0.085015 0.0751463 0.0741067
1.15278 0.0845994 0.083898 0.0745984 0.0672301 0.0845967 0.085015 0.0746114 0.0741067
1.15686 0.0848967 0.0852419 0.074058 0.0716109 0.0848941 0.085015 0.0740709 0.0741067
1.16093 0.0851919 0.0852419 0.0735118 0.0716109 0.0851893 0.085015 0.0735247 0.0741067
1.16503 0.0854848 0.0852419 0.07296 0.0716109 0.0854823 0.085015 0.0729727 0.0741067
1.16909 0.0857755 0.0852419 0.0724025 0.0716109 0.085773 0.0864636 0.0724151 0.0720297
1.17322 0.086064 0.0852419 0.0718393 0.0716109 0.0860616 0.0864636 0.0718518 0.0720297
1.17734 0.0863502 0.0867778 0.0712704 0.0735656 0.0863479 0.0864636 0.0712828 0.0720297
1.18151 0.0866342 0.0867778 0.0706958 0.0735656 0.0866318 0.0864636 0.0707082 0.0720297
1.18561 0.0869158 0.0867778 0.0701156 0.0735656 0.0869135 0.0864636 0.0701278 0.0720297
1.18967 0.0871951 0.0867778 0.0695296 0.0735656 0.0871928 0.0871443 0.0695417 0.0684344
1.19376 0.087472 0.0867778 0.068938 0.0735656 0.0874698 0.0871443 0.06895 0.0684344
1.19785 0.0877466 0.0882264 0.0683406 0.0729722 0.0877444 0.0871443 0.0683525 0.0684344
1.20191 0.0880187 0.0882264 0.0677376 0.0729722 0.0880166 0.0871443 0.0677494 0.0684344
1.20598 0.0882885 0.0882264 0.0671289 0.0729722 0.0882864 0.0885056 0.0671406 0.0703019
1.21006 0.0885558 0.0882264 0.0665145 0.0729722 0.0885538 0.0885056 0.0665261 0.0703019
1.21413 0.0888206 0.0896576 0.0658944 0.0720123 0.0888186 0.0885056 0.0659059 0.0703019
1.2182 0.0890829 0.0896576 0.0652686 0.0720123 0.089081 0.0885056 0.06528 0.0703019
1.22226 0.0893427 0.0896576 0.0646372 0.0720123 0.0893409 0.0885056 0.0646484 0.0703019
1.22632 0.0896 0.0896576 0.064 0.0720123 0.0895982 0.089867 0.0640112 0.0614356
1.23039 0.0898547 0.0896576 0.0633572 0.0720123 0.0898529 0.089867 0.0633682 0.0614356
1.23446 0.0901068 0.0909142 0.0627086 0.0617497 0.0901051 0.089867 0.0627196 0.0614356
1.23853 0.0903564 0.0909142 0.0620544 0.0617497 0.0903547 0.089867 0.0620652 0.0614356
1.2426 0.0906033 0.0909142 0.0613945 0.0617497 0.0906016 0.089867 0.0614052 0.0614356
1.2468 0.0908475 0.0909142 0.0607289 0.0617497 0.0908459 0.0911585 0.0607395 0.0670032
1.25086 0.0910891 0.0909142 0.0600576 0.0617497 0.0910875 0.0911585 0.0600681 0.0670032
1.25496 0.091328 0.0921185 0.0593806 0.0556585 0.0913265 0.0911585 0.059391 0.0670032
1.25903 0.0915641 0.0921185 0.058698 0.0556585 0.0915627 0.0911585 0.0587082 0.0670032
1.26311 0.0917976 0.0921185 0.0580096 0.0556585 0.0917961 0.0924675 0.0580197 0.0614705
1.26718 0.0920282 0.0921185 0.0573156 0.0556585 0.0920268 0.0924675 0.0573256 0.0614705
1.27125 0.0922561 0.0921185 0.0566158 0.0556585 0.0922547 0.0924675 0.0566257 0.0614705
1.27532 0.0924811 0.0931133 0.0559104 0.0519061 0.0924798 0.0924675 0.0559202 0.0614705
1.27939 0.0927033 0.0931133 0.0551993 0.0519061 0.0927021 0.0924675 0.0552089 0.0614705
1.28348 0.0929227 0.0931133 0.0544825 0.0519061 0.0929215 0.0936893 0.054492 0.0583464
1.28755 0.0931392 0.0931133 0.05376 0.0519061 0.093138 0.0936893 0.0537694 0.0583464
1.29174 0.0933528 0.0941431 0.0530318 0.0503353 0.0933516 0.0936893 0.0530411 0.0583464
1.29584 0.0935634 0.0941431 0.052298 0.0503353 0.0935623 0.0936893 0.0523071 0.0583464
1.2999 0.0937712 0.0941431 0.0515584 0.0503353 0.0937701 0.0936893 0.0515674 0.0583464
1.30396 0.0939759 0.0941431 0.0508132 0.0503353 0.0939749 0.0947714 0.050822 0.0555713
1.30802 0.0941777 0.0941431 0.0500622 0.0503353 0.0941766 0.0947714 0.050071 0.0555713
1.31209 0.0943764 0.0941431 0.0493056 0.0503353 0.0943754 0.0947714 0.0493142 0.0555713
1.31616 0.0945721 0.0950506 0.0485433 0.0436856 0.0945711 0.0947714 0.0485518 0.0555713
1.32023 0.0947647 0.0950506 0.0477753 0.0436856 0.0947638 0.0957313 0.0477836 0.0452389
1.3243 0.0949543 0.0950506 0.0470016 0.0436856 0.0949534 0.0957313 0.0470098 0.0452389
1.32837 0.0951407 0.0950506 0.0462222 0.0436856 0.0951399 0.0957313 0.0462303 0.0452389
1.33244 0.0953241 0.0959582 0.0454372 0.0465305 0.0953232 0.0957313 0.0454451 0.0452389
1.33651 0.0955042 0.0959582 0.0446464 0.0465305 0.0955034 0.0957313 0.0446542 0.0452389
1.34071 0.0956812 0.0959582 0.04385 0.0465305 0.0956805 0.0965691 0.0438576 0.0408233
1.34481 0.095855 0.0959582 0.0430478 0.0465305 0.0958543 0.0965691 0.0430553 0.0408233
1.34888 0.0960256 0.0959582 0.04224 0.0465305 0.0960249 0.0965691 0.0422474 0.0408233
1.35295 0.0961929 0.0963945 0.0414265 0.0423068 0.0961923 0.0965691 0.0414337 0.0408233
1.35702 0.096357 0.0963945 0.0406073 0.0423068 0.0963564 0.0965691 0.0406144 0.0408233
1.36111 0.0965178 0.0963945 0.0397824 0.0423068 0.0965172 0.0973021 0.0397893 0.0366345
1.36517 0.0966753 0.0963945 0.0389518 0.0423068 0.0966747 0.0973021 0.0389586 0.0366345
1.36925 0.0968294 0.0963945 0.0381156 0.0423068 0.0968288 0.0973021 0.0381222 0.0366345
1.37332 0.0969802 0.0976337 0.0372736 0.040544 0.0969796 0.0973021 0.0372801 0.0366345
1.37739 0.0971276 0.0976337 0.036426 0.040544 0.0971271 0.0980002 0.0364323 0.0336499
1.38147 0.0972716 0.0976337 0.0355726 0.040544 0.0972711 0.0980002 0.0355788 0.0336499
1.38554 0.0974121 0.0976337 0.0347136 0.040544 0.0974117 0.0980002 0.0347197 0.0336499
1.38961 0.0975493 0.0979828 0.0338489 0.0339816 0.0975488 0.0980002 0.0338548 0.0336499
1.39379 0.0976829 0.0979828 0.0329785 0.0339816 0.0976825 0.0980002 0.0329842 0.0336499
1.39796 0.0978131 0.0979828 0.0321024 0.0339816 0.0978127 0.0982969 0.032108 0.0268083
1.40206 0.0979397 0.0979828 0.0312206 0.0339816 0.0979394 0.0982969 0.0312261 0.0268083
1.40612 0.0980629 0.0979828 0.0303332 0.0339816 0.0980625 0.0982969 0.0303384 0.0268083
1.41018 0.0981824 0.0986984 0.02944 0.0359363 0.0981821 0.0982969 0.0294451 0.0268083
1.41424 0.0982984 0.0986984 0.0285412 0.0359363 0.0982981 0.0982969 0.0285461 0.0268083
1.4183 0.0984107 0.0986984 0.0276366 0.0359363 0.0984104 0.0988205 0.0276414 0.0232478
1.42237 0.0985194 0.0986984 0.0267264 0.0359363 0.0985192 0.0988205 0.0267311 0.0232478
1.42643 0.0986245 0.0993267 0.0258105 0.0274017 0.0986243 0.0988205 0.025815 0.0232478
1.43051 0.0987259 0.0993267 0.0248889 0.0274017 0.0987257 0.0988205 0.0248932 0.0232478
1.43458 0.0988236 0.0993267 0.0239616 0.0274017 0.0988234 0.0992569 0.0239658 0.0231431
1.43866 0.0989176 0.0993267 0.0230286 0.0274017 0.0989174 0.0992569 0.0230326 0.0231431
1.44273 0.0990079 0.0993267 0.02209 0.0274017 0.0990077 0.0992569 0.0220938 0.0231431
1.44681 0.0990943 0.0998677 0.0211456 0.0268606 0.0990942 0.0992569 0.0211493 0.0231431
1.45087 0.099177 0.0998677 0.0201956 0.0268606 0.0991769 0.0997456 0.0201991 0.0251502
1.45494 0.0992559 0.0998677 0.0192398 0.0268606 0.0992558 0.0997456 0.0192432 0.0251502
1.459 0.0993309 0.0998677 0.0182784 0.0268606 0.0993308 0.0997456 0.0182816 0.0251502
1.46306 0.0994021 0.0998677 0.0173113 0.0268606 0.099402 0.0997456 0.0173143 0.0251502
1.46712 0.0994694 0.100252 0.0163385 0.0189543 0.0994693 0.0997456 0.0163413 0.0251502
1.47119 0.0995328 0.100252 0.01536 0.0189543 0.0995327 0.100182 0.0153627 0.0220086
1.47525 0.0995923 0.100252 0.0143758 0.0189543 0.0995922 0.100182 0.0143783 0.0220086
1.47932 0.0996478 0.100252 0.013386 0.0189543 0.0996477 0.100182 0.0133883 0.0220086
1.48339 0.0996994 0.100252 0.0123904 0.0189543 0.0996993 0.100182 0.0123926 0.0220086
1.48746 0.0997469 0.100583 0.0113892 0.015516 0.0997469 0.100182 0.0113911 0.0220086
1.49153 0.0997905 0.100583 0.0103822 0.015516 0.0997904 0.100583 0.010384 0.0191637
1.4956 0.09983 0.100583 0.0093696 0.015516 0.0998299 0.100583 0.00937124 0.0191637
1.49968 0.0998654 0.100583 0.00835129 0.015516 0.0998654 0.100583 0.00835275 0.0191637
1.50376 0.0998968 0.100758 0.00732729 0.00794125 0.0998967 0.100583 0.00732857 0.0191637
1.50784 0.099924 0.100758 0.0062976 0.00794125 0.099924 0.100828 0.0062987 0.0108036
1.5119 0.0999471 0.100758 0.00526222 0.00794125 0.0999471 0.100828 0.00526314 0.0108036
1.51596 0.0999661 0.100758 0.00422116 0.00794125 0.0999661 0.100828 0.00422189 0.0108036
1.52003 0.0999809 0.100758 0.0031744 0.00794125 0.0999809 0.100828 0.00317495 0.0108036
1.52409 0.0999915 0.100828 0.00212196 0.00216421 0.0999915 0.100828 0.00212233 0.0108036
1.52821 0.0999979 0.100828 0.00106382 0.00216421 0.0999979 0.10088 0.00106401 0.00246091
1.53237 0.1 0.100828 -2.77556e-16 0.00216421 0.1 0.10088 -3.33067e-16 0.00246091
1.53647 0.1 0.100828 0 0.00216421 0.1 0.10088 0 0.00246091
1.54062 0.0999957 0.100828 -0.00212764 0.00216421 0.0999957 0.10088 -0.00212764 0.00246091
1.54477 0.099983 0.100845 -0.00424391 0 0.099983 0.10088 -0.00424391 0.00246091
1.54887 0.0999618 0.100845 -0.0063488 0 0.0999618 0.100915 -0.0063488 0
1.55299 0.0999322 0.100845 -0.00844231 0 0.0999322 0.100915 -0.00844231 0
1.55712 0.0998943 0.100845 -0.0105244 0 0.0998943 0.100915 -0.0105244 0
1.56124 0.099848 0.100845 -0.0125952 0 0.099848 0.100915 -0.0125952 0
1.56535 0.0997935 0.100845 -0.0146546 0 0.0997935 0.100897 -0.0146546 0
1.56948 0.0997308 0.100845 -0.0167026 0 0.0997308 0.100897 -0.0167026 0
1.5736 0.0996599 0.100845 -0.0187392 0 0.0996599 0.100897 -0.0187392 0
1.57773 0.0995809 0.100845 -0.0207644 0 0.0995809 0.100897 -0.0207644 0
1.58186 0.0994938 0.100845 -0.0227783 0 0.0994938 0.100897 -0.0227783 0
1.58598 0.0993987 0.100828 -0.0247808 0 0.0993987 0.10088 -0.0247808 -0.00328122
1.59011 0.0992956 0.100828 -0.0267719 0 0.0992956 0.10088 -0.0267719 -0.00328122
1.59422 0.0991845 0.100828 -0.0287516 0 0.0991845 0.10088 -0.0287516 -0.00328122
1.59834 0.0990656 0.100828 -0.03072 0 0.0990656 0.10088 -0.03072 -0.00328122
1.60246 0.0989388 0.100828 -0.032677 0 0.0989388 0.10088 -0.032677 -0.00328122
1.60658 0.0988042 0.100671 -0.0346226 -0.0112574 0.0988042 0.100723 -0.0346226 -0.0175755
1.61069 0.0986618 0.100671 -0.0365568 -0.0112574 0.0986618 0.100723 -0.0365568 -0.0175755
1.61479 0.0985118 0.100671 -0.0384796 -0.0112574 0.0985118 0.100723 -0.0384796 -0.0175755
1.61888 0.098354 0.100671 -0.0403911 -0.0112574 0.098354 0.100723 -0.0403911 -0.0175755
1.62297 0.0981886 0.100671 -0.0422912 -0.0112574 0.0981886 0.100723 -0.0422912 -0.0175755
1.62704 0.0980157 0.100199 -0.0441799 -0.0292168 0.0980157 0.100269 -0.0441799 -0.0358142
1.63112 0.0978352 0.100199 -0.0460572 -0.0292168 0.0978352 0.100269 -0.0460572 -0.0358142
1.63523 0.0976473 0.100199 -0.0479232 -0.0292168 0.0976473 0.100269 -0.0479232 -0.0358142
1.6393 0.0974519 0.100199 -0.0497778 -0.0292168 0.0974519 0.100269 -0.0497778 -0.0358142
1.64337 0.0972491 0.0993267 -0.051621 -0.045204 0.0972491 0.099379 -0.051621 -0.0593063
1.64744 0.0970389 0.0993267 -0.0534528 -0.045204 0.0970389 0.099379 -0.0534528 -0.0593063
1.65152 0.0968214 0.0993267 -0.0552732 -0.045204 0.0968214 0.099379 -0.0552732 -0.0593063
1.6556 0.0965967 0.0993267 -0.0570823 -0.045204 0.0965967 0.099379 -0.0570823 -0.0593063
1.65967 0.0963648 0.0993267 -0.05888 -0.045204 0.0963648 0.099379 -0.05888 -0.0593063
1.66374 0.0961257 0.098105 -0.0606663 -0.0664621 0.0961257 0.098105 -0.0606663 -0.0667239
1.66781 0.0958795 0.098105 -0.0624412 -0.0664621 0.0958795 0.098105 -0.0624412 -0.0667239
1.67188 0.0956262 0.098105 -0.0642048 -0.0664621 0.0956262 0.098105 -0.0642048 -0.0667239
1.67607 0.0953659 0.098105 -0.065957 -0.0664621 0.0953659 0.098105 -0.065957 -0.0667239
1.68023 0.0950985 0.0973196 -0.0676978 -0.0811753 0.0950985 0.0965865 -0.0676978 -0.0802502
1.68438 0.0948243 0.0973196 -0.0694272 -0.0811753 0.0948243 0.0965865 -0.0694272 -0.0802502
1.68861 0.0945431 0.0973196 -0.0711452 -0.0811753 0.0945431 0.0965865 -0.0711452 -0.0802502
1.69265 0.0942551 0.0973196 -0.0728519 -0.0811753 0.0942551 0.0965865 -0.0728519 -0.0802502
1.69672 0.0939603 0.0973196 -0.0745472 -0.0811753 0.0939603 0.0965865 -0.0745472 -0.0802502
1.70079 0.0936588 0.0948063 -0.0762311 -0.0877202 0.0936588 0.0948412 -0.0762311 -0.0866556
1.70486 0.0933505 0.0948063 -0.0779036 -0.0877202 0.0933505 0.0948412 -0.0779036 -0.0866556
1.70893 0.0930356 0.0948063 -0.0795648 -0.0877202 0.0930356 0.0948412 -0.0795648 -0.0866556
1.713 0.092714 0.0948063 -0.0812146 -0.0877202 0.092714 0.0948412 -0.0812146 -0.0866556
1.71708 0.0923859 0.0948063 -0.082853 -0.0877202 0.0923859 0.0948412 -0.082853 -0.0866556
1.72119 0.0920512 0.0938638 -0.08448 -0.0941081 0.0920512 0.0929737 -0.08448 -0.0949634
1.72525 0.09171 0.0938638 -0.0860956 -0.0941081 0.09171 0.0929737 -0.0860956 -0.0949634
1.72937 0.0913625 0.0938638 -0.0876999 -0.0941081 0.0913625 0.0929737 -0.0876999 -0.0949634
1.73347 0.0910085 0.0938638 -0.0892928 -0.0941081 0.0910085 0.0929737 -0.0892928 -0.0949634
1.73757 0.0906481 0.0938638 -0.0908743 -0.0941081 0.0906481 0.0929737 -0.0908743 -0.0949634
1.74166 0.0902815 0.0918392 -0.0924444 -0.106657 0.0902815 0.0920312 -0.0924444 -0.0958709
1.74572 0.0899086 0.0918392 -0.0940032 -0.106657 0.0899086 0.0920312 -0.0940032 -0.0958709
1.74995 0.0895295 0.0918392 -0.0955506 -0.106657 0.0895295 0.0920312 -0.0955506 -0.0958709
1.75402 0.0891442 0.0918392 -0.0970866 -0.106657 0.0891442 0.0920312 -0.0970866 -0.0958709
1.75809 0.0887528 0.0918392 -0.0986112 -0.106657 0.0887528 0.0890292 -0.0986112 -0.100618
1.76217 0.0883553 0.0897623 -0.100124 -0.104283 0.0883553 0.0890292 -0.100124 -0.100618
1.76624 0.0879518 0.0897623 -0.101626 -0.104283 0.0879518 0.0890292 -0.101626 -0.100618
1.77031 0.0875423 0.0897623 -0.103117 -0.104283 0.0875423 0.0890292 -0.103117 -0.100618
1.77438 0.0871269 0.0897623 -0.104596 -0.104283 0.0871269 0.0890292 -0.104596 -0.100618
1.77844 0.0867056 0.0875632 -0.106064 -0.115488 0.0867056 0.088017 -0.106064 -0.105523
1.7825 0.0862784 0.0875632 -0.10752 -0.115488 0.0862784 0.088017 -0.10752 -0.105523
1.78671 0.0858454 0.0875632 -0.108965 -0.115488 0.0858454 0.088017 -0.108965 -0.105523
1.7909 0.0854067 0.0875632 -0.110399 -0.115488 0.0854067 0.088017 -0.110399 -0.105523
1.79508 0.0849623 0.0875632 -0.111821 -0.115488 0.0849623 0.088017 -0.111821 -0.105523
1.79918 0.0845121 0.0852593 -0.113232 -0.117757 0.0845121 0.0858178 -0.113232 -0.114057
1.80324 0.0840564 0.0852593 -0.114631 -0.117757 0.0840564 0.0858178 -0.114631 -0.114057
1.8073 0.0835951 0.0852593 -0.116019 -0.117757 0.0835951 0.0858178 -0.116019 -0.114057
1.81136 0.0831283 0.0852593 -0.117396 -0.117757 0.0831283 0.0858178 -0.117396 -0.114057
1.81543 0.082656 0.0852593 -0.118761 -0.117757 0.082656 0.0836187 -0.118761 -0.110078
1.81951 0.0821782 0.0828508 -0.120115 -0.126501 0.0821782 0.0836187 -0.120115 -0.110078
1.82358 0.0816951 0.0828508 -0.121458 -0.126501 0.0816951 0.0836187 -0.121458 -0.110078
1.82765 0.0812066 0.0828508 -0.122789 -0.126501 0.0812066 0.0836187 -0.122789 -0.110078
1.83172 0.0807128 0.0828508 -0.124109 -0.126501 0.0807128 0.0812276 -0.124109 -0.130079
1.83578 0.0802137 0.0828508 -0.125417 -0.126501 0.0802137 0.0812276 -0.125417 -0.130079
1.83984 0.0797094 0.0802677 -0.126714 -0.129538 0.0797094 0.0812276 -0.126714 -0.130079
1.84391 0.0792 0.0802677 -0.128 -0.129538 0.0792 0.0812276 -0.128 -0.130079
1.84801 0.0786854 0.0802677 -0.129274 -0.129538 0.0786854 0.0812276 -0.129274 -0.130079
1.85215 0.0781658 0.0802677 -0.130537 -0.129538 0.0781658 0.0812276 -0.130537 -0.130079
1.85621 0.0776412 0.0802677 -0.131789 -0.129538 0.0776412 0.0786271 -0.131789 -0.134809
1.86027 0.0771115 0.0776497 -0.133029 -0.130411 0.0771115 0.0786271 -0.133029 -0.134809
1.86434 0.0765769 0.0776497 -0.134258 -0.130411 0.0765769 0.0786271 -0.134258 -0.134809
1.86841 0.0760375 0.0776497 -0.135475 -0.130411 0.0760375 0.0786271 -0.135475 -0.134809
1.87249 0.0754932 0.0776497 -0.136681 -0.130411 0.0754932 0.0758869 -0.136681 -0.134879
1.87657 0.074944 0.0776497 -0.137876 -0.130411 0.074944 0.0758869 -0.137876 -0.134879
1.88065 0.0743902 0.0750317 -0.139059 -0.134949 0.0743902 0.0758869 -0.139059 -0.134879
1.88472 0.0738316 0.0750317 -0.140231 -0.134949 0.0738316 0.0758869 -0.140231 -0.134879
1.8888 0.0732683 0.0750317 -0.141392 -0.134949 0.0732683 0.0730769 -0.141392 -0.14392
1.89288 0.0727005 0.0750317 -0.142541 -0.134949 0.0727005 0.0730769 -0.142541 -0.14392
1.89698 0.072128 0.0723264 -0.143679 -0.134827 0.072128 0.0730769 -0.143679 -0.14392
1.90105 0.0715511 0.0723264 -0.144805 -0.134827 0.0715511 0.0730769 -0.144805 -0.14392
1.9052 0.0709696 0.0723264 -0.14592 -0.134827 0.0709696 0.0730769 -0.14592 -0.14392
1.90926 0.0703837 0.0723264 -0.147024 -0.134827 0.0703837 0.0716283 -0.147024 -0.14652
1.91342 0.0697934 0.0723264 -0.148116 -0.134827 0.0697934 0.0716283 -0.148116 -0.14652
1.91748 0.0691988 0.0723264 -0.149197 -0.134827 0.0691988 0.0716283 -0.149197 -0.14652
1.92155 0.0685999 0.0696037 -0.150266 -0.14481 0.0685999 0.0716283 -0.150266 -0.14652
1.92562 0.0679967 0.0696037 -0.151324 -0.14481 0.0679967 0.0687311 -0.151324 -0.142925
1.92969 0.0673893 0.0696037 -0.152371 -0.14481 0.0673893 0.0687311 -0.152371 -0.142925
1.93377 0.0667777 0.0696037 -0.153407 -0.14481 0.0667777 0.0687311 -0.153407 -0.142925
1.93787 0.066162 0.0666018 -0.154431 -0.151721 0.066162 0.0687311 -0.154431 -0.142925
1.94194 0.0655423 0.0666018 -0.155443 -0.151721 0.0655423 0.0659036 -0.155443 -0.149924
1.94601 0.0649185 0.0666018 -0.156444 -0.151721 0.0649185 0.0659036 -0.156444 -0.149924
1.95007 0.0642908 0.0666018 -0.157434 -0.151721 0.0642908 0.0659036 -0.157434 -0.149924
1.95414 0.0636591 0.0636347 -0.158413 -0.148388 0.0636591 0.0659036 -0.158413 -0.149924
1.9582 0.0630235 0.0636347 -0.15938 -0.148388 0.0630235 0.0659036 -0.15938 -0.149924
1.96226 0.062384 0.0636347 -0.160336 -0.148388 0.062384 0.0659036 -0.160336 -0.149924
1.96632 0.0617408 0.0636347 -0.16128 -0.148388 0.0617408 0.0627097 -0.16128 -0.17202
1.97038 0.0610938 0.0636347 -0.162213 -0.148388 0.0610938 0.0627097 -0.162213 -0.17202
1.97444 0.0604431 0.0636347 -0.163135 -0.148388 0.0604431 0.0627097 -0.163135 -0.17202
1.97851 0.0597887 0.0603535 -0.164045 -0.16544 0.0597887 0.0627097 -0.164045 -0.17202
1.9826 0.0591308 0.0603535 -0.164944 -0.16544 0.0591308 0.0592365 -0.164944 -0.1738
1.98667 0.0584692 0.0603535 -0.165831 -0.16544 0.0584692 0.0592365 -0.165831 -0.1738
1.99074 0.0578041 0.0603535 -0.166707 -0.16544 0.0578041 0.0592365 -0.166707 -0.1738
1.99482 0.0571356 0.0571595 -0.167572 -0.163537 0.0571356 0.0592365 -0.167572 -0.1738
1.99889 0.0564636 0.0571595 -0.168425 -0.163537 0.0564636 0.0592365 -0.168425 -0.1738
2.00309 0.0557882 0.0571595 -0.169267 -0.163537 0.0557882 0.0557284 -0.169267 -0.175528
2.00717 0.0551095 0.0571595 -0.170098 -0.163537 0.0551095 0.0557284 -0.170098 -0.175528
2.01122 0.0544274 0.0571595 -0.170917 -0.163537 0.0544274 0.0557284 -0.170917 -0.175528
2.01529 0.0537421 0.0536689 -0.171725 -0.174236 0.0537421 0.0557284 -0.171725 -0.175528
2.01938 0.0530536 0.0536689 -0.172521 -0.174236 0.0530536 0.0557284 -0.172521 -0.175528
2.02345 0.052362 0.0536689 -0.173306 -0.174236 0.052362 0.0520981 -0.173306 -0.17825
2.02751 0.0516672 0.0536689 -0.17408 -0.174236 0.0516672 0.0520981 -0.17408 -0.17825
2.03157 0.0509694 0.0536689 -0.174842 -0.174236 0.0509694 0.0520981 -0.174842 -0.17825
2.03564 0.0502685 0.0502655 -0.175593 -0.170484 0.0502685 0.0520981 -0.175593 -0.17825
2.03972 0.0495646 0.0502655 -0.176333 -0.170484 0.0495646 0.0488343 -0.176333 -0.162455
2.04379 0.0488578 0.0502655 -0.177061 -0.170484 0.0488578 0.0488343 -0.177061 -0.162455
2.04786 0.0481481 0.0502655 -0.177778 -0.170484 0.0481481 0.0488343 -0.177778 -0.162455
2.05193 0.0474356 0.0468621 -0.178483 -0.169524 0.0474356 0.0488343 -0.178483 -0.162455
2.05612 0.0467203 0.0468621 -0.179177 -0.169524 0.0467203 0.0488343 -0.179177 -0.162455
2.06021 0.0460022 0.0468621 -0.17986 -0.169524 0.0460022 0.0454658 -0.17986 -0.167552
2.0643 0.0452814 0.0468621 -0.180531 -0.169524 0.0452814 0.0454658 -0.180531 -0.167552
2.0684 0.044558 0.0468621 -0.181191 -0.169524 0.044558 0.0454658 -0.181191 -0.167552
2.07246 0.0438319 0.0434238 -0.18184 -0.171531 0.0438319 0.0454658 -0.18184 -0.167552
2.07652 0.0431033 0.0434238 -0.182477 -0.171531 0.0431033 0.0437903 -0.182477 -0.169646
2.08057 0.0423721 0.0434238 -0.183103 -0.171531 0.0423721 0.0437903 -0.183103 -0.169646
2.08463 0.0416385 0.0434238 -0.183717 -0.171531 0.0416385 0.0437903 -0.183717 -0.169646
2.08871 0.0409024 0.0434238 -0.18432 -0.171531 0.0409024 0.0437903 -0.18432 -0.169646
2.09278 0.0401639 0.0416959 -0.184912 -0.17757 0.0401639 0.0404742 -0.184912 -0.162106
2.09685 0.0394231 0.0416959 -0.185492 -0.17757 0.0394231 0.0404742 -0.185492 -0.162106
2.10092 0.03868 0.0416959 -0.186061 -0.17757 0.03868 0.0404742 -0.186061 -0.162106
2.10499 0.0379347 0.0416959 -0.186618 -0.17757 0.0379347 0.0404742 -0.186618 -0.162106
2.10917 0.0371871 0.0380656 -0.187164 -0.180188 0.0371871 0.0371057 -0.187164 -0.171426
2.11335 0.0364374 0.0380656 -0.187699 -0.180188 0.0364374 0.0371057 -0.187699 -0.171426
2.11741 0.0356855 0.0380656 -0.188223 -0.180188 0.0356855 0.0371057 -0.188223 -0.171426
2.12147 0.0349316 0.0380656 -0.188735 -0.180188 0.0349316 0.0371057 -0.188735 -0.171426
2.12561 0.0341756 0.0380656 -0.189235 -0.180188 0.0341756 0.0371057 -0.189235 -0.171426
2.12968 0.0334177 0.0344877 -0.189724 -0.185703 0.0334177 0.0333009 -0.189724 -0.194883
2.13374 0.0326579 0.0344877 -0.190202 -0.185703 0.0326579 0.0333009 -0.190202 -0.194883
2.13783 0.0318961 0.0344877 -0.190669 -0.185703 0.0318961 0.0333009 -0.190669 -0.194883
2.1419 0.0311325 0.0344877 -0.191124 -0.185703 0.0311325 0.0333009 -0.191124 -0.194883
2.14597 0.0303671 0.0344877 -0.191568 -0.185703 0.0303671 0.0333009 -0.191568 -0.194883
2.15005 0.0296 0.0305433 -0.192 -0.204012 0.0296 0.029531 -0.192 -0.188914
2.15412 0.0288312 0.0305433 -0.192421 -0.204012 0.0288312 0.029531 -0.192421 -0.188914
2.1582 0.0280606 0.0305433 -0.192831 -0.204012 0.0280606 0.029531 -0.192831 -0.188914
2.16228 0.0272885 0.0305433 -0.193229 -0.204012 0.0272885 0.029531 -0.193229 -0.188914
2.16635 0.0265148 0.0305433 -0.193616 -0.204012 0.0265148 0.0275937 -0.193616 -0.199369
2.17044 0.0257396 0.0265116 -0.193991 -0.208375 0.0257396 0.0275937 -0.193991 -0.199369
2.17455 0.0249629 0.0265116 -0.194355 -0.208375 0.0249629 0.0275937 -0.194355 -0.199369
2.17871 0.0241848 0.0265116 -0.194708 -0.208375 0.0241848 0.0275937 -0.194708 -0.199369
2.18278 0.0234053 0.0265116 -0.195049 -0.208375 0.0234053 0.0275937 -0.195049 -0.199369
2.18684 0.0226244 0.0265116 -0.195379 -0.208375 0.0226244 0.0235096 -0.195379 -0.203575
2.19098 0.0218423 0.0223402 -0.195698 -0.205059 0.0218423 0.0235096 -0.195698 -0.203575
2.19505 0.0210588 0.0223402 -0.196005 -0.205059 0.0210588 0.0235096 -0.196005 -0.203575
2.19912 0.0202742 0.0223402 -0.196301 -0.205059 0.0202742 0.0235096 -0.196301 -0.203575
2.2032 0.0194885 0.0223402 -0.196585 -0.205059 0.0194885 0.0235096 -0.196585 -0.203575
2.20727 0.0187016 0.0181689 -0.196858 -0.209213 0.0187016 0.0195651 -0.196858 -0.195599
2.21135 0.0179136 0.0181689 -0.19712 -0.209213 0.0179136 0.0195651 -0.19712 -0.195599
2.21542 0.0171246 0.0181689 -0.19737 -0.209213 0.0171246 0.0195651 -0.19737 -0.195599
2.21949 0.0163347 0.0181689 -0.197609 -0.209213 0.0163347 0.0195651 -0.197609 -0.195599
2.22356 0.0155438 0.0181689 -0.197837 -0.209213 0.0155438 0.0153938 -0.197837 -0.22623
2.22764 0.014752 0.0140674 -0.198053 -0.201289 0.014752 0.0153938 -0.198053 -0.22623
2.23171 0.0139593 0.0140674 -0.198258 -0.201289 0.0139593 0.0153938 -0.198258 -0.22623
2.23577 0.0131659 0.0140674 -0.198451 -0.201289 0.0131659 0.0153938 -0.198451 -0.22623
2.23984 0.0123718 0.0140674 -0.198633 -0.201289 0.0123718 0.0153938 -0.198633 -0.22623
2.2439 0.0115769 0.0140674 -0.198804 -0.201289 0.0115769 0.0108036 -0.198804 -0.223332
2.24797 0.0107813 0.0100705 -0.198963 -0.198828 0.0107813 0.0108036 -0.198963 -0.223332
2.25204 0.00998519 0.0100705 -0.199111 -0.198828 0.00998519 0.0108036 -0.199111 -0.223332
2.25611 0.00918846 0.0100705 -0.199248 -0.198828 0.00918846 0.0108036 -0.199248 -0.223332
2.26018 0.00839122 0.0100705 -0.199373 -0.198828 0.00839122 0.0108036 -0.199373 -0.223332
2.26426 0.0075935 0.0100705 -0.199487 -0.198828 0.0075935 0.00651008 -0.199487 -0.210853
2.26833 0.00679534 0.00595157 -0.199589 -0.197117 0.00679534 0.00651008 -0.199589 -0.210853
2.27241 0.0059968 0.00595157 -0.19968 -0.197117 0.0059968 0.00651008 -0.19968 -0.210853
2.27649 0.00519792 0.00595157 -0.19976 -0.197117 0.00519792 0.00651008 -0.19976 -0.210853
2.28056 0.00439874 0.00595157 -0.199828 -0.197117 0.00439874 0.00261799 -0.199828 -0.192021
2.28463 0.00359931 0.00595157 -0.199885 -0.197117 0.00359931 0.00261799 -0.199885 -0.192021
2.28872 0.00279967 0.00211185 -0.19993 -0.183993 0.00279967 0.00261799 -0.19993 -0.192021
2.29279 0.00199988 0.00211185 -0.199964 -0.183993 0.00199988 0.00261799 -0.199964 -0.192021
2.29696 0.00119997 0.00211185 -0.199987 -0.183993 0.00119997 0.00261799 -0.199987 -0.192021
2.30102 0.000399999 0.00211185 -0.199999 -0.183993 0.000399999 -0.00102974 -0.199999 -0.17949
2.30509 -0.000399999 -0.00158825 -0.199999 -0.185895 -0.000399999 -0.00102974 -0.199999 -0.17949
2.30916 -0.00119997 -0.00158825 -0.199987 -0.185895 -0.00119997 -0.00102974 -0.199987 -0.17949
2.31324 -0.00199988 -0.00158825 -0.199964 -0.185895 -0.00199988 -0.00102974 -0.199964 -0.17949
2.31732 -0.00279967 -0.00158825 -0.19993 -0.185895 -0.00279967 -0.00102974 -0.19993 -0.17949
2.32139 -0.00359931 -0.00158825 -0.199885 -0.185895 -0.00359931 -0.00455531 -0.199885 -0.176121
2.32546 -0.00439874 -0.00516617 -0.199828 -0.183486 -0.00439874 -0.00455531 -0.199828 -0.176121
2.32954 -0.00519792 -0.00516617 -0.19976 -0.183486 -0.00519792 -0.00455531 -0.19976 -0.176121
2.33362 -0.0059968 -0.00516617 -0.19968 -0.183486 -0.0059968 -0.00455531 -0.19968 -0.176121
2.33772 -0.00679534 -0.00516617 -0.199589 -0.183486 -0.00679534 -0.00628319 -0.199589 -0.17284
2.34183 -0.0075935 -0.00895354 -0.199487 -0.189106 -0.0075935 -0.00628319 -0.199487 -0.17284
2.34594 -0.00839122 -0.00895354 -0.199373 -0.189106 -0.00839122 -0.00628319 -0.199373 -0.17284
2.35001 -0.00918846 -0.00895354 -0.199248 -0.189106 -0.00918846 -0.00628319 -0.199248 -0.17284
2.35407 -0.00998519 -0.00895354 -0.199111 -0.189106 -0.00998519 -0.00973894 -0.199111 -0.178477
2.35814 -0.0107813 -0.00895354 -0.198963 -0.189106 -0.0107813 -0.00973894 -0.198963 -0.178477
2.36221 -0.0115769 -0.0128282 -0.198804 -0.192335 -0.0115769 -0.00973894 -0.198804 -0.178477
2.36628 -0.0123718 -0.0128282 -0.198633 -0.192335 -0.0123718 -0.00973894 -0.198633 -0.178477
2.37035 -0.0131659 -0.0128282 -0.198451 -0.192335 -0.0131659 -0.00973894 -0.198451 -0.178477
2.37443 -0.0139593 -0.0128282 -0.198258 -0.192335 -0.0139593 -0.0133692 -0.198258 -0.195372
2.3785 -0.014752 -0.0128282 -0.198053 -0.192335 -0.014752 -0.0133692 -0.198053 -0.195372
2.38258 -0.0155438 -0.0165283 -0.197837 -0.185755 -0.0155438 -0.0133692 -0.197837 -0.195372
2.38665 -0.0163347 -0.0165283 -0.197609 -0.185755 -0.0163347 -0.0133692 -0.197609 -0.195372
2.39076 -0.0171246 -0.0165283 -0.19737 -0.185755 -0.0171246 -0.0174533 -0.19737 -0.212686
2.39486 -0.0179136 -0.0165283 -0.19712 -0.185755 -0.0179136 -0.0174533 -0.19712 -0.212686
2.39894 -0.0187016 -0.0183609 -0.196858 -0.179402 -0.0187016 -0.0174533 -0.196858 -0.212686
2.40301 -0.0194885 -0.0183609 -0.196585 -0.179402 -0.0194885 -0.0174533 -0.196585 -0.212686
2.40719 -0.0202742 -0.0183609 -0.196301 -0.179402 -0.0202742 -0.0174533 -0.196301 -0.212686
2.4113 -0.0210588 -0.0183609 -0.196005 -0.179402 -0.0210588 -0.021869 -0.196005 -0.219859
2.41537 -0.0218423 -0.0183609 -0.195698 -0.179402 -0.0218423 -0.021869 -0.195698 -0.219859
2.41944 -0.0226244 -0.0219039 -0.195379 -0.181567 -0.0226244 -0.021869 -0.195379 -0.219859
2.42353 -0.0234053 -0.0219039 -0.195049 -0.181567 -0.0234053 -0.021869 -0.195049 -0.219859
2.42761 -0.0241848 -0.0219039 -0.194708 -0.181567 -0.0241848 -0.0260229 -0.194708 -0.20731
2.43168 -0.0249629 -0.0219039 -0.194355 -0.181567 -0.0249629 -0.0260229 -0.194355 -0.20731
2.43576 -0.0257396 -0.0219039 -0.193991 -0.181567 -0.0257396 -0.0260229 -0.193991 -0.20731
2.43983 -0.0265148 -0.025604 -0.193616 -0.188984 -0.0265148 -0.0260229 -0.193616 -0.20731
2.44391 -0.0272885 -0.025604 -0.193229 -0.188984 -0.0272885 -0.0260229 -0.193229 -0.20731
2.44803 -0.0280606 -0.025604 -0.192831 -0.188984 -0.0280606 -0.0281347 -0.192831 -0.200992
2.4521 -0.0288312 -0.025604 -0.192421 -0.188984 -0.0288312 -0.0281347 -0.192421 -0.200992
2.45617 -0.0296 -0.0295135 -0.192 -0.207555 -0.0296 -0.0281347 -0.192 -0.200992
2.46026 -0.0303671 -0.0295135 -0.191568 -0.207555 -0.0303671 -0.0281347 -0.191568 -0.200992
2.46433 -0.0311325 -0.0295135 -0.191124 -0.207555 -0.0311325 -0.0319395 -0.191124 -0.176924
2.46839 -0.0318961 -0.0295135 -0.190669 -0.207555 -0.0318961 -0.0319395 -0.190669 -0.176924
2.47246 -0.0326579 -0.0295135 -0.190202 -0.207555 -0.0326579 -0.0319395 -0.190202 -0.176924
2.47653 -0.0334177 -0.0337721 -0.189724 -0.217451 -0.0334177 -0.0319395 -0.189724 -0.176924
2.48061 -0.0341756 -0.0337721 -0.189235 -0.217451 -0.0341756 -0.0319395 -0.189235 -0.176924
2.48466 -0.0349316 -0.0337721 -0.188735 -0.217451 -0.0349316 -0.0353953 -0.188735 -0.181357
2.48873 -0.0356855 -0.0337721 -0.188223 -0.217451 -0.0356855 -0.0353953 -0.188223 -0.181357
2.4928 -0.0364374 -0.0337721 -0.187699 -0.217451 -0.0364374 -0.0353953 -0.187699 -0.181357
2.49688 -0.0371871 -0.0380656 -0.187164 -0.207642 -0.0371871 -0.0353953 -0.187164 -0.181357
2.50095 -0.0379347 -0.0380656 -0.186618 -0.207642 -0.0379347 -0.0391477 -0.186618 -0.192667
2.50502 -0.03868 -0.0380656 -0.186061 -0.207642 -0.03868 -0.0391477 -0.186061 -0.192667
2.50909 -0.0394231 -0.0380656 -0.185492 -0.207642 -0.0394231 -0.0391477 -0.185492 -0.192667
2.51316 -0.0401639 -0.0421322 -0.184912 -0.202441 -0.0401639 -0.0391477 -0.184912 -0.192667
2.51732 -0.0409024 -0.0421322 -0.18432 -0.202441 -0.0409024 -0.0391477 -0.18432 -0.192667
2.52143 -0.0416385 -0.0421322 -0.183717 -0.202441 -0.0416385 -0.04297 -0.183717 -0.188391
2.5255 -0.0423721 -0.0421322 -0.183103 -0.202441 -0.0423721 -0.04297 -0.183103 -0.188391
2.52956 -0.0431033 -0.0421322 -0.182477 -0.202441 -0.0431033 -0.04297 -0.182477 -0.188391
2.53364 -0.0438319 -0.0439648 -0.18184 -0.180921 -0.0438319 -0.04297 -0.18184 -0.188391
2.53771 -0.044558 -0.0439648 -0.181191 -0.180921 -0.044558 -0.0465305 -0.181191 -0.177605
2.54178 -0.0452814 -0.0439648 -0.180531 -0.180921 -0.0452814 -0.0465305 -0.180531 -0.177605
2.54586 -0.0460022 -0.0439648 -0.17986 -0.180921 -0.0460022 -0.0465305 -0.17986 -0.177605
2.54993 -0.0467203 -0.0475777 -0.179177 -0.166417 -0.0467203 -0.0465305 -0.179177 -0.177605
2.55401 -0.0474356 -0.0475777 -0.178483 -0.166417 -0.0474356 -0.0465305 -0.178483 -0.177605
2.55808 -0.0481481 -0.0475777 -0.177778 -0.166417 -0.0481481 -0.0483107 -0.177778 -0.174707
2.56215 -0.0488578 -0.0475777 -0.177061 -0.166417 -0.0488578 -0.0483107 -0.177061 -0.174707
2.56622 -0.0495646 -0.0475777 -0.176333 -0.166417 -0.0495646 -0.0483107 -0.176333 -0.174707
2.57033 -0.0502685 -0.0506669 -0.175593 -0.155683 -0.0502685 -0.0483107 -0.175593 -0.174707
2.57439 -0.0509694 -0.0506669 -0.174842 -0.155683 -0.0509694 -0.0516268 -0.174842 -0.159541
2.57846 -0.0516672 -0.0506669 -0.17408 -0.155683 -0.0516672 -0.0516268 -0.17408 -0.159541
2.58253 -0.052362 -0.0506669 -0.173306 -0.155683 -0.052362 -0.0516268 -0.173306 -0.159541
2.5866 -0.0530536 -0.0506669 -0.172521 -0.155683 -0.0530536 -0.0516268 -0.172521 -0.159541
2.59068 -0.0537421 -0.0540528 -0.171725 -0.177517 -0.0537421 -0.0516268 -0.171725 -0.159541
2.59475 -0.0544274 -0.0540528 -0.170917 -0.177517 -0.0544274 -0.0548382 -0.170917 -0.160884
2.59885 -0.0551095 -0.0540528 -0.170098 -0.177517 -0.0551095 -0.0548382 -0.170098 -0.160884
2.60293 -0.0557882 -0.0540528 -0.169267 -0.177517 -0.0557882 -0.0548382 -0.169267 -0.160884
2.607 -0.0564636 -0.0574562 -0.168425 -0.167988 -0.0564636 -0.0548382 -0.168425 -0.160884
2.61106 -0.0571356 -0.0574562 -0.167572 -0.167988 -0.0571356 -0.0582591 -0.167572 -0.175632
2.61512 -0.0578041 -0.0574562 -0.166707 -0.167988 -0.0578041 -0.0582591 -0.166707 -0.175632
2.61918 -0.0584692 -0.0574562 -0.165831 -0.167988 -0.0584692 -0.0582591 -0.165831 -0.175632
2.62326 -0.0591308 -0.0574562 -0.164944 -0.167988 -0.0591308 -0.0582591 -0.164944 -0.175632
2.62738 -0.0597887 -0.0608247 -0.164045 -0.166923 -0.0597887 -0.0582591 -0.164045 -0.175632
2.63144 -0.0604431 -0.0608247 -0.163135 -0.166923 -0.0604431 -0.0616799 -0.163135 -0.170362
2.6355 -0.0610938 -0.0608247 -0.162213 -0.166923 -0.0610938 -0.0616799 -0.162213 -0.170362
2.63956 -0.0617408 -0.0608247 -0.16128 -0.166923 -0.0617408 -0.0616799 -0.16128 -0.170362
2.64364 -0.062384 -0.0608247 -0.160336 -0.166923 -0.062384 -0.0616799 -0.160336 -0.170362
2.64772 -0.0630235 -0.0641932 -0.15938 -0.165998 -0.0630235 -0.0649262 -0.15938 -0.160448
2.65179 -0.0636591 -0.0641932 -0.158413 -0.165998 -0.0636591 -0.0649262 -0.158413 -0.160448
2.65586 -0.0642908 -0.0641932 -0.157434 -0.165998 -0.0642908 -0.0649262 -0.157434 -0.160448
2.65994 -0.0649185 -0.0641932 -0.156444 -0.165998 -0.0649185 -0.0649262 -0.156444 -0.160448
2.664 -0.0655423 -0.067457 -0.155443 -0.15879 -0.0655423 -0.0649262 -0.155443 -0.160448
2.66807 -0.066162 -0.067457 -0.154431 -0.15879 -0.066162 -0.0664447 -0.154431 -0.147672
2.67225 -0.0667777 -0.067457 -0.153407 -0.15879 -0.0667777 -0.0664447 -0.153407 -0.147672
2.67631 -0.0673893 -0.067457 -0.152371 -0.15879 -0.0673893 -0.0664447 -0.152371 -0.147672
2.68047 -0.0679967 -0.067457 -0.151324 -0.15879 -0.0679967 -0.0664447 -0.151324 -0.147672
2.68453 -0.0685999 -0.0705288 -0.150266 -0.156905 -0.0685999 -0.0664447 -0.150266 -0.147672
2.6886 -0.0691988 -0.0705288 -0.149197 -0.156905 -0.0691988 -0.0693594 -0.149197 -0.13809
2.69266 -0.0697934 -0.0705288 -0.148116 -0.156905 -0.0697934 -0.0693594 -0.148116 -0.13809
2.69673 -0.0703837 -0.0705288 -0.147024 -0.156905 -0.0703837 -0.0693594 -0.147024 -0.13809
2.70081 -0.0709696 -0.0705288 -0.14592 -0.156905 -0.0709696 -0.0693594 -0.14592 -0.13809
2.70488 -0.0715511 -0.0733562 -0.144805 -0.139888 -0.0715511 -0.072117 -0.144805 -0.141127
2.70898 -0.072128 -0.0733562 -0.143679 -0.139888 -0.072128 -0.072117 -0.143679 -0.141127
2.71317 -0.0727005 -0.0733562 -0.142541 -0.139888 -0.0727005 -0.072117 -0.142541 -0.141127
2.71723 -0.0732683 -0.0733562 -0.141392 -0.139888 -0.0732683 -0.072117 -0.141392 -0.141127
2.72129 -0.0738316 -0.0758869 -0.140231 -0.122784 -0.0738316 -0.072117 -0.140231 -0.141127
2.72536 -0.0743902 -0.0758869 -0.139059 -0.122784 -0.0743902 -0.0750666 -0.139059 -0.15132
2.72948 -0.074944 -0.0758869 -0.137876 -0.122784 -0.074944 -0.0750666 -0.137876 -0.15132
2.73354 -0.0754932 -0.0758869 -0.136681 -0.122784 -0.0754932 -0.0750666 -0.136681 -0.15132
2.7376 -0.0760375 -0.0758869 -0.135475 -0.122784 -0.0760375 -0.0750666 -0.135475 -0.15132
2.74166 -0.0765769 -0.0782082 -0.134258 -0.11753 -0.0765769 -0.0750666 -0.134258 -0.15132
2.74572 -0.0771115 -0.0782082 -0.133029 -0.11753 -0.0771115 -0.077929 -0.133029 -0.137672
2.74979 -0.0776412 -0.0782082 -0.131789 -0.11753 -0.0776412 -0.077929 -0.131789 -0.137672
2.75386 -0.0781658 -0.0782082 -0.130537 -0.11753 -0.0781658 -0.077929 -0.130537 -0.137672
2.75794 -0.0786854 -0.0782082 -0.129274 -0.11753 -0.0786854 -0.077929 -0.129274 -0.137672
2.76202 -0.0792 -0.0805469 -0.128 -0.11671 -0.0792 -0.077929 -0.128 -0.137672
2.76609 -0.0797094 -0.0805469 -0.126714 -0.11671 -0.0797094 -0.0805819 -0.126714 -0.132366
2.77017 -0.0802137 -0.0805469 -0.125417 -0.11671 -0.0802137 -0.0805819 -0.125417 -0.132366
2.77425 -0.0807128 -0.0805469 -0.124109 -0.11671 -0.0807128 -0.0805819 -0.124109 -0.132366
2.77834 -0.0812066 -0.0805469 -0.122789 -0.11671 -0.0812066 -0.0805819 -0.122789 -0.132366
2.78251 -0.0816951 -0.0828159 -0.121458 -0.113167 -0.0816951 -0.0831475 -0.121458 -0.126449
2.78658 -0.0821782 -0.0828159 -0.120115 -0.113167 -0.0821782 -0.0831475 -0.120115 -0.126449
2.79065 -0.082656 -0.0828159 -0.118761 -0.113167 -0.082656 -0.0831475 -0.118761 -0.126449
2.79471 -0.0831283 -0.0828159 -0.117396 -0.113167 -0.0831283 -0.0831475 -0.117396 -0.126449
2.79877 -0.0835951 -0.0828159 -0.116019 -0.113167 -0.0835951 -0.0831475 -0.116019 -0.126449
2.80284 -0.0840564 -0.0839678 -0.114631 -0.111369 -0.0840564 -0.0855037 -0.114631 -0.116955
2.80691 -0.0845121 -0.0839678 -0.113232 -0.111369 -0.0845121 -0.0855037 -0.113232 -0.116955
2.81098 -0.0849623 -0.0839678 -0.111821 -0.111369 -0.0849623 -0.0855037 -0.111821 -0.116955
2.81505 -0.0854067 -0.0839678 -0.110399 -0.111369 -0.0854067 -0.0855037 -0.110399 -0.116955
2.81913 -0.0858454 -0.0861145 -0.108965 -0.105715 -0.0858454 -0.0877202 -0.108965 -0.110706
2.8232 -0.0862784 -0.0861145 -0.10752 -0.105715 -0.0862784 -0.0877202 -0.10752 -0.110706
2.82726 -0.0867056 -0.0861145 -0.106064 -0.105715 -0.0867056 -0.0877202 -0.106064 -0.110706
2.83135 -0.0871269 -0.0861145 -0.104596 -0.105715 -0.0871269 -0.0877202 -0.104596 -0.110706
2.83541 -0.0875423 -0.0861145 -0.103117 -0.105715 -0.0875423 -0.0877202 -0.103117 -0.110706
2.8395 -0.0879518 -0.0881915 -0.101626 -0.106954 -0.0879518 -0.0887674 -0.101626 -0.0964993
2.84359 -0.0883553 -0.0881915 -0.100124 -0.106954 -0.0883553 -0.0887674 -0.100124 -0.0964993
2.84764 -0.0887528 -0.0881915 -0.0986112 -0.106954 -0.0887528 -0.0887674 -0.0986112 -0.0964993
2.8517 -0.0891442 -0.0881915 -0.0970866 -0.106954 -0.0891442 -0.0887674 -0.0970866 -0.0964993
2.85579 -0.0895295 -0.0881915 -0.0955506 -0.106954 -0.0895295 -0.0887674 -0.0955506 -0.0964993
2.85986 -0.0899086 -0.090443 -0.0940032 -0.112103 -0.0899086 -0.0915425 -0.0940032 -0.0897623
2.86393 -0.0902815 -0.090443 -0.0924444 -0.112103 -0.0902815 -0.0915425 -0.0924444 -0.0897623
2.868 -0.0906481 -0.090443 -0.0908743 -0.112103 -0.0906481 -0.0915425 -0.0908743 -0.0897623
2.87207 -0.0910085 -0.090443 -0.0892928 -0.112103 -0.0910085 -0.0915425 -0.0892928 -0.0897623
2.87614 -0.0913625 -0.0925897 -0.0876999 -0.101002 -0.0913625 -0.093061 -0.0876999 -0.0792729
2.88021 -0.09171 -0.0925897 -0.0860956 -0.101002 -0.09171 -0.093061 -0.0860956 -0.0792729
2.88428 -0.0920512 -0.0925897 -0.08448 -0.101002 -0.0920512 -0.093061 -0.08448 -0.0792729
2.88834 -0.0923859 -0.0925897 -0.082853 -0.101002 -0.0923859 -0.093061 -0.082853 -0.0792729
2.8924 -0.092714 -0.0925897 -0.0812146 -0.101002 -0.092714 -0.093061 -0.0812146 -0.0792729
2.89658 -0.0930356 -0.0946143 -0.0795648 -0.10006 -0.0930356 -0.0940209 -0.0795648 -0.0852419
2.90064 -0.0933505 -0.0946143 -0.0779036 -0.10006 -0.0933505 -0.0940209 -0.0779036 -0.0852419
2.9047 -0.0936588 -0.0946143 -0.0762311 -0.10006 -0.0936588 -0.0940209 -0.0762311 -0.0852419
2.90876 -0.0939603 -0.0946143 -0.0745472 -0.10006 -0.0939603 -0.0940209 -0.0745472 -0.0852419
2.91283 -0.0942551 -0.0946143 -0.0728519 -0.10006 -0.0942551 -0.0940209 -0.0728519 -0.0852419
2.91691 -0.0945431 -0.0962898 -0.0711452 -0.0774403 -0.0945431 -0.0955044 -0.0711452 -0.0681027
2.921 -0.0948243 -0.0962898 -0.0694272 -0.0774403 -0.0948243 -0.0955044 -0.0694272 -0.0681027
2.92507 -0.0950985 -0.0962898 -0.0676978 -0.0774403 -0.0950985 -0.0955044 -0.0676978 -0.0681027
2.92915 -0.0953659 -0.0962898 -0.065957 -0.0774403 -0.0953659 -0.0955044 -0.065957 -0.0681027
2.93322 -0.0956262 -0.0962898 -0.0642048 -0.0774403 -0.0956262 -0.0968658 -0.0642048 -0.0619243
2.93729 -0.0958795 -0.0977908 -0.0624412 -0.0710698 -0.0958795 -0.0968658 -0.0624412 -0.0619243
2.94137 -0.0961257 -0.0977908 -0.0606663 -0.0710698 -0.0961257 -0.0968658 -0.0606663 -0.0619243
2.94543 -0.0963648 -0.0977908 -0.05888 -0.0710698 -0.0963648 -0.0968658 -0.05888 -0.0619243
2.9495 -0.0965967 -0.0977908 -0.0570823 -0.0710698 -0.0965967 -0.0968658 -0.0570823 -0.0619243
2.95356 -0.0968214 -0.0977908 -0.0552732 -0.0710698 -0.0968214 -0.0981224 -0.0552732 -0.0651357
2.95764 -0.0970389 -0.0988904 -0.0534528 -0.0516967 -0.0970389 -0.0981224 -0.0534528 -0.0651357
2.96171 -0.0972491 -0.0988904 -0.051621 -0.0516967 -0.0972491 -0.0981224 -0.051621 -0.0651357
2.96578 -0.0974519 -0.0988904 -0.0497778 -0.0516967 -0.0974519 -0.0981224 -0.0497778 -0.0651357
2.96984 -0.0976473 -0.0988904 -0.0479232 -0.0516967 -0.0976473 -0.0981224 -0.0479232 -0.0651357
2.97392 -0.0978352 -0.0997107 -0.0460572 -0.0393572 -0.0978352 -0.0993092 -0.0460572 -0.0501608
2.978 -0.0980157 -0.0997107 -0.0441799 -0.0393572 -0.0980157 -0.0993092 -0.0441799 -0.0501608
2.98207 -0.0981886 -0.0997107 -0.0422912 -0.0393572 -0.0981886 -0.0993092 -0.0422912 -0.0501608
2.98614 -0.098354 -0.0997107 -0.0403911 -0.0393572 -0.098354 -0.0993092 -0.0403911 -0.0501608
2.99021 -0.0985118 -0.0997107 -0.0384796 -0.0393572 -0.0985118 -0.100252 -0.0384796 -0.045396
2.99428 -0.0986618 -0.100409 -0.0365568 -0.0322362 -0.0986618 -0.100252 -0.0365568 -0.045396
2.99836 -0.0988042 -0.100409 -0.0346226 -0.0322362 -0.0988042 -0.100252 -0.0346226 -0.045396
3.00242 -0.0989388 -0.100409 -0.032677 -0.0322362 -0.0989388 -0.100252 -0.032677 -0.045396
3.00647 -0.0990656 -0.100409 -0.03072 -0.0322362 -0.0990656 -0.100252 -0.03072 -0.045396
3.01053 -0.0991845 -0.100409 -0.0287516 -0.0322362 -0.0991845 -0.100932 -0.0287516 -0.0326202
3.01459 -0.0992956 -0.100845 -0.0267719 -0.0199491 -0.0992956 -0.100932 -0.0267719 -0.0326202
3.01865 -0.0993987 -0.100845 -0.0247808 -0.0199491 -0.0993987 -0.100932 -0.0247808 -0.0326202
3.02271 -0.0994938 -0.100845 -0.0227783 -0.0199491 -0.0994938 -0.100932 -0.0227783 -0.0326202
3.02678 -0.0995809 -0.100845 -0.0207644 -0.0199491 -0.0995809 -0.101194 -0.0207644 -0.0198269
3.03085 -0.0996599 -0.101089 -0.0187392 -0.0115017 -0.0996599 -0.101194 -0.0187392 -0.0198269
3.03492 -0.0997308 -0.101089 -0.0167026 -0.0115017 -0.0997308 -0.101194 -0.0167026 -0.0198269
3.039 -0.0997935 -0.101089 -0.0146546 -0.0115017 -0.0997935 -0.101194 -0.0146546 -0.0198269
3.04307 -0.099848 -0.101089 -0.0125952 -0.0115017 -0.099848 -0.101508 -0.0125952 -0.00787144
3.04714 -0.0998943 -0.101142 -0.0105244 -0.00371755 -0.0998943 -0.101508 -0.0105244 -0.00787144
3.0512 -0.0999322 -0.101142 -0.00844231 -0.00371755 -0.0999322 -0.101508 -0.00844231 -0.00787144
3.05526 -0.0999618 -0.101142 -0.0063488 -0.00371755 -0.0999618 -0.101508 -0.0063488 -0.00787144
3.05932 -0.099983 -0.101142 -0.00424391 -0.00371755 -0.099983 -0.101508 -0.00424391 -0.00787144
3.06338 -0.0999957 -0.101142 -0.00212764 -0.00371755 -0.0999957 -0.101596 -0.00212764 -0.00197222
3.06744 -0.1 -0.101194 6.66134e-16 0 -0.1 -0.101596 6.66134e-16 -0.00197222
3.0715 -0.1 -0.101194 0 0 -0.1 -0.101596 0 -0.00197222
3.07556 -0.0999957 -0.101194 0.00212764 0 -0.0999957 -0.101596 0.00212764 -0.00197222
3.07962 -0.099983 -0.101194 0.00424391 0 -0.099983 -0.101596 0.00424391 -0.00197222
3.08369 -0.0999618 -0.101194 0.0063488 0 -0.0999618 -0.101596 0.0063488 0
3.08777 -0.0999322 -0.101194 0.00844231 0 -0.0999322 -0.101596 0.00844231 0
3.09184 -0.0998943 -0.101194 0.0105244 0 -0.0998943 -0.101596 0.0105244 0
3.09592 -0.099848 -0.101194 0.0125952 0 -0.099848 -0.101596 0.0125952 0
3.09999 -0.0997935 -0.101194 0.0146546 0 -0.0997935 -0.101543 0.0146546 0.00286234
3.10406 -0.0997308 -0.101177 0.0167026 0 -0.0997308 -0.101543 0.0167026 0.00286234
3.10815 -0.0996599 -0.101177 0.0187392 0 -0.0996599 -0.101543 0.0187392 0.00286234
3.11222 -0.0995809 -0.101177 0.0207644 0 -0.0995809 -0.101543 0.0207644 0.00286234
3.11631 -0.0994938 -0.101177 0.0227783 0 -0.0994938 -0.101543 0.0227783 0.00286234
3.12037 -0.0993987 -0.101177 0.0247808 0 -0.0993987 -0.101299 0.0247808 0.0161268
3.12443 -0.0992956 -0.101072 0.0267719 0.00802851 -0.0992956 -0.101299 0.0267719 0.0161268
3.12849 -0.0991845 -0.101072 0.0287516 0.00802851 -0.0991845 -0.101299 0.0287516 0.0161268
3.13255 -0.0990656 -0.101072 0.03072 0.00802851 -0.0990656 -0.101299 0.03072 0.0161268
3.13662 -0.0989388 -0.101072 0.032677 0.00802851 -0.0989388 -0.100775 0.032677 0.0268781
3.14065 -0.0988042 -0.101072 0.0346226 0.00802851 -0.0988042 -0.100775 0.0346226 0.0268781
3.14472 -0.0986618 -0.100705 0.0365568 0.0205076 -0.0986618 -0.100775 0.0365568 0.0268781
3.1488 -0.0985118 -0.100705 0.0384796 0.0205076 -0.0985118 -0.100775 0.0384796 0.0268781
3.15287 -0.098354 -0.100705 0.0403911 0.0205076 -0.098354 -0.100775 0.0403911 0.0268781
3.15694 -0.0981886 -0.100705 0.0422912 0.0205076 -0.0981886 -0.100356 0.0422912 0.0488169
3.161 -0.0980157 -0.0999725 0.0441799 0.0392525 -0.0980157 -0.100356 0.0441799 0.0488169
3.16506 -0.0978352 -0.0999725 0.0460572 0.0392525 -0.0978352 -0.100356 0.0460572 0.0488169
3.16912 -0.0976473 -0.0999725 0.0479232 0.0392525 -0.0976473 -0.100356 0.0479232 0.0488169
3.17318 -0.0974519 -0.0999725 0.0497778 0.0392525 -0.0974519 -0.100356 0.0497778 0.0488169
3.17724 -0.0972491 -0.0999725 0.051621 0.0392525 -0.0972491 -0.0993092 0.051621 0.0570374
3.1813 -0.0970389 -0.0994663 0.0534528 0.0563916 -0.0970389 -0.0993092 0.0534528 0.0570374
3.18536 -0.0968214 -0.0994663 0.0552732 0.0563916 -0.0968214 -0.0993092 0.0552732 0.0570374
3.18943 -0.0965967 -0.0994663 0.0570823 0.0563916 -0.0965967 -0.0993092 0.0570823 0.0570374
3.1935 -0.0963648 -0.0994663 0.05888 0.0563916 -0.0963648 -0.098105 0.05888 0.0696735
3.19758 -0.0961257 -0.0994663 0.0606663 0.0563916 -0.0961257 -0.098105 0.0606663 0.0696735
3.20165 -0.0958795 -0.0981922 0.0624412 0.0706684 -0.0958795 -0.098105 0.0624412 0.0696735
3.20573 -0.0956262 -0.0981922 0.0642048 0.0706684 -0.0956262 -0.098105 0.0642048 0.0696735
3.20979 -0.0953659 -0.0981922 0.065957 0.0706684 -0.0953659 -0.096604 0.065957 0.0781035
3.21387 -0.0950985 -0.0981922 0.0676978 0.0706684 -0.0950985 -0.096604 0.0676978 0.0781035
3.21793 -0.0948243 -0.0967261 0.0694272 0.0842296 -0.0948243 -0.096604 0.0694272 0.0781035
3.22207 -0.0945431 -0.0967261 0.0711452 0.0842296 -0.0945431 -0.096604 0.0711452 0.0781035
3.22613 -0.0942551 -0.0967261 0.0728519 0.0842296 -0.0942551 -0.096604 0.0728519 0.0781035
3.23021 -0.0939603 -0.0967261 0.0745472 0.0842296 -0.0939603 -0.0949285 0.0745472 0.0863414
3.23434 -0.0936588 -0.0967261 0.0762311 0.0842296 -0.0936588 -0.0949285 0.0762311 0.0863414
3.23844 -0.0933505 -0.0949459 0.0779036 0.0965516 -0.0933505 -0.0949285 0.0779036 0.0863414
3.24253 -0.0930356 -0.0949459 0.0795648 0.0965516 -0.0930356 -0.0949285 0.0795648 0.0863414
3.24667 -0.092714 -0.0949459 0.0812146 0.0965516 -0.092714 -0.0949285 0.0812146 0.0863414
3.25077 -0.0923859 -0.0949459 0.082853 0.0965516 -0.0923859 -0.0931657 0.082853 0.0859051
3.2549 -0.0920512 -0.0949459 0.08448 0.0965516 -0.0920512 -0.0931657 0.08448 0.0859051
3.25902 -0.09171 -0.0929911 0.0860956 0.101456 -0.09171 -0.0931657 0.0860956 0.0859051
3.26313 -0.0913625 -0.0929911 0.0876999 0.101456 -0.0913625 -0.0931657 0.0876999 0.0859051
3.26727 -0.0910085 -0.0929911 0.0892928 0.101456 -0.0910085 -0.0931657 0.0892928 0.0859051
3.2714 -0.0906481 -0.0929911 0.0908743 0.101456 -0.0906481 -0.0913156 0.0908743 0.096028
3.27552 -0.0902815 -0.0929911 0.0924444 0.101456 -0.0902815 -0.0913156 0.0924444 0.096028
3.27965 -0.0899086 -0.090984 0.0940032 0.100548 -0.0899086 -0.0913156 0.0940032 0.096028
3.28378 -0.0895295 -0.090984 0.0955506 0.100548 -0.0895295 -0.0913156 0.0955506 0.096028
3.2879 -0.0891442 -0.090984 0.0970866 0.100548 -0.0891442 -0.0913156 0.0970866 0.096028
3.29202 -0.0887528 -0.090984 0.0986112 0.100548 -0.0887528 -0.0893958 0.0986112 0.0950506
3.29615 -0.0883553 -0.088942 0.100124 0.101543 -0.0883553 -0.0893958 0.100124 0.0950506
3.30027 -0.0879518 -0.088942 0.101626 0.101543 -0.0879518 -0.0893958 0.101626 0.0950506
3.30439 -0.0875423 -0.088942 0.103117 0.101543 -0.0875423 -0.0893958 0.103117 0.0950506
3.30853 -0.0871269 -0.088942 0.104596 0.101543 -0.0871269 -0.0874934 0.104596 0.094719
3.31263 -0.0867056 -0.088942 0.106064 0.101543 -0.0867056 -0.0874934 0.106064 0.094719
3.31675 -0.0862784 -0.0868476 0.10752 0.109729 -0.0862784 -0.0874934 0.10752 0.094719
3.32088 -0.0858454 -0.0868476 0.108965 0.109729 -0.0858454 -0.0874934 0.108965 0.094719
3.32499 -0.0854067 -0.0868476 0.110399 0.109729 -0.0854067 -0.0874934 0.110399 0.094719
3.32909 -0.0849623 -0.0868476 0.111821 0.109729 -0.0849623 -0.0854688 0.111821 0.103638
3.33317 -0.0845121 -0.0868476 0.113232 0.109729 -0.0845121 -0.0854688 0.113232 0.103638
3.33728 -0.0840564 -0.0846485 0.114631 0.114808 -0.0840564 -0.0854688 0.114631 0.103638
3.34136 -0.0835951 -0.0846485 0.116019 0.114808 -0.0835951 -0.0854688 0.116019 0.103638
3.34545 -0.0831283 -0.0846485 0.117396 0.114808 -0.0831283 -0.0854688 0.117396 0.103638
3.34952 -0.082656 -0.0846485 0.118761 0.114808 -0.082656 -0.0843867 0.118761 0.110881
3.35361 -0.0821782 -0.0846485 0.120115 0.114808 -0.0821782 -0.0843867 0.120115 0.110881
3.35769 -0.0816951 -0.0823097 0.121458 0.12315 -0.0816951 -0.0843867 0.121458 0.110881
3.36176 -0.0812066 -0.0823097 0.122789 0.12315 -0.0812066 -0.0843867 0.122789 0.110881
3.36584 -0.0807128 -0.0823097 0.124109 0.12315 -0.0807128 -0.0821003 0.124109 0.11788
3.36992 -0.0802137 -0.0823097 0.125417 0.12315 -0.0802137 -0.0821003 0.125417 0.11788
3.37399 -0.0797094 -0.0798139 0.126714 0.125926 -0.0797094 -0.0821003 0.126714 0.11788
3.37807 -0.0792 -0.0798139 0.128 0.125926 -0.0792 -0.0821003 0.128 0.11788
3.38215 -0.0786854 -0.0798139 0.129274 0.125926 -0.0786854 -0.0797266 0.129274 0.128055
3.38622 -0.0781658 -0.0798139 0.130537 0.125926 -0.0781658 -0.0797266 0.130537 0.128055
3.39028 -0.0776412 -0.0773006 0.131789 0.126309 -0.0776412 -0.0797266 0.131789 0.128055
3.39435 -0.0771115 -0.0773006 0.133029 0.126309 -0.0771115 -0.0797266 0.133029 0.128055
3.3985 -0.0765769 -0.0773006 0.134258 0.126309 -0.0765769 -0.0797266 0.134258 0.128055
3.40256 -0.0760375 -0.0773006 0.135475 0.126309 -0.0760375 -0.0769167 0.135475 0.148545
3.40662 -0.0754932 -0.0773006 0.136681 0.126309 -0.0754932 -0.0769167 0.136681 0.148545
3.41068 -0.074944 -0.0773006 0.137876 0.126309 -0.074944 -0.0769167 0.137876 0.148545
3.41475 -0.0743902 -0.0746652 0.139059 0.13062 -0.0743902 -0.0769167 0.139059 0.148545
3.41882 -0.0738316 -0.0746652 0.140231 0.13062 -0.0738316 -0.0769167 0.140231 0.148545
3.42289 -0.0732683 -0.0746652 0.141392 0.13062 -0.0732683 -0.074002 0.141392 0.148685
3.42696 -0.0727005 -0.0746652 0.142541 0.13062 -0.0727005 -0.074002 0.142541 0.148685
3.43103 -0.072128 -0.072117 0.143679 0.132121 -0.072128 -0.074002 0.143679 0.148685
3.43513 -0.0715511 -0.072117 0.144805 0.132121 -0.0715511 -0.074002 0.144805 0.148685
3.43923 -0.0709696 -0.072117 0.14592 0.132121 -0.0709696 -0.0708255 0.14592 0.158511
3.44332 -0.0703837 -0.072117 0.147024 0.132121 -0.0703837 -0.0708255 0.147024 0.158511
3.4474 -0.0697934 -0.072117 0.148116 0.132121 -0.0697934 -0.0708255 0.148116 0.158511
3.4515 -0.0691988 -0.0706858 0.149197 0.139906 -0.0691988 -0.0708255 0.149197 0.158511
3.45561 -0.0685999 -0.0706858 0.150266 0.139906 -0.0685999 -0.0708255 0.150266 0.158511
3.45972 -0.0679967 -0.0706858 0.151324 0.139906 -0.0679967 -0.0708255 0.151324 0.158511
3.46383 -0.0673893 -0.0706858 0.152371 0.139906 -0.0673893 -0.0677711 0.152371 0.150814
3.46794 -0.0667777 -0.0706858 0.153407 0.139906 -0.0667777 -0.0677711 0.153407 0.150814
3.47205 -0.066162 -0.0664447 0.154431 0.144391 -0.066162 -0.0677711 0.154431 0.150814
3.47615 -0.0655423 -0.0664447 0.155443 0.144391 -0.0655423 -0.0677711 0.155443 0.150814
3.48026 -0.0649185 -0.0664447 0.156444 0.144391 -0.0649185 -0.0677711 0.156444 0.150814
3.48437 -0.0642908 -0.0664447 0.157434 0.144391 -0.0642908 -0.0647168 0.157434 0.154933
3.48848 -0.0636591 -0.0664447 0.158413 0.144391 -0.0636591 -0.0647168 0.158413 0.154933
3.49259 -0.0630235 -0.0664447 0.15938 0.144391 -0.0630235 -0.0647168 0.15938 0.154933
3.49673 -0.062384 -0.0635474 0.160336 0.143309 -0.062384 -0.0647168 0.160336 0.154933
3.50084 -0.0617408 -0.0635474 0.16128 0.143309 -0.0617408 -0.0647168 0.16128 0.154933
3.50496 -0.0610938 -0.0635474 0.162213 0.143309 -0.0610938 -0.0616101 0.162213 0.158842
3.50908 -0.0604431 -0.0635474 0.163135 0.143309 -0.0604431 -0.0616101 0.163135 0.158842
3.5132 -0.0597887 -0.0600917 0.164045 0.175824 -0.0597887 -0.0616101 0.164045 0.158842
3.51732 -0.0591308 -0.0600917 0.164944 0.175824 -0.0591308 -0.0616101 0.164944 0.158842
3.52143 -0.0584692 -0.0600917 0.165831 0.175824 -0.0584692 -0.0616101 0.165831 0.158842
3.52554 -0.0578041 -0.0600917 0.166707 0.175824 -0.0578041 -0.058486 0.166707 0.162368
3.52966 -0.0571356 -0.0600917 0.167572 0.175824 -0.0571356 -0.058486 0.167572 0.162368
3.53377 -0.0564636 -0.0567057 0.168425 0.169908 -0.0564636 -0.058486 0.168425 0.162368
3.53789 -0.0557882 -0.0567057 0.169267 0.169908 -0.0557882 -0.058486 0.169267 0.162368
3.54201 -0.0551095 -0.0567057 0.170098 0.169908 -0.0551095 -0.058486 0.170098 0.162368
3.54612 -0.0544274 -0.0567057 0.170917 0.169908 -0.0544274 -0.0551 0.170917 0.178024
3.55021 -0.0537421 -0.0567057 0.171725 0.169908 -0.0537421 -0.0551 0.171725 0.178024
3.55429 -0.0530536 -0.0531104 0.172521 0.180223 -0.0530536 -0.0551 0.172521 0.178024
3.55837 -0.052362 -0.0531104 0.173306 0.180223 -0.052362 -0.0551 0.173306 0.178024
3.56245 -0.0516672 -0.0531104 0.17408 0.180223 -0.0516672 -0.051557 0.17408 0.173608
3.56656 -0.0509694 -0.0531104 0.174842 0.180223 -0.0509694 -0.051557 0.174842 0.173608
3.57064 -0.0502685 -0.0494801 0.175593 0.182631 -0.0502685 -0.051557 0.175593 0.173608
3.57471 -0.0495646 -0.0494801 0.176333 0.182631 -0.0495646 -0.051557 0.176333 0.173608
3.57877 -0.0488578 -0.0494801 0.177061 0.182631 -0.0488578 -0.051557 0.177061 0.173608
3.58285 -0.0481481 -0.0494801 0.177778 0.182631 -0.0481481 -0.0480315 0.177778 0.176872
3.58695 -0.0474356 -0.0494801 0.178483 0.182631 -0.0474356 -0.0480315 0.178483 0.176872
3.59102 -0.0467203 -0.0477697 0.179177 0.169419 -0.0467203 -0.0480315 0.179177 0.176872
3.59509 -0.0460022 -0.0477697 0.17986 0.169419 -0.0460022 -0.0480315 0.17986 0.176872
3.59917 -0.0452814 -0.0477697 0.180531 0.169419 -0.0452814 -0.0444535 0.180531 0.181584
3.60323 -0.044558 -0.0477697 0.181191 0.169419 -0.044558 -0.0444535 0.181191 0.181584
3.6073 -0.0438319 -0.0443488 0.18184 0.16989 -0.0438319 -0.0444535 0.18184 0.181584
3.61137 -0.0431033 -0.0443488 0.182477 0.16989 -0.0431033 -0.0444535 0.182477 0.181584
3.61544 -0.0423721 -0.0443488 0.183103 0.16989 -0.0423721 -0.0426209 0.183103 0.180153
3.61952 -0.0416385 -0.0443488 0.183717 0.16989 -0.0416385 -0.0426209 0.183717 0.180153
3.62358 -0.0409024 -0.0443488 0.18432 0.16989 -0.0409024 -0.0426209 0.18432 0.180153
3.62775 -0.0401639 -0.0409978 0.184912 0.17654 -0.0401639 -0.0426209 0.184912 0.180153
3.63182 -0.0394231 -0.0409978 0.185492 0.17654 -0.0394231 -0.0426209 0.185492 0.180153
3.63589 -0.03868 -0.0409978 0.186061 0.17654 -0.03868 -0.0390954 0.186061 0.173224
3.63998 -0.0379347 -0.0409978 0.186618 0.17654 -0.0379347 -0.0390954 0.186618 0.173224
3.64405 -0.0371871 -0.0409978 0.187164 0.17654 -0.0371871 -0.0390954 0.187164 0.173224
3.64812 -0.0364374 -0.0372104 0.187699 0.199125 -0.0364374 -0.0390954 0.187699 0.173224
3.65219 -0.0356855 -0.0372104 0.188223 0.199125 -0.0356855 -0.0390954 0.188223 0.173224
3.65626 -0.0349316 -0.0372104 0.188735 0.199125 -0.0349316 -0.0356571 0.188735 0.172351
3.66033 -0.0341756 -0.0372104 0.189235 0.199125 -0.0341756 -0.0356571 0.189235 0.172351
3.6644 -0.0334177 -0.0372104 0.189724 0.199125 -0.0334177 -0.0356571 0.189724 0.172351
3.66853 -0.0326579 -0.0332311 0.190202 0.209387 -0.0326579 -0.0356571 0.190202 0.172351
3.67273 -0.0318961 -0.0332311 0.190669 0.209387 -0.0318961 -0.0319395 0.190669 0.199212
3.67679 -0.0311325 -0.0332311 0.191124 0.209387 -0.0311325 -0.0319395 0.191124 0.199212
3.68085 -0.0303671 -0.0332311 0.191568 0.209387 -0.0303671 -0.0319395 0.191568 0.199212
3.68495 -0.0296 -0.0332311 0.192 0.209387 -0.0296 -0.0319395 0.192 0.199212
3.68901 -0.0288312 -0.0289725 0.192421 0.209195 -0.0288312 -0.0319395 0.192421 0.199212
3.69307 -0.0280606 -0.0289725 0.192831 0.209195 -0.0280606 -0.0279602 0.192831 0.199491
3.69715 -0.0272885 -0.0289725 0.193229 0.209195 -0.0272885 -0.0279602 0.193229 0.199491
3.70122 -0.0265148 -0.0289725 0.193616 0.209195 -0.0265148 -0.0279602 0.193616 0.199491
3.70529 -0.0257396 -0.0289725 0.193991 0.209195 -0.0257396 -0.0279602 0.193991 0.199491
3.70936 -0.0249629 -0.0248186 0.194355 0.215601 -0.0249629 -0.0238761 0.194355 0.201306
3.71343 -0.0241848 -0.0248186 0.194708 0.215601 -0.0241848 -0.0238761 0.194708 0.201306
3.71754 -0.0234053 -0.0248186 0.195049 0.215601 -0.0234053 -0.0238761 0.195049 0.201306
3.72163 -0.0226244 -0.0248186 0.195379 0.215601 -0.0226244 -0.0238761 0.195379 0.201306
3.7257 -0.0218423 -0.0205251 0.195698 0.20162 -0.0218423 -0.0238761 0.195698 0.201306
3.72976 -0.0210588 -0.0205251 0.196005 0.20162 -0.0210588 -0.0200538 0.196005 0.192545
3.73386 -0.0202742 -0.0205251 0.196301 0.20162 -0.0202742 -0.0200538 0.196301 0.192545
3.73792 -0.0194885 -0.0205251 0.196585 0.20162 -0.0194885 -0.0200538 0.196585 0.192545
3.74198 -0.0187016 -0.0205251 0.196858 0.20162 -0.0187016 -0.0200538 0.196858 0.192545
3.74604 -0.0179136 -0.0165632 0.19712 0.192492 -0.0179136 -0.0200538 0.19712 0.192545
3.7501 -0.0171246 -0.0165632 0.19737 0.192492 -0.0171246 -0.016249 0.19737 0.186244
3.75417 -0.0163347 -0.0165632 0.197609 0.192492 -0.0163347 -0.016249 0.197609 0.186244
3.75823 -0.0155438 -0.0165632 0.197837 0.192492 -0.0155438 -0.016249 0.197837 0.186244
3.7623 -0.014752 -0.0165632 0.198053 0.192492 -0.014752 -0.016249 0.198053 0.186244
3.76637 -0.0139593 -0.012706 0.198258 0.191742 -0.0139593 -0.0144688 0.198258 0.179647
3.77044 -0.0131659 -0.012706 0.198451 0.191742 -0.0131659 -0.0144688 0.198451 0.179647
3.77451 -0.0123718 -0.012706 0.198633 0.191742 -0.0123718 -0.0144688 0.198633 0.179647
3.77858 -0.0115769 -0.012706 0.198804 0.191742 -0.0115769 -0.0144688 0.198804 0.179647
3.78264 -0.0107813 -0.012706 0.198963 0.191742 -0.0107813 -0.0144688 0.198963 0.179647
3.7867 -0.00998519 -0.00897099 0.199111 0.187012 -0.00998519 -0.0108909 0.199111 0.177413
3.79076 -0.00918846 -0.00897099 0.199248 0.187012 -0.00918846 -0.0108909 0.199248 0.177413
3.79488 -0.00839122 -0.00897099 0.199373 0.187012 -0.00839122 -0.0108909 0.199373 0.177413
3.79894 -0.0075935 -0.00897099 0.199487 0.187012 -0.0075935 -0.0108909 0.199487 0.177413
3.803 -0.00679534 -0.00897099 0.199589 0.187012 -0.00679534 -0.0108909 0.199589 0.177413
3.80706 -0.0059968 -0.00527089 0.19968 0.184202 -0.0059968 -0.00729548 0.19968 0.190049
3.81113 -0.00519792 -0.00527089 0.19976 0.184202 -0.00519792 -0.00729548 0.19976 0.190049
3.8152 -0.00439874 -0.00527089 0.199828 0.184202 -0.00439874 -0.00729548 0.199828 0.190049
3.81928 -0.00359931 -0.00527089 0.199885 0.184202 -0.00359931 -0.00729548 0.199885 0.190049
3.82335 -0.00279967 -0.00171042 0.19993 0.177832 -0.00279967 -0.00331613 0.19993 0.210225
3.82742 -0.00199988 -0.00171042 0.199964 0.177832 -0.00199988 -0.00331613 0.199964 0.210225
3.83149 -0.00119997 -0.00171042 0.199987 0.177832 -0.00119997 -0.00331613 0.199987 0.210225
3.83556 -0.000399999 -0.00171042 0.199999 0.177832 -0.000399999 -0.00331613 0.199999 0.210225
3.83963 0.000399999 -0.00171042 0.199999 0.177832 0.000399999 -0.00331613 0.199999 0.210225
3.84379 0.00119997 0.00190241 0.199987 0.182649 0.00119997 0.000942478 0.199987 0.217224
3.84786 0.00199988 0.00190241 0.199964 0.182649 0.00199988 0.000942478 0.199964 0.217224
3.85192 0.00279967 0.00190241 0.19993 0.182649 0.00279967 0.000942478 0.19993 0.217224
3.85598 0.00359931 0.00190241 0.199885 0.182649 0.00359931 0.000942478 0.199885 0.217224
3.86004 0.00439874 0.00190241 0.199828 0.182649 0.00439874 0.00534071 0.199828 0.219458
3.8641 0.00519792 0.00572468 0.19976 0.192597 0.00519792 0.00534071 0.19976 0.219458
3.86817 0.0059968 0.00572468 0.19968 0.192597 0.0059968 0.00534071 0.19968 0.219458
3.87225 0.00679534 0.00572468 0.199589 0.192597 0.00679534 0.00534071 0.199589 0.219458
3.87632 0.0075935 0.00572468 0.199487 0.192597 0.0075935 0.00534071 0.199487 0.219458
3.88039 0.00839122 0.00572468 0.199373 0.192597 0.00839122 0.00954695 0.199373 0.210731
3.88446 0.00918846 0.00968658 0.199248 0.197397 0.00918846 0.00954695 0.199248 0.210731
3.88852 0.00998519 0.00968658 0.199111 0.197397 0.00998519 0.00954695 0.199111 0.210731
3.89259 0.0107813 0.00968658 0.198963 0.197397 0.0107813 0.00954695 0.198963 0.210731
3.89666 0.0115769 0.00968658 0.198804 0.197397 0.0115769 0.00954695 0.198804 0.210731
3.90073 0.0123718 0.011589 0.198633 0.188757 0.0123718 0.0115715 0.198633 0.199456
3.9048 0.0131659 0.011589 0.198451 0.188757 0.0131659 0.0115715 0.198451 0.199456
3.90886 0.0139593 0.011589 0.198258 0.188757 0.0139593 0.0115715 0.198258 0.199456
3.91305 0.014752 0.011589 0.198053 0.188757 0.014752 0.0115715 0.198053 0.199456
3.91711 0.0155438 0.011589 0.197837 0.188757 0.0155438 0.0154287 0.197837 0.183207
3.92117 0.0163347 0.0153764 0.197609 0.190904 0.0163347 0.0154287 0.197609 0.183207
3.92525 0.0171246 0.0153764 0.19737 0.190904 0.0171246 0.0154287 0.19737 0.183207
3.92932 0.0179136 0.0153764 0.19712 0.190904 0.0179136 0.0154287 0.19712 0.183207
3.93339 0.0187016 0.0153764 0.196858 0.190904 0.0187016 0.0154287 0.196858 0.183207
3.93747 0.0194885 0.0153764 0.196585 0.190904 0.0194885 0.019059 0.196585 0.178582
3.94157 0.0202742 0.0192161 0.196301 0.191375 0.0202742 0.019059 0.196301 0.178582
3.94564 0.0210588 0.0192161 0.196005 0.191375 0.0210588 0.019059 0.196005 0.178582
3.94977 0.0218423 0.0192161 0.195698 0.191375 0.0218423 0.019059 0.195698 0.178582
3.95387 0.0226244 0.0192161 0.195379 0.191375 0.0226244 0.0228638 0.195379 0.212337
3.95796 0.0234053 0.0232827 0.195049 0.220261 0.0234053 0.0228638 0.195049 0.212337
3.96202 0.0241848 0.0232827 0.194708 0.220261 0.0241848 0.0228638 0.194708 0.212337
3.96608 0.0249629 0.0232827 0.194355 0.220261 0.0249629 0.0228638 0.194355 0.212337
3.97017 0.0257396 0.0232827 0.193991 0.220261 0.0257396 0.0228638 0.193991 0.212337
3.97426 0.0265148 0.0232827 0.193616 0.220261 0.0265148 0.0271573 0.193616 0.211132
3.97833 0.0272885 0.0276111 0.193229 0.217189 0.0272885 0.0271573 0.193229 0.211132
3.98241 0.0280606 0.0276111 0.192831 0.217189 0.0280606 0.0271573 0.192831 0.211132
3.98648 0.0288312 0.0276111 0.192421 0.217189 0.0288312 0.0271573 0.192421 0.211132
3.99055 0.0296 0.0276111 0.192 0.217189 0.0296 0.0313461 0.192 0.212511
3.99463 0.0303671 0.0276111 0.191568 0.217189 0.0303671 0.0313461 0.191568 0.212511
3.9987 0.0311325 0.0319744 0.191124 0.213925 0.0311325 0.0313461 0.191124 0.212511
4.00277 0.0318961 0.0319744 0.190669 0.213925 0.0318961 0.0313461 0.190669 0.212511
4.00689 0.0326579 0.0319744 0.190202 0.213925 0.0326579 0.0313461 0.190202 0.212511
4.01099 0.0334177 0.0319744 0.189724 0.213925 0.0334177 0.0354476 0.189724 0.199509
4.01509 0.0341756 0.0319744 0.189235 0.213925 0.0341756 0.0354476 0.189235 0.199509
4.01915 0.0349316 0.0361458 0.188735 0.193348 0.0349316 0.0354476 0.188735 0.199509
4.02321 0.0356855 0.0361458 0.188223 0.193348 0.0356855 0.0354476 0.188223 0.199509
4.0273 0.0364374 0.0361458 0.187699 0.193348 0.0364374 0.0354476 0.187699 0.199509
4.03136 0.0371871 0.0361458 0.187164 0.193348 0.0371871 0.0389557 0.187164 0.174044
4.03543 0.0379347 0.039968 0.186618 0.184272 0.0379347 0.0389557 0.186618 0.174044
4.03951 0.03868 0.039968 0.186061 0.184272 0.03868 0.0389557 0.186061 0.174044
4.04358 0.0394231 0.039968 0.185492 0.184272 0.0394231 0.0389557 0.185492 0.174044
4.04765 0.0401639 0.039968 0.184912 0.184272 0.0401639 0.0407011 0.184912 0.172404
4.05172 0.0409024 0.039968 0.18432 0.184272 0.0409024 0.0407011 0.18432 0.172404
4.0559 0.0416385 0.0435809 0.183717 0.177867 0.0416385 0.0407011 0.183717 0.172404
4.0601 0.0423721 0.0435809 0.183103 0.177867 0.0423721 0.0407011 0.183103 0.172404
4.06417 0.0431033 0.0435809 0.182477 0.177867 0.0431033 0.0439998 0.182477 0.15804
4.06826 0.0438319 0.0435809 0.18184 0.177867 0.0438319 0.0439998 0.18184 0.15804
4.07232 0.044558 0.0435809 0.181191 0.177867 0.044558 0.0439998 0.181191 0.15804
4.07641 0.0452814 0.0469319 0.180531 0.167621 0.0452814 0.0439998 0.180531 0.15804
4.0805 0.0460022 0.0469319 0.17986 0.167621 0.0460022 0.0439998 0.17986 0.15804
4.08459 0.0467203 0.0469319 0.179177 0.167621 0.0467203 0.0471937 0.179177 0.163171
4.08866 0.0474356 0.0469319 0.178483 0.167621 0.0474356 0.0471937 0.178483 0.163171
4.09273 0.0481481 0.050248 0.177778 0.162159 0.0481481 0.0471937 0.177778 0.163171
4.0968 0.0488578 0.050248 0.177061 0.162159 0.0488578 0.0471937 0.177061 0.163171
4.10087 0.0495646 0.050248 0.176333 0.162159 0.0495646 0.0471937 0.176333 0.163171
4.10494 0.0502685 0.050248 0.175593 0.162159 0.0502685 0.0505447 0.175593 0.178198
4.10901 0.0509694 0.050248 0.174842 0.162159 0.0509694 0.0505447 0.174842 0.178198
4.11316 0.0516672 0.0532151 0.17408 0.147934 0.0516672 0.0505447 0.17408 0.178198
4.11722 0.052362 0.0532151 0.173306 0.147934 0.052362 0.0505447 0.173306 0.178198
4.12128 0.0530536 0.0532151 0.172521 0.147934 0.0530536 0.0505447 0.172521 0.178198
4.12541 0.0537421 0.0532151 0.171725 0.147934 0.0537421 0.0541576 0.171725 0.181322
4.12947 0.0544274 0.0532151 0.170917 0.147934 0.0544274 0.0541576 0.170917 0.181322
4.13353 0.0551095 0.0563043 0.170098 0.155736 0.0551095 0.0541576 0.170098 0.181322
4.13762 0.0557882 0.0563043 0.169267 0.155736 0.0557882 0.0541576 0.169267 0.181322
4.14169 0.0564636 0.0563043 0.168425 0.155736 0.0564636 0.0541576 0.168425 0.181322
4.14576 0.0571356 0.0563043 0.167572 0.155736 0.0571356 0.0578751 0.167572 0.18408
4.14984 0.0578041 0.0577529 0.166707 0.145543 0.0578041 0.0578751 0.166707 0.18408
4.1541 0.0584692 0.0577529 0.165831 0.145543 0.0584692 0.0578751 0.165831 0.18408
4.15818 0.0591308 0.0577529 0.164944 0.145543 0.0591308 0.0578751 0.164944 0.18408
4.16228 0.0597887 0.0577529 0.164045 0.145543 0.0597887 0.061296 0.164045 0.169594
4.16636 0.0604431 0.0577529 0.163135 0.145543 0.0604431 0.061296 0.163135 0.169594
4.17043 0.0610938 0.06072 0.162213 0.149487 0.0610938 0.061296 0.162213 0.169594
4.17449 0.0617408 0.06072 0.16128 0.149487 0.0617408 0.061296 0.16128 0.169594
4.17856 0.062384 0.06072 0.160336 0.149487 0.062384 0.061296 0.160336 0.169594
4.18262 0.0630235 0.06072 0.15938 0.149487 0.0630235 0.0645772 0.15938 0.16064
4.18669 0.0636591 0.06072 0.158413 0.149487 0.0636591 0.0645772 0.158413 0.16064
4.19078 0.0642908 0.0636871 0.157434 0.157499 0.0642908 0.0645772 0.157434 0.16064
4.19484 0.0649185 0.0636871 0.156444 0.157499 0.0649185 0.0645772 0.156444 0.16064
4.19891 0.0655423 0.0636871 0.155443 0.157499 0.0655423 0.067649 0.155443 0.154549
4.20299 0.066162 0.0636871 0.154431 0.157499 0.066162 0.067649 0.154431 0.154549
4.20706 0.0667777 0.0669508 0.153407 0.166923 0.0667777 0.067649 0.153407 0.154549
4.21114 0.0673893 0.0669508 0.152371 0.166923 0.0673893 0.067649 0.152371 0.154549
4.21521 0.0679967 0.0669508 0.151324 0.166923 0.0679967 0.067649 0.151324 0.154549
4.21929 0.0685999 0.0669508 0.150266 0.166923 0.0685999 0.0690801 0.150266 0.13624
4.22336 0.0691988 0.0703368 0.149197 0.169349 0.0691988 0.0690801 0.149197 0.13624
4.22744 0.0697934 0.0703368 0.148116 0.169349 0.0697934 0.0690801 0.148116 0.13624
4.23151 0.0703837 0.0703368 0.147024 0.169349 0.0703837 0.0690801 0.147024 0.13624
4.23558 0.0709696 0.0703368 0.14592 0.169349 0.0709696 0.0717679 0.14592 0.1298
4.23964 0.0715511 0.0703368 0.144805 0.169349 0.0715511 0.0717679 0.144805 0.1298
4.24373 0.072128 0.0736704 0.143679 0.166312 0.072128 0.0717679 0.143679 0.1298
4.24779 0.0727005 0.0736704 0.142541 0.166312 0.0727005 0.0717679 0.142541 0.1298
4.25186 0.0732683 0.0736704 0.141392 0.166312 0.0732683 0.0742289 0.141392 0.119276
4.25593 0.0738316 0.0736704 0.140231 0.166312 0.0738316 0.0742289 0.140231 0.119276
4.26 0.0743902 0.0766723 0.139059 0.148178 0.0743902 0.0742289 0.139059 0.119276
4.26407 0.074944 0.0766723 0.137876 0.148178 0.074944 0.0742289 0.137876 0.119276
4.26814 0.0754932 0.0766723 0.136681 0.148178 0.0754932 0.0742289 0.136681 0.119276
4.27229 0.0760375 0.0766723 0.135475 0.148178 0.0760375 0.0769341 0.135475 0.143309
4.2764 0.0765769 0.0766723 0.134258 0.148178 0.0765769 0.0769341 0.134258 0.143309
4.28046 0.0771115 0.0780511 0.133029 0.122784 0.0771115 0.0769341 0.133029 0.143309
4.28452 0.0776412 0.0780511 0.131789 0.122784 0.0776412 0.0769341 0.131789 0.143309
4.28858 0.0781658 0.0780511 0.130537 0.122784 0.0781658 0.0769341 0.130537 0.143309
4.29264 0.0786854 0.0780511 0.129274 0.122784 0.0786854 0.0795696 0.129274 0.129852
4.2967 0.0792 0.0780511 0.128 0.122784 0.0792 0.0795696 0.128 0.129852
4.3008 0.0797094 0.0804073 0.126714 0.118735 0.0797094 0.0795696 0.126714 0.129852
4.30486 0.0802137 0.0804073 0.125417 0.118735 0.0802137 0.0795696 0.125417 0.129852
4.30893 0.0807128 0.0804073 0.124109 0.118735 0.0807128 0.0795696 0.124109 0.129852
4.31301 0.0812066 0.0804073 0.122789 0.118735 0.0812066 0.0821177 0.122789 0.125245
4.31708 0.0816951 0.0804073 0.121458 0.118735 0.0816951 0.0821177 0.121458 0.125245
4.32115 0.0821782 0.0827112 0.120115 0.111561 0.0821782 0.0821177 0.120115 0.125245
4.32523 0.082656 0.0827112 0.118761 0.111561 0.082656 0.0821177 0.118761 0.125245
4.32933 0.0831283 0.0827112 0.117396 0.111561 0.0831283 0.0844914 0.117396 0.120201
4.3334 0.0835951 0.0827112 0.116019 0.111561 0.0835951 0.0844914 0.116019 0.120201
4.33747 0.0840564 0.0827112 0.114631 0.111561 0.0840564 0.0844914 0.114631 0.120201
4.34155 0.0845121 0.0849801 0.113232 0.117757 0.0845121 0.0844914 0.113232 0.120201
4.34561 0.0849623 0.0849801 0.111821 0.117757 0.0849623 0.0844914 0.111821 0.120201
4.34968 0.0854067 0.0849801 0.110399 0.117757 0.0854067 0.0856433 0.110399 0.112137
4.35377 0.0858454 0.0849801 0.108965 0.117757 0.0858454 0.0856433 0.108965 0.112137
4.35786 0.0862784 0.0873363 0.10752 0.119695 0.0862784 0.0856433 0.10752 0.112137
4.36192 0.0867056 0.0873363 0.106064 0.119695 0.0867056 0.0856433 0.106064 0.112137
4.36599 0.0871269 0.0873363 0.104596 0.119695 0.0871269 0.0878075 0.104596 0.105592
4.37006 0.0875423 0.0873363 0.103117 0.119695 0.0875423 0.0878075 0.103117 0.105592
4.37413 0.0879518 0.0873363 0.101626 0.119695 0.0879518 0.0878075 0.101626 0.105592
4.3782 0.0883553 0.089675 0.100124 0.106064 0.0883553 0.0878075 0.100124 0.105592
4.38227 0.0887528 0.089675 0.0986112 0.106064 0.0887528 0.0899019 0.0986112 0.100531
4.38634 0.0891442 0.089675 0.0970866 0.106064 0.0891442 0.0899019 0.0970866 0.100531
4.39044 0.0895295 0.089675 0.0955506 0.106064 0.0895295 0.0899019 0.0955506 0.100531
4.39453 0.0899086 0.089675 0.0940032 0.106064 0.0899086 0.0899019 0.0940032 0.100531
4.39859 0.0902815 0.0917694 0.0924444 0.105435 0.0902815 0.0899019 0.0924444 0.100531
4.40265 0.0906481 0.0917694 0.0908743 0.105435 0.0906481 0.0899019 0.0908743 0.100531
4.40671 0.0910085 0.0917694 0.0892928 0.105435 0.0910085 0.0919788 0.0892928 0.0976512
4.41081 0.0913625 0.0917694 0.0876999 0.105435 0.0913625 0.0919788 0.0876999 0.0976512
4.41487 0.09171 0.0917694 0.0860956 0.105435 0.09171 0.0919788 0.0860956 0.0976512
4.41894 0.0920512 0.0936369 0.08448 0.0869698 0.0920512 0.0919788 0.08448 0.0976512
4.42302 0.0923859 0.0936369 0.082853 0.0869698 0.0923859 0.0938114 0.082853 0.0909317
4.4271 0.092714 0.0936369 0.0812146 0.0869698 0.092714 0.0938114 0.0812146 0.0909317
4.43117 0.0930356 0.0936369 0.0795648 0.0869698 0.0930356 0.0938114 0.0795648 0.0909317
4.43524 0.0933505 0.0952601 0.0779036 0.0747874 0.0933505 0.0938114 0.0779036 0.0909317
4.43932 0.0936588 0.0952601 0.0762311 0.0747874 0.0936588 0.0938114 0.0762311 0.0909317
4.44349 0.0939603 0.0952601 0.0745472 0.0747874 0.0939603 0.0956091 0.0745472 0.0862018
4.44762 0.0942551 0.0952601 0.0728519 0.0747874 0.0942551 0.0956091 0.0728519 0.0862018
4.45168 0.0945431 0.0952601 0.0711452 0.0747874 0.0945431 0.0956091 0.0711452 0.0862018
4.45575 0.0948243 0.0952601 0.0694272 0.0747874 0.0948243 0.0956091 0.0694272 0.0862018
4.45981 0.0950985 0.0967087 0.0676978 0.0692547 0.0950985 0.0956091 0.0676978 0.0862018
4.4639 0.0953659 0.0967087 0.065957 0.0692547 0.0953659 0.0970229 0.065957 0.0697085
4.46797 0.0956262 0.0967087 0.0642048 0.0692547 0.0956262 0.0970229 0.0642048 0.0697085
4.47203 0.0958795 0.0967087 0.0624412 0.0692547 0.0958795 0.0970229 0.0624412 0.0697085
4.47611 0.0961257 0.0978606 0.0606663 0.0525868 0.0961257 0.0970229 0.0606663 0.0697085
4.48018 0.0963648 0.0978606 0.05888 0.0525868 0.0963648 0.0982097 0.05888 0.0567057
4.48425 0.0965967 0.0978606 0.0570823 0.0525868 0.0965967 0.0982097 0.0570823 0.0567057
4.48832 0.0968214 0.0978606 0.0552732 0.0525868 0.0968214 0.0982097 0.0552732 0.0567057
4.4924 0.0970389 0.0978606 0.0534528 0.0525868 0.0970389 0.0982097 0.0534528 0.0567057
4.49647 0.0972491 0.0988555 0.051621 0.047473 0.0972491 0.0982097 0.051621 0.0567057
4.50054 0.0974519 0.0988555 0.0497778 0.047473 0.0974519 0.0991172 0.0497778 0.0453087
4.50461 0.0976473 0.0988555 0.0479232 0.047473 0.0976473 0.0991172 0.0479232 0.0453087
4.50869 0.0978352 0.0988555 0.0460572 0.047473 0.0978352 0.0991172 0.0460572 0.0453087
4.51276 0.0980157 0.0988555 0.0441799 0.047473 0.0980157 0.0991172 0.0441799 0.0453087
4.51682 0.0981886 0.0997456 0.0422912 0.0419752 0.0981886 0.0991172 0.0422912 0.0453087
4.52088 0.098354 0.0997456 0.0403911 0.0419752 0.098354 0.0995187 0.0403911 0.0347146
4.52494 0.0985118 0.0997456 0.0384796 0.0419752 0.0985118 0.0995187 0.0384796 0.0347146
4.52901 0.0986618 0.0997456 0.0365568 0.0419752 0.0986618 0.0995187 0.0365568 0.0347146
4.53309 0.0988042 0.0997456 0.0346226 0.0419752 0.0988042 0.0995187 0.0346226 0.0347146
4.53716 0.0989388 0.100356 0.032677 0.0292866 0.0989388 0.100147 0.032677 0.0301767
4.54123 0.0990656 0.100356 0.03072 0.0292866 0.0990656 0.100147 0.03072 0.0301767
4.54532 0.0991845 0.100356 0.0287516 0.0292866 0.0991845 0.100147 0.0287516 0.0301767
4.54951 0.0992956 0.100356 0.0267719 0.0292866 0.0992956 0.100147 0.0267719 0.0301767
4.55368 0.0993987 0.10088 0.0247808 0.0234747 0.0993987 0.100147 0.0247808 0.0301767
4.55773 0.0994938 0.10088 0.0227783 0.0234747 0.0994938 0.100705 0.0227783 0.0207171
4.56192 0.0995809 0.10088 0.0207644 0.0234747 0.0995809 0.100705 0.0207644 0.0207171
4.56598 0.0996599 0.10088 0.0187392 0.0234747 0.0996599 0.100705 0.0187392 0.0207171
4.57017 0.0997308 0.10088 0.0167026 0.0234747 0.0997308 0.100705 0.0167026 0.0207171
4.57422 0.0997935 0.101212 0.0146546 0.0156731 0.0997935 0.100705 0.0146546 0.0207171
4.57828 0.099848 0.101212 0.0125952 0.0156731 0.099848 0.101107 0.0125952 0.0176104
4.58235 0.0998943 0.101212 0.0105244 0.0156731 0.0998943 0.101107 0.0105244 0.0176104
4.58642 0.0999322 0.101212 0.00844231 0.0156731 0.0999322 0.101107 0.00844231 0.0176104
4.59049 0.0999618 0.101212 0.0063488 0.0156731 0.0999618 0.101107 0.0063488 0.0176104
4.59456 0.099983 0.101386 0.00424391 0.00797615 0.099983 0.101404 0.00424391 0.0103149
4.59864 0.0999957 0.101386 0.00212764 0.00797615 0.0999957 0.101404 0.00212764 0.0103149
4.60271 0.1 0.101386 -6.66134e-16 0.00797615 0.1 0.101404 -6.66134e-16 0.0103149
4.60678 0.1 0.101386 0 0.00797615 0.1 0.101404 0 0.0103149
4.61085 0.0999957 0.101439 -0.00212764 0 0.0999957 0.101404 -0.00212764 0.0103149
4.61491 0.099983 0.101439 -0.00424391 0 0.099983 0.101526 -0.00424391 0.00301942
4.61897 0.0999618 0.101439 -0.0063488 0 0.0999618 0.101526 -0.0063488 0.00301942
4.62303 0.0999322 0.101439 -0.00844231 0 0.0999322 0.101526 -0.00844231 0.00301942
4.62709 0.0998943 0.101439 -0.0105244 0 0.0998943 0.101526 -0.0105244 0.00301942
4.63115 0.099848 0.101439 -0.0125952 0 0.099848 0.101526 -0.0125952 0.00301942
4.63521 0.0997935 0.101439 -0.0146546 0 0.0997935 0.101526 -0.0146546 0
4.63928 0.0997308 0.101439 -0.0167026 0 0.0997308 0.101526 -0.0167026 0
4.64336 0.0996599 0.101439 -0.0187392 0 0.0996599 0.101526 -0.0187392 0
4.64743 0.0995809 0.101439 -0.0207644 0 0.0995809 0.101526 -0.0207644 0
4.6515 0.0994938 0.101351 -0.0227783 -0.00747001 0.0994938 0.101439 -0.0227783 -0.00589921
4.65557 0.0993987 0.101351 -0.0247808 -0.00747001 0.0993987 0.101439 -0.0247808 -0.00589921
4.65964 0.0992956 0.101351 -0.0267719 -0.00747001 0.0992956 0.101439 -0.0267719 -0.00589921
4.66373 0.0991845 0.101351 -0.0287516 -0.00747001 0.0991845 0.101439 -0.0287516 -0.00589921
4.66782 0.0990656 0.101159 -0.03072 -0.0220261 0.0990656 0.101439 -0.03072 -0.00589921
4.67188 0.0989388 0.101159 -0.032677 -0.0220261 0.0989388 0.101089 -0.032677 -0.0212058
4.67603 0.0988042 0.101159 -0.0346226 -0.0220261 0.0988042 0.101089 -0.0346226 -0.0212058
4.68015 0.0986618 0.101159 -0.0365568 -0.0220261 0.0986618 0.101089 -0.0365568 -0.0212058
4.68427 0.0985118 0.101159 -0.0384796 -0.0220261 0.0985118 0.101089 -0.0384796 -0.0212058
4.68833 0.098354 0.101159 -0.0403911 -0.0220261 0.098354 0.100758 -0.0403911 -0.0367392
4.69239 0.0981886 0.100618 -0.0422912 -0.0397761 0.0981886 0.100758 -0.0422912 -0.0367392
4.69647 0.0980157 0.100618 -0.0441799 -0.0397761 0.0980157 0.100758 -0.0441799 -0.0367392
4.70054 0.0978352 0.100618 -0.0460572 -0.0397761 0.0978352 0.100758 -0.0460572 -0.0367392
4.70462 0.0976473 0.100618 -0.0479232 -0.0397761 0.0976473 0.0999201 -0.0479232 -0.0556236
4.70866 0.0974519 0.0996932 -0.0497778 -0.0540528 0.0974519 0.0999201 -0.0497778 -0.0556236
4.71272 0.0972491 0.0996932 -0.051621 -0.0540528 0.0972491 0.0999201 -0.051621 -0.0556236
4.71681 0.0970389 0.0996932 -0.0534528 -0.0540528 0.0970389 0.0999201 -0.0534528 -0.0556236
4.72087 0.0968214 0.0996932 -0.0552732 -0.0540528 0.0968214 0.0999201 -0.0552732 -0.0556236
4.72493 0.0965967 0.0996932 -0.0570823 -0.0540528 0.0965967 0.0986809 -0.0570823 -0.0657466
4.72912 0.0963648 0.0984889 -0.05888 -0.0736354 0.0963648 0.0986809 -0.05888 -0.0657466
4.73318 0.0961257 0.0984889 -0.0606663 -0.0736354 0.0961257 0.0986809 -0.0606663 -0.0657466
4.73728 0.0958795 0.0984889 -0.0624412 -0.0736354 0.0958795 0.0986809 -0.0624412 -0.0657466
4.74139 0.0956262 0.0984889 -0.0642048 -0.0736354 0.0956262 0.0971276 -0.0642048 -0.0811229
4.74545 0.0953659 0.0984889 -0.065957 -0.0736354 0.0953659 0.0971276 -0.065957 -0.0811229
4.74951 0.0950985 0.0969356 -0.0676978 -0.0811229 0.0950985 0.0971276 -0.0676978 -0.0811229
4.75359 0.0948243 0.0969356 -0.0694272 -0.0811229 0.0948243 0.0971276 -0.0694272 -0.0811229
4.75766 0.0945431 0.0969356 -0.0711452 -0.0811229 0.0945431 0.0971276 -0.0711452 -0.0811229
4.76173 0.0942551 0.0969356 -0.0728519 -0.0811229 0.0942551 0.0953473 -0.0728519 -0.0905477
4.7658 0.0939603 0.0969356 -0.0745472 -0.0811229 0.0939603 0.0953473 -0.0745472 -0.0905477
4.76993 0.0936588 0.0952601 -0.0762311 -0.0938464 0.0936588 0.0953473 -0.0762311 -0.0905477
4.77412 0.0933505 0.0952601 -0.0779036 -0.0938464 0.0933505 0.0953473 -0.0779036 -0.0905477
4.77823 0.0930356 0.0952601 -0.0795648 -0.0938464 0.0930356 0.0944398 -0.0795648 -0.0923977
4.78234 0.092714 0.0952601 -0.0812146 -0.0938464 0.092714 0.0944398 -0.0812146 -0.0923977
4.78655 0.0923859 0.0952601 -0.082853 -0.0938464 0.0923859 0.0944398 -0.082853 -0.0923977
4.79061 0.0920512 0.0933228 -0.08448 -0.0971101 0.0920512 0.0944398 -0.08448 -0.0923977
4.79471 0.09171 0.0933228 -0.0860956 -0.0971101 0.09171 0.0944398 -0.0860956 -0.0923977
4.79878 0.0913625 0.0933228 -0.0876999 -0.0971101 0.0913625 0.0944398 -0.0876999 -0.0923977
4.80285 0.0910085 0.0933228 -0.0892928 -0.0971101 0.0910085 0.0926072 -0.0892928 -0.0834965
4.80692 0.0906481 0.0933228 -0.0908743 -0.0971101 0.0906481 0.0926072 -0.0908743 -0.0834965
4.811 0.0902815 0.0914029 -0.0924444 -0.0955917 0.0902815 0.0926072 -0.0924444 -0.0834965
4.81507 0.0899086 0.0914029 -0.0940032 -0.0955917 0.0899086 0.0926072 -0.0940032 -0.0834965
4.81915 0.0895295 0.0914029 -0.0955506 -0.0955917 0.0895295 0.0899717 -0.0955506 -0.0933577
4.82322 0.0891442 0.0914029 -0.0970866 -0.0955917 0.0891442 0.0899717 -0.0970866 -0.0933577
4.82732 0.0887528 0.0894132 -0.0986112 -0.103097 0.0887528 0.0899717 -0.0986112 -0.0933577
4.83141 0.0883553 0.0894132 -0.100124 -0.103097 0.0883553 0.0899717 -0.100124 -0.0933577
4.83547 0.0879518 0.0894132 -0.101626 -0.103097 0.0879518 0.0889071 -0.101626 -0.111387
4.83964 0.0875423 0.0894132 -0.103117 -0.103097 0.0875423 0.0889071 -0.103117 -0.111387
4.84371 0.0871269 0.0894132 -0.104596 -0.103097 0.0871269 0.0889071 -0.104596 -0.111387
4.84787 0.0867056 0.0873537 -0.106064 -0.102468 0.0867056 0.0889071 -0.106064 -0.111387
4.85194 0.0862784 0.0873537 -0.10752 -0.102468 0.0862784 0.0889071 -0.10752 -0.111387
4.856 0.0858454 0.0873537 -0.108965 -0.102468 0.0858454 0.0866032 -0.108965 -0.111352
4.86007 0.0854067 0.0873537 -0.110399 -0.102468 0.0854067 0.0866032 -0.110399 -0.111352
4.86414 0.0849623 0.0873537 -0.111821 -0.102468 0.0849623 0.0866032 -0.111821 -0.111352
4.86822 0.0845121 0.0851546 -0.113232 -0.111998 0.0845121 0.0866032 -0.113232 -0.111352
4.87229 0.0840564 0.0851546 -0.114631 -0.111998 0.0840564 0.0866032 -0.114631 -0.111352
4.87637 0.0835951 0.0851546 -0.116019 -0.111998 0.0835951 0.0844739 -0.116019 -0.107844
4.88044 0.0831283 0.0851546 -0.117396 -0.111998 0.0831283 0.0844739 -0.117396 -0.107844
4.88451 0.082656 0.0828682 -0.118761 -0.113953 0.082656 0.0844739 -0.118761 -0.107844
4.88857 0.0821782 0.0828682 -0.120115 -0.113953 0.0821782 0.0844739 -0.120115 -0.107844
4.89264 0.0816951 0.0828682 -0.121458 -0.113953 0.0816951 0.0821526 -0.121458 -0.12535
4.8967 0.0812066 0.0828682 -0.122789 -0.113953 0.0812066 0.0821526 -0.122789 -0.12535
4.90076 0.0807128 0.0828682 -0.124109 -0.113953 0.0807128 0.0821526 -0.124109 -0.12535
4.90482 0.0802137 0.0805819 -0.125417 -0.114127 0.0802137 0.0821526 -0.125417 -0.12535
4.90888 0.0797094 0.0805819 -0.126714 -0.114127 0.0797094 0.0821526 -0.126714 -0.12535
4.91294 0.0792 0.0805819 -0.128 -0.114127 0.0792 0.0795696 -0.128 -0.126519
4.91701 0.0786854 0.0805819 -0.129274 -0.114127 0.0786854 0.0795696 -0.129274 -0.126519
4.92108 0.0781658 0.0805819 -0.130537 -0.114127 0.0781658 0.0795696 -0.130537 -0.126519
4.92515 0.0776412 0.0781558 -0.131789 -0.124739 0.0776412 0.0795696 -0.131789 -0.126519
4.92922 0.0771115 0.0781558 -0.133029 -0.124739 0.0771115 0.0795696 -0.133029 -0.126519
4.93329 0.0765769 0.0781558 -0.134258 -0.124739 0.0765769 0.0770039 -0.134258 -0.128788
4.93736 0.0760375 0.0781558 -0.135475 -0.124739 0.0760375 0.0770039 -0.135475 -0.128788
4.94146 0.0754932 0.0756251 -0.136681 -0.1261 0.0754932 0.0770039 -0.136681 -0.128788
4.9456 0.074944 0.0756251 -0.137876 -0.1261 0.074944 0.0770039 -0.137876 -0.128788
4.94979 0.0743902 0.0756251 -0.139059 -0.1261 0.0743902 0.0770039 -0.139059 -0.128788
4.95398 0.0738316 0.0756251 -0.140231 -0.1261 0.0738316 0.0741939 -0.140231 -0.139557
4.95804 0.0732683 0.0756251 -0.141392 -0.1261 0.0732683 0.0741939 -0.141392 -0.139557
4.9621 0.0727005 0.0756251 -0.142541 -0.1261 0.0727005 0.0741939 -0.142541 -0.139557
4.96617 0.072128 0.0730246 -0.143679 -0.129381 0.072128 0.0741939 -0.143679 -0.139557
4.97024 0.0715511 0.0730246 -0.144805 -0.129381 0.0715511 0.0713491 -0.144805 -0.140796
4.97432 0.0709696 0.0730246 -0.14592 -0.129381 0.0709696 0.0713491 -0.14592 -0.140796
4.97839 0.0703837 0.0730246 -0.147024 -0.129381 0.0703837 0.0713491 -0.147024 -0.140796
4.98246 0.0697934 0.0702844 -0.148116 -0.138335 0.0697934 0.0713491 -0.148116 -0.140796
4.98653 0.0691988 0.0702844 -0.149197 -0.138335 0.0691988 0.0713491 -0.149197 -0.140796
4.99064 0.0685999 0.0702844 -0.150266 -0.138335 0.0685999 0.0686089 -0.150266 -0.138893
4.99481 0.0679967 0.0702844 -0.151324 -0.138335 0.0679967 0.0686089 -0.151324 -0.138893
4.99888 0.0673893 0.0702844 -0.152371 -0.138335 0.0673893 0.0686089 -0.152371 -0.138893
5.00306 0.0667777 0.0672475 -0.153407 -0.152018 0.0667777 0.0686089 -0.153407 -0.138893
5.00716 0.066162 0.0672475 -0.154431 -0.152018 0.066162 0.0686089 -0.154431 -0.138893
5.01122 0.0655423 0.0672475 -0.155443 -0.152018 0.0655423 0.0671079 -0.155443 -0.150325
5.01533 0.0649185 0.0672475 -0.156444 -0.152018 0.0649185 0.0671079 -0.156444 -0.150325
5.01939 0.0642908 0.0672475 -0.157434 -0.152018 0.0642908 0.0671079 -0.157434 -0.150325
5.02346 0.0636591 0.064071 -0.158413 -0.158266 0.0636591 0.0671079 -0.158413 -0.150325
5.02753 0.0630235 0.064071 -0.15938 -0.158266 0.0630235 0.0625526 -0.15938 -0.152681
5.0316 0.062384 0.064071 -0.160336 -0.158266 0.062384 0.0625526 -0.160336 -0.152681
5.03567 0.0617408 0.064071 -0.16128 -0.158266 0.0617408 0.0625526 -0.16128 -0.152681
5.03974 0.0610938 0.064071 -0.162213 -0.158266 0.0610938 0.0625526 -0.162213 -0.152681
5.04381 0.0604431 0.0609469 -0.163135 -0.157673 0.0604431 0.0625526 -0.163135 -0.152681
5.04787 0.0597887 0.0609469 -0.164045 -0.157673 0.0597887 0.0609818 -0.164045 -0.155788
5.05196 0.0591308 0.0609469 -0.164944 -0.157673 0.0591308 0.0609818 -0.164944 -0.155788
5.05603 0.0584692 0.0609469 -0.165831 -0.157673 0.0584692 0.0609818 -0.165831 -0.155788
5.06009 0.0578041 0.0609469 -0.166707 -0.157673 0.0578041 0.0609818 -0.166707 -0.155788
5.06428 0.0571356 0.0574388 -0.167572 -0.174393 0.0571356 0.0609818 -0.167572 -0.155788
5.06834 0.0564636 0.0574388 -0.168425 -0.174393 0.0564636 0.0576831 -0.168425 -0.174097
5.0724 0.0557882 0.0574388 -0.169267 -0.174393 0.0557882 0.0576831 -0.169267 -0.174097
5.07647 0.0551095 0.0574388 -0.170098 -0.174393 0.0551095 0.0576831 -0.170098 -0.174097
5.08054 0.0544274 0.054175 -0.170917 -0.165108 0.0544274 0.0576831 -0.170917 -0.174097
5.08461 0.0537421 0.054175 -0.171725 -0.165108 0.0537421 0.0544019 -0.171725 -0.164201
5.08865 0.0530536 0.054175 -0.172521 -0.165108 0.0530536 0.0544019 -0.172521 -0.164201
5.09273 0.052362 0.054175 -0.173306 -0.165108 0.052362 0.0544019 -0.173306 -0.164201
5.0968 0.0516672 0.054175 -0.17408 -0.165108 0.0516672 0.0544019 -0.17408 -0.164201
5.10087 0.0509694 0.0524471 -0.174842 -0.176383 0.0509694 0.0508763 -0.174842 -0.189578
5.10493 0.0502685 0.0524471 -0.175593 -0.176383 0.0502685 0.0508763 -0.175593 -0.189578
5.10912 0.0495646 0.0524471 -0.176333 -0.176383 0.0495646 0.0508763 -0.176333 -0.189578
5.11318 0.0488578 0.0524471 -0.177061 -0.176383 0.0488578 0.0508763 -0.177061 -0.189578
5.11724 0.0481481 0.0489914 -0.177778 -0.163031 0.0481481 0.0508763 -0.177778 -0.189578
5.1213 0.0474356 0.0489914 -0.178483 -0.163031 0.0474356 0.0471588 -0.178483 -0.185389
5.12536 0.0467203 0.0489914 -0.179177 -0.163031 0.0467203 0.0471588 -0.179177 -0.185389
5.12942 0.0460022 0.0489914 -0.17986 -0.163031 0.0460022 0.0471588 -0.17986 -0.185389
5.13349 0.0452814 0.0489914 -0.180531 -0.163031 0.0452814 0.0471588 -0.180531 -0.185389
5.13756 0.044558 0.0456927 -0.181191 -0.183644 0.044558 0.0471588 -0.181191 -0.185389
5.14163 0.0438319 0.0456927 -0.18184 -0.183644 0.0438319 0.0434587 -0.18184 -0.184411
5.1457 0.0431033 0.0456927 -0.182477 -0.183644 0.0431033 0.0434587 -0.182477 -0.184411
5.14978 0.0423721 0.0456927 -0.183103 -0.183644 0.0423721 0.0434587 -0.183103 -0.184411
5.15385 0.0416385 0.0417308 -0.183717 -0.206752 0.0416385 0.0434587 -0.183717 -0.184411
5.15792 0.0409024 0.0417308 -0.18432 -0.206752 0.0409024 0.0397237 -0.18432 -0.18497
5.16201 0.0401639 0.0417308 -0.184912 -0.206752 0.0401639 0.0397237 -0.184912 -0.18497
5.16608 0.0394231 0.0417308 -0.185492 -0.206752 0.0394231 0.0397237 -0.185492 -0.18497
5.17014 0.03868 0.0417308 -0.186061 -0.206752 0.03868 0.0397237 -0.186061 -0.18497
5.17423 0.0379347 0.0377515 -0.186618 -0.20073 0.0379347 0.0397237 -0.186618 -0.18497
5.17829 0.0371871 0.0377515 -0.187164 -0.20073 0.0371871 0.0380482 -0.187164 -0.169122
5.18236 0.0364374 0.0377515 -0.187699 -0.20073 0.0364374 0.0380482 -0.187699 -0.169122
5.18642 0.0356855 0.0377515 -0.188223 -0.20073 0.0356855 0.0380482 -0.188223 -0.169122
5.19049 0.0349316 0.0377515 -0.188735 -0.20073 0.0349316 0.0380482 -0.188735 -0.169122
5.19457 0.0341756 0.0337372 -0.189235 -0.200695 0.0341756 0.0380482 -0.189235 -0.169122
5.19864 0.0334177 0.0337372 -0.189724 -0.200695 0.0334177 0.0346273 -0.189724 -0.176104
5.20271 0.0326579 0.0337372 -0.190202 -0.200695 0.0326579 0.0346273 -0.190202 -0.176104
5.20679 0.0318961 0.0337372 -0.190669 -0.200695 0.0318961 0.0346273 -0.190669 -0.176104
5.21086 0.0311325 0.0337372 -0.191124 -0.200695 0.0311325 0.0346273 -0.191124 -0.176104
5.21493 0.0303671 0.0297579 -0.191568 -0.194028 0.0303671 0.0312065 -0.191568 -0.170746
5.219 0.0296 0.0297579 -0.192 -0.194028 0.0296 0.0312065 -0.192 -0.170746
5.22307 0.0288312 0.0297579 -0.192421 -0.194028 0.0288312 0.0312065 -0.192421 -0.170746
5.22724 0.0280606 0.0297579 -0.192831 -0.194028 0.0280606 0.0312065 -0.192831 -0.170746
5.23131 0.0272885 0.0259705 -0.193229 -0.192894 0.0272885 0.0312065 -0.193229 -0.170746
5.23537 0.0265148 0.0259705 -0.193616 -0.192894 0.0265148 0.0275238 -0.193616 -0.198584
5.23944 0.0257396 0.0259705 -0.193991 -0.192894 0.0257396 0.0275238 -0.193991 -0.198584
5.2435 0.0249629 0.0259705 -0.194355 -0.192894 0.0249629 0.0275238 -0.194355 -0.198584
5.24758 0.0241848 0.0259705 -0.194708 -0.192894 0.0241848 0.0275238 -0.194708 -0.198584
5.25165 0.0234053 0.0223751 -0.195049 -0.178111 0.0234053 0.02337 -0.195049 -0.210085
5.25572 0.0226244 0.0223751 -0.195379 -0.178111 0.0226244 0.02337 -0.195379 -0.210085
5.25979 0.0218423 0.0223751 -0.195698 -0.178111 0.0218423 0.02337 -0.195698 -0.210085
5.26387 0.0210588 0.0223751 -0.196005 -0.178111 0.0210588 0.02337 -0.196005 -0.210085
5.26794 0.0202742 0.0223751 -0.196301 -0.178111 0.0202742 0.02337 -0.196301 -0.210085
5.27201 0.0194885 0.0205425 -0.196585 -0.190433 0.0194885 0.0191288 -0.196585 -0.209928
5.27608 0.0187016 0.0205425 -0.196858 -0.190433 0.0187016 0.0191288 -0.196858 -0.209928
5.28014 0.0179136 0.0205425 -0.19712 -0.190433 0.0179136 0.0191288 -0.19712 -0.209928
5.28424 0.0171246 0.0205425 -0.19737 -0.190433 0.0171246 0.0191288 -0.19737 -0.209928
5.28835 0.0163347 0.0205425 -0.197609 -0.190433 0.0163347 0.0191288 -0.197609 -0.209928
5.29246 0.0155438 0.0167028 -0.197837 -0.182265 0.0155438 0.0149051 -0.197837 -0.208916
5.29657 0.014752 0.0167028 -0.198053 -0.182265 0.014752 0.0149051 -0.198053 -0.208916
5.3007 0.0139593 0.0167028 -0.198258 -0.182265 0.0139593 0.0149051 -0.198258 -0.208916
5.3048 0.0131659 0.0167028 -0.198451 -0.182265 0.0131659 0.0149051 -0.198451 -0.208916
5.3089 0.0123718 0.0167028 -0.198633 -0.182265 0.0123718 0.0149051 -0.198633 -0.208916
5.313 0.0115769 0.0131772 -0.198804 -0.18113 0.0115769 0.011013 -0.198804 -0.194395
5.31712 0.0107813 0.0131772 -0.198963 -0.18113 0.0107813 0.011013 -0.198963 -0.194395
5.32122 0.00998519 0.0131772 -0.199111 -0.18113 0.00998519 0.011013 -0.199111 -0.194395
5.3256 0.00918846 0.0131772 -0.199248 -0.18113 0.00918846 0.011013 -0.199248 -0.194395
5.32996 0.00839122 0.0131772 -0.199373 -0.18113 0.00839122 0.011013 -0.199373 -0.194395
5.33408 0.0075935 0.00705113 -0.199487 -0.217032 0.0075935 0.00719076 -0.199487 -0.189787
5.3382 0.00679534 0.00705113 -0.199589 -0.217032 0.00679534 0.00719076 -0.199589 -0.189787
5.34231 0.0059968 0.00705113 -0.19968 -0.217032 0.0059968 0.00719076 -0.19968 -0.189787
5.34641 0.00519792 0.00705113 -0.19976 -0.217032 0.00519792 0.00719076 -0.19976 -0.189787
5.35052 0.00439874 0.00705113 -0.199828 -0.217032 0.00439874 0.00719076 -0.199828 -0.189787
5.35463 0.00359931 0.00270526 -0.199885 -0.217992 0.00359931 0.00345575 -0.199885 -0.185302
5.35874 0.00279967 0.00270526 -0.19993 -0.217992 0.00279967 0.00345575 -0.19993 -0.185302
5.36284 0.00199988 0.00270526 -0.199964 -0.217992 0.00199988 0.00345575 -0.199964 -0.185302
5.36692 0.00119997 0.00270526 -0.199987 -0.217992 0.00119997 0.00345575 -0.199987 -0.185302
5.37101 0.000399999 -0.00179769 -0.199999 -0.225915 0.000399999 -0.000366519 -0.199999 -0.191655
5.37509 -0.000399999 -0.00179769 -0.199999 -0.225915 -0.000399999 -0.000366519 -0.199999 -0.191655
5.37917 -0.00119997 -0.00179769 -0.199987 -0.225915 -0.00119997 -0.000366519 -0.199987 -0.191655
5.38325 -0.00199988 -0.00179769 -0.199964 -0.225915 -0.00199988 -0.000366519 -0.199964 -0.191655
5.38736 -0.00279967 -0.00179769 -0.19993 -0.225915 -0.00279967 -0.000366519 -0.19993 -0.191655
5.39147 -0.00359931 -0.00558505 -0.199885 -0.18511 -0.00359931 -0.00415388 -0.199885 -0.191288
5.39554 -0.00439874 -0.00558505 -0.199828 -0.18511 -0.00439874 -0.00415388 -0.199828 -0.191288
5.39961 -0.00519792 -0.00558505 -0.19976 -0.18511 -0.00519792 -0.00415388 -0.19976 -0.191288
5.40368 -0.0059968 -0.00558505 -0.19968 -0.18511 -0.0059968 -0.00415388 -0.19968 -0.191288
5.40775 -0.00679534 -0.00558505 -0.199589 -0.18511 -0.00679534 -0.00811578 -0.199589 -0.19881
5.41182 -0.0075935 -0.00745256 -0.199487 -0.179333 -0.0075935 -0.00811578 -0.199487 -0.19881
5.4159 -0.00839122 -0.00745256 -0.199373 -0.179333 -0.00839122 -0.00811578 -0.199373 -0.19881
5.41997 -0.00918846 -0.00745256 -0.199248 -0.179333 -0.00918846 -0.00811578 -0.199248 -0.19881
5.42405 -0.00998519 -0.00745256 -0.199111 -0.179333 -0.00998519 -0.00811578 -0.199111 -0.19881
5.42812 -0.0107813 -0.0109607 -0.198963 -0.173241 -0.0107813 -0.0100356 -0.198963 -0.180834
5.43223 -0.0115769 -0.0109607 -0.198804 -0.173241 -0.0115769 -0.0100356 -0.198804 -0.180834
5.43629 -0.0123718 -0.0109607 -0.198633 -0.173241 -0.0123718 -0.0100356 -0.198633 -0.180834
5.4404 -0.0131659 -0.0109607 -0.198451 -0.173241 -0.0131659 -0.0100356 -0.198451 -0.180834
5.44463 -0.0139593 -0.0109607 -0.198258 -0.173241 -0.0139593 -0.0100356 -0.198258 -0.180834
5.44882 -0.014752 -0.0109607 -0.198053 -0.173241 -0.014752 -0.0136659 -0.198053 -0.192335
5.45293 -0.0155438 -0.0143815 -0.197837 -0.176662 -0.0155438 -0.0136659 -0.197837 -0.192335
5.45699 -0.0163347 -0.0143815 -0.197609 -0.176662 -0.0163347 -0.0136659 -0.197609 -0.192335
5.46106 -0.0171246 -0.0143815 -0.19737 -0.176662 -0.0171246 -0.0136659 -0.19737 -0.192335
5.46513 -0.0179136 -0.0143815 -0.19712 -0.176662 -0.0179136 -0.0175057 -0.19712 -0.198077
5.4692 -0.0187016 -0.0181689 -0.196858 -0.205076 -0.0187016 -0.0175057 -0.196858 -0.198077
5.47327 -0.0194885 -0.0181689 -0.196585 -0.205076 -0.0194885 -0.0175057 -0.196585 -0.198077
5.47737 -0.0202742 -0.0181689 -0.196301 -0.205076 -0.0202742 -0.0175057 -0.196301 -0.198077
5.48148 -0.0210588 -0.0181689 -0.196005 -0.205076 -0.0210588 -0.0175057 -0.196005 -0.198077
5.48554 -0.0218423 -0.0181689 -0.195698 -0.205076 -0.0218423 -0.0216595 -0.195698 -0.213593
5.48961 -0.0226244 -0.0223577 -0.195379 -0.21403 -0.0226244 -0.0216595 -0.195379 -0.213593
5.49367 -0.0234053 -0.0223577 -0.195049 -0.21403 -0.0234053 -0.0216595 -0.195049 -0.213593
5.49773 -0.0241848 -0.0223577 -0.194708 -0.21403 -0.0241848 -0.0216595 -0.194708 -0.213593
5.50179 -0.0249629 -0.0223577 -0.194355 -0.21403 -0.0249629 -0.0216595 -0.194355 -0.213593
5.50585 -0.0257396 -0.0223577 -0.193991 -0.21403 -0.0257396 -0.0260054 -0.193991 -0.218969
5.50992 -0.0265148 -0.0266337 -0.193616 -0.214414 -0.0265148 -0.0260054 -0.193616 -0.218969
5.51399 -0.0272885 -0.0266337 -0.193229 -0.214414 -0.0272885 -0.0260054 -0.193229 -0.218969
5.51806 -0.0280606 -0.0266337 -0.192831 -0.214414 -0.0280606 -0.0260054 -0.192831 -0.218969
5.52213 -0.0288312 -0.0266337 -0.192421 -0.214414 -0.0288312 -0.0260054 -0.192421 -0.218969
5.5262 -0.0296 -0.0266337 -0.192 -0.214414 -0.0296 -0.0302116 -0.192 -0.201306
5.53027 -0.0303671 -0.0308749 -0.191568 -0.205984 -0.0303671 -0.0302116 -0.191568 -0.201306
5.53434 -0.0311325 -0.0308749 -0.191124 -0.205984 -0.0311325 -0.0302116 -0.191124 -0.201306
5.53853 -0.0318961 -0.0308749 -0.190669 -0.205984 -0.0318961 -0.0302116 -0.190669 -0.201306
5.54272 -0.0326579 -0.0308749 -0.190202 -0.205984 -0.0326579 -0.0342434 -0.190202 -0.196524
5.54691 -0.0334177 -0.0308749 -0.189724 -0.205984 -0.0334177 -0.0342434 -0.189724 -0.196524
5.55114 -0.0341756 -0.0348891 -0.189235 -0.196611 -0.0341756 -0.0342434 -0.189235 -0.196524
5.55521 -0.0349316 -0.0348891 -0.188735 -0.196611 -0.0349316 -0.0342434 -0.188735 -0.196524
5.55931 -0.0356855 -0.0348891 -0.188223 -0.196611 -0.0356855 -0.0342434 -0.188223 -0.196524
5.5634 -0.0364374 -0.0348891 -0.187699 -0.196611 -0.0364374 -0.0379435 -0.187699 -0.178634
5.56746 -0.0371871 -0.0388859 -0.187164 -0.196315 -0.0371871 -0.0379435 -0.187164 -0.178634
5.57153 -0.0379347 -0.0388859 -0.186618 -0.196315 -0.0379347 -0.0379435 -0.186618 -0.178634
5.5756 -0.03868 -0.0388859 -0.186061 -0.196315 -0.03868 -0.0379435 -0.186061 -0.178634
5.57968 -0.0394231 -0.0388859 -0.185492 -0.196315 -0.0394231 -0.0379435 -0.185492 -0.178634
5.58375 -0.0401639 -0.0388859 -0.184912 -0.196315 -0.0401639 -0.0414865 -0.184912 -0.178181
5.58782 -0.0409024 -0.0426908 -0.18432 -0.181811 -0.0409024 -0.0414865 -0.18432 -0.178181
5.59189 -0.0416385 -0.0426908 -0.183717 -0.181811 -0.0416385 -0.0414865 -0.183717 -0.178181
5.59596 -0.0423721 -0.0426908 -0.183103 -0.181811 -0.0423721 -0.0414865 -0.183103 -0.178181
5.60006 -0.0431033 -0.0426908 -0.182477 -0.181811 -0.0431033 -0.045012 -0.182477 -0.177308
5.60416 -0.0438319 -0.0426908 -0.18184 -0.181811 -0.0438319 -0.045012 -0.18184 -0.177308
5.60825 -0.044558 -0.0462861 -0.181191 -0.176208 -0.044558 -0.045012 -0.181191 -0.177308
5.61231 -0.0452814 -0.0462861 -0.180531 -0.176208 -0.0452814 -0.045012 -0.180531 -0.177308
5.61637 -0.0460022 -0.0462861 -0.17986 -0.176208 -0.0460022 -0.045012 -0.17986 -0.177308
5.62047 -0.0467203 -0.0462861 -0.179177 -0.176208 -0.0467203 -0.0482758 -0.179177 -0.155945
5.62455 -0.0474356 -0.0495499 -0.178483 -0.163834 -0.0474356 -0.0482758 -0.178483 -0.155945
5.62863 -0.0481481 -0.0495499 -0.177778 -0.163834 -0.0481481 -0.0482758 -0.177778 -0.155945
5.63271 -0.0488578 -0.0495499 -0.177061 -0.163834 -0.0488578 -0.0482758 -0.177061 -0.155945
5.63678 -0.0495646 -0.0495499 -0.176333 -0.163834 -0.0495646 -0.0482758 -0.176333 -0.155945
5.64085 -0.0502685 -0.0495499 -0.175593 -0.163834 -0.0502685 -0.0514174 -0.175593 -0.16146
5.64493 -0.0509694 -0.0526566 -0.174842 -0.152315 -0.0509694 -0.0514174 -0.174842 -0.16146
5.649 -0.0516672 -0.0526566 -0.17408 -0.152315 -0.0516672 -0.0514174 -0.17408 -0.16146
5.65317 -0.052362 -0.0526566 -0.173306 -0.152315 -0.052362 -0.0514174 -0.173306 -0.16146
5.65728 -0.0530536 -0.0526566 -0.172521 -0.152315 -0.0530536 -0.0530929 -0.172521 -0.16441
5.66135 -0.0537421 -0.0557109 -0.171725 -0.153414 -0.0537421 -0.0530929 -0.171725 -0.16441
5.66541 -0.0544274 -0.0557109 -0.170917 -0.153414 -0.0544274 -0.0530929 -0.170917 -0.16441
5.6695 -0.0551095 -0.0557109 -0.170098 -0.153414 -0.0551095 -0.0530929 -0.170098 -0.16441
5.67363 -0.0557882 -0.0557109 -0.169267 -0.153414 -0.0557882 -0.0530929 -0.169267 -0.16441
5.6777 -0.0564636 -0.0557109 -0.168425 -0.153414 -0.0564636 -0.0563392 -0.168425 -0.155474
5.68176 -0.0571356 -0.0586431 -0.167572 -0.14673 -0.0571356 -0.0563392 -0.167572 -0.155474
5.68583 -0.0578041 -0.0586431 -0.166707 -0.14673 -0.0578041 -0.0563392 -0.166707 -0.155474
5.68991 -0.0584692 -0.0586431 -0.165831 -0.14673 -0.0584692 -0.0563392 -0.165831 -0.155474
5.69398 -0.0591308 -0.0586431 -0.164944 -0.14673 -0.0591308 -0.0594285 -0.164944 -0.16626
5.69805 -0.0597887 -0.0601266 -0.164045 -0.147934 -0.0597887 -0.0594285 -0.164045 -0.16626
5.70215 -0.0604431 -0.0601266 -0.163135 -0.147934 -0.0604431 -0.0594285 -0.163135 -0.16626
5.70624 -0.0610938 -0.0601266 -0.162213 -0.147934 -0.0610938 -0.0594285 -0.162213 -0.16626
5.71041 -0.0617408 -0.0601266 -0.16128 -0.147934 -0.0617408 -0.0594285 -0.16128 -0.16626
5.71458 -0.062384 -0.0601266 -0.160336 -0.147934 -0.062384 -0.0629366 -0.160336 -0.182963
5.71866 -0.0630235 -0.0631111 -0.15938 -0.146887 -0.0630235 -0.0629366 -0.15938 -0.182963
5.72272 -0.0636591 -0.0631111 -0.158413 -0.146887 -0.0636591 -0.0629366 -0.158413 -0.182963
5.72683 -0.0642908 -0.0631111 -0.157434 -0.146887 -0.0642908 -0.0629366 -0.157434 -0.182963
5.73089 -0.0649185 -0.0631111 -0.156444 -0.146887 -0.0649185 -0.0629366 -0.156444 -0.182963
5.73496 -0.0655423 -0.0631111 -0.155443 -0.146887 -0.0655423 -0.0663749 -0.155443 -0.168738
5.73903 -0.066162 -0.0659909 -0.154431 -0.154043 -0.066162 -0.0663749 -0.154431 -0.168738
5.7431 -0.0667777 -0.0659909 -0.153407 -0.154043 -0.0667777 -0.0663749 -0.153407 -0.168738
5.74718 -0.0673893 -0.0659909 -0.152371 -0.154043 -0.0673893 -0.0663749 -0.152371 -0.168738
5.75125 -0.0679967 -0.0659909 -0.151324 -0.154043 -0.0679967 -0.0697085 -0.151324 -0.161844
5.75532 -0.0685999 -0.0691849 -0.150266 -0.159244 -0.0685999 -0.0697085 -0.150266 -0.161844
5.75939 -0.0691988 -0.0691849 -0.149197 -0.159244 -0.0691988 -0.0697085 -0.149197 -0.161844
5.76346 -0.0697934 -0.0691849 -0.148116 -0.159244 -0.0697934 -0.0697085 -0.148116 -0.161844
5.76753 -0.0703837 -0.0691849 -0.147024 -0.159244 -0.0703837 -0.0697085 -0.147024 -0.161844
5.77165 -0.0709696 -0.0691849 -0.14592 -0.159244 -0.0709696 -0.0726755 -0.14592 -0.146485
5.77571 -0.0715511 -0.0691849 -0.144805 -0.159244 -0.0715511 -0.0726755 -0.144805 -0.146485
5.77978 -0.072128 -0.0723614 -0.143679 -0.156486 -0.072128 -0.0726755 -0.143679 -0.146485
5.78384 -0.0727005 -0.0723614 -0.142541 -0.156486 -0.0727005 -0.0726755 -0.142541 -0.146485
5.78791 -0.0732683 -0.0723614 -0.141392 -0.156486 -0.0732683 -0.0726755 -0.141392 -0.146485
5.79197 -0.0738316 -0.0723614 -0.140231 -0.156486 -0.0738316 -0.0754506 -0.140231 -0.138998
5.79605 -0.0743902 -0.0723614 -0.139059 -0.156486 -0.0743902 -0.0754506 -0.139059 -0.138998
5.80012 -0.074944 -0.0754855 -0.137876 -0.154479 -0.074944 -0.0754506 -0.137876 -0.138998
5.80419 -0.0754932 -0.0754855 -0.136681 -0.154479 -0.0754932 -0.0754506 -0.136681 -0.138998
5.80826 -0.0760375 -0.0754855 -0.135475 -0.154479 -0.0760375 -0.0779639 -0.135475 -0.120567
5.81233 -0.0765769 -0.0754855 -0.134258 -0.154479 -0.0765769 -0.0779639 -0.134258 -0.120567
5.8164 -0.0771115 -0.0785573 -0.133029 -0.146398 -0.0771115 -0.0779639 -0.133029 -0.120567
5.82047 -0.0776412 -0.0785573 -0.131789 -0.146398 -0.0776412 -0.0779639 -0.131789 -0.120567
5.82453 -0.0781658 -0.0785573 -0.130537 -0.146398 -0.0781658 -0.0790983 -0.130537 -0.115646
5.8286 -0.0786854 -0.0785573 -0.129274 -0.146398 -0.0786854 -0.0790983 -0.129274 -0.115646
5.83266 -0.0792 -0.0785573 -0.128 -0.146398 -0.0792 -0.0790983 -0.128 -0.115646
5.83674 -0.0797094 -0.0814196 -0.126714 -0.138684 -0.0797094 -0.0790983 -0.126714 -0.115646
5.84081 -0.0802137 -0.0814196 -0.125417 -0.138684 -0.0802137 -0.0790983 -0.125417 -0.115646
5.84488 -0.0807128 -0.0814196 -0.124109 -0.138684 -0.0807128 -0.0790983 -0.124109 -0.115646
5.84895 -0.0812066 -0.0814196 -0.122789 -0.138684 -0.0812066 -0.0814022 -0.122789 -0.10821
5.85302 -0.0816951 -0.0814196 -0.121458 -0.138684 -0.0816951 -0.0814022 -0.121458 -0.10821
5.8571 -0.0821782 -0.083898 -0.120115 -0.123552 -0.0821782 -0.0814022 -0.120115 -0.10821
5.86117 -0.082656 -0.083898 -0.118761 -0.123552 -0.082656 -0.0814022 -0.118761 -0.10821
5.86524 -0.0831283 -0.083898 -0.117396 -0.123552 -0.0831283 -0.0834791 -0.117396 -0.105348
5.86932 -0.0835951 -0.083898 -0.116019 -0.123552 -0.0835951 -0.0834791 -0.116019 -0.105348
5.87339 -0.0840564 -0.083898 -0.114631 -0.123552 -0.0840564 -0.0834791 -0.114631 -0.105348
5.87755 -0.0845121 -0.0860971 -0.113232 -0.105243 -0.0845121 -0.0834791 -0.113232 -0.105348
5.88173 -0.0849623 -0.0860971 -0.111821 -0.105243 -0.0849623 -0.0834791 -0.111821 -0.105348
5.88579 -0.0854067 -0.0860971 -0.110399 -0.105243 -0.0854067 -0.0857829 -0.110399 -0.122941
5.88985 -0.0858454 -0.0860971 -0.108965 -0.105243 -0.0858454 -0.0857829 -0.108965 -0.122941
5.89392 -0.0862784 -0.0860971 -0.10752 -0.105243 -0.0862784 -0.0857829 -0.10752 -0.122941
5.89798 -0.0867056 -0.0880344 -0.106064 -0.0932355 -0.0867056 -0.0857829 -0.106064 -0.122941
5.90204 -0.0871269 -0.0880344 -0.104596 -0.0932355 -0.0871269 -0.088174 -0.104596 -0.120183
5.90611 -0.0875423 -0.0880344 -0.103117 -0.0932355 -0.0875423 -0.088174 -0.103117 -0.120183
5.91019 -0.0879518 -0.0880344 -0.101626 -0.0932355 -0.0879518 -0.088174 -0.101626 -0.120183
5.91426 -0.0883553 -0.089867 -0.100124 -0.0928166 -0.0883553 -0.088174 -0.100124 -0.120183
5.91833 -0.0887528 -0.089867 -0.0986112 -0.0928166 -0.0887528 -0.088174 -0.0986112 -0.120183
5.92244 -0.0891442 -0.089867 -0.0970866 -0.0928166 -0.0891442 -0.090443 -0.0970866 -0.110636
5.92654 -0.0895295 -0.089867 -0.0955506 -0.0928166 -0.0895295 -0.090443 -0.0955506 -0.110636
5.93062 -0.0899086 -0.089867 -0.0940032 -0.0928166 -0.0899086 -0.090443 -0.0940032 -0.110636
5.93468 -0.0902815 -0.0916647 -0.0924444 -0.0891514 -0.0902815 -0.090443 -0.0924444 -0.110636
5.93875 -0.0906481 -0.0916647 -0.0908743 -0.0891514 -0.0906481 -0.090443 -0.0908743 -0.110636
5.94281 -0.0910085 -0.0916647 -0.0892928 -0.0891514 -0.0910085 -0.0925374 -0.0892928 -0.102364
5.94687 -0.0913625 -0.0916647 -0.0876999 -0.0891514 -0.0913625 -0.0925374 -0.0876999 -0.102364
5.95093 -0.09171 -0.0916647 -0.0860956 -0.0891514 -0.09171 -0.0925374 -0.0860956 -0.102364
5.955 -0.0920512 -0.0933228 -0.08448 -0.081088 -0.0920512 -0.0925374 -0.08448 -0.102364
5.95907 -0.0923859 -0.0933228 -0.082853 -0.081088 -0.0923859 -0.0944223 -0.082853 -0.0920487
5.96315 -0.092714 -0.0933228 -0.0812146 -0.081088 -0.092714 -0.0944223 -0.0812146 -0.0920487
5.96723 -0.0930356 -0.0933228 -0.0795648 -0.081088 -0.0930356 -0.0944223 -0.0795648 -0.0920487
5.9713 -0.0933505 -0.0948586 -0.0779036 -0.07566 -0.0933505 -0.0944223 -0.0779036 -0.0920487
5.97537 -0.0936588 -0.0948586 -0.0762311 -0.07566 -0.0936588 -0.0951728 -0.0762311 -0.073234
5.97944 -0.0939603 -0.0948586 -0.0745472 -0.07566 -0.0939603 -0.0951728 -0.0745472 -0.073234
5.98352 -0.0942551 -0.0948586 -0.0728519 -0.07566 -0.0942551 -0.0951728 -0.0728519 -0.073234
5.98759 -0.0945431 -0.0948586 -0.0711452 -0.07566 -0.0945431 -0.0951728 -0.0711452 -0.073234
5.99165 -0.0948243 -0.0955742 -0.0694272 -0.0663923 -0.0948243 -0.0951728 -0.0694272 -0.073234
5.99578 -0.0950985 -0.0955742 -0.0676978 -0.0663923 -0.0950985 -0.0965516 -0.0676978 -0.0567057
5.99985 -0.0953659 -0.0955742 -0.065957 -0.0663923 -0.0953659 -0.0965516 -0.065957 -0.0567057
6.00391 -0.0956262 -0.0955742 -0.0642048 -0.0663923 -0.0956262 -0.0965516 -0.0642048 -0.0567057
6.00797 -0.0958795 -0.0968658 -0.0624412 -0.0614356 -0.0958795 -0.0965516 -0.0624412 -0.0567057
6.01204 -0.0961257 -0.0968658 -0.0606663 -0.0614356 -0.0961257 -0.0965516 -0.0606663 -0.0567057
6.01611 -0.0963648 -0.0968658 -0.05888 -0.0614356 -0.0963648 -0.0975988 -0.05888 -0.0488692
6.02019 -0.0965967 -0.0968658 -0.0570823 -0.0614356 -0.0965967 -0.0975988 -0.0570823 -0.0488692
6.02426 -0.0968214 -0.0968658 -0.0552732 -0.0614356 -0.0968214 -0.0975988 -0.0552732 -0.0488692
6.02833 -0.0970389 -0.0980002 -0.0534528 -0.0556585 -0.0970389 -0.0975988 -0.0534528 -0.0488692
6.0324 -0.0972491 -0.0980002 -0.051621 -0.0556585 -0.0972491 -0.0986111 -0.051621 -0.053983
6.0365 -0.0974519 -0.0980002 -0.0497778 -0.0556585 -0.0974519 -0.0986111 -0.0497778 -0.053983
6.0407 -0.0976473 -0.0980002 -0.0479232 -0.0556585 -0.0976473 -0.0986111 -0.0479232 -0.053983
6.04476 -0.0978352 -0.0980002 -0.0460572 -0.0556585 -0.0978352 -0.0986111 -0.0460572 -0.053983
6.04879 -0.0980157 -0.0991172 -0.0441799 -0.0561647 -0.0980157 -0.0986111 -0.0441799 -0.053983
6.05285 -0.0981886 -0.0991172 -0.0422912 -0.0561647 -0.0981886 -0.0995885 -0.0422912 -0.0457276
6.05694 -0.098354 -0.0991172 -0.0403911 -0.0561647 -0.098354 -0.0995885 -0.0403911 -0.0457276
6.061 -0.0985118 -0.0991172 -0.0384796 -0.0561647 -0.0985118 -0.0995885 -0.0384796 -0.0457276
6.06506 -0.0986618 -0.0991172 -0.0365568 -0.0561647 -0.0986618 -0.0995885 -0.0365568 -0.0457276
6.06913 -0.0988042 -0.100095 -0.0346226 -0.0507542 -0.0988042 -0.0995885 -0.0346226 -0.0457276
6.0732 -0.0989388 -0.100095 -0.032677 -0.0507542 -0.0989388 -0.100339 -0.032677 -0.034767
6.07727 -0.0990656 -0.100095 -0.03072 -0.0507542 -0.0990656 -0.100339 -0.03072 -0.034767
6.08135 -0.0991845 -0.100095 -0.0287516 -0.0507542 -0.0991845 -0.100339 -0.0287516 -0.034767
6.08542 -0.0992956 -0.100985 -0.0267719 -0.0369661 -0.0992956 -0.100339 -0.0267719 -0.034767
6.08951 -0.0993987 -0.100985 -0.0247808 -0.0369661 -0.0993987 -0.10095 -0.0247808 -0.0294961
6.09363 -0.0994938 -0.100985 -0.0227783 -0.0369661 -0.0994938 -0.10095 -0.0227783 -0.0294961
6.09777 -0.0995809 -0.100985 -0.0207644 -0.0369661 -0.0995809 -0.10095 -0.0207644 -0.0294961
6.10198 -0.0996599 -0.100985 -0.0187392 -0.0369661 -0.0996599 -0.10095 -0.0187392 -0.0294961
6.10604 -0.0997308 -0.100985 -0.0167026 -0.0369661 -0.0997308 -0.10095 -0.0167026 -0.0294961
6.1101 -0.0997935 -0.101456 -0.0146546 -0.0192335 -0.0997935 -0.101369 -0.0146546 -0.0187274
6.11416 -0.099848 -0.101456 -0.0125952 -0.0192335 -0.099848 -0.101369 -0.0125952 -0.0187274
6.11823 -0.0998943 -0.101456 -0.0105244 -0.0192335 -0.0998943 -0.101369 -0.0105244 -0.0187274
6.1223 -0.0999322 -0.101456 -0.00844231 -0.0192335 -0.0999322 -0.101369 -0.00844231 -0.0187274
6.12637 -0.0999618 -0.10177 -0.0063488 -0.00670206 -0.0999618 -0.101369 -0.0063488 -0.0187274
6.13045 -0.099983 -0.10177 -0.00424391 -0.00670206 -0.099983 -0.101578 -0.00424391 -0.00846485
6.13452 -0.0999957 -0.10177 -0.00212764 -0.00670206 -0.0999957 -0.101578 -0.00212764 -0.00846485
6.13859 -0.1 -0.10177 6.66134e-16 -0.00670206 -0.1 -0.101578 6.66134e-16 -0.00846485
6.14266 -0.1 -0.10184 0 0 -0.1 -0.101578 0 -0.00846485
6.14673 -0.0999957 -0.10184 0.00212764 0 -0.0999957 -0.101596 0.00212764 0
6.15083 -0.099983 -0.10184 0.00424391 0 -0.099983 -0.101596 0.00424391 0
6.1549 -0.0999618 -0.10184 0.0063488 0 -0.0999618 -0.101596 0.0063488 0
6.15896 -0.0999322 -0.10184 0.00844231 0 -0.0999322 -0.101596 0.00844231 0
6.16303 -0.0998943 -0.101823 0.0105244 0 -0.0998943 -0.101596 0.0105244 0
6.16712 -0.099848 -0.101823 0.0125952 0 -0.099848 -0.101596 0.0125952 0
6.17118 -0.0997935 -0.101823 0.0146546 0 -0.0997935 -0.101596 0.0146546 0
6.17528 -0.0997308 -0.101823 0.0167026 0 -0.0997308 -0.101596 0.0167026 0
6.17935 -0.0996599 -0.101823 0.0187392 0 -0.0996599 -0.101596 0.0187392 0
6.18342 -0.0995809 -0.101596 0.0207644 0.014591 -0.0995809 -0.101508 0.0207644 0.0082205
6.1875 -0.0994938 -0.101596 0.0227783 0.014591 -0.0994938 -0.101508 0.0227783 0.0082205
6.19157 -0.0993987 -0.101596 0.0247808 0.014591 -0.0993987 -0.101508 0.0247808 0.0082205
6.19565 -0.0992956 -0.101596 0.0267719 0.014591 -0.0992956 -0.101508 0.0267719 0.0082205
6.19972 -0.0991845 -0.101124 0.0287516 0.0264592 -0.0991845 -0.101212 0.0287516 0.0168948
6.20379 -0.0990656 -0.101124 0.03072 0.0264592 -0.0990656 -0.101212 0.03072 0.0168948
6.20787 -0.0989388 -0.101124 0.032677 0.0264592 -0.0989388 -0.101212 0.032677 0.0168948
6.21204 -0.0988042 -0.101124 0.0346226 0.0264592 -0.0988042 -0.101212 0.0346226 0.0168948
6.21619 -0.0986618 -0.101124 0.0365568 0.0264592 -0.0986618 -0.100915 0.0365568 0.0393397
6.22025 -0.0985118 -0.10074 0.0384796 0.0415737 -0.0985118 -0.100915 0.0384796 0.0393397
6.22438 -0.098354 -0.10074 0.0403911 0.0415737 -0.098354 -0.100915 0.0403911 0.0393397
6.22845 -0.0981886 -0.10074 0.0422912 0.0415737 -0.0981886 -0.100915 0.0422912 0.0393397
6.23253 -0.0980157 -0.10074 0.0441799 0.0415737 -0.0980157 -0.100915 0.0441799 0.0393397
6.23661 -0.0978352 -0.10074 0.0460572 0.0415737 -0.0978352 -0.0999899 0.0460572 0.0536863
6.24066 -0.0976473 -0.0998328 0.0479232 0.0532325 -0.0976473 -0.0999899 0.0479232 0.0536863
6.24474 -0.0974519 -0.0998328 0.0497778 0.0532325 -0.0974519 -0.0999899 0.0497778 0.0536863
6.24881 -0.0972491 -0.0998328 0.051621 0.0532325 -0.0972491 -0.0999899 0.051621 0.0536863
6.25289 -0.0970389 -0.0998328 0.0534528 0.0532325 -0.0970389 -0.098838 0.0534528 0.0668112
6.25696 -0.0968214 -0.0986984 0.0552732 0.0649437 -0.0968214 -0.098838 0.0552732 0.0668112
6.26104 -0.0965967 -0.0986984 0.0570823 0.0649437 -0.0965967 -0.098838 0.0570823 0.0668112
6.26511 -0.0963648 -0.0986984 0.05888 0.0649437 -0.0963648 -0.098838 0.05888 0.0668112
6.26918 -0.0961257 -0.0986984 0.0606663 0.0649437 -0.0961257 -0.098838 0.0606663 0.0668112
6.27336 -0.0958795 -0.0986984 0.0624412 0.0649437 -0.0958795 -0.0973894 0.0624412 0.0774752
6.27746 -0.0956262 -0.0972847 0.0642048 0.0740892 -0.0956262 -0.0973894 0.0642048 0.0774752
6.28153 -0.0953659 -0.0972847 0.065957 0.0740892 -0.0953659 -0.0973894 0.065957 0.0774752
6.28559 -0.0950985 -0.0972847 0.0676978 0.0740892 -0.0950985 -0.0973894 0.0676978 0.0774752
6.28966 -0.0948243 -0.0972847 0.0694272 0.0740892 -0.0948243 -0.0958186 0.0694272 0.0782257
6.29373 -0.0945431 -0.0972847 0.0711452 0.0740892 -0.0945431 -0.0958186 0.0711452 0.0782257
6.29781 -0.0942551 -0.0957313 0.0728519 0.0887325 -0.0942551 -0.0958186 0.0728519 0.0782257
6.30188 -0.0939603 -0.0957313 0.0745472 0.0887325 -0.0939603 -0.0958186 0.0745472 0.0782257
6.30596 -0.0936588 -0.0957313 0.0762311 0.0887325 -0.0936588 -0.0958186 0.0762311 0.0782257
6.31003 -0.0933505 -0.0957313 0.0779036 0.0887325 -0.0933505 -0.0941256 0.0779036 0.0854688
6.31411 -0.0930356 -0.0957313 0.0795648 0.0887325 -0.0930356 -0.0941256 0.0795648 0.0854688
6.31818 -0.092714 -0.0938987 0.0812146 0.0941081 -0.092714 -0.0941256 0.0812146 0.0854688
6.32225 -0.0923859 -0.0938987 0.082853 0.0941081 -0.0923859 -0.0941256 0.082853 0.0854688
6.32632 -0.0920512 -0.0938987 0.08448 0.0941081 -0.0920512 -0.0932878 0.08448 0.087057
6.33038 -0.09171 -0.0938987 0.0860956 0.0941081 -0.09171 -0.0932878 0.0860956 0.087057
6.33444 -0.0913625 -0.0938987 0.0876999 0.0941081 -0.0913625 -0.0932878 0.0876999 0.087057
6.3385 -0.0910085 -0.0919614 0.0892928 0.093602 -0.0910085 -0.0932878 0.0892928 0.087057
6.34257 -0.0906481 -0.0919614 0.0908743 0.093602 -0.0906481 -0.0932878 0.0908743 0.087057
6.34664 -0.0902815 -0.0919614 0.0924444 0.093602 -0.0902815 -0.0914727 0.0924444 0.0898495
6.35072 -0.0899086 -0.0919614 0.0940032 0.093602 -0.0899086 -0.0914727 0.0940032 0.0898495
6.35479 -0.0895295 -0.0900764 0.0955506 0.0946667 -0.0895295 -0.0914727 0.0955506 0.0898495
6.35886 -0.0891442 -0.0900764 0.0970866 0.0946667 -0.0891442 -0.0914727 0.0970866 0.0898495
6.36293 -0.0887528 -0.0900764 0.0986112 0.0946667 -0.0887528 -0.0897274 0.0986112 0.0995536
6.36704 -0.0883553 -0.0900764 0.100124 0.0946667 -0.0883553 -0.0897274 0.100124 0.0995536
6.37111 -0.0879518 -0.0900764 0.101626 0.0946667 -0.0879518 -0.0897274 0.101626 0.0995536
6.37518 -0.0875423 -0.0881391 0.103117 0.0978257 -0.0875423 -0.0897274 0.103117 0.0995536
6.37938 -0.0871269 -0.0881391 0.104596 0.0978257 -0.0871269 -0.0897274 0.104596 0.0995536
6.38344 -0.0867056 -0.0881391 0.106064 0.0978257 -0.0867056 -0.0875632 0.106064 0.113411
6.38755 -0.0862784 -0.0881391 0.10752 0.0978257 -0.0862784 -0.0875632 0.10752 0.113411
6.39162 -0.0858454 -0.0881391 0.108965 0.0978257 -0.0858454 -0.0875632 0.108965 0.113411
6.39569 -0.0854067 -0.0860447 0.110399 0.104022 -0.0854067 -0.0875632 0.110399 0.113411
6.39976 -0.0849623 -0.0860447 0.111821 0.104022 -0.0849623 -0.0875632 0.111821 0.113411
6.40384 -0.0845121 -0.0860447 0.113232 0.104022 -0.0845121 -0.0853117 0.113232 0.11294
6.40792 -0.0840564 -0.0860447 0.114631 0.104022 -0.0840564 -0.0853117 0.114631 0.11294
6.41199 -0.0835951 -0.0839852 0.116019 0.106395 -0.0835951 -0.0853117 0.116019 0.11294
6.41606 -0.0831283 -0.0839852 0.117396 0.106395 -0.0831283 -0.0853117 0.117396 0.11294
6.42014 -0.082656 -0.0839852 0.118761 0.106395 -0.082656 -0.0828857 0.118761 0.124093
6.42421 -0.0821782 -0.0839852 0.120115 0.106395 -0.0821782 -0.0828857 0.120115 0.124093
6.42828 -0.0816951 -0.0839852 0.121458 0.106395 -0.0816951 -0.0828857 0.121458 0.124093
6.43244 -0.0812066 -0.081664 0.122789 0.116361 -0.0812066 -0.0828857 0.122789 0.124093
6.43651 -0.0807128 -0.081664 0.124109 0.116361 -0.0807128 -0.0828857 0.124109 0.124093
6.44057 -0.0802137 -0.081664 0.125417 0.116361 -0.0802137 -0.0803724 0.125417 0.1298
6.44464 -0.0797094 -0.081664 0.126714 0.116361 -0.0797094 -0.0803724 0.126714 0.1298
6.4487 -0.0792 -0.081664 0.128 0.116361 -0.0792 -0.0803724 0.128 0.1298
6.45277 -0.0786854 -0.0792379 0.129274 0.123098 -0.0786854 -0.0803724 0.129274 0.1298
6.45685 -0.0781658 -0.0792379 0.130537 0.123098 -0.0781658 -0.0790983 0.130537 0.122766
6.46092 -0.0776412 -0.0792379 0.131789 0.123098 -0.0776412 -0.0790983 0.131789 0.122766
6.46499 -0.0771115 -0.0792379 0.133029 0.123098 -0.0771115 -0.0790983 0.133029 0.122766
6.46906 -0.0765769 -0.0765676 0.134258 0.133064 -0.0765769 -0.0790983 0.134258 0.122766
6.47314 -0.0760375 -0.0765676 0.135475 0.133064 -0.0760375 -0.0766723 0.135475 0.123622
6.47721 -0.0754932 -0.0765676 0.136681 0.133064 -0.0754932 -0.0766723 0.136681 0.123622
6.48131 -0.074944 -0.0765676 0.137876 0.133064 -0.074944 -0.0766723 0.137876 0.123622
6.48541 -0.0743902 -0.0765676 0.139059 0.133064 -0.0743902 -0.0766723 0.139059 0.123622
6.48952 -0.0738316 -0.0752586 0.140231 0.134722 -0.0738316 -0.0766723 0.140231 0.123622
6.49359 -0.0732683 -0.0752586 0.141392 0.134722 -0.0732683 -0.0741067 0.141392 0.130847
6.49765 -0.0727005 -0.0752586 0.142541 0.134722 -0.0727005 -0.0741067 0.142541 0.130847
6.50171 -0.072128 -0.0752586 0.143679 0.134722 -0.072128 -0.0741067 0.143679 0.130847
6.50578 -0.0715511 -0.0752586 0.144805 0.134722 -0.0715511 -0.0741067 0.144805 0.130847
6.50984 -0.0709696 -0.072501 0.14592 0.138649 -0.0709696 -0.0741067 0.14592 0.130847
6.51392 -0.0703837 -0.072501 0.147024 0.138649 -0.0703837 -0.0712618 0.147024 0.149034
6.518 -0.0697934 -0.072501 0.148116 0.138649 -0.0697934 -0.0712618 0.148116 0.149034
6.52207 -0.0691988 -0.072501 0.149197 0.138649 -0.0691988 -0.0712618 0.149197 0.149034
6.52614 -0.0685999 -0.072501 0.150266 0.138649 -0.0685999 -0.0712618 0.150266 0.149034
6.53021 -0.0679967 -0.0697085 0.151324 0.150151 -0.0679967 -0.0681551 0.151324 0.157865
6.53429 -0.0673893 -0.0697085 0.152371 0.150151 -0.0673893 -0.0681551 0.152371 0.157865
6.53836 -0.0667777 -0.0697085 0.153407 0.150151 -0.0667777 -0.0681551 0.153407 0.157865
6.54252 -0.066162 -0.0697085 0.154431 0.150151 -0.066162 -0.0681551 0.154431 0.157865
6.54659 -0.0655423 -0.0697085 0.155443 0.150151 -0.0655423 -0.0681551 0.155443 0.157865
6.55065 -0.0649185 -0.0664098 0.156444 0.174481 -0.0649185 -0.0649612 0.156444 0.158406
6.55471 -0.0642908 -0.0664098 0.157434 0.174481 -0.0642908 -0.0649612 0.157434 0.158406
6.55878 -0.0636591 -0.0664098 0.158413 0.174481 -0.0636591 -0.0649612 0.158413 0.158406
6.56284 -0.0630235 -0.0664098 0.15938 0.174481 -0.0630235 -0.0649612 0.15938 0.158406
6.56692 -0.062384 -0.0629889 0.160336 0.176296 -0.062384 -0.0649612 0.160336 0.158406
6.57099 -0.0617408 -0.0629889 0.16128 0.176296 -0.0617408 -0.0617672 0.16128 0.161059
6.57507 -0.0610938 -0.0629889 0.162213 0.176296 -0.0610938 -0.0617672 0.162213 0.161059
6.57914 -0.0604431 -0.0629889 0.163135 0.176296 -0.0604431 -0.0617672 0.163135 0.161059
6.58321 -0.0597887 -0.0594285 0.164045 0.179978 -0.0597887 -0.0617672 0.164045 0.161059
6.58728 -0.0591308 -0.0594285 0.164944 0.179978 -0.0591308 -0.060144 0.164944 0.157149
6.59135 -0.0584692 -0.0594285 0.165831 0.179978 -0.0584692 -0.060144 0.165831 0.157149
6.59542 -0.0578041 -0.0594285 0.166707 0.179978 -0.0578041 -0.060144 0.166707 0.157149
6.59949 -0.0571356 -0.0594285 0.167572 0.179978 -0.0571356 -0.060144 0.167572 0.157149
6.60365 -0.0564636 -0.055868 0.168425 0.179612 -0.0564636 -0.0570374 0.168425 0.154723
6.60772 -0.0557882 -0.055868 0.169267 0.179612 -0.0557882 -0.0570374 0.169267 0.154723
6.61178 -0.0551095 -0.055868 0.170098 0.179612 -0.0551095 -0.0570374 0.170098 0.154723
6.61585 -0.0544274 -0.055868 0.170917 0.179612 -0.0544274 -0.0570374 0.170917 0.154723
6.61992 -0.0537421 -0.055868 0.171725 0.179612 -0.0537421 -0.0570374 0.171725 0.154723
6.624 -0.0530536 -0.0524646 0.172521 0.167988 -0.0530536 -0.0538609 0.172521 0.176104
6.62808 -0.052362 -0.0524646 0.173306 0.167988 -0.052362 -0.0538609 0.173306 0.176104
6.63215 -0.0516672 -0.0524646 0.17408 0.167988 -0.0516672 -0.0538609 0.17408 0.176104
6.63623 -0.0509694 -0.0524646 0.174842 0.167988 -0.0509694 -0.0538609 0.174842 0.176104
6.6403 -0.0502685 -0.0490961 0.175593 0.167691 -0.0502685 -0.0538609 0.175593 0.176104
6.64441 -0.0495646 -0.0490961 0.176333 0.167691 -0.0495646 -0.0501782 0.176333 0.184778
6.64849 -0.0488578 -0.0490961 0.177061 0.167691 -0.0488578 -0.0501782 0.177061 0.184778
6.65256 -0.0481481 -0.0490961 0.177778 0.167691 -0.0481481 -0.0501782 0.177778 0.184778
6.65664 -0.0474356 -0.0490961 0.178483 0.167691 -0.0474356 -0.0501782 0.178483 0.184778
6.6607 -0.0467203 -0.0475079 0.179177 0.15701 -0.0467203 -0.0501782 0.179177 0.184778
6.66478 -0.0460022 -0.0475079 0.17986 0.15701 -0.0460022 -0.0464781 0.17986 0.189874
6.66885 -0.0452814 -0.0475079 0.180531 0.15701 -0.0452814 -0.0464781 0.180531 0.189874
6.67292 -0.044558 -0.0475079 0.181191 0.15701 -0.044558 -0.0464781 0.181191 0.189874
6.677 -0.0438319 -0.044279 0.18184 0.163258 -0.0438319 -0.0464781 0.18184 0.189874
6.68108 -0.0431033 -0.044279 0.182477 0.163258 -0.0431033 -0.042778 0.182477 0.184324
6.68515 -0.0423721 -0.044279 0.183103 0.163258 -0.0423721 -0.042778 0.183103 0.184324
6.68922 -0.0416385 -0.044279 0.183717 0.163258 -0.0416385 -0.042778 0.183717 0.184324
6.6933 -0.0409024 -0.044279 0.18432 0.163258 -0.0409024 -0.042778 0.18432 0.184324
6.69739 -0.0401639 -0.041085 0.184912 0.158214 -0.0401639 -0.042778 0.184912 0.184324
6.70149 -0.0394231 -0.041085 0.185492 0.158214 -0.0394231 -0.0391128 0.185492 0.182998
6.70556 -0.03868 -0.041085 0.186061 0.158214 -0.03868 -0.0391128 0.186061 0.182998
6.70964 -0.0379347 -0.041085 0.186618 0.158214 -0.0379347 -0.0391128 0.186618 0.182998
6.71371 -0.0371871 -0.041085 0.187164 0.158214 -0.0371871 -0.0391128 0.187164 0.182998
6.71777 -0.0364374 -0.0374373 0.187699 0.194255 -0.0364374 -0.0371406 0.187699 0.184429
6.72184 -0.0356855 -0.0374373 0.188223 0.194255 -0.0356855 -0.0371406 0.188223 0.184429
6.7259 -0.0349316 -0.0374373 0.188735 0.194255 -0.0349316 -0.0371406 0.188735 0.184429
6.72997 -0.0341756 -0.0374373 0.189235 0.194255 -0.0341756 -0.0371406 0.189235 0.184429
6.73404 -0.0334177 -0.0333881 0.189724 0.203139 -0.0334177 -0.0371406 0.189724 0.184429
6.73811 -0.0326579 -0.0333881 0.190202 0.203139 -0.0326579 -0.0336499 0.190202 0.177256
6.74219 -0.0318961 -0.0333881 0.190669 0.203139 -0.0318961 -0.0336499 0.190669 0.177256
6.74626 -0.0311325 -0.0333881 0.191124 0.203139 -0.0311325 -0.0336499 0.191124 0.177256
6.75033 -0.0303671 -0.0333881 0.191568 0.203139 -0.0303671 -0.0336499 0.191568 0.177256
6.75441 -0.0296 -0.0292866 0.192 0.204797 -0.0296 -0.0300022 0.192 0.195547
6.75848 -0.0288312 -0.0292866 0.192421 0.204797 -0.0288312 -0.0300022 0.192421 0.195547
6.76255 -0.0280606 -0.0292866 0.192831 0.204797 -0.0280606 -0.0300022 0.192831 0.195547
6.76661 -0.0272885 -0.0292866 0.193229 0.204797 -0.0272885 -0.0300022 0.193229 0.195547
6.77067 -0.0265148 -0.0292866 0.193616 0.204797 -0.0265148 -0.0300022 0.193616 0.195547
6.77473 -0.0257396 -0.0252375 0.193991 0.200608 -0.0257396 -0.0258832 0.193991 0.207153
6.77879 -0.0249629 -0.0252375 0.194355 0.200608 -0.0249629 -0.0258832 0.194355 0.207153
6.78285 -0.0241848 -0.0252375 0.194708 0.200608 -0.0241848 -0.0258832 0.194708 0.207153
6.78692 -0.0234053 -0.0252375 0.195049 0.200608 -0.0234053 -0.0258832 0.195049 0.207153
6.79099 -0.0226244 -0.0213628 0.195379 0.197624 -0.0226244 -0.0258832 0.195379 0.207153
6.79506 -0.0218423 -0.0213628 0.195698 0.197624 -0.0218423 -0.0218166 0.195698 0.202458
6.79917 -0.0210588 -0.0213628 0.196005 0.197624 -0.0210588 -0.0218166 0.196005 0.202458
6.80326 -0.0202742 -0.0213628 0.196301 0.197624 -0.0202742 -0.0218166 0.196301 0.202458
6.80736 -0.0194885 -0.0213628 0.196585 0.197624 -0.0194885 -0.0218166 0.196585 0.202458
6.81142 -0.0187016 -0.0194604 0.196858 0.190049 -0.0187016 -0.0175406 0.196858 0.215007
6.81548 -0.0179136 -0.0194604 0.19712 0.190049 -0.0179136 -0.0175406 0.19712 0.215007
6.81954 -0.0171246 -0.0194604 0.19737 0.190049 -0.0171246 -0.0175406 0.19737 0.215007
6.8236 -0.0163347 -0.0194604 0.197609 0.190049 -0.0163347 -0.0175406 0.197609 0.215007
6.82766 -0.0155438 -0.0194604 0.197837 0.190049 -0.0155438 -0.0175406 0.197837 0.215007
6.83171 -0.014752 -0.0156032 0.198053 0.185947 -0.014752 -0.0135612 0.198053 0.196576
6.83578 -0.0139593 -0.0156032 0.198258 0.185947 -0.0139593 -0.0135612 0.198258 0.196576
6.83984 -0.0131659 -0.0156032 0.198451 0.185947 -0.0131659 -0.0135612 0.198451 0.196576
6.84392 -0.0123718 -0.0156032 0.198633 0.185947 -0.0123718 -0.0135612 0.198633 0.196576
6.84799 -0.0115769 -0.0119206 0.198804 0.193278 -0.0115769 -0.00972148 0.198804 0.188338
6.85207 -0.0107813 -0.0119206 0.198963 0.193278 -0.0107813 -0.00972148 0.198963 0.188338
6.85614 -0.00998519 -0.0119206 0.199111 0.193278 -0.00998519 -0.00972148 0.199111 0.188338
6.86021 -0.00918846 -0.0119206 0.199248 0.193278 -0.00918846 -0.00972148 0.199248 0.188338
6.86433 -0.00839122 -0.0119206 0.199373 0.193278 -0.00839122 -0.00972148 0.199373 0.188338
6.86845 -0.0075935 -0.00783653 0.199487 0.206734 -0.0075935 -0.00781908 0.199487 0.187029
6.87251 -0.00679534 -0.00783653 0.199589 0.206734 -0.00679534 -0.00781908 0.199589 0.187029
6.87657 -0.0059968 -0.00783653 0.19968 0.206734 -0.0059968 -0.00781908 0.19968 0.187029
6.88063 -0.00519792 -0.00783653 0.19976 0.206734 -0.00519792 -0.00781908 0.19976 0.187029
6.88471 -0.00439874 -0.00783653 0.199828 0.206734 -0.00439874 -0.00781908 0.199828 0.187029
6.88877 -0.00359931 -0.00366519 0.199885 0.211324 -0.00359931 -0.00417134 0.199885 0.174568
6.89284 -0.00279967 -0.00366519 0.19993 0.211324 -0.00279967 -0.00417134 0.19993 0.174568
6.89691 -0.00199988 -0.00366519 0.199964 0.211324 -0.00199988 -0.00417134 0.199964 0.174568
6.90098 -0.00119997 -0.00366519 0.199987 0.211324 -0.00119997 -0.00417134 0.199987 0.174568
6.90505 -0.000399999 -0.00366519 0.199999 0.211324 -0.000399999 -0.00417134 0.199999 0.174568
6.90913 0.000399999 0.000523599 0.199999 0.204256 0.000399999 -0.000715585 0.199999 0.174271
6.9132 0.00119997 0.000523599 0.199987 0.204256 0.00119997 -0.000715585 0.199987 0.174271
6.91726 0.00199988 0.000523599 0.199964 0.204256 0.00199988 -0.000715585 0.199964 0.174271
6.92135 0.00279967 0.000523599 0.19993 0.204256 0.00279967 -0.000715585 0.19993 0.174271
6.92546 0.00359931 0.000523599 0.199885 0.204256 0.00359931 -0.000715585 0.199885 0.174271
6.92956 0.00439874 0.00453786 0.199828 0.200486 0.00439874 0.00300197 0.199828 0.203854
6.93377 0.00519792 0.00453786 0.19976 0.200486 0.00519792 0.00300197 0.19976 0.203854
6.93783 0.0059968 0.00453786 0.19968 0.200486 0.0059968 0.00300197 0.19968 0.203854
6.94189 0.00679534 0.00453786 0.199589 0.200486 0.00679534 0.00300197 0.199589 0.203854
6.94596 0.0075935 0.00453786 0.199487 0.200486 0.0075935 0.00300197 0.199487 0.203854
6.95003 0.00839122 0.0084823 0.199373 0.201324 0.00839122 0.00708604 0.199373 0.21752
6.9541 0.00918846 0.0084823 0.199248 0.201324 0.00918846 0.00708604 0.199248 0.21752
6.95817 0.00998519 0.0084823 0.199111 0.201324 0.00998519 0.00708604 0.199111 0.21752
6.96224 0.0107813 0.0084823 0.198963 0.201324 0.0107813 0.00708604 0.198963 0.21752
6.96631 0.0115769 0.0084823 0.198804 0.201324 0.0115769 0.0115017 0.198804 0.222809
6.97038 0.0123718 0.0124791 0.198633 0.199212 0.0123718 0.0115017 0.198633 0.222809
6.97445 0.0131659 0.0124791 0.198451 0.199212 0.0131659 0.0115017 0.198451 0.222809
6.97851 0.0139593 0.0124791 0.198258 0.199212 0.0139593 0.0115017 0.198258 0.222809
6.9827 0.014752 0.0124791 0.198053 0.199212 0.014752 0.0115017 0.198053 0.222809
6.98676 0.0155438 0.0164934 0.197837 0.194133 0.0155438 0.0160047 0.197837 0.221081
6.99095 0.0163347 0.0164934 0.197609 0.194133 0.0163347 0.0160047 0.197609 0.221081
6.99501 0.0171246 0.0164934 0.19737 0.194133 0.0171246 0.0160047 0.19737 0.221081
6.99907 0.0179136 0.0164934 0.19712 0.194133 0.0179136 0.0160047 0.19712 0.221081
7.00314 0.0187016 0.0164934 0.196858 0.194133 0.0187016 0.0160047 0.196858 0.221081
7.00721 0.0194885 0.0203331 0.196585 0.195756 0.0194885 0.0203331 0.196585 0.2093
7.01128 0.0202742 0.0203331 0.196301 0.195756 0.0202742 0.0203331 0.196301 0.2093
7.01535 0.0210588 0.0203331 0.196005 0.195756 0.0210588 0.0203331 0.196005 0.2093
7.01942 0.0218423 0.0203331 0.195698 0.195756 0.0218423 0.0203331 0.195698 0.2093
7.02354 0.0226244 0.0242601 0.195379 0.197467 0.0226244 0.0244346 0.195379 0.196943
7.02761 0.0234053 0.0242601 0.195049 0.197467 0.0234053 0.0244346 0.195049 0.196943
7.03169 0.0241848 0.0242601 0.194708 0.197467 0.0241848 0.0244346 0.194708 0.196943
7.03582 0.0249629 0.0242601 0.194355 0.197467 0.0249629 0.0244346 0.194355 0.196943
7.04001 0.0257396 0.0242601 0.193991 0.197467 0.0257396 0.0244346 0.193991 0.196943
7.04419 0.0265148 0.0242601 0.193616 0.197467 0.0265148 0.0283441 0.193616 0.190887
7.04825 0.0272885 0.0282394 0.193229 0.197641 0.0272885 0.0283441 0.193229 0.190887
7.05231 0.0280606 0.0282394 0.192831 0.197641 0.0280606 0.0283441 0.192831 0.190887
7.05638 0.0288312 0.0282394 0.192421 0.197641 0.0288312 0.0283441 0.192421 0.190887
7.06044 0.0296 0.0282394 0.192 0.197641 0.0296 0.0319046 0.192 0.180554
7.06452 0.0303671 0.0318872 0.191568 0.177273 0.0303671 0.0319046 0.191568 0.180554
7.06859 0.0311325 0.0318872 0.191124 0.177273 0.0311325 0.0319046 0.191124 0.180554
7.07266 0.0318961 0.0318872 0.190669 0.177273 0.0318961 0.0319046 0.190669 0.180554
7.07673 0.0326579 0.0318872 0.190202 0.177273 0.0326579 0.0352207 0.190202 0.16167
7.0808 0.0334177 0.0354127 0.189724 0.179367 0.0334177 0.0352207 0.189724 0.16167
7.08487 0.0341756 0.0354127 0.189235 0.179367 0.0341756 0.0352207 0.189235 0.16167
7.08903 0.0349316 0.0354127 0.188735 0.179367 0.0349316 0.0352207 0.188735 0.16167
7.09317 0.0356855 0.0354127 0.188223 0.179367 0.0356855 0.0352207 0.188223 0.16167
7.09731 0.0364374 0.0354127 0.187699 0.179367 0.0364374 0.0368439 0.187699 0.157202
7.10141 0.0371871 0.037193 0.187164 0.178111 0.0371871 0.0368439 0.187164 0.157202
7.1055 0.0379347 0.037193 0.186618 0.178111 0.0379347 0.0368439 0.186618 0.157202
7.10956 0.03868 0.037193 0.186061 0.178111 0.03868 0.0368439 0.186061 0.157202
7.11362 0.0394231 0.037193 0.185492 0.178111 0.0394231 0.0368439 0.185492 0.157202
7.11769 0.0401639 0.037193 0.184912 0.178111 0.0401639 0.0399331 0.184912 0.152228
7.12176 0.0409024 0.0406487 0.18432 0.16811 0.0409024 0.0399331 0.18432 0.152228
7.12583 0.0416385 0.0406487 0.183717 0.16811 0.0416385 0.0399331 0.183717 0.152228
7.1299 0.0423721 0.0406487 0.183103 0.16811 0.0423721 0.0399331 0.183103 0.152228
7.13397 0.0431033 0.0406487 0.182477 0.16811 0.0431033 0.0429875 0.182477 0.156608
7.13804 0.0438319 0.0440696 0.18184 0.17544 0.0438319 0.0429875 0.18184 0.156608
7.1421 0.044558 0.0440696 0.181191 0.17544 0.044558 0.0429875 0.181191 0.156608
7.14616 0.0452814 0.0440696 0.180531 0.17544 0.0452814 0.0429875 0.180531 0.156608
7.15022 0.0460022 0.0440696 0.17986 0.17544 0.0460022 0.0429875 0.17986 0.156608
7.15428 0.0467203 0.0440696 0.179177 0.17544 0.0467203 0.0463909 0.179177 0.182125
7.15834 0.0474356 0.0477173 0.178483 0.185686 0.0474356 0.0463909 0.178483 0.182125
7.16244 0.0481481 0.0477173 0.177778 0.185686 0.0481481 0.0463909 0.177778 0.182125
7.16654 0.0488578 0.0477173 0.177061 0.185686 0.0488578 0.0463909 0.177061 0.182125
7.17061 0.0495646 0.0477173 0.176333 0.185686 0.0495646 0.0463909 0.176333 0.182125
7.17469 0.0502685 0.0477173 0.175593 0.185686 0.0502685 0.0501084 0.175593 0.189403
7.17876 0.0509694 0.0513999 0.174842 0.185302 0.0509694 0.0501084 0.174842 0.189403
7.18283 0.0516672 0.0513999 0.17408 0.185302 0.0516672 0.0501084 0.17408 0.189403
7.18693 0.052362 0.0513999 0.173306 0.185302 0.052362 0.0501084 0.173306 0.189403
7.19102 0.0530536 0.0513999 0.172521 0.185302 0.0530536 0.0539656 0.172521 0.19258
7.19514 0.0537421 0.0513999 0.171725 0.185302 0.0537421 0.0539656 0.171725 0.19258
7.1993 0.0544274 0.0550826 0.170917 0.177605 0.0544274 0.0539656 0.170917 0.19258
7.20339 0.0551095 0.0550826 0.170098 0.177605 0.0551095 0.0539656 0.170098 0.19258
7.20748 0.0557882 0.0550826 0.169267 0.177605 0.0557882 0.0577006 0.169267 0.185511
7.21162 0.0564636 0.0550826 0.168425 0.177605 0.0564636 0.0577006 0.168425 0.185511
7.21571 0.0571356 0.0585907 0.167572 0.164619 0.0571356 0.0577006 0.167572 0.185511
7.21977 0.0578041 0.0585907 0.166707 0.164619 0.0578041 0.0577006 0.166707 0.185511
7.22384 0.0584692 0.0585907 0.165831 0.164619 0.0584692 0.0577006 0.165831 0.185511
7.22792 0.0591308 0.0585907 0.164944 0.164619 0.0591308 0.0594983 0.164944 0.168023
7.23199 0.0597887 0.0585907 0.164045 0.164619 0.0597887 0.0594983 0.164045 0.168023
7.23606 0.0604431 0.0618719 0.163135 0.16359 0.0604431 0.0594983 0.163135 0.168023
7.24016 0.0610938 0.0618719 0.162213 0.16359 0.0610938 0.0594983 0.162213 0.168023
7.24424 0.0617408 0.0618719 0.16128 0.16359 0.0617408 0.0627446 0.16128 0.154322
7.2483 0.062384 0.0618719 0.160336 0.16359 0.062384 0.0627446 0.160336 0.154322
7.25238 0.0630235 0.0618719 0.15938 0.16359 0.0630235 0.0627446 0.15938 0.154322
7.25648 0.0636591 0.0651182 0.158413 0.161443 0.0636591 0.0627446 0.158413 0.154322
7.26054 0.0642908 0.0651182 0.157434 0.161443 0.0642908 0.0627446 0.157434 0.154322
7.2646 0.0649185 0.0651182 0.156444 0.161443 0.0649185 0.0656244 0.156444 0.13926
7.26868 0.0655423 0.0651182 0.155443 0.161443 0.0655423 0.0656244 0.155443 0.13926
7.27274 0.066162 0.0651182 0.154431 0.161443 0.066162 0.0656244 0.154431 0.13926
7.2768 0.0667777 0.0682249 0.153407 0.152524 0.0667777 0.0656244 0.153407 0.13926
7.28087 0.0673893 0.0682249 0.152371 0.152524 0.0673893 0.0686613 0.152371 0.157411
7.28495 0.0679967 0.0682249 0.151324 0.152524 0.0679967 0.0686613 0.151324 0.157411
7.28902 0.0685999 0.0682249 0.150266 0.152524 0.0685999 0.0686613 0.150266 0.157411
7.29309 0.0691988 0.0709302 0.149197 0.131964 0.0691988 0.0686613 0.149197 0.157411
7.29719 0.0697934 0.0709302 0.148116 0.131964 0.0697934 0.0714887 0.148116 0.141721
7.30126 0.0703837 0.0709302 0.147024 0.131964 0.0703837 0.0714887 0.147024 0.141721
7.30543 0.0709696 0.0709302 0.14592 0.131964 0.0709696 0.0714887 0.14592 0.141721
7.30961 0.0715511 0.0709302 0.144805 0.131964 0.0715511 0.0714887 0.144805 0.141721
7.31382 0.072128 0.0736354 0.143679 0.137776 0.072128 0.0714887 0.143679 0.141721
7.31801 0.0727005 0.0736354 0.142541 0.137776 0.0727005 0.0729722 0.142541 0.141023
7.32207 0.0732683 0.0736354 0.141392 0.137776 0.0732683 0.0729722 0.141392 0.141023
7.32617 0.0738316 0.0736354 0.140231 0.137776 0.0738316 0.0729722 0.140231 0.141023
7.33026 0.0743902 0.0736354 0.139059 0.137776 0.0743902 0.0729722 0.139059 0.141023
7.33433 0.074944 0.0762883 0.137876 0.129399 0.074944 0.0729722 0.137876 0.12699
7.3384 0.0754932 0.0762883 0.136681 0.129399 0.0754932 0.0756775 0.136681 0.12699
7.34248 0.0760375 0.0762883 0.135475 0.129399 0.0760375 0.0756775 0.135475 0.12699
7.34655 0.0765769 0.0762883 0.134258 0.129399 0.0765769 0.0756775 0.134258 0.12699
7.35062 0.0771115 0.0762883 0.133029 0.129399 0.0771115 0.0756775 0.133029 0.12699
7.35473 0.0776412 0.0787493 0.131789 0.121772 0.0776412 0.078086 0.131789 0.123377
7.3588 0.0781658 0.0787493 0.130537 0.121772 0.0781658 0.078086 0.130537 0.123377
7.36287 0.0786854 0.0787493 0.129274 0.121772 0.0786854 0.078086 0.129274 0.123377
7.36693 0.0792 0.0787493 0.128 0.121772 0.0792 0.078086 0.128 0.123377
7.37099 0.0797094 0.0812625 0.126714 0.125664 0.0797094 0.0807215 0.126714 0.135856
7.37505 0.0802137 0.0812625 0.125417 0.125664 0.0802137 0.0807215 0.125417 0.135856
7.37911 0.0807128 0.0812625 0.124109 0.125664 0.0807128 0.0807215 0.124109 0.135856
7.38317 0.0812066 0.0812625 0.122789 0.125664 0.0812066 0.0807215 0.122789 0.135856
7.38723 0.0816951 0.0812625 0.121458 0.125664 0.0816951 0.0807215 0.121458 0.135856
7.3913 0.0821782 0.082397 0.120115 0.116361 0.0821782 0.083322 0.120115 0.131336
7.39537 0.082656 0.082397 0.118761 0.116361 0.082656 0.083322 0.118761 0.131336
7.39944 0.0831283 0.082397 0.117396 0.116361 0.0831283 0.083322 0.117396 0.131336
7.40351 0.0835951 0.082397 0.116019 0.116361 0.0835951 0.083322 0.116019 0.131336
7.40762 0.0840564 0.082397 0.114631 0.116361 0.0840564 0.0859575 0.114631 0.127723
7.41172 0.0845121 0.0847357 0.113232 0.115855 0.0845121 0.0859575 0.113232 0.127723
7.41583 0.0849623 0.0847357 0.111821 0.115855 0.0849623 0.0859575 0.111821 0.127723
7.4199 0.0854067 0.0847357 0.110399 0.115855 0.0854067 0.0859575 0.110399 0.127723
7.42411 0.0858454 0.0847357 0.108965 0.115855 0.0858454 0.0859575 0.108965 0.127723
7.42817 0.0862784 0.0847357 0.10752 0.115855 0.0862784 0.0871094 0.10752 0.109676
7.43229 0.0867056 0.0869872 0.106064 0.10725 0.0867056 0.0871094 0.106064 0.109676
7.43647 0.0871269 0.0869872 0.104596 0.10725 0.0871269 0.0871094 0.104596 0.109676
7.44053 0.0875423 0.0869872 0.103117 0.10725 0.0875423 0.0871094 0.103117 0.109676
7.4446 0.0879518 0.0869872 0.101626 0.10725 0.0879518 0.0892212 0.101626 0.0958011
7.44866 0.0883553 0.0892212 0.100124 0.112068 0.0883553 0.0892212 0.100124 0.0958011
7.45273 0.0887528 0.0892212 0.0986112 0.112068 0.0887528 0.0892212 0.0986112 0.0958011
7.4568 0.0891442 0.0892212 0.0970866 0.112068 0.0891442 0.0892212 0.0970866 0.0958011
7.46088 0.0895295 0.0892212 0.0955506 0.112068 0.0895295 0.0909666 0.0955506 0.0789238
7.46495 0.0899086 0.0892212 0.0940032 0.112068 0.0899086 0.0909666 0.0940032 0.0789238
7.46901 0.0902815 0.0914029 0.0924444 0.106971 0.0902815 0.0909666 0.0924444 0.0789238
7.47308 0.0906481 0.0914029 0.0908743 0.106971 0.0906481 0.0909666 0.0908743 0.0789238
7.47714 0.0910085 0.0914029 0.0892928 0.106971 0.0910085 0.0909666 0.0892928 0.0789238
7.48121 0.0913625 0.0914029 0.0876999 0.106971 0.0913625 0.0928166 0.0876999 0.0986984
7.48527 0.09171 0.0914029 0.0860956 0.106971 0.09171 0.0928166 0.0860956 0.0986984
7.48933 0.0920512 0.0914029 0.08448 0.106971 0.0920512 0.0928166 0.08448 0.0986984
7.49344 0.0923859 0.0934798 0.082853 0.0950332 0.0923859 0.0928166 0.082853 0.0986984
7.49751 0.092714 0.0934798 0.0812146 0.0950332 0.092714 0.0928166 0.0812146 0.0986984
7.50158 0.0930356 0.0934798 0.0795648 0.0950332 0.0930356 0.0943874 0.0795648 0.0768992
7.50566 0.0933505 0.0934798 0.0779036 0.0950332 0.0933505 0.0943874 0.0779036 0.0768992
7.50973 0.0936588 0.0961676 0.0762311 0.0888024 0.0936588 0.0943874 0.0762311 0.0768992
7.5138 0.0939603 0.0961676 0.0745472 0.0888024 0.0939603 0.0943874 0.0745472 0.0768992
7.5179 0.0942551 0.0961676 0.0728519 0.0888024 0.0942551 0.0959757 0.0728519 0.0748223
7.522 0.0945431 0.0961676 0.0711452 0.0888024 0.0945431 0.0959757 0.0711452 0.0748223
7.52618 0.0948243 0.0961676 0.0694272 0.0888024 0.0948243 0.0959757 0.0694272 0.0748223
7.53034 0.0950985 0.0969879 0.0676978 0.0729722 0.0950985 0.0959757 0.0676978 0.0748223
7.53447 0.0953659 0.0969879 0.065957 0.0729722 0.0953659 0.0959757 0.065957 0.0748223
7.53859 0.0956262 0.0969879 0.0642048 0.0729722 0.0956262 0.0966214 0.0642048 0.0654498
7.54266 0.0958795 0.0969879 0.0624412 0.0729722 0.0958795 0.0966214 0.0624412 0.0654498
7.54684 0.0961257 0.0969879 0.0606663 0.0729722 0.0961257 0.0966214 0.0606663 0.0654498
7.5509 0.0963648 0.0983144 0.05888 0.0569501 0.0963648 0.0966214 0.05888 0.0654498
7.55497 0.0965967 0.0983144 0.0570823 0.0569501 0.0965967 0.0966214 0.0570823 0.0654498
7.55905 0.0968214 0.0983144 0.0552732 0.0569501 0.0968214 0.0978781 0.0552732 0.0554666
7.56313 0.0970389 0.0983144 0.0534528 0.0569501 0.0970389 0.0978781 0.0534528 0.0554666
7.5672 0.0972491 0.0983144 0.051621 0.0569501 0.0972491 0.0978781 0.051621 0.0554666
7.57128 0.0974519 0.0992918 0.0497778 0.0354302 0.0974519 0.0978781 0.0497778 0.0554666
7.57539 0.0976473 0.0992918 0.0479232 0.0354302 0.0976473 0.0988729 0.0479232 0.0467225
7.57957 0.0978352 0.0992918 0.0460572 0.0354302 0.0978352 0.0988729 0.0460572 0.0467225
7.58363 0.0980157 0.0992918 0.0441799 0.0354302 0.0980157 0.0988729 0.0441799 0.0467225
7.58775 0.0981886 0.0999725 0.0422912 0.0292866 0.0981886 0.0988729 0.0422912 0.0467225
7.5919 0.098354 0.0999725 0.0403911 0.0292866 0.098354 0.0988729 0.0403911 0.0467225
7.59596 0.0985118 0.0999725 0.0384796 0.0292866 0.0985118 0.0998328 0.0384796 0.0420799
7.60002 0.0986618 0.0999725 0.0365568 0.0292866 0.0986618 0.0998328 0.0365568 0.0420799
7.60411 0.0988042 0.0999725 0.0346226 0.0292866 0.0988042 0.0998328 0.0346226 0.0420799
7.60818 0.0989388 0.100514 0.032677 0.0245044 0.0989388 0.0998328 0.032677 0.0420799
7.61226 0.0990656 0.100514 0.03072 0.0245044 0.0990656 0.0998328 0.03072 0.0420799
7.61634 0.0991845 0.100514 0.0287516 0.0245044 0.0991845 0.100618 0.0287516 0.0372279
7.62041 0.0992956 0.100514 0.0267719 0.0245044 0.0992956 0.100618 0.0267719 0.0372279
7.62449 0.0993987 0.100514 0.0247808 0.0245044 0.0993987 0.100618 0.0247808 0.0372279
7.62856 0.0994938 0.10095 0.0227783 0.019792 0.0994938 0.100618 0.0227783 0.0372279
7.63263 0.0995809 0.10095 0.0207644 0.019792 0.0995809 0.101264 0.0207644 0.0268955
7.63671 0.0996599 0.10095 0.0187392 0.019792 0.0996599 0.101264 0.0187392 0.0268955
7.64077 0.0997308 0.10095 0.0167026 0.019792 0.0997308 0.101264 0.0167026 0.0268955
7.64484 0.0997935 0.10095 0.0146546 0.019792 0.0997935 0.101264 0.0146546 0.0268955
7.64901 0.099848 0.101299 0.0125952 0.00954695 0.099848 0.101264 0.0125952 0.0268955
7.65307 0.0998943 0.101299 0.0105244 0.00954695 0.0998943 0.101631 0.0105244 0.015324
7.65713 0.0999322 0.101299 0.00844231 0.00954695 0.0999322 0.101631 0.00844231 0.015324
7.66122 0.0999618 0.101299 0.0063488 0.00954695 0.0999618 0.101631 0.0063488 0.015324
7.66529 0.099983 0.101299 0.00424391 0.00954695 0.099983 0.101631 0.00424391 0.015324
7.66936 0.0999957 0.101439 0.00212764 0.00308923 0.0999957 0.1017 0.00212764 0.00178024
7.67352 0.1 0.101439 -6.66134e-16 0.00308923 0.1 0.1017 -6.66134e-16 0.00178024
7.6776 0.1 0.101439 0 0.00308923 0.1 0.1017 0 0.00178024
7.68167 0.0999957 0.101439 -0.00212764 0.00308923 0.0999957 0.1017 -0.00212764 0.00178024
7.68575 0.099983 0.101473 -0.00424391 0 0.099983 0.1017 -0.00424391 0.00178024
7.68986 0.0999618 0.101473 -0.0063488 0 0.0999618 0.1017 -0.0063488 0
7.69403 0.0999322 0.101473 -0.00844231 0 0.0999322 0.1017 -0.00844231 0
7.6981 0.0998943 0.101473 -0.0105244 0 0.0998943 0.1017 -0.0105244 0
7.70219 0.099848 0.101473 -0.0125952 0 0.099848 0.1017 -0.0125952 0
7.70626 0.0997935 0.101473 -0.0146546 0 0.0997935 0.1017 -0.0146546 0
7.71035 0.0997308 0.101473 -0.0167026 0 0.0997308 0.101631 -0.0167026 -0.00541052
7.71441 0.0996599 0.101473 -0.0187392 0 0.0996599 0.101631 -0.0187392 -0.00541052
7.71847 0.0995809 0.101473 -0.0207644 0 0.0995809 0.101631 -0.0207644 -0.00541052
7.72254 0.0994938 0.101473 -0.0227783 0 0.0994938 0.101631 -0.0227783 -0.00541052
7.72661 0.0993987 0.101351 -0.0247808 -0.00916298 0.0993987 0.101264 -0.0247808 -0.0201236
7.73069 0.0992956 0.101351 -0.0267719 -0.00916298 0.0992956 0.101264 -0.0267719 -0.0201236
7.73476 0.0991845 0.101351 -0.0287516 -0.00916298 0.0991845 0.101264 -0.0287516 -0.0201236
7.73886 0.0990656 0.101351 -0.03072 -0.00916298 0.0990656 0.101264 -0.03072 -0.0201236
7.74292 0.0989388 0.100985 -0.032677 -0.0203331 0.0989388 0.101264 -0.032677 -0.0201236
7.74712 0.0988042 0.100985 -0.0346226 -0.0203331 0.0988042 0.100985 -0.0346226 -0.0316777
7.75118 0.0986618 0.100985 -0.0365568 -0.0203331 0.0986618 0.100985 -0.0365568 -0.0316777
7.75524 0.0985118 0.100985 -0.0384796 -0.0203331 0.0985118 0.100985 -0.0384796 -0.0316777
7.7593 0.098354 0.100985 -0.0403911 -0.0203331 0.098354 0.100985 -0.0403911 -0.0316777
7.76336 0.0981886 0.100653 -0.0422912 -0.0404044 0.0981886 0.100985 -0.0422912 -0.0316777
7.76746 0.0980157 0.100653 -0.0441799 -0.0404044 0.0980157 0.100252 -0.0441799 -0.0454833
7.77153 0.0978352 0.100653 -0.0460572 -0.0404044 0.0978352 0.100252 -0.0460572 -0.0454833
7.7756 0.0976473 0.100653 -0.0479232 -0.0404044 0.0976473 0.100252 -0.0479232 -0.0454833
7.77968 0.0974519 0.100653 -0.0497778 -0.0404044 0.0974519 0.100252 -0.0497778 -0.0454833
7.78375 0.0972491 0.0991522 -0.051621 -0.0532849 0.0972491 0.0992569 -0.051621 -0.0593237
7.78782 0.0970389 0.0991522 -0.0534528 -0.0532849 0.0970389 0.0992569 -0.0534528 -0.0593237
7.79189 0.0968214 0.0991522 -0.0552732 -0.0532849 0.0968214 0.0992569 -0.0552732 -0.0593237
7.79596 0.0965967 0.0991522 -0.0570823 -0.0532849 0.0965967 0.0992569 -0.0570823 -0.0593237
7.80007 0.0963648 0.0985762 -0.05888 -0.0691674 0.0963648 0.0992569 -0.05888 -0.0593237
7.80426 0.0961257 0.0985762 -0.0606663 -0.0691674 0.0961257 0.0979653 -0.0606663 -0.0694292
7.80832 0.0958795 0.0985762 -0.0624412 -0.0691674 0.0958795 0.0979653 -0.0624412 -0.0694292
7.81238 0.0956262 0.0985762 -0.0642048 -0.0691674 0.0956262 0.0979653 -0.0642048 -0.0694292
7.81644 0.0953659 0.0985762 -0.065957 -0.0691674 0.0953659 0.0979653 -0.065957 -0.0694292
7.8205 0.0950985 0.0970578 -0.0676978 -0.0808087 0.0950985 0.0963945 -0.0676978 -0.0807913
7.82456 0.0948243 0.0970578 -0.0694272 -0.0808087 0.0948243 0.0963945 -0.0694272 -0.0807913
7.82862 0.0945431 0.0970578 -0.0711452 -0.0808087 0.0945431 0.0963945 -0.0711452 -0.0807913
7.83266 0.0942551 0.0970578 -0.0728519 -0.0808087 0.0942551 0.0963945 -0.0728519 -0.0807913
7.83674 0.0939603 0.0970578 -0.0745472 -0.0808087 0.0939603 0.0963945 -0.0745472 -0.0807913
7.84082 0.0936588 0.0954346 -0.0762311 -0.0874061 0.0936588 0.0947016 -0.0762311 -0.0831824
7.84489 0.0933505 0.0954346 -0.0779036 -0.0874061 0.0933505 0.0947016 -0.0779036 -0.0831824
7.84896 0.0930356 0.0954346 -0.0795648 -0.0874061 0.0930356 0.0947016 -0.0795648 -0.0831824
7.85303 0.092714 0.0954346 -0.0812146 -0.0874061 0.092714 0.0947016 -0.0812146 -0.0831824
7.8571 0.0923859 0.0954346 -0.082853 -0.0874061 0.0923859 0.0938114 -0.082853 -0.0935496
7.86118 0.0920512 0.0935496 -0.08448 -0.101264 0.0920512 0.0938114 -0.08448 -0.0935496
7.86525 0.09171 0.0935496 -0.0860956 -0.101264 0.09171 0.0938114 -0.0860956 -0.0935496
7.86932 0.0913625 0.0935496 -0.0876999 -0.101264 0.0913625 0.0938114 -0.0876999 -0.0935496
7.87339 0.0910085 0.0935496 -0.0892928 -0.101264 0.0910085 0.0938114 -0.0892928 -0.0935496
7.87749 0.0906481 0.0935496 -0.0908743 -0.101264 0.0906481 0.0919788 -0.0908743 -0.0907222
7.88156 0.0902815 0.0914902 -0.0924444 -0.102678 0.0902815 0.0919788 -0.0924444 -0.0907222
7.88563 0.0899086 0.0914902 -0.0940032 -0.102678 0.0899086 0.0919788 -0.0940032 -0.0907222
7.8897 0.0895295 0.0914902 -0.0955506 -0.102678 0.0895295 0.0919788 -0.0955506 -0.0907222
7.89378 0.0891442 0.0914902 -0.0970866 -0.102678 0.0891442 0.0919788 -0.0970866 -0.0907222
7.89785 0.0887528 0.0893958 -0.0986112 -0.108507 0.0887528 0.0900939 -0.0986112 -0.0976337
7.90192 0.0883553 0.0893958 -0.100124 -0.108507 0.0883553 0.0900939 -0.100124 -0.0976337
7.906 0.0879518 0.0893958 -0.101626 -0.108507 0.0879518 0.0900939 -0.101626 -0.0976337
7.91007 0.0875423 0.0893958 -0.103117 -0.108507 0.0875423 0.0900939 -0.103117 -0.0976337
7.91414 0.0871269 0.0893958 -0.104596 -0.108507 0.0871269 0.0880693 -0.104596 -0.112504
7.91826 0.0867056 0.087249 -0.106064 -0.108315 0.0867056 0.0880693 -0.106064 -0.112504
7.92236 0.0862784 0.087249 -0.10752 -0.108315 0.0862784 0.0880693 -0.10752 -0.112504
7.92654 0.0858454 0.087249 -0.108965 -0.108315 0.0858454 0.0880693 -0.108965 -0.112504
7.9306 0.0854067 0.087249 -0.110399 -0.108315 0.0854067 0.0880693 -0.110399 -0.112504
7.93467 0.0849623 0.087249 -0.111821 -0.108315 0.0849623 0.085748 -0.111821 -0.119328
7.93874 0.0845121 0.085015 -0.113232 -0.108385 0.0845121 0.085748 -0.113232 -0.119328
7.94281 0.0840564 0.085015 -0.114631 -0.108385 0.0840564 0.085748 -0.114631 -0.119328
7.94689 0.0835951 0.085015 -0.116019 -0.108385 0.0835951 0.085748 -0.116019 -0.119328
7.95096 0.0831283 0.085015 -0.117396 -0.108385 0.0831283 0.085748 -0.117396 -0.119328
7.95503 0.082656 0.0828333 -0.118761 -0.11493 0.082656 0.0833569 -0.118761 -0.125035
7.95911 0.0821782 0.0828333 -0.120115 -0.11493 0.0821782 0.0833569 -0.120115 -0.125035
7.96319 0.0816951 0.0828333 -0.121458 -0.11493 0.0816951 0.0833569 -0.121458 -0.125035
7.9673 0.0812066 0.0828333 -0.122789 -0.11493 0.0812066 0.0833569 -0.122789 -0.125035
7.9714 0.0807128 0.0828333 -0.124109 -0.11493 0.0807128 0.0833569 -0.124109 -0.125035
7.97547 0.0802137 0.0804946 -0.125417 -0.117845 0.0802137 0.0807738 -0.125417 -0.130568
7.97954 0.0797094 0.0804946 -0.126714 -0.117845 0.0797094 0.0807738 -0.126714 -0.130568
7.98361 0.0792 0.0804946 -0.128 -0.117845 0.0792 0.0807738 -0.128 -0.130568
7.98767 0.0786854 0.0804946 -0.129274 -0.117845 0.0786854 0.0807738 -0.129274 -0.130568
7.99174 0.0781658 0.0804946 -0.130537 -0.117845 0.0781658 0.0807738 -0.130537 -0.130568
7.9958 0.0776412 0.0781558 -0.131789 -0.120306 0.0776412 0.0781733 -0.131789 -0.131161
7.99987 0.0771115 0.0781558 -0.133029 -0.120306 0.0771115 0.0781733 -0.133029 -0.131161
8.00394 0.0765769 0.0781558 -0.134258 -0.120306 0.0765769 0.0781733 -0.134258 -0.131161
8.00802 0.0760375 0.0781558 -0.135475 -0.120306 0.0760375 0.0781733 -0.135475 -0.131161
8.01211 0.0754932 0.0755204 -0.136681 -0.131755 0.0754932 0.0755902 -0.136681 -0.129922
8.01618 0.074944 0.0755204 -0.137876 -0.131755 0.074944 0.0755902 -0.137876 -0.129922
8.02037 0.0743902 0.0755204 -0.139059 -0.131755 0.0743902 0.0755902 -0.139059 -0.129922
8.02446 0.0738316 0.0755204 -0.140231 -0.131755 0.0738316 0.0755902 -0.140231 -0.129922
8.0286 0.0732683 0.0755204 -0.141392 -0.131755 0.0732683 0.0755902 -0.141392 -0.129922
8.03265 0.0727005 0.0728675 -0.142541 -0.131842 0.0727005 0.0729373 -0.142541 -0.135664
8.03669 0.072128 0.0728675 -0.143679 -0.131842 0.072128 0.0729373 -0.143679 -0.135664
8.04075 0.0715511 0.0728675 -0.144805 -0.131842 0.0715511 0.0729373 -0.144805 -0.135664
8.04481 0.0709696 0.0728675 -0.14592 -0.131842 0.0709696 0.0729373 -0.14592 -0.135664
8.04887 0.0703837 0.0728675 -0.147024 -0.131842 0.0703837 0.0701099 -0.147024 -0.143396
8.05294 0.0697934 0.0700924 -0.148116 -0.136886 0.0697934 0.0701099 -0.148116 -0.143396
8.05701 0.0691988 0.0700924 -0.149197 -0.136886 0.0691988 0.0701099 -0.149197 -0.143396
8.06108 0.0685999 0.0700924 -0.150266 -0.136886 0.0685999 0.0701099 -0.150266 -0.143396
8.06515 0.0679967 0.0700924 -0.151324 -0.136886 0.0679967 0.0687311 -0.151324 -0.140429
8.06922 0.0673893 0.0687485 -0.152371 -0.13748 0.0673893 0.0687311 -0.152371 -0.140429
8.07338 0.0667777 0.0687485 -0.153407 -0.13748 0.0667777 0.0687311 -0.153407 -0.140429
8.07749 0.066162 0.0687485 -0.154431 -0.13748 0.066162 0.0687311 -0.154431 -0.140429
8.08156 0.0655423 0.0687485 -0.155443 -0.13748 0.0655423 0.0687311 -0.155443 -0.140429
8.08562 0.0649185 0.0687485 -0.156444 -0.13748 0.0649185 0.0658687 -0.156444 -0.148562
8.08968 0.0642908 0.0659036 -0.157434 -0.147393 0.0642908 0.0658687 -0.157434 -0.148562
8.09373 0.0636591 0.0659036 -0.158413 -0.147393 0.0636591 0.0658687 -0.158413 -0.148562
8.09793 0.0630235 0.0659036 -0.15938 -0.147393 0.0630235 0.0658687 -0.15938 -0.148562
8.10202 0.062384 0.0659036 -0.160336 -0.147393 0.062384 0.0658687 -0.160336 -0.148562
8.10609 0.0617408 0.0659036 -0.16128 -0.147393 0.0617408 0.062954 -0.16128 -0.151547
8.11016 0.0610938 0.0629366 -0.162213 -0.159698 0.0610938 0.062954 -0.162213 -0.151547
8.11423 0.0604431 0.0629366 -0.163135 -0.159698 0.0604431 0.062954 -0.163135 -0.151547
8.1183 0.0597887 0.0629366 -0.164045 -0.159698 0.0597887 0.062954 -0.164045 -0.151547
8.1224 0.0591308 0.0629366 -0.164944 -0.159698 0.0591308 0.062954 -0.164944 -0.151547
8.12647 0.0584692 0.0629366 -0.165831 -0.159698 0.0584692 0.0597426 -0.165831 -0.167918
8.13062 0.0578041 0.0594285 -0.166707 -0.190171 0.0578041 0.0597426 -0.166707 -0.167918
8.13472 0.0571356 0.0594285 -0.167572 -0.190171 0.0571356 0.0597426 -0.167572 -0.167918
8.13886 0.0564636 0.0594285 -0.168425 -0.190171 0.0564636 0.0597426 -0.168425 -0.167918
8.14292 0.0557882 0.0594285 -0.169267 -0.190171 0.0557882 0.0563392 -0.169267 -0.173486
8.14701 0.0551095 0.0594285 -0.170098 -0.190171 0.0551095 0.0563392 -0.170098 -0.173486
8.15111 0.0544274 0.0555887 -0.170917 -0.197781 0.0544274 0.0563392 -0.170917 -0.173486
8.15518 0.0537421 0.0555887 -0.171725 -0.197781 0.0537421 0.0563392 -0.171725 -0.173486
8.15925 0.0530536 0.0555887 -0.172521 -0.197781 0.0530536 0.0563392 -0.172521 -0.173486
8.16332 0.052362 0.0555887 -0.173306 -0.197781 0.052362 0.052674 -0.173306 -0.185947
8.1674 0.0516672 0.0516268 -0.17408 -0.194028 0.0516672 0.052674 -0.17408 -0.185947
8.17148 0.0509694 0.0516268 -0.174842 -0.194028 0.0509694 0.052674 -0.174842 -0.185947
8.17555 0.0502685 0.0516268 -0.175593 -0.194028 0.0502685 0.052674 -0.175593 -0.185947
8.17963 0.0495646 0.0516268 -0.176333 -0.194028 0.0495646 0.052674 -0.176333 -0.185947
8.1837 0.0488578 0.0516268 -0.177061 -0.194028 0.0488578 0.0488169 -0.177061 -0.190538
8.18777 0.0481481 0.047822 -0.177778 -0.190712 0.0481481 0.0488169 -0.177778 -0.190538
8.19185 0.0474356 0.047822 -0.178483 -0.190712 0.0474356 0.0488169 -0.178483 -0.190538
8.19597 0.0467203 0.047822 -0.179177 -0.190712 0.0467203 0.0488169 -0.179177 -0.190538
8.20003 0.0460022 0.047822 -0.17986 -0.190712 0.0460022 0.0451168 -0.17986 -0.186576
8.20409 0.0452814 0.047822 -0.180531 -0.190712 0.0452814 0.0451168 -0.180531 -0.186576
8.20815 0.044558 0.0440172 -0.181191 -0.187675 0.044558 0.0451168 -0.181191 -0.186576
8.21221 0.0438319 0.0440172 -0.18184 -0.187675 0.0438319 0.0451168 -0.18184 -0.186576
8.21628 0.0431033 0.0440172 -0.182477 -0.187675 0.0431033 0.0451168 -0.182477 -0.186576
8.22035 0.0423721 0.0440172 -0.183103 -0.187675 0.0423721 0.0415737 -0.183103 -0.17736
8.22442 0.0416385 0.040544 -0.183717 -0.173887 0.0416385 0.0415737 -0.183717 -0.17736
8.2285 0.0409024 0.040544 -0.18432 -0.173887 0.0409024 0.0415737 -0.18432 -0.17736
8.23257 0.0401639 0.040544 -0.184912 -0.173887 0.0401639 0.0415737 -0.184912 -0.17736
8.23677 0.0394231 0.040544 -0.185492 -0.173887 0.0394231 0.0397411 -0.185492 -0.172805
8.24083 0.03868 0.040544 -0.186061 -0.173887 0.03868 0.0397411 -0.186061 -0.172805
8.24489 0.0379347 0.0370708 -0.186618 -0.171897 0.0379347 0.0397411 -0.186618 -0.172805
8.24897 0.0371871 0.0370708 -0.187164 -0.171897 0.0371871 0.0397411 -0.187164 -0.172805
8.25317 0.0364374 0.0370708 -0.187699 -0.171897 0.0364374 0.0397411 -0.187699 -0.172805
8.25723 0.0356855 0.0370708 -0.188223 -0.171897 0.0356855 0.0364425 -0.188223 -0.162333
8.26135 0.0349316 0.0370708 -0.188735 -0.171897 0.0349316 0.0364425 -0.188735 -0.162333
8.26541 0.0341756 0.0337023 -0.189235 -0.168494 0.0341756 0.0364425 -0.189235 -0.162333
8.26947 0.0334177 0.0337023 -0.189724 -0.168494 0.0334177 0.0364425 -0.189724 -0.162333
8.27355 0.0326579 0.0337023 -0.190202 -0.168494 0.0326579 0.0364425 -0.190202 -0.162333
8.27762 0.0318961 0.0337023 -0.190669 -0.168494 0.0318961 0.0331264 -0.190669 -0.172526
8.28169 0.0311325 0.0303687 -0.191124 -0.162892 0.0311325 0.0331264 -0.191124 -0.172526
8.28577 0.0303671 0.0303687 -0.191568 -0.162892 0.0303671 0.0331264 -0.191568 -0.172526
8.28987 0.0296 0.0303687 -0.192 -0.162892 0.0296 0.0331264 -0.192 -0.172526
8.29394 0.0288312 0.0303687 -0.192421 -0.162892 0.0288312 0.0294786 -0.192421 -0.199753
8.29809 0.0280606 0.0303687 -0.192831 -0.162892 0.0280606 0.0294786 -0.192831 -0.199753
8.30224 0.0272885 0.0287456 -0.193229 -0.173276 0.0272885 0.0294786 -0.193229 -0.199753
8.30635 0.0265148 0.0287456 -0.193616 -0.173276 0.0265148 0.0294786 -0.193616 -0.199753
8.31041 0.0257396 0.0287456 -0.193991 -0.173276 0.0257396 0.0294786 -0.193991 -0.199753
8.31447 0.0249629 0.0287456 -0.194355 -0.173276 0.0249629 0.0252898 -0.194355 -0.21375
8.3186 0.0241848 0.0287456 -0.194708 -0.173276 0.0241848 0.0252898 -0.194708 -0.21375
8.32273 0.0234053 0.0251676 -0.195049 -0.181898 0.0234053 0.0252898 -0.195049 -0.21375
8.32683 0.0226244 0.0251676 -0.195379 -0.181898 0.0226244 0.0252898 -0.195379 -0.21375
8.33095 0.0218423 0.0251676 -0.195698 -0.181898 0.0218423 0.0252898 -0.195698 -0.21375
8.33506 0.0210588 0.0251676 -0.196005 -0.181898 0.0210588 0.0210836 -0.196005 -0.217119
8.33919 0.0202742 0.0251676 -0.196301 -0.181898 0.0202742 0.0210836 -0.196301 -0.217119
8.34332 0.0194885 0.0251676 -0.196585 -0.181898 0.0194885 0.0210836 -0.196585 -0.217119
8.3478 0.0187016 0.0196175 -0.196858 -0.185529 0.0187016 0.0210836 -0.196858 -0.217119
8.35217 0.0179136 0.0196175 -0.19712 -0.185529 0.0179136 0.0210836 -0.19712 -0.217119
8.35628 0.0171246 0.0196175 -0.19737 -0.185529 0.0171246 0.0167203 -0.19737 -0.214745
8.36039 0.0163347 0.0196175 -0.197609 -0.185529 0.0163347 0.0167203 -0.197609 -0.214745
8.36452 0.0155438 0.0152716 -0.197837 -0.221587 0.0155438 0.0167203 -0.197837 -0.214745
8.36863 0.014752 0.0152716 -0.198053 -0.221587 0.014752 0.0167203 -0.198053 -0.214745
8.37274 0.0139593 0.0152716 -0.198258 -0.221587 0.0139593 0.0167203 -0.198258 -0.214745
8.37685 0.0131659 0.0152716 -0.198451 -0.221587 0.0131659 0.0124617 -0.198451 -0.208759
8.38096 0.0123718 0.0152716 -0.198633 -0.221587 0.0123718 0.0124617 -0.198633 -0.208759
8.38507 0.0115769 0.0152716 -0.198804 -0.221587 0.0115769 0.0124617 -0.198804 -0.208759
8.38918 0.0107813 0.0106291 -0.198963 -0.239215 0.0107813 0.0124617 -0.198963 -0.208759
8.39328 0.00998519 0.0106291 -0.199111 -0.239215 0.00998519 0.0124617 -0.199111 -0.208759
8.39739 0.00918846 0.0106291 -0.199248 -0.239215 0.00918846 0.00829031 -0.199248 -0.207816
8.4015 0.00839122 0.0106291 -0.199373 -0.239215 0.00839122 0.00829031 -0.199373 -0.207816
8.4056 0.0075935 0.00630064 -0.199487 -0.210522 0.0075935 0.00829031 -0.199487 -0.207816
8.40969 0.00679534 0.00630064 -0.199589 -0.210522 0.00679534 0.00829031 -0.199589 -0.207816
8.41378 0.0059968 0.00630064 -0.19968 -0.210522 0.0059968 0.00424115 -0.19968 -0.190695
8.41787 0.00519792 0.00630064 -0.19976 -0.210522 0.00519792 0.00424115 -0.19976 -0.190695
8.42195 0.00439874 0.00630064 -0.199828 -0.210522 0.00439874 0.00424115 -0.199828 -0.190695
8.42603 0.00359931 0.0021293 -0.199885 -0.206717 0.00359931 0.00424115 -0.199885 -0.190695
8.43014 0.00279967 0.0021293 -0.19993 -0.206717 0.00279967 0.00424115 -0.19993 -0.190695
8.43422 0.00199988 0.0021293 -0.199964 -0.206717 0.00199988 0.000506145 -0.199964 -0.183574
8.43829 0.00119997 0.0021293 -0.199987 -0.206717 0.00119997 0.000506145 -0.199987 -0.183574
8.44236 0.000399999 0.0021293 -0.199999 -0.206717 0.000399999 0.000506145 -0.199999 -0.183574
8.44643 -0.000399999 -0.00171042 -0.199999 -0.191183 -0.000399999 0.000506145 -0.199999 -0.183574
8.4505 -0.00119997 -0.00171042 -0.199987 -0.191183 -0.00119997 -0.00294961 -0.199987 -0.177919
8.45457 -0.00199988 -0.00171042 -0.199964 -0.191183 -0.00199988 -0.00294961 -0.199964 -0.177919
8.45865 -0.00279967 -0.00171042 -0.19993 -0.191183 -0.00279967 -0.00294961 -0.19993 -0.177919
8.46272 -0.00359931 -0.00549779 -0.199885 -0.189194 -0.00359931 -0.00294961 -0.199885 -0.177919
8.46679 -0.00439874 -0.00549779 -0.199828 -0.189194 -0.00439874 -0.00294961 -0.199828 -0.177919
8.47086 -0.00519792 -0.00549779 -0.19976 -0.189194 -0.00519792 -0.0066497 -0.19976 -0.184132
8.47493 -0.0059968 -0.00549779 -0.19968 -0.189194 -0.0059968 -0.0066497 -0.19968 -0.184132
8.47899 -0.00679534 -0.00549779 -0.199589 -0.189194 -0.00679534 -0.0066497 -0.199589 -0.184132
8.48305 -0.0075935 -0.00904081 -0.199487 -0.175074 -0.0075935 -0.0066497 -0.199487 -0.184132
8.48711 -0.00839122 -0.00904081 -0.199373 -0.175074 -0.00839122 -0.0066497 -0.199373 -0.184132
8.49117 -0.00918846 -0.00904081 -0.199248 -0.175074 -0.00918846 -0.0101753 -0.199248 -0.17462
8.49523 -0.00998519 -0.00904081 -0.199111 -0.175074 -0.00998519 -0.0101753 -0.199111 -0.17462
8.4993 -0.0107813 -0.00904081 -0.198963 -0.175074 -0.0107813 -0.0101753 -0.198963 -0.17462
8.50337 -0.0115769 -0.0126187 -0.198804 -0.176034 -0.0115769 -0.0101753 -0.198804 -0.17462
8.50744 -0.0123718 -0.0126187 -0.198633 -0.176034 -0.0123718 -0.0135263 -0.198633 -0.169053
8.51152 -0.0131659 -0.0126187 -0.198451 -0.176034 -0.0131659 -0.0135263 -0.198451 -0.169053
8.51562 -0.0139593 -0.0126187 -0.198258 -0.176034 -0.0139593 -0.0135263 -0.198258 -0.169053
8.51977 -0.014752 -0.0126187 -0.198053 -0.176034 -0.014752 -0.0135263 -0.198053 -0.169053
8.52384 -0.0155438 -0.0158999 -0.197837 -0.167203 -0.0155438 -0.0135263 -0.197837 -0.169053
8.5279 -0.0163347 -0.0158999 -0.197609 -0.167203 -0.0163347 -0.0152716 -0.197609 -0.181392
8.53198 -0.0171246 -0.0158999 -0.19737 -0.167203 -0.0171246 -0.0152716 -0.19737 -0.181392
8.5361 -0.0179136 -0.0158999 -0.19712 -0.167203 -0.0179136 -0.0152716 -0.19712 -0.181392
8.54016 -0.0187016 -0.0158999 -0.196858 -0.167203 -0.0187016 -0.0152716 -0.196858 -0.181392
8.54436 -0.0194885 -0.0197397 -0.196585 -0.192475 -0.0194885 -0.0189717 -0.196585 -0.183731
8.54842 -0.0202742 -0.0197397 -0.196301 -0.192475 -0.0202742 -0.0189717 -0.196301 -0.183731
8.55249 -0.0210588 -0.0197397 -0.196005 -0.192475 -0.0210588 -0.0189717 -0.196005 -0.183731
8.55657 -0.0218423 -0.0197397 -0.195698 -0.192475 -0.0218423 -0.0189717 -0.195698 -0.183731
8.56064 -0.0226244 -0.0197397 -0.195379 -0.192475 -0.0226244 -0.0189717 -0.195379 -0.183731
8.56471 -0.0234053 -0.023719 -0.195049 -0.19916 -0.0234053 -0.0226369 -0.195049 -0.181671
8.56878 -0.0241848 -0.023719 -0.194708 -0.19916 -0.0241848 -0.0226369 -0.194708 -0.181671
8.57285 -0.0249629 -0.023719 -0.194355 -0.19916 -0.0249629 -0.0226369 -0.194355 -0.181671
8.57691 -0.0257396 -0.023719 -0.193991 -0.19916 -0.0257396 -0.0226369 -0.193991 -0.181671
8.58105 -0.0265148 -0.0256738 -0.193616 -0.194412 -0.0265148 -0.0267908 -0.193616 -0.221028
8.58525 -0.0272885 -0.0256738 -0.193229 -0.194412 -0.0272885 -0.0267908 -0.193229 -0.221028
8.58935 -0.0280606 -0.0256738 -0.192831 -0.194412 -0.0280606 -0.0267908 -0.192831 -0.221028
8.5935 -0.0288312 -0.0256738 -0.192421 -0.194412 -0.0288312 -0.0267908 -0.192421 -0.221028
8.59757 -0.0296 -0.0256738 -0.192 -0.194412 -0.0296 -0.0267908 -0.192 -0.221028
8.60163 -0.0303671 -0.0294786 -0.191568 -0.187361 -0.0303671 -0.0312414 -0.191568 -0.219161
8.60569 -0.0311325 -0.0294786 -0.191124 -0.187361 -0.0311325 -0.0312414 -0.191124 -0.219161
8.60977 -0.0318961 -0.0294786 -0.190669 -0.187361 -0.0318961 -0.0312414 -0.190669 -0.219161
8.61384 -0.0326579 -0.0294786 -0.190202 -0.187361 -0.0326579 -0.0312414 -0.190202 -0.219161
8.61791 -0.0334177 -0.0294786 -0.189724 -0.187361 -0.0334177 -0.0353778 -0.189724 -0.206525
8.62199 -0.0341756 -0.0352731 -0.189235 -0.198444 -0.0341756 -0.0353778 -0.189235 -0.206525
8.62609 -0.0349316 -0.0352731 -0.188735 -0.198444 -0.0349316 -0.0353778 -0.188735 -0.206525
8.63016 -0.0356855 -0.0352731 -0.188223 -0.198444 -0.0356855 -0.0353778 -0.188223 -0.206525
8.63422 -0.0364374 -0.0352731 -0.187699 -0.198444 -0.0364374 -0.0353778 -0.187699 -0.206525
8.63841 -0.0371871 -0.0352731 -0.187164 -0.198444 -0.0371871 -0.037385 -0.187164 -0.197065
8.64252 -0.0379347 -0.037542 -0.186618 -0.219981 -0.0379347 -0.037385 -0.186618 -0.197065
8.6467 -0.03868 -0.037542 -0.186061 -0.219981 -0.03868 -0.037385 -0.186061 -0.197065
8.65076 -0.0394231 -0.037542 -0.185492 -0.219981 -0.0394231 -0.037385 -0.185492 -0.197065
8.65482 -0.0401639 -0.037542 -0.184912 -0.219981 -0.0401639 -0.037385 -0.184912 -0.197065
8.65888 -0.0409024 -0.037542 -0.18432 -0.219981 -0.0409024 -0.042778 -0.18432 -0.167604
8.66295 -0.0416385 -0.0417657 -0.183717 -0.213017 -0.0416385 -0.042778 -0.183717 -0.167604
8.66703 -0.0423721 -0.0417657 -0.183103 -0.213017 -0.0423721 -0.042778 -0.183103 -0.167604
8.6711 -0.0431033 -0.0417657 -0.182477 -0.213017 -0.0431033 -0.042778 -0.182477 -0.167604
8.67517 -0.0438319 -0.0417657 -0.18184 -0.213017 -0.0438319 -0.042778 -0.18184 -0.167604
8.67925 -0.044558 -0.0457276 -0.181191 -0.166155 -0.044558 -0.046164 -0.181191 -0.171461
8.68332 -0.0452814 -0.0457276 -0.180531 -0.166155 -0.0452814 -0.046164 -0.180531 -0.171461
8.68739 -0.0460022 -0.0457276 -0.17986 -0.166155 -0.0460022 -0.046164 -0.17986 -0.171461
8.69156 -0.0467203 -0.0457276 -0.179177 -0.166155 -0.0467203 -0.046164 -0.179177 -0.171461
8.69562 -0.0474356 -0.0492881 -0.178483 -0.179088 -0.0474356 -0.046164 -0.178483 -0.171461
8.69969 -0.0481481 -0.0492881 -0.177778 -0.179088 -0.0481481 -0.0481536 -0.177778 -0.192859
8.70375 -0.0488578 -0.0492881 -0.177061 -0.179088 -0.0488578 -0.0481536 -0.177061 -0.192859
8.70781 -0.0495646 -0.0492881 -0.176333 -0.179088 -0.0495646 -0.0481536 -0.176333 -0.192859
8.71188 -0.0502685 -0.0492881 -0.175593 -0.179088 -0.0502685 -0.0481536 -0.175593 -0.192859
8.71594 -0.0509694 -0.0492881 -0.174842 -0.179088 -0.0509694 -0.0516443 -0.174842 -0.155334
8.72001 -0.0516672 -0.0527613 -0.17408 -0.173748 -0.0516672 -0.0516443 -0.17408 -0.155334
8.72409 -0.052362 -0.0527613 -0.173306 -0.173748 -0.052362 -0.0516443 -0.173306 -0.155334
8.72817 -0.0530536 -0.0527613 -0.172521 -0.173748 -0.0530536 -0.0516443 -0.172521 -0.155334
8.73224 -0.0537421 -0.0527613 -0.171725 -0.173748 -0.0537421 -0.0516443 -0.171725 -0.155334
8.73631 -0.0544274 -0.0561996 -0.170917 -0.171688 -0.0544274 -0.0547335 -0.170917 -0.165597
8.74039 -0.0551095 -0.0561996 -0.170098 -0.171688 -0.0551095 -0.0547335 -0.170098 -0.165597
8.74446 -0.0557882 -0.0561996 -0.169267 -0.171688 -0.0557882 -0.0547335 -0.169267 -0.165597
8.74853 -0.0564636 -0.0561996 -0.168425 -0.171688 -0.0564636 -0.0547335 -0.168425 -0.165597
8.75259 -0.0571356 -0.059411 -0.167572 -0.157499 -0.0571356 -0.0582242 -0.167572 -0.18134
8.75665 -0.0578041 -0.059411 -0.166707 -0.157499 -0.0578041 -0.0582242 -0.166707 -0.18134
8.76072 -0.0584692 -0.059411 -0.165831 -0.157499 -0.0584692 -0.0582242 -0.165831 -0.18134
8.76478 -0.0591308 -0.059411 -0.164944 -0.157499 -0.0591308 -0.0582242 -0.164944 -0.18134
8.76885 -0.0597887 -0.059411 -0.164045 -0.157499 -0.0597887 -0.0582242 -0.164045 -0.18134
8.77291 -0.0604431 -0.0624653 -0.163135 -0.150779 -0.0604431 -0.0616974 -0.163135 -0.169663
8.77699 -0.0610938 -0.0624653 -0.162213 -0.150779 -0.0610938 -0.0616974 -0.162213 -0.169663
8.78106 -0.0617408 -0.0624653 -0.16128 -0.150779 -0.0617408 -0.0616974 -0.16128 -0.169663
8.78513 -0.062384 -0.0624653 -0.160336 -0.150779 -0.062384 -0.0616974 -0.160336 -0.169663
8.78921 -0.0630235 -0.0624653 -0.15938 -0.150779 -0.0630235 -0.065031 -0.15938 -0.16619
8.79328 -0.0636591 -0.0653277 -0.158413 -0.145473 -0.0636591 -0.065031 -0.158413 -0.16619
8.79739 -0.0642908 -0.0653277 -0.157434 -0.145473 -0.0642908 -0.065031 -0.157434 -0.16619
8.8015 -0.0649185 -0.0653277 -0.156444 -0.145473 -0.0649185 -0.065031 -0.156444 -0.16619
8.8056 -0.0655423 -0.0653277 -0.155443 -0.145473 -0.0655423 -0.065031 -0.155443 -0.16619
8.80966 -0.066162 -0.0668112 -0.154431 -0.138003 -0.066162 -0.0666716 -0.154431 -0.160343
8.81373 -0.0667777 -0.0668112 -0.153407 -0.138003 -0.0667777 -0.0666716 -0.153407 -0.160343
8.81785 -0.0673893 -0.0668112 -0.152371 -0.138003 -0.0673893 -0.0666716 -0.152371 -0.160343
8.82192 -0.0679967 -0.0668112 -0.151324 -0.138003 -0.0679967 -0.0666716 -0.151324 -0.160343
8.82602 -0.0685999 -0.0668112 -0.150266 -0.138003 -0.0685999 -0.0666716 -0.150266 -0.160343
8.83008 -0.0691988 -0.0694467 -0.149197 -0.12994 -0.0691988 -0.069691 -0.149197 -0.135298
8.83416 -0.0697934 -0.0694467 -0.148116 -0.12994 -0.0697934 -0.069691 -0.148116 -0.135298
8.83823 -0.0703837 -0.0694467 -0.147024 -0.12994 -0.0703837 -0.069691 -0.147024 -0.135298
8.8423 -0.0709696 -0.0694467 -0.14592 -0.12994 -0.0709696 -0.069691 -0.14592 -0.135298
8.84638 -0.0715511 -0.0694467 -0.144805 -0.12994 -0.0715511 -0.072309 -0.144805 -0.125227
8.85045 -0.072128 -0.0720297 -0.143679 -0.13631 -0.072128 -0.072309 -0.143679 -0.125227
8.85452 -0.0727005 -0.0720297 -0.142541 -0.13631 -0.0727005 -0.072309 -0.142541 -0.125227
8.85867 -0.0732683 -0.0720297 -0.141392 -0.13631 -0.0732683 -0.072309 -0.141392 -0.125227
8.86273 -0.0738316 -0.0720297 -0.140231 -0.13631 -0.0738316 -0.072309 -0.140231 -0.125227
8.86689 -0.0743902 -0.0749444 -0.139059 -0.152507 -0.0743902 -0.0749968 -0.139059 -0.141023
8.87095 -0.074944 -0.0749444 -0.137876 -0.152507 -0.074944 -0.0749968 -0.137876 -0.141023
8.87502 -0.0754932 -0.0749444 -0.136681 -0.152507 -0.0754932 -0.0749968 -0.136681 -0.141023
8.87908 -0.0760375 -0.0749444 -0.135475 -0.152507 -0.0760375 -0.0749968 -0.135475 -0.141023
8.88315 -0.0765769 -0.0749444 -0.134258 -0.152507 -0.0765769 -0.0749968 -0.134258 -0.141023
8.88723 -0.0771115 -0.0779464 -0.133029 -0.15036 -0.0771115 -0.0778068 -0.133029 -0.136712
8.89131 -0.0776412 -0.0779464 -0.131789 -0.15036 -0.0776412 -0.0778068 -0.131789 -0.136712
8.89539 -0.0781658 -0.0779464 -0.130537 -0.15036 -0.0781658 -0.0778068 -0.130537 -0.136712
8.89946 -0.0786854 -0.0779464 -0.129274 -0.15036 -0.0786854 -0.0778068 -0.129274 -0.136712
8.90354 -0.0792 -0.0810182 -0.128 -0.150988 -0.0792 -0.0805295 -0.128 -0.135141
8.90764 -0.0797094 -0.0810182 -0.126714 -0.150988 -0.0797094 -0.0805295 -0.126714 -0.135141
8.9118 -0.0802137 -0.0810182 -0.125417 -0.150988 -0.0802137 -0.0805295 -0.125417 -0.135141
8.91586 -0.0807128 -0.0810182 -0.124109 -0.150988 -0.0807128 -0.0805295 -0.124109 -0.135141
8.91993 -0.0812066 -0.0810182 -0.122789 -0.150988 -0.0812066 -0.0805295 -0.122789 -0.135141
8.92409 -0.0816951 -0.0836362 -0.121458 -0.125158 -0.0816951 -0.0830951 -0.121458 -0.129521
8.92815 -0.0821782 -0.0836362 -0.120115 -0.125158 -0.0821782 -0.0830951 -0.120115 -0.129521
8.93222 -0.082656 -0.0836362 -0.118761 -0.125158 -0.082656 -0.0830951 -0.118761 -0.129521
8.93628 -0.0831283 -0.0836362 -0.117396 -0.125158 -0.0831283 -0.0830951 -0.117396 -0.129521
8.94036 -0.0835951 -0.0836362 -0.116019 -0.125158 -0.0835951 -0.0854862 -0.116019 -0.11678
8.94444 -0.0840564 -0.0858877 -0.114631 -0.11116 -0.0840564 -0.0854862 -0.114631 -0.11678
8.94852 -0.0845121 -0.0858877 -0.113232 -0.11116 -0.0845121 -0.0854862 -0.113232 -0.11678
8.95259 -0.0849623 -0.0858877 -0.111821 -0.11116 -0.0849623 -0.0854862 -0.111821 -0.11678
8.95666 -0.0854067 -0.0858877 -0.110399 -0.11116 -0.0854067 -0.0875283 -0.110399 -0.10095
8.96073 -0.0858454 -0.0868301 -0.108965 -0.0936893 -0.0858454 -0.0875283 -0.108965 -0.10095
8.9648 -0.0862784 -0.0868301 -0.10752 -0.0936893 -0.0862784 -0.0875283 -0.10752 -0.10095
8.96887 -0.0867056 -0.0868301 -0.106064 -0.0936893 -0.0867056 -0.0875283 -0.106064 -0.10095
8.97293 -0.0871269 -0.0868301 -0.104596 -0.0936893 -0.0871269 -0.0875283 -0.104596 -0.10095
8.97699 -0.0875423 -0.0868301 -0.103117 -0.0936893 -0.0875423 -0.0885755 -0.103117 -0.0952426
8.98105 -0.0879518 -0.0886802 -0.101626 -0.0900939 -0.0879518 -0.0885755 -0.101626 -0.0952426
8.98514 -0.0883553 -0.0886802 -0.100124 -0.0900939 -0.0883553 -0.0885755 -0.100124 -0.0952426
8.98924 -0.0887528 -0.0886802 -0.0986112 -0.0900939 -0.0887528 -0.0885755 -0.0986112 -0.0952426
8.9933 -0.0891442 -0.0886802 -0.0970866 -0.0900939 -0.0891442 -0.0903557 -0.0970866 -0.0807215
8.99737 -0.0895295 -0.0886802 -0.0955506 -0.0900939 -0.0895295 -0.0903557 -0.0955506 -0.0807215
9.00144 -0.0899086 -0.0904081 -0.0940032 -0.0843169 -0.0899086 -0.0903557 -0.0940032 -0.0807215
9.00551 -0.0902815 -0.0904081 -0.0924444 -0.0843169 -0.0902815 -0.0903557 -0.0924444 -0.0807215
9.00959 -0.0906481 -0.0904081 -0.0908743 -0.0843169 -0.0906481 -0.0903557 -0.0908743 -0.0807215
9.01365 -0.0910085 -0.0904081 -0.0892928 -0.0843169 -0.0910085 -0.0918916 -0.0892928 -0.07847
9.01776 -0.0913625 -0.0921708 -0.0876999 -0.0912633 -0.0913625 -0.0918916 -0.0876999 -0.07847
9.02188 -0.09171 -0.0921708 -0.0860956 -0.0912633 -0.09171 -0.0918916 -0.0860956 -0.07847
9.02594 -0.0920512 -0.0921708 -0.08448 -0.0912633 -0.0920512 -0.0918916 -0.08448 -0.07847
9.03 -0.0923859 -0.0921708 -0.082853 -0.0912633 -0.0923859 -0.0918916 -0.082853 -0.07847
9.0342 -0.092714 -0.0921708 -0.0812146 -0.0912633 -0.092714 -0.0935846 -0.0812146 -0.089291
9.03827 -0.0930356 -0.0939685 -0.0795648 -0.0893085 -0.0930356 -0.0935846 -0.0795648 -0.089291
9.04233 -0.0933505 -0.0939685 -0.0779036 -0.0893085 -0.0933505 -0.0935846 -0.0779036 -0.089291
9.0464 -0.0936588 -0.0939685 -0.0762311 -0.0893085 -0.0936588 -0.0935846 -0.0762311 -0.089291
9.05047 -0.0939603 -0.0939685 -0.0745472 -0.0893085 -0.0939603 -0.0935846 -0.0745472 -0.089291
9.05454 -0.0942551 -0.0939685 -0.0728519 -0.0893085 -0.0942551 -0.0952601 -0.0728519 -0.0827461
9.05862 -0.0945431 -0.0957313 -0.0711452 -0.0826413 -0.0945431 -0.0952601 -0.0711452 -0.0827461
9.06269 -0.0948243 -0.0957313 -0.0694272 -0.0826413 -0.0948243 -0.0952601 -0.0694272 -0.0827461
9.06676 -0.0950985 -0.0957313 -0.0676978 -0.0826413 -0.0950985 -0.0952601 -0.0676978 -0.0827461
9.07082 -0.0953659 -0.0957313 -0.065957 -0.0826413 -0.0953659 -0.0968658 -0.065957 -0.0763931
9.07499 -0.0956262 -0.0957313 -0.0642048 -0.0826413 -0.0956262 -0.0968658 -0.0642048 -0.0763931
9.07911 -0.0958795 -0.0974068 -0.0624412 -0.0824843 -0.0958795 -0.0968658 -0.0624412 -0.0763931
9.08317 -0.0961257 -0.0974068 -0.0606663 -0.0824843 -0.0961257 -0.0968658 -0.0606663 -0.0763931
9.08725 -0.0963648 -0.0974068 -0.05888 -0.0824843 -0.0963648 -0.0968658 -0.05888 -0.0763931
9.09131 -0.0965967 -0.0974068 -0.0570823 -0.0824843 -0.0965967 -0.0981573 -0.0570823 -0.0639663
9.09536 -0.0968214 -0.0987507 -0.0552732 -0.0642805 -0.0968214 -0.0981573 -0.0552732 -0.0639663
9.09942 -0.0970389 -0.0987507 -0.0534528 -0.0642805 -0.0970389 -0.0981573 -0.0534528 -0.0639663
9.10349 -0.0972491 -0.0987507 -0.051621 -0.0642805 -0.0972491 -0.0981573 -0.051621 -0.0639663
9.10756 -0.0974519 -0.0987507 -0.0497778 -0.0642805 -0.0974519 -0.0987333 -0.0497778 -0.0535292
9.11164 -0.0976473 -0.0987507 -0.0479232 -0.0642805 -0.0976473 -0.0987333 -0.0479232 -0.0535292
9.11571 -0.0978352 -0.0998328 -0.0460572 -0.0503178 -0.0978352 -0.0987333 -0.0460572 -0.0535292
9.11978 -0.0980157 -0.0998328 -0.0441799 -0.0503178 -0.0980157 -0.0987333 -0.0441799 -0.0535292
9.12389 -0.0981886 -0.0998328 -0.0422912 -0.0503178 -0.0981886 -0.0996758 -0.0422912 -0.0367741
9.12795 -0.098354 -0.0998328 -0.0403911 -0.0503178 -0.098354 -0.0996758 -0.0403911 -0.0367741
9.13216 -0.0985118 -0.0998328 -0.0384796 -0.0503178 -0.0985118 -0.0996758 -0.0384796 -0.0367741
9.13622 -0.0986618 -0.100653 -0.0365568 -0.0357443 -0.0986618 -0.0996758 -0.0365568 -0.0367741
9.14042 -0.0988042 -0.100653 -0.0346226 -0.0357443 -0.0988042 -0.0996758 -0.0346226 -0.0367741
9.14448 -0.0989388 -0.100653 -0.032677 -0.0357443 -0.0989388 -0.0996758 -0.032677 -0.0367741
9.14858 -0.0990656 -0.100653 -0.03072 -0.0357443 -0.0990656 -0.100322 -0.03072 -0.025988
9.15265 -0.0991845 -0.100653 -0.0287516 -0.0357443 -0.0991845 -0.100322 -0.0287516 -0.025988
9.15672 -0.0992956 -0.101072 -0.0267719 -0.0200189 -0.0992956 -0.100322 -0.0267719 -0.025988
9.1608 -0.0993987 -0.101072 -0.0247808 -0.0200189 -0.0993987 -0.100322 -0.0247808 -0.025988
9.16487 -0.0994938 -0.101072 -0.0227783 -0.0200189 -0.0994938 -0.100828 -0.0227783 -0.027262
9.16894 -0.0995809 -0.101072 -0.0207644 -0.0200189 -0.0995809 -0.100828 -0.0207644 -0.027262
9.17302 -0.0996599 -0.101247 -0.0187392 -0.00689405 -0.0996599 -0.100828 -0.0187392 -0.027262
9.17709 -0.0997308 -0.101247 -0.0167026 -0.00689405 -0.0997308 -0.100828 -0.0167026 -0.027262
9.18116 -0.0997935 -0.101247 -0.0146546 -0.00689405 -0.0997935 -0.100828 -0.0146546 -0.027262
9.18526 -0.099848 -0.101247 -0.0125952 -0.00689405 -0.099848 -0.101299 -0.0125952 -0.0164585
9.18932 -0.0998943 -0.101247 -0.0105244 -0.00689405 -0.0998943 -0.101299 -0.0105244 -0.0164585
9.19339 -0.0999322 -0.101316 -0.00844231 -0.00202458 -0.0999322 -0.101299 -0.00844231 -0.0164585
9.19746 -0.0999618 -0.101316 -0.0063488 -0.00202458 -0.0999618 -0.101299 -0.0063488 -0.0164585
9.20152 -0.099983 -0.101316 -0.00424391 -0.00202458 -0.099983 -0.101578 -0.00424391 -0.0123569
9.20563 -0.0999957 -0.101316 -0.00212764 -0.00202458 -0.0999957 -0.101578 -0.00212764 -0.0123569
9.20969 -0.1 -0.101316 6.66134e-16 -0.00202458 -0.1 -0.101578 6.66134e-16 -0.0123569
9.21376 -0.1 -0.101316 0 0 -0.1 -0.101578 0 -0.0123569
9.21784 -0.0999957 -0.101316 0.00212764 0 -0.0999957 -0.101578 0.00212764 -0.0123569
9.22191 -0.099983 -0.101316 0.00424391 0 -0.099983 -0.101683 0.00424391 -0.00254818
9.22598 -0.0999618 -0.101316 0.0063488 0 -0.0999618 -0.101683 0.0063488 -0.00254818
9.23006 -0.0999322 -0.101316 0.00844231 0 -0.0999322 -0.101683 0.00844231 -0.00254818
9.23414 -0.0998943 -0.101316 0.0105244 0 -0.0998943 -0.101683 0.0105244 -0.00254818
9.23821 -0.099848 -0.101316 0.0125952 0 -0.099848 -0.101665 0.0125952 0
9.24229 -0.0997935 -0.101316 0.0146546 0 -0.0997935 -0.101665 0.0146546 0
9.24646 -0.0997308 -0.101316 0.0167026 0 -0.0997308 -0.101665 0.0167026 0
9.25052 -0.0996599 -0.101281 0.0187392 0.00432842 -0.0996599 -0.101665 0.0187392 0
9.25459 -0.0995809 -0.101281 0.0207644 0.00432842 -0.0995809 -0.101665 0.0207644 0
9.25876 -0.0994938 -0.101281 0.0227783 0.00432842 -0.0994938 -0.101613 0.0227783 0.0139277
9.26283 -0.0993987 -0.101281 0.0247808 0.00432842 -0.0993987 -0.101613 0.0247808 0.0139277
9.26692 -0.0992956 -0.101281 0.0267719 0.00432842 -0.0992956 -0.101613 0.0267719 0.0139277
9.27098 -0.0991845 -0.101124 0.0287516 0.0161967 -0.0991845 -0.101613 0.0287516 0.0139277
9.27506 -0.0990656 -0.101124 0.03072 0.0161967 -0.0990656 -0.101264 0.03072 0.0265814
9.27913 -0.0989388 -0.101124 0.032677 0.0161967 -0.0989388 -0.101264 0.032677 0.0265814
9.28321 -0.0988042 -0.101124 0.0346226 0.0161967 -0.0988042 -0.101264 0.0346226 0.0265814
9.28728 -0.0986618 -0.10074 0.0365568 0.029339 -0.0986618 -0.101264 0.0365568 0.0265814
9.29135 -0.0985118 -0.10074 0.0384796 0.029339 -0.0985118 -0.101264 0.0384796 0.0265814
9.29545 -0.098354 -0.10074 0.0403911 0.029339 -0.098354 -0.100618 0.0403911 0.0476475
9.29953 -0.0981886 -0.10074 0.0422912 0.029339 -0.0981886 -0.100618 0.0422912 0.0476475
9.30367 -0.0980157 -0.10074 0.0441799 0.029339 -0.0980157 -0.100618 0.0441799 0.0476475
9.30775 -0.0978352 -0.100025 0.0460572 0.0407185 -0.0978352 -0.100618 0.0460572 0.0476475
9.3119 -0.0976473 -0.100025 0.0479232 0.0407185 -0.0976473 -0.0995361 0.0479232 0.0572643
9.31596 -0.0974519 -0.100025 0.0497778 0.0407185 -0.0974519 -0.0995361 0.0497778 0.0572643
9.32003 -0.0972491 -0.100025 0.051621 0.0407185 -0.0972491 -0.0995361 0.051621 0.0572643
9.32409 -0.0970389 -0.0989427 0.0534528 0.0594285 -0.0970389 -0.0995361 0.0534528 0.0572643
9.32817 -0.0968214 -0.0989427 0.0552732 0.0594285 -0.0968214 -0.0995361 0.0552732 0.0572643
9.33224 -0.0965967 -0.0989427 0.0570823 0.0594285 -0.0965967 -0.0982969 0.0570823 0.0632158
9.33632 -0.0963648 -0.0989427 0.05888 0.0594285 -0.0963648 -0.0982969 0.05888 0.0632158
9.34039 -0.0961257 -0.0975814 0.0606663 0.0704938 -0.0961257 -0.0982969 0.0606663 0.0632158
9.34446 -0.0958795 -0.0975814 0.0624412 0.0704938 -0.0958795 -0.0982969 0.0624412 0.0632158
9.34854 -0.0956262 -0.0975814 0.0642048 0.0704938 -0.0956262 -0.0967785 0.0642048 0.0785922
9.35261 -0.0953659 -0.0975814 0.065957 0.0704938 -0.0953659 -0.0967785 0.065957 0.0785922
9.35666 -0.0950985 -0.0975814 0.0676978 0.0704938 -0.0950985 -0.0967785 0.0676978 0.0785922
9.36072 -0.0948243 -0.0968134 0.0694272 0.0813149 -0.0948243 -0.0967785 0.0694272 0.0785922
9.36479 -0.0945431 -0.0968134 0.0711452 0.0813149 -0.0945431 -0.0967785 0.0711452 0.0785922
9.36885 -0.0942551 -0.0968134 0.0728519 0.0813149 -0.0942551 -0.0960106 0.0728519 0.0791681
9.37291 -0.0939603 -0.0968134 0.0745472 0.0813149 -0.0939603 -0.0960106 0.0745472 0.0791681
9.37698 -0.0936588 -0.0968134 0.0762311 0.0813149 -0.0936588 -0.0960106 0.0762311 0.0791681
9.38105 -0.0933505 -0.0942652 0.0779036 0.0858004 -0.0933505 -0.0960106 0.0779036 0.0791681
9.38513 -0.0930356 -0.0942652 0.0795648 0.0858004 -0.0930356 -0.0960106 0.0795648 0.0791681
9.3892 -0.092714 -0.0942652 0.0812146 0.0858004 -0.092714 -0.0935147 0.0812146 0.0827635
9.39328 -0.0923859 -0.0942652 0.082853 0.0858004 -0.0923859 -0.0935147 0.082853 0.0827635
9.39735 -0.0920512 -0.0942652 0.08448 0.0858004 -0.0920512 -0.0935147 0.08448 0.0827635
9.40142 -0.09171 -0.0933751 0.0860956 0.0920138 -0.09171 -0.0935147 0.0860956 0.0827635
9.40549 -0.0913625 -0.0933751 0.0876999 0.0920138 -0.0913625 -0.0926944 0.0876999 0.087249
9.40956 -0.0910085 -0.0933751 0.0892928 0.0920138 -0.0910085 -0.0926944 0.0892928 0.087249
9.41363 -0.0906481 -0.0933751 0.0908743 0.0920138 -0.0906481 -0.0926944 0.0908743 0.087249
9.41774 -0.0902815 -0.0913854 0.0924444 0.104947 -0.0902815 -0.0926944 0.0924444 0.087249
9.4218 -0.0899086 -0.0913854 0.0940032 0.104947 -0.0899086 -0.0926944 0.0940032 0.087249
9.42587 -0.0895295 -0.0913854 0.0955506 0.104947 -0.0895295 -0.0907746 0.0955506 0.0968309
9.42993 -0.0891442 -0.0913854 0.0970866 0.104947 -0.0891442 -0.0907746 0.0970866 0.0968309
9.434 -0.0887528 -0.0913854 0.0986112 0.104947 -0.0887528 -0.0907746 0.0986112 0.0968309
9.43807 -0.0883553 -0.0893609 0.100124 0.101159 -0.0883553 -0.0907746 0.100124 0.0968309
9.44215 -0.0879518 -0.0893609 0.101626 0.101159 -0.0879518 -0.0907746 0.101626 0.0968309
9.44622 -0.0875423 -0.0893609 0.103117 0.101159 -0.0875423 -0.0888373 0.103117 0.107966
9.45029 -0.0871269 -0.0893609 0.104596 0.101159 -0.0871269 -0.0888373 0.104596 0.107966
9.45437 -0.0867056 -0.0893609 0.106064 0.101159 -0.0867056 -0.0888373 0.106064 0.107966
9.45844 -0.0862784 -0.0872141 0.10752 0.11863 -0.0862784 -0.0888373 0.10752 0.107966
9.46255 -0.0858454 -0.0872141 0.108965 0.11863 -0.0858454 -0.0866556 0.108965 0.112085
9.46662 -0.0854067 -0.0872141 0.110399 0.11863 -0.0854067 -0.0866556 0.110399 0.112085
9.47081 -0.0849623 -0.0872141 0.111821 0.11863 -0.0849623 -0.0866556 0.111821 0.112085
9.47499 -0.0845121 -0.0872141 0.113232 0.11863 -0.0845121 -0.0866556 0.113232 0.112085
9.47916 -0.0840564 -0.0848579 0.114631 0.114127 -0.0840564 -0.0866556 0.114631 0.112085
9.48326 -0.0835951 -0.0848579 0.116019 0.114127 -0.0835951 -0.0844565 0.116019 0.112172
9.48733 -0.0831283 -0.0848579 0.117396 0.114127 -0.0831283 -0.0844565 0.117396 0.112172
9.4914 -0.082656 -0.0848579 0.118761 0.114127 -0.082656 -0.0844565 0.118761 0.112172
9.49548 -0.0821782 -0.0825541 0.120115 0.11486 -0.0821782 -0.0844565 0.120115 0.112172
9.49955 -0.0816951 -0.0825541 0.121458 0.11486 -0.0816951 -0.0819258 0.121458 0.125384
9.50362 -0.0812066 -0.0825541 0.122789 0.11486 -0.0812066 -0.0819258 0.122789 0.125384
9.5077 -0.0807128 -0.0825541 0.124109 0.11486 -0.0807128 -0.0819258 0.124109 0.125384
9.51177 -0.0802137 -0.0825541 0.125417 0.11486 -0.0802137 -0.0819258 0.125417 0.125384
9.51587 -0.0797094 -0.0800757 0.126714 0.125053 -0.0797094 -0.0806866 0.126714 0.125053
9.51994 -0.0792 -0.0800757 0.128 0.125053 -0.0792 -0.0806866 0.128 0.125053
9.52401 -0.0786854 -0.0800757 0.129274 0.125053 -0.0786854 -0.0806866 0.129274 0.125053
9.52807 -0.0781658 -0.0800757 0.130537 0.125053 -0.0781658 -0.0806866 0.130537 0.125053
9.53216 -0.0776412 -0.0800757 0.131789 0.125053 -0.0776412 -0.0806866 0.131789 0.125053
9.53625 -0.0771115 -0.0775101 0.133029 0.13076 -0.0771115 -0.0781733 0.133029 0.126344
9.54031 -0.0765769 -0.0775101 0.134258 0.13076 -0.0765769 -0.0781733 0.134258 0.126344
9.54438 -0.0760375 -0.0775101 0.135475 0.13076 -0.0760375 -0.0781733 0.135475 0.126344
9.54845 -0.0754932 -0.0775101 0.136681 0.13076 -0.0754932 -0.0781733 0.136681 0.126344
9.55252 -0.074944 -0.0748223 0.137876 0.135333 -0.074944 -0.0781733 0.137876 0.126344
9.55659 -0.0743902 -0.0748223 0.139059 0.135333 -0.0743902 -0.07566 0.139059 0.132889
9.56069 -0.0738316 -0.0748223 0.140231 0.135333 -0.0738316 -0.07566 0.140231 0.132889
9.56476 -0.0732683 -0.0748223 0.141392 0.135333 -0.0732683 -0.07566 0.141392 0.132889
9.56882 -0.0727005 -0.0748223 0.142541 0.135333 -0.0727005 -0.07566 0.142541 0.132889
9.57288 -0.072128 -0.0721519 0.143679 0.135752 -0.072128 -0.0728675 0.143679 0.144007
9.57697 -0.0715511 -0.0721519 0.144805 0.135752 -0.0715511 -0.0728675 0.144805 0.144007
9.58103 -0.0709696 -0.0721519 0.14592 0.135752 -0.0709696 -0.0728675 0.14592 0.144007
9.58509 -0.0703837 -0.0721519 0.147024 0.135752 -0.0703837 -0.0728675 0.147024 0.144007
9.58918 -0.0697934 -0.0721519 0.148116 0.135752 -0.0697934 -0.0728675 0.148116 0.144007
9.59324 -0.0691988 -0.0693245 0.149197 0.138771 -0.0691988 -0.0699004 0.149197 0.15338
9.5973 -0.0685999 -0.0693245 0.150266 0.138771 -0.0685999 -0.0699004 0.150266 0.15338
9.60137 -0.0679967 -0.0693245 0.151324 0.138771 -0.0679967 -0.0699004 0.151324 0.15338
9.60544 -0.0673893 -0.0693245 0.152371 0.138771 -0.0673893 -0.0699004 0.152371 0.15338
9.60951 -0.0667777 -0.0678933 0.153407 0.148946 -0.0667777 -0.0667065 0.153407 0.160413
9.61358 -0.066162 -0.0678933 0.154431 0.148946 -0.066162 -0.0667065 0.154431 0.160413
9.61765 -0.0655423 -0.0678933 0.155443 0.148946 -0.0655423 -0.0667065 0.155443 0.160413
9.62184 -0.0649185 -0.0678933 0.156444 0.148946 -0.0649185 -0.0667065 0.156444 0.160413
9.62591 -0.0642908 -0.0678933 0.157434 0.148946 -0.0642908 -0.0667065 0.157434 0.160413
9.6301 -0.0636591 -0.0648913 0.158413 0.153048 -0.0636591 -0.063338 0.158413 0.169262
9.63425 -0.0630235 -0.0648913 0.15938 0.153048 -0.0630235 -0.063338 0.15938 0.169262
9.63831 -0.062384 -0.0648913 0.160336 0.153048 -0.062384 -0.063338 0.160336 0.169262
9.64248 -0.0617408 -0.0648913 0.16128 0.153048 -0.0617408 -0.063338 0.16128 0.169262
9.64654 -0.0610938 -0.0648913 0.162213 0.153048 -0.0610938 -0.063338 0.162213 0.169262
9.65061 -0.0604431 -0.0648913 0.163135 0.153048 -0.0604431 -0.0600568 0.163135 0.162403
9.65467 -0.0597887 -0.0618021 0.164045 0.15584 -0.0597887 -0.0600568 0.164045 0.162403
9.65875 -0.0591308 -0.0618021 0.164944 0.15584 -0.0591308 -0.0600568 0.164944 0.162403
9.66282 -0.0584692 -0.0618021 0.165831 0.15584 -0.0584692 -0.0600568 0.165831 0.162403
9.6669 -0.0578041 -0.0618021 0.166707 0.15584 -0.0578041 -0.0600568 0.166707 0.162403
9.67097 -0.0571356 -0.0567756 0.167572 0.172718 -0.0571356 -0.0570374 0.167572 0.151564
9.67504 -0.0564636 -0.0567756 0.168425 0.172718 -0.0564636 -0.0570374 0.168425 0.151564
9.67914 -0.0557882 -0.0567756 0.169267 0.172718 -0.0557882 -0.0570374 0.169267 0.151564
9.68331 -0.0551095 -0.0567756 0.170098 0.172718 -0.0551095 -0.0570374 0.170098 0.151564
9.68749 -0.0544274 -0.0567756 0.170917 0.172718 -0.0544274 -0.0555538 0.170917 0.151791
9.69156 -0.0537421 -0.0549255 0.171725 0.192265 -0.0537421 -0.0555538 0.171725 0.151791
9.69562 -0.0530536 -0.0549255 0.172521 0.192265 -0.0530536 -0.0555538 0.172521 0.151791
9.69971 -0.052362 -0.0549255 0.173306 0.192265 -0.052362 -0.0555538 0.173306 0.151791
9.70377 -0.0516672 -0.0549255 0.17408 0.192265 -0.0516672 -0.0555538 0.17408 0.151791
9.70784 -0.0509694 -0.0549255 0.174842 0.192265 -0.0509694 -0.0524297 0.174842 0.161513
9.71191 -0.0502685 -0.0509811 0.175593 0.195233 -0.0502685 -0.0524297 0.175593 0.161513
9.71599 -0.0495646 -0.0509811 0.176333 0.195233 -0.0495646 -0.0524297 0.176333 0.161513
9.72006 -0.0488578 -0.0509811 0.177061 0.195233 -0.0488578 -0.0524297 0.177061 0.161513
9.72413 -0.0481481 -0.0509811 0.177778 0.195233 -0.0481481 -0.0490961 0.177778 0.175074
9.7282 -0.0474356 -0.0473857 0.178483 0.162298 -0.0474356 -0.0490961 0.178483 0.175074
9.73227 -0.0467203 -0.0473857 0.179177 0.162298 -0.0467203 -0.0490961 0.179177 0.175074
9.73633 -0.0460022 -0.0473857 0.17986 0.162298 -0.0460022 -0.0490961 0.17986 0.175074
9.74039 -0.0452814 -0.0473857 0.180531 0.162298 -0.0452814 -0.0490961 0.180531 0.175074
9.74445 -0.044558 -0.0473857 0.181191 0.162298 -0.044558 -0.0453611 0.181191 0.19895
9.74851 -0.0438319 -0.0438252 0.18184 0.185406 -0.0438319 -0.0453611 0.18184 0.19895
9.75257 -0.0431033 -0.0438252 0.182477 0.185406 -0.0431033 -0.0453611 0.182477 0.19895
9.75663 -0.0423721 -0.0438252 0.183103 0.185406 -0.0423721 -0.0453611 0.183103 0.19895
9.76066 -0.0416385 -0.0438252 0.183717 0.185406 -0.0416385 -0.0453611 0.183717 0.19895
9.76472 -0.0409024 -0.0438252 0.18432 0.185406 -0.0409024 -0.0414516 0.18432 0.190415
9.7688 -0.0401639 -0.0401949 0.184912 0.18689 -0.0401639 -0.0414516 0.184912 0.190415
9.77287 -0.0394231 -0.0401949 0.185492 0.18689 -0.0394231 -0.0414516 0.185492 0.190415
9.77694 -0.03868 -0.0401949 0.186061 0.18689 -0.03868 -0.0414516 0.186061 0.190415
9.78101 -0.0379347 -0.0401949 0.186618 0.18689 -0.0379347 -0.0375944 0.186618 0.196856
9.78511 -0.0371871 -0.0364599 0.187164 0.186541 -0.0371871 -0.0375944 0.187164 0.196856
9.78918 -0.0364374 -0.0364599 0.187699 0.186541 -0.0364374 -0.0375944 0.187699 0.196856
9.79325 -0.0356855 -0.0364599 0.188223 0.186541 -0.0356855 -0.0375944 0.188223 0.196856
9.79741 -0.0349316 -0.0364599 0.188735 0.186541 -0.0349316 -0.0375944 0.188735 0.196856
9.80149 -0.0341756 -0.0364599 0.189235 0.186541 -0.0341756 -0.0334231 0.189235 0.211604
9.80556 -0.0334177 -0.0327773 0.189724 0.182422 -0.0334177 -0.0334231 0.189724 0.211604
9.80963 -0.0326579 -0.0327773 0.190202 0.182422 -0.0326579 -0.0334231 0.190202 0.211604
9.81371 -0.0318961 -0.0327773 0.190669 0.182422 -0.0318961 -0.0334231 0.190669 0.211604
9.81778 -0.0311325 -0.0327773 0.191124 0.182422 -0.0311325 -0.0334231 0.191124 0.211604
9.82185 -0.0303671 -0.0327773 0.191568 0.182422 -0.0303671 -0.0295484 0.191568 0.189909
9.82592 -0.0296 -0.029147 0.192 0.181183 -0.0296 -0.0295484 0.192 0.189909
9.82999 -0.0288312 -0.029147 0.192421 0.181183 -0.0288312 -0.0295484 0.192421 0.189909
9.83406 -0.0280606 -0.029147 0.192831 0.181183 -0.0280606 -0.0295484 0.192831 0.189909
9.83814 -0.0272885 -0.029147 0.193229 0.181183 -0.0272885 -0.0259356 0.193229 0.178757
9.84227 -0.0265148 -0.029147 0.193616 0.181183 -0.0265148 -0.0259356 0.193616 0.178757
9.84633 -0.0257396 -0.0256389 0.193991 0.175301 -0.0257396 -0.0259356 0.193991 0.178757
9.85039 -0.0249629 -0.0256389 0.194355 0.175301 -0.0249629 -0.0259356 0.194355 0.178757
9.85445 -0.0241848 -0.0256389 0.194708 0.175301 -0.0241848 -0.0259356 0.194708 0.178757
9.85852 -0.0234053 -0.0256389 0.195049 0.175301 -0.0234053 -0.0241554 0.195049 0.180153
9.86258 -0.0226244 -0.0218341 0.195379 0.192789 -0.0226244 -0.0241554 0.195379 0.180153
9.86664 -0.0218423 -0.0218341 0.195698 0.192789 -0.0218423 -0.0241554 0.195698 0.180153
9.87069 -0.0210588 -0.0218341 0.196005 0.192789 -0.0210588 -0.0241554 0.196005 0.180153
9.87476 -0.0202742 -0.0218341 0.196301 0.192789 -0.0202742 -0.02056 0.196301 0.170885
9.87884 -0.0194885 -0.0218341 0.196585 0.192789 -0.0194885 -0.02056 0.196585 0.170885
9.88292 -0.0187016 -0.0181514 0.196858 0.183818 -0.0187016 -0.02056 0.196858 0.170885
9.88699 -0.0179136 -0.0181514 0.19712 0.183818 -0.0179136 -0.02056 0.19712 0.170885
9.89106 -0.0171246 -0.0181514 0.19737 0.183818 -0.0171246 -0.02056 0.19737 0.170885
9.89513 -0.0163347 -0.0181514 0.197609 0.183818 -0.0163347 -0.0171566 0.197609 0.170065
9.8992 -0.0155438 -0.016249 0.197837 0.191794 -0.0155438 -0.0171566 0.197837 0.170065
9.90326 -0.014752 -0.016249 0.198053 0.191794 -0.014752 -0.0171566 0.198053 0.170065
9.90732 -0.0139593 -0.016249 0.198258 0.191794 -0.0139593 -0.0171566 0.198258 0.170065
9.91138 -0.0131659 -0.016249 0.198451 0.191794 -0.0131659 -0.0131947 0.198451 0.21122
9.91544 -0.0123718 -0.016249 0.198633 0.191794 -0.0123718 -0.0131947 0.198633 0.21122
9.9195 -0.0115769 -0.016249 0.198804 0.191794 -0.0115769 -0.0131947 0.198804 0.21122
9.92356 -0.0107813 -0.0124442 0.198963 0.183958 -0.0107813 -0.0131947 0.198963 0.21122
9.92763 -0.00998519 -0.0124442 0.199111 0.183958 -0.00998519 -0.0131947 0.199111 0.21122
9.9317 -0.00918846 -0.0124442 0.199248 0.183958 -0.00918846 -0.00911062 0.199248 0.202231
9.93577 -0.00839122 -0.0124442 0.199373 0.183958 -0.00839122 -0.00911062 0.199373 0.202231
9.93984 -0.0075935 -0.00879646 0.199487 0.190363 -0.0075935 -0.00911062 0.199487 0.202231
9.94392 -0.00679534 -0.00879646 0.199589 0.190363 -0.00679534 -0.00911062 0.199589 0.202231
9.94799 -0.0059968 -0.00879646 0.19968 0.190363 -0.0059968 -0.00911062 0.19968 0.202231
9.95206 -0.00519792 -0.00879646 0.19976 0.190363 -0.00519792 -0.00490438 0.19976 0.208864
9.95619 -0.00439874 -0.00879646 0.199828 0.190363 -0.00439874 -0.00490438 0.199828 0.208864
9.96039 -0.00359931 -0.00466003 0.199885 0.227312 -0.00359931 -0.00490438 0.199885 0.208864
9.96445 -0.00279967 -0.00466003 0.19993 0.227312 -0.00279967 -0.00490438 0.19993 0.208864
9.96851 -0.00199988 -0.00466003 0.199964 0.227312 -0.00199988 -0.00490438 0.199964 0.208864
9.97257 -0.00119997 -0.00466003 0.199987 0.227312 -0.00119997 -0.000733038 0.199987 0.208305
9.97663 -0.000399999 -0.00466003 0.199999 0.227312 -0.000399999 -0.000733038 0.199999 0.208305
9.98065 0.000399999 -0.00010472 0.199999 0.22595 0.000399999 -0.000733038 0.199999 0.208305
9.98472 0.00119997 -0.00010472 0.199987 0.22595 0.00119997 -0.000733038 0.199987 0.208305
9.9888 0.00199988 -0.00010472 0.199964 0.22595 0.00199988 0.00340339 0.199964 0.211464
9.99288 0.00279967 -0.00010472 0.19993 0.22595 0.00279967 0.00340339 0.19993 0.211464
9.99696 0.00359931 0.00439823 0.199885 0.219719 0.00359931 0.00340339 0.199885 0.211464
10.001 0.00439874 0.00439823 0.199828 0.219719 0.00439874 0.00340339 0.199828 0.211464
10.0051 0.00519792 0.00439823 0.19976 0.219719 0.00519792 0.00340339 0.19976 0.211464
10.0093 0.0059968 0.00439823 0.19968 0.219719 0.0059968 0.00544543 0.19968 0.199212
10.0134 0.00679534 0.00439823 0.199589 0.219719 0.00679534 0.00544543 0.199589 0.199212
10.0174 0.0075935 0.00870919 0.199487 0.212075 0.0075935 0.00544543 0.199487 0.199212
10.0215 0.00839122 0.00870919 0.199373 0.212075 0.00839122 0.00544543 0.199373 0.199212
10.0256 0.00918846 0.00870919 0.199248 0.212075 0.00918846 0.00544543 0.199248 0.199212
10.0296 0.00998519 0.00870919 0.199111 0.212075 0.00998519 0.00937242 0.199111 0.186122
10.0337 0.0107813 0.00870919 0.198963 0.212075 0.0107813 0.00937242 0.198963 0.186122
10.0377 0.0115769 0.0128456 0.198804 0.197344 0.0115769 0.00937242 0.198804 0.186122
10.0418 0.0123718 0.0128456 0.198633 0.197344 0.0123718 0.00937242 0.198633 0.186122
10.0459 0.0131659 0.0128456 0.198451 0.197344 0.0131659 0.0129852 0.198451 0.179961
10.05 0.0139593 0.0128456 0.198258 0.197344 0.0139593 0.0129852 0.198258 0.179961
10.054 0.014752 0.0128456 0.198053 0.197344 0.014752 0.0129852 0.198053 0.179961
10.0581 0.0155438 0.016825 0.197837 0.196262 0.0155438 0.0129852 0.197837 0.179961
10.0623 0.0163347 0.016825 0.197609 0.196262 0.0163347 0.0129852 0.197609 0.179961
10.0663 0.0171246 0.016825 0.19737 0.196262 0.0171246 0.016825 0.19737 0.207939
10.0704 0.0179136 0.016825 0.19712 0.196262 0.0179136 0.016825 0.19712 0.207939
10.0744 0.0187016 0.0206996 0.196858 0.189682 0.0187016 0.016825 0.196858 0.207939
10.0785 0.0194885 0.0206996 0.196585 0.189682 0.0194885 0.016825 0.196585 0.207939
10.0826 0.0202742 0.0206996 0.196301 0.189682 0.0202742 0.016825 0.196301 0.207939
10.0866 0.0210588 0.0206996 0.196005 0.189682 0.0210588 0.0209963 0.196005 0.207991
10.0907 0.0218423 0.0206996 0.195698 0.189682 0.0218423 0.0209963 0.195698 0.207991
10.0948 0.0226244 0.0206996 0.195379 0.189682 0.0226244 0.0209963 0.195379 0.207991
10.0988 0.0234053 0.0242252 0.195049 0.183783 0.0234053 0.0209963 0.195049 0.207991
10.1029 0.0241848 0.0242252 0.194708 0.183783 0.0241848 0.0251502 0.194708 0.203505
10.107 0.0249629 0.0242252 0.194355 0.183783 0.0249629 0.0251502 0.194355 0.203505
10.1111 0.0257396 0.0242252 0.193991 0.183783 0.0257396 0.0251502 0.193991 0.203505
10.1151 0.0265148 0.0278904 0.193616 0.180572 0.0265148 0.0251502 0.193616 0.203505
10.1193 0.0272885 0.0278904 0.193229 0.180572 0.0272885 0.0251502 0.193229 0.203505
10.1235 0.0280606 0.0278904 0.192831 0.180572 0.0280606 0.0292343 0.192831 0.201114
10.1276 0.0288312 0.0278904 0.192421 0.180572 0.0288312 0.0292343 0.192421 0.201114
10.1317 0.0296 0.0278904 0.192 0.180572 0.0296 0.0292343 0.192 0.201114
10.1358 0.0303671 0.0313636 0.191568 0.177657 0.0303671 0.0292343 0.191568 0.201114
10.1398 0.0311325 0.0313636 0.191124 0.177657 0.0311325 0.0330216 0.191124 0.191672
10.1439 0.0318961 0.0313636 0.190669 0.177657 0.0318961 0.0330216 0.190669 0.191672
10.1479 0.0326579 0.0313636 0.190202 0.177657 0.0326579 0.0330216 0.190202 0.191672
10.152 0.0334177 0.0313636 0.189724 0.177657 0.0334177 0.0330216 0.189724 0.191672
10.1564 0.0341756 0.0349764 0.189235 0.181706 0.0341756 0.0330216 0.189235 0.191672
10.1604 0.0349316 0.0349764 0.188735 0.181706 0.0349316 0.0365646 0.188735 0.175318
10.1645 0.0356855 0.0349764 0.188223 0.181706 0.0356855 0.0365646 0.188223 0.175318
10.1686 0.0364374 0.0349764 0.187699 0.181706 0.0364374 0.0365646 0.187699 0.175318
10.1727 0.0371871 0.0349764 0.187164 0.181706 0.0371871 0.0365646 0.187164 0.175318
10.1767 0.0379347 0.0387289 0.186618 0.188007 0.0379347 0.0383274 0.186618 0.172823
10.1808 0.03868 0.0387289 0.186061 0.188007 0.03868 0.0383274 0.186061 0.172823
10.1848 0.0394231 0.0387289 0.185492 0.188007 0.0394231 0.0383274 0.185492 0.172823
10.1889 0.0401639 0.0387289 0.184912 0.188007 0.0401639 0.0383274 0.184912 0.172823
10.193 0.0409024 0.0387289 0.18432 0.188007 0.0409024 0.0383274 0.18432 0.172823
10.1971 0.0416385 0.0424464 0.183717 0.186454 0.0416385 0.0417308 0.183717 0.16722
10.2011 0.0423721 0.0424464 0.183103 0.186454 0.0423721 0.0417308 0.183103 0.16722
10.2052 0.0431033 0.0424464 0.182477 0.186454 0.0431033 0.0417308 0.182477 0.16722
10.2093 0.0438319 0.0424464 0.18184 0.186454 0.0438319 0.0417308 0.18184 0.16722
10.2134 0.044558 0.0459894 0.181191 0.176034 0.044558 0.0450644 0.181191 0.171164
10.2174 0.0452814 0.0459894 0.180531 0.176034 0.0452814 0.0450644 0.180531 0.171164
10.2215 0.0460022 0.0459894 0.17986 0.176034 0.0460022 0.0450644 0.17986 0.171164
10.2256 0.0467203 0.0459894 0.179177 0.176034 0.0467203 0.0450644 0.179177 0.171164
10.2297 0.0474356 0.0459894 0.178483 0.176034 0.0474356 0.0450644 0.178483 0.171164
10.2338 0.0481481 0.0494975 0.177778 0.173817 0.0481481 0.0486598 0.177778 0.185337
10.2378 0.0488578 0.0494975 0.177061 0.173817 0.0488578 0.0486598 0.177061 0.185337
10.2419 0.0495646 0.0494975 0.176333 0.173817 0.0495646 0.0486598 0.176333 0.185337
10.246 0.0502685 0.0494975 0.175593 0.173817 0.0502685 0.0486598 0.175593 0.185337
10.25 0.0509694 0.0494975 0.174842 0.173817 0.0509694 0.0522028 0.174842 0.181218
10.2541 0.0516672 0.0528311 0.17408 0.165911 0.0516672 0.0522028 0.17408 0.181218
10.2582 0.052362 0.0528311 0.173306 0.165911 0.052362 0.0522028 0.173306 0.181218
10.2622 0.0530536 0.0528311 0.172521 0.165911 0.0530536 0.0522028 0.172521 0.181218
10.2663 0.0537421 0.0528311 0.171725 0.165911 0.0537421 0.0522028 0.171725 0.181218
10.2704 0.0544274 0.0544368 0.170917 0.160588 0.0544274 0.0557284 0.170917 0.1727
10.2744 0.0551095 0.0544368 0.170098 0.160588 0.0551095 0.0557284 0.170098 0.1727
10.2785 0.0557882 0.0544368 0.169267 0.160588 0.0557882 0.0557284 0.169267 0.1727
10.2826 0.0564636 0.0544368 0.168425 0.160588 0.0564636 0.0557284 0.168425 0.1727
10.2867 0.0571356 0.0575959 0.167572 0.158755 0.0571356 0.0574039 0.167572 0.168721
10.2908 0.0578041 0.0575959 0.166707 0.158755 0.0578041 0.0574039 0.166707 0.168721
10.2948 0.0584692 0.0575959 0.165831 0.158755 0.0584692 0.0574039 0.165831 0.168721
10.2989 0.0591308 0.0575959 0.164944 0.158755 0.0591308 0.0574039 0.164944 0.168721
10.3029 0.0597887 0.0575959 0.164045 0.158755 0.0597887 0.0574039 0.164045 0.168721
10.307 0.0604431 0.0606153 0.163135 0.15242 0.0604431 0.0607375 0.163135 0.158616
10.3111 0.0610938 0.0606153 0.162213 0.15242 0.0610938 0.0607375 0.162213 0.158616
10.3151 0.0617408 0.0606153 0.16128 0.15242 0.0617408 0.0607375 0.16128 0.158616
10.3192 0.062384 0.0606153 0.160336 0.15242 0.062384 0.0607375 0.160336 0.158616
10.3233 0.0630235 0.0640012 0.15938 0.171409 0.0630235 0.0607375 0.15938 0.158616
10.3274 0.0636591 0.0640012 0.158413 0.171409 0.0636591 0.0637743 0.158413 0.153362
10.3315 0.0642908 0.0640012 0.157434 0.171409 0.0642908 0.0637743 0.157434 0.153362
10.3355 0.0649185 0.0640012 0.156444 0.171409 0.0649185 0.0637743 0.156444 0.153362
10.3396 0.0655423 0.0672126 0.155443 0.16242 0.0655423 0.0637743 0.155443 0.153362
10.3437 0.066162 0.0672126 0.154431 0.16242 0.066162 0.0670032 0.154431 0.163956
10.3478 0.0667777 0.0672126 0.153407 0.16242 0.0667777 0.0670032 0.153407 0.163956
10.3518 0.0673893 0.0672126 0.152371 0.16242 0.0673893 0.0670032 0.152371 0.163956
10.3559 0.0679967 0.0672126 0.151324 0.16242 0.0679967 0.0670032 0.151324 0.163956
10.36 0.0685999 0.0688532 0.150266 0.153781 0.0685999 0.0670032 0.150266 0.163956
10.364 0.0691988 0.0688532 0.149197 0.153781 0.0691988 0.0702146 0.149197 0.161478
10.3681 0.0697934 0.0688532 0.148116 0.153781 0.0697934 0.0702146 0.148116 0.161478
10.3722 0.0703837 0.0688532 0.147024 0.153781 0.0703837 0.0702146 0.147024 0.161478
10.3762 0.0709696 0.0688532 0.14592 0.153781 0.0709696 0.0702146 0.14592 0.161478
10.3803 0.0715511 0.0717505 0.144805 0.143065 0.0715511 0.0733387 0.144805 0.152542
10.3844 0.072128 0.0717505 0.143679 0.143065 0.072128 0.0733387 0.143679 0.152542
10.3885 0.0727005 0.0717505 0.142541 0.143065 0.0727005 0.0733387 0.142541 0.152542
10.3925 0.0732683 0.0717505 0.141392 0.143065 0.0732683 0.0733387 0.141392 0.152542
10.3966 0.0738316 0.0745605 0.140231 0.141441 0.0738316 0.0733387 0.140231 0.152542
10.4007 0.0743902 0.0745605 0.139059 0.141441 0.0743902 0.0761313 0.139059 0.139085
10.4048 0.074944 0.0745605 0.137876 0.141441 0.074944 0.0761313 0.137876 0.139085
10.4088 0.0754932 0.0745605 0.136681 0.141441 0.0754932 0.0761313 0.136681 0.139085
10.4129 0.0760375 0.0745605 0.135475 0.141441 0.0760375 0.0761313 0.135475 0.139085
10.417 0.0765769 0.0775799 0.134258 0.156748 0.0765769 0.0774403 0.134258 0.122086
10.4211 0.0771115 0.0775799 0.133029 0.156748 0.0771115 0.0774403 0.133029 0.122086
10.4251 0.0776412 0.0775799 0.131789 0.156748 0.0776412 0.0774403 0.131789 0.122086
10.4292 0.0781658 0.0775799 0.130537 0.156748 0.0781658 0.0774403 0.130537 0.122086
10.4333 0.0786854 0.0775799 0.129274 0.156748 0.0786854 0.0774403 0.129274 0.122086
10.4374 0.0792 0.0804771 0.128 0.140045 0.0792 0.0797441 0.128 0.111369
10.4414 0.0797094 0.0804771 0.126714 0.140045 0.0797094 0.0797441 0.126714 0.111369
10.4455 0.0802137 0.0804771 0.125417 0.140045 0.0802137 0.0797441 0.125417 0.111369
10.4496 0.0807128 0.0804771 0.124109 0.140045 0.0807128 0.0797441 0.124109 0.111369
10.4537 0.0812066 0.0832697 0.122789 0.138946 0.0812066 0.082013 0.122789 0.115488
10.4578 0.0816951 0.0832697 0.121458 0.138946 0.0816951 0.082013 0.121458 0.115488
10.4619 0.0821782 0.0832697 0.120115 0.138946 0.0821782 0.082013 0.120115 0.115488
10.4659 0.082656 0.0832697 0.118761 0.138946 0.082656 0.082013 0.118761 0.115488
10.47 0.0831283 0.0832697 0.117396 0.138946 0.0831283 0.082013 0.117396 0.115488
10.4741 0.0835951 0.0855909 0.116019 0.112626 0.0835951 0.0844565 0.116019 0.128369
10.4781 0.0840564 0.0855909 0.114631 0.112626 0.0840564 0.0844565 0.114631 0.128369
10.4822 0.0845121 0.0855909 0.113232 0.112626 0.0845121 0.0844565 0.113232 0.128369
10.4863 0.0849623 0.0855909 0.111821 0.112626 0.0849623 0.0844565 0.111821 0.128369
10.4904 0.0854067 0.0855909 0.110399 0.112626 0.0854067 0.086865 0.110399 0.120515
10.4944 0.0858454 0.0876853 0.108965 0.102364 0.0858454 0.086865 0.108965 0.120515
10.4985 0.0862784 0.0876853 0.10752 0.102364 0.0862784 0.086865 0.10752 0.120515
10.5026 0.0867056 0.0876853 0.106064 0.102364 0.0867056 0.086865 0.106064 0.120515
10.5067 0.0871269 0.0876853 0.104596 0.102364 0.0871269 0.0890816 0.104596 0.108298
10.5107 0.0875423 0.0876853 0.103117 0.102364 0.0875423 0.0890816 0.103117 0.108298
10.5148 0.0879518 0.0896401 0.101626 0.0954695 0.0879518 0.0890816 0.101626 0.108298
10.5189 0.0883553 0.0896401 0.100124 0.0954695 0.0883553 0.0890816 0.100124 0.108298
10.5229 0.0887528 0.0896401 0.0986112 0.0954695 0.0887528 0.0890816 0.0986112 0.108298
10.5271 0.0891442 0.0896401 0.0970866 0.0954695 0.0891442 0.0901288 0.0970866 0.0978432
10.5311 0.0895295 0.0896401 0.0955506 0.0954695 0.0895295 0.0901288 0.0955506 0.0978432
10.5352 0.0899086 0.091368 0.0940032 0.0878424 0.0899086 0.0901288 0.0940032 0.0978432
10.5393 0.0902815 0.091368 0.0924444 0.0878424 0.0902815 0.0901288 0.0924444 0.0978432
10.5434 0.0906481 0.091368 0.0908743 0.0878424 0.0906481 0.0901288 0.0908743 0.0978432
10.5474 0.0910085 0.091368 0.0892928 0.0878424 0.0910085 0.0919439 0.0892928 0.0849103
10.5515 0.0913625 0.0928864 0.0876999 0.0760265 0.0913625 0.0919439 0.0876999 0.0849103
10.5556 0.09171 0.0928864 0.0860956 0.0760265 0.09171 0.0919439 0.0860956 0.0849103
10.5597 0.0920512 0.0928864 0.08448 0.0760265 0.0920512 0.0919439 0.08448 0.0849103
10.5638 0.0923859 0.0928864 0.082853 0.0760265 0.0923859 0.0935496 0.082853 0.0793776
10.5678 0.092714 0.0928864 0.0812146 0.0760265 0.092714 0.0935496 0.0812146 0.0793776
10.572 0.0930356 0.0944049 0.0795648 0.0734609 0.0930356 0.0935496 0.0795648 0.0793776
10.5761 0.0933505 0.0944049 0.0779036 0.0734609 0.0933505 0.0935496 0.0779036 0.0793776
10.5801 0.0936588 0.0944049 0.0762311 0.0734609 0.0936588 0.0935496 0.0762311 0.0793776
10.5842 0.0939603 0.0944049 0.0745472 0.0734609 0.0939603 0.0952252 0.0745472 0.0884882
10.5883 0.0942551 0.0944049 0.0728519 0.0734609 0.0942551 0.0952252 0.0728519 0.0884882
10.5924 0.0945431 0.0957313 0.0711452 0.0663051 0.0945431 0.0952252 0.0711452 0.0884882
10.5965 0.0948243 0.0957313 0.0694272 0.0663051 0.0948243 0.0952252 0.0694272 0.0884882
10.6005 0.0950985 0.0957313 0.0676978 0.0663051 0.0950985 0.0967087 0.0676978 0.0702495
10.6046 0.0953659 0.0957313 0.065957 0.0663051 0.0953659 0.0967087 0.065957 0.0702495
10.6087 0.0956262 0.0957313 0.0642048 0.0663051 0.0956262 0.0967087 0.0642048 0.0702495
10.6127 0.0958795 0.0971101 0.0624412 0.068958 0.0958795 0.0967087 0.0624412 0.0702495
10.6168 0.0961257 0.0971101 0.0606663 0.068958 0.0961257 0.0967087 0.0606663 0.0702495
10.6209 0.0963648 0.0971101 0.05888 0.068958 0.0963648 0.0980526 0.05888 0.0639663
10.6249 0.0965967 0.0971101 0.0570823 0.068958 0.0965967 0.0980526 0.0570823 0.0639663
10.629 0.0968214 0.0977035 0.0552732 0.0539656 0.0968214 0.0980526 0.0552732 0.0639663
10.6331 0.0970389 0.0977035 0.0534528 0.0539656 0.0970389 0.0980526 0.0534528 0.0639663
10.6372 0.0972491 0.0977035 0.051621 0.0539656 0.0972491 0.0985937 0.051621 0.0506145
10.6413 0.0974519 0.0977035 0.0497778 0.0539656 0.0974519 0.0985937 0.0497778 0.0506145
10.6454 0.0976473 0.0977035 0.0479232 0.0539656 0.0976473 0.0985937 0.0479232 0.0506145
10.6495 0.0978352 0.0977035 0.0460572 0.0539656 0.0978352 0.0985937 0.0460572 0.0506145
10.6535 0.0980157 0.0987158 0.0441799 0.0505971 0.0980157 0.0985937 0.0441799 0.0506145
10.6576 0.0981886 0.0987158 0.0422912 0.0505971 0.0981886 0.0995012 0.0422912 0.0368614
10.6617 0.098354 0.0987158 0.0403911 0.0505971 0.098354 0.0995012 0.0403911 0.0368614
10.6658 0.0985118 0.0987158 0.0384796 0.0505971 0.0985118 0.0995012 0.0384796 0.0368614
10.6698 0.0986618 0.0996758 0.0365568 0.0396713 0.0986618 0.0995012 0.0365568 0.0368614
10.6739 0.0988042 0.0996758 0.0346226 0.0396713 0.0988042 0.100182 0.0346226 0.0312239
10.678 0.0989388 0.0996758 0.032677 0.0396713 0.0989388 0.100182 0.032677 0.0312239
10.6821 0.0990656 0.0996758 0.03072 0.0396713 0.0990656 0.100182 0.03072 0.0312239
10.6862 0.0991845 0.0996758 0.0287516 0.0396713 0.0991845 0.100182 0.0287516 0.0312239
10.6902 0.0992956 0.100479 0.0267719 0.0393746 0.0992956 0.100182 0.0267719 0.0312239
10.6943 0.0993987 0.100479 0.0247808 0.0393746 0.0993987 0.10081 0.0247808 0.0319919
10.6984 0.0994938 0.100479 0.0227783 0.0393746 0.0994938 0.10081 0.0227783 0.0319919
10.7025 0.0995809 0.100479 0.0207644 0.0393746 0.0995809 0.10081 0.0207644 0.0319919
10.7065 0.0996599 0.100479 0.0187392 0.0393746 0.0996599 0.10081 0.0187392 0.0319919
10.7106 0.0997308 0.101177 0.0167026 0.0275762 0.0997308 0.101194 0.0167026 0.0172962
10.7147 0.0997935 0.101177 0.0146546 0.0275762 0.0997935 0.101194 0.0146546 0.0172962
10.7188 0.099848 0.101177 0.0125952 0.0275762 0.099848 0.101194 0.0125952 0.0172962
10.7228 0.0998943 0.101177 0.0105244 0.0275762 0.0998943 0.101194 0.0105244 0.0172962
10.7269 0.0999322 0.101631 0.00844231 0.0196873 0.0999322 0.101473 0.00844231 0.0122697
10.731 0.0999618 0.101631 0.0063488 0.0196873 0.0999618 0.101473 0.0063488 0.0122697
10.7352 0.099983 0.101631 0.00424391 0.0196873 0.099983 0.101473 0.00424391 0.0122697
10.7392 0.0999957 0.101631 0.00212764 0.0196873 0.0999957 0.101473 0.00212764 0.0122697
10.7433 0.1 0.101631 -6.66134e-16 0.0196873 0.1 0.101473 -6.66134e-16 0.0122697
10.7474 0.1 0.101823 0 0.00567232 0.1 0.101526 0 0
10.7515 0.0999957 0.101823 -0.00212764 0.00567232 0.0999957 0.101526 -0.00212764 0
10.7556 0.099983 0.101823 -0.00424391 0.00567232 0.099983 0.101526 -0.00424391 0
10.7596 0.0999618 0.101823 -0.0063488 0.00567232 0.0999618 0.101526 -0.0063488 0
10.7637 0.0999322 0.10184 -0.00844231 0 0.0999322 0.101526 -0.00844231 0
10.7678 0.0998943 0.10184 -0.0105244 0 0.0998943 0.101508 -0.0105244 0
10.7719 0.099848 0.10184 -0.0125952 0 0.099848 0.101508 -0.0125952 0
10.7759 0.0997935 0.10184 -0.0146546 0 0.0997935 0.101508 -0.0146546 0
10.78 0.0997308 0.10184 -0.0167026 0 0.0997308 0.101508 -0.0167026 0
10.7841 0.0996599 0.101788 -0.0187392 -0.00471239 0.0996599 0.101473 -0.0187392 -0.0042237
10.7882 0.0995809 0.101788 -0.0207644 -0.00471239 0.0995809 0.101473 -0.0207644 -0.0042237
10.7924 0.0994938 0.101788 -0.0227783 -0.00471239 0.0994938 0.101473 -0.0227783 -0.0042237
10.7966 0.0993987 0.101788 -0.0247808 -0.00471239 0.0993987 0.101473 -0.0247808 -0.0042237
10.8006 0.0992956 0.101788 -0.0267719 -0.00471239 0.0992956 0.101473 -0.0267719 -0.0042237
10.8047 0.0991845 0.101404 -0.0287516 -0.0217817 0.0991845 0.101229 -0.0287516 -0.0148178
10.8088 0.0990656 0.101404 -0.03072 -0.0217817 0.0990656 0.101229 -0.03072 -0.0148178
10.8129 0.0989388 0.101404 -0.032677 -0.0217817 0.0989388 0.101229 -0.032677 -0.0148178
10.8169 0.0988042 0.101404 -0.0346226 -0.0217817 0.0988042 0.101229 -0.0346226 -0.0148178
10.821 0.0986618 0.100758 -0.0365568 -0.0340863 0.0986618 0.100671 -0.0365568 -0.0307527
10.8251 0.0985118 0.100758 -0.0384796 -0.0340863 0.0985118 0.100671 -0.0384796 -0.0307527
10.8292 0.098354 0.100758 -0.0403911 -0.0340863 0.098354 0.100671 -0.0403911 -0.0307527
10.8332 0.0981886 0.100758 -0.0422912 -0.0340863 0.0981886 0.100671 -0.0422912 -0.0307527
10.8373 0.0980157 0.100758 -0.0441799 -0.0340863 0.0980157 0.100671 -0.0441799 -0.0307527
10.8414 0.0978352 0.100269 -0.0460572 -0.0560076 0.0978352 0.0998328 -0.0460572 -0.0460767
10.8455 0.0976473 0.100269 -0.0479232 -0.0560076 0.0976473 0.0998328 -0.0479232 -0.0460767
10.8496 0.0974519 0.100269 -0.0497778 -0.0560076 0.0974519 0.0998328 -0.0497778 -0.0460767
10.8537 0.0972491 0.100269 -0.051621 -0.0560076 0.0972491 0.0998328 -0.051621 -0.0460767
10.8578 0.0970389 0.0990998 -0.0534528 -0.0636871 0.0970389 0.098646 -0.0534528 -0.061453
10.8619 0.0968214 0.0990998 -0.0552732 -0.0636871 0.0968214 0.098646 -0.0552732 -0.061453
10.8659 0.0965967 0.0990998 -0.0570823 -0.0636871 0.0965967 0.098646 -0.0570823 -0.061453
10.87 0.0963648 0.0990998 -0.05888 -0.0636871 0.0963648 0.098646 -0.05888 -0.061453
10.8741 0.0961257 0.0990998 -0.0606663 -0.0636871 0.0961257 0.098646 -0.0606663 -0.061453
10.8782 0.0958795 0.0977559 -0.0624412 -0.075468 0.0958795 0.0979653 -0.0624412 -0.0688009
10.8822 0.0956262 0.0977559 -0.0642048 -0.075468 0.0956262 0.0979653 -0.0642048 -0.0688009
10.8863 0.0953659 0.0977559 -0.065957 -0.075468 0.0953659 0.0979653 -0.065957 -0.0688009
10.8904 0.0950985 0.0977559 -0.0676978 -0.075468 0.0950985 0.0979653 -0.0676978 -0.0688009
10.8946 0.0948243 0.0961327 -0.0694272 -0.0860273 0.0948243 0.0964818 -0.0694272 -0.0835664
10.8987 0.0945431 0.0961327 -0.0711452 -0.0860273 0.0945431 0.0964818 -0.0711452 -0.0835664
10.9028 0.0942551 0.0961327 -0.0728519 -0.0860273 0.0942551 0.0964818 -0.0728519 -0.0835664
10.907 0.0939603 0.0961327 -0.0745472 -0.0860273 0.0939603 0.0964818 -0.0745472 -0.0835664
10.9112 0.0936588 0.0961327 -0.0762311 -0.0860273 0.0936588 0.0964818 -0.0762311 -0.0835664
10.9153 0.0933505 0.0943176 -0.0779036 -0.0929737 0.0933505 0.0948063 -0.0779036 -0.0886104
10.9193 0.0930356 0.0943176 -0.0795648 -0.0929737 0.0930356 0.0948063 -0.0795648 -0.0886104
10.9234 0.092714 0.0943176 -0.0812146 -0.0929737 0.092714 0.0948063 -0.0812146 -0.0886104
10.9275 0.0923859 0.0943176 -0.082853 -0.0929737 0.0923859 0.0948063 -0.082853 -0.0886104
10.9315 0.0920512 0.0943176 -0.08448 -0.0929737 0.0920512 0.0929388 -0.08448 -0.0989776
10.9356 0.09171 0.0924675 -0.0860956 -0.0923977 0.09171 0.0929388 -0.0860956 -0.0989776
10.9397 0.0913625 0.0924675 -0.0876999 -0.0923977 0.0913625 0.0929388 -0.0876999 -0.0989776
10.9439 0.0910085 0.0924675 -0.0892928 -0.0923977 0.0910085 0.0929388 -0.0892928 -0.0989776
10.9479 0.0906481 0.0924675 -0.0908743 -0.0923977 0.0906481 0.0929388 -0.0908743 -0.0989776
10.952 0.0902815 0.0924675 -0.0924444 -0.0923977 0.0902815 0.0908967 -0.0924444 -0.102311
10.9562 0.0899086 0.0905651 -0.0940032 -0.0943176 0.0899086 0.0908967 -0.0940032 -0.102311
10.9603 0.0895295 0.0905651 -0.0955506 -0.0943176 0.0895295 0.0908967 -0.0955506 -0.102311
10.9645 0.0891442 0.0905651 -0.0970866 -0.0943176 0.0891442 0.0908967 -0.0970866 -0.102311
10.9686 0.0887528 0.0905651 -0.0986112 -0.0943176 0.0887528 0.0908967 -0.0986112 -0.102311
10.9727 0.0883553 0.0905651 -0.100124 -0.0943176 0.0883553 0.0888722 -0.100124 -0.0993965
10.9768 0.0879518 0.0886802 -0.101626 -0.0949983 0.0879518 0.0888722 -0.101626 -0.0993965
10.9808 0.0875423 0.0886802 -0.103117 -0.0949983 0.0875423 0.0888722 -0.103117 -0.0993965
10.9849 0.0871269 0.0886802 -0.104596 -0.0949983 0.0871269 0.0888722 -0.104596 -0.0993965
10.989 0.0867056 0.0886802 -0.106064 -0.0949983 0.0867056 0.0868825 -0.106064 -0.100775
10.9931 0.0862784 0.0867254 -0.10752 -0.0988205 0.0862784 0.0868825 -0.10752 -0.100775
10.9971 0.0858454 0.0867254 -0.108965 -0.0988205 0.0858454 0.0868825 -0.108965 -0.100775
11.0012 0.0854067 0.0867254 -0.110399 -0.0988205 0.0854067 0.0868825 -0.110399 -0.100775
11.0053 0.0849623 0.0867254 -0.111821 -0.0988205 0.0849623 0.0858527 -0.111821 -0.101491
11.0093 0.0845121 0.0856782 -0.113232 -0.104859 0.0845121 0.0858527 -0.113232 -0.101491
11.0134 0.0840564 0.0856782 -0.114631 -0.104859 0.0840564 0.0858527 -0.114631 -0.101491
11.0175 0.0835951 0.0856782 -0.116019 -0.104859 0.0835951 0.0858527 -0.116019 -0.101491
11.0216 0.0831283 0.0856782 -0.117396 -0.104859 0.0831283 0.0858527 -0.117396 -0.101491
11.0256 0.082656 0.0856782 -0.118761 -0.104859 0.082656 0.0837584 -0.118761 -0.107914
11.0297 0.0821782 0.0834791 -0.120115 -0.114878 0.0821782 0.0837584 -0.120115 -0.107914
11.0338 0.0816951 0.0834791 -0.121458 -0.114878 0.0816951 0.0837584 -0.121458 -0.107914
11.0378 0.0812066 0.0834791 -0.122789 -0.114878 0.0812066 0.0837584 -0.122789 -0.107914
11.0419 0.0807128 0.0834791 -0.124109 -0.114878 0.0807128 0.0815941 -0.124109 -0.110375
11.046 0.0802137 0.0834791 -0.125417 -0.114878 0.0802137 0.0815941 -0.125417 -0.110375
11.0501 0.0797094 0.0811927 -0.126714 -0.125315 0.0797094 0.0815941 -0.126714 -0.110375
11.0542 0.0792 0.0811927 -0.128 -0.125315 0.0792 0.0815941 -0.128 -0.110375
11.0583 0.0786854 0.0811927 -0.129274 -0.125315 0.0786854 0.0815941 -0.129274 -0.110375
11.0624 0.0781658 0.0811927 -0.130537 -0.125315 0.0781658 0.0789761 -0.130537 -0.138195
11.0665 0.0776412 0.0811927 -0.131789 -0.125315 0.0776412 0.0789761 -0.131789 -0.138195
11.0705 0.0771115 0.0784875 -0.133029 -0.139766 0.0771115 0.0789761 -0.133029 -0.138195
11.0746 0.0765769 0.0784875 -0.134258 -0.139766 0.0765769 0.0789761 -0.134258 -0.138195
11.0787 0.0760375 0.0784875 -0.135475 -0.139766 0.0760375 0.0762709 -0.135475 -0.134425
11.0827 0.0754932 0.0784875 -0.136681 -0.139766 0.0754932 0.0762709 -0.136681 -0.134425
11.0868 0.074944 0.0757473 -0.137876 -0.148196 0.074944 0.0762709 -0.137876 -0.134425
11.0909 0.0743902 0.0757473 -0.139059 -0.148196 0.0743902 0.0762709 -0.139059 -0.134425
11.0949 0.0738316 0.0757473 -0.140231 -0.148196 0.0738316 0.0762709 -0.140231 -0.134425
11.099 0.0732683 0.0757473 -0.141392 -0.148196 0.0732683 0.0734958 -0.141392 -0.141825
11.1031 0.0727005 0.0757473 -0.142541 -0.148196 0.0727005 0.0734958 -0.142541 -0.141825
11.1072 0.072128 0.0726755 -0.143679 -0.152961 0.072128 0.0734958 -0.143679 -0.141825
11.1113 0.0715511 0.0726755 -0.144805 -0.152961 0.0715511 0.0734958 -0.144805 -0.141825
11.1155 0.0709696 0.0726755 -0.14592 -0.152961 0.0709696 0.0734958 -0.14592 -0.141825
11.1196 0.0703837 0.0726755 -0.147024 -0.152961 0.0703837 0.0720123 -0.147024 -0.144601
11.1237 0.0697934 0.0726755 -0.148116 -0.152961 0.0697934 0.0720123 -0.148116 -0.144601
11.1278 0.0691988 0.0696386 -0.149197 -0.15509 0.0691988 0.0720123 -0.149197 -0.144601
11.1319 0.0685999 0.0696386 -0.150266 -0.15509 0.0685999 0.0720123 -0.150266 -0.144601
11.136 0.0679967 0.0696386 -0.151324 -0.15509 0.0679967 0.069115 -0.151324 -0.148405
11.14 0.0673893 0.0696386 -0.152371 -0.15509 0.0673893 0.069115 -0.152371 -0.148405
11.1441 0.0667777 0.0696386 -0.153407 -0.15509 0.0667777 0.069115 -0.153407 -0.148405
11.1482 0.066162 0.0664796 -0.154431 -0.155631 0.066162 0.069115 -0.154431 -0.148405
11.1522 0.0655423 0.0664796 -0.155443 -0.155631 0.0655423 0.069115 -0.155443 -0.148405
11.1563 0.0649185 0.0664796 -0.156444 -0.155631 0.0649185 0.0661829 -0.156444 -0.154985
11.1604 0.0642908 0.0664796 -0.157434 -0.155631 0.0642908 0.0661829 -0.157434 -0.154985
11.1645 0.0636591 0.0664796 -0.158413 -0.155631 0.0636591 0.0661829 -0.158413 -0.154985
11.1686 0.0630235 0.0633904 -0.15938 -0.162455 0.0630235 0.0661829 -0.15938 -0.154985
11.1726 0.062384 0.0633904 -0.160336 -0.162455 0.062384 0.0628668 -0.160336 -0.176819
11.1767 0.0617408 0.0633904 -0.16128 -0.162455 0.0617408 0.0628668 -0.16128 -0.176819
11.1808 0.0610938 0.0633904 -0.162213 -0.162455 0.0610938 0.0628668 -0.162213 -0.176819
11.1848 0.0604431 0.0633904 -0.163135 -0.162455 0.0604431 0.0628668 -0.163135 -0.176819
11.1889 0.0597887 0.0600568 -0.164045 -0.167237 0.0597887 0.0628668 -0.164045 -0.176819
11.193 0.0591308 0.0600568 -0.164944 -0.167237 0.0591308 0.0591841 -0.164944 -0.180851
11.197 0.0584692 0.0600568 -0.165831 -0.167237 0.0584692 0.0591841 -0.165831 -0.180851
11.2011 0.0578041 0.0600568 -0.166707 -0.167237 0.0578041 0.0591841 -0.166707 -0.180851
11.2052 0.0571356 0.0569326 -0.167572 -0.158738 0.0571356 0.0591841 -0.167572 -0.180851
11.2093 0.0564636 0.0569326 -0.168425 -0.158738 0.0564636 0.0556236 -0.168425 -0.179088
11.2133 0.0557882 0.0569326 -0.169267 -0.158738 0.0557882 0.0556236 -0.169267 -0.179088
11.2174 0.0551095 0.0569326 -0.170098 -0.158738 0.0551095 0.0556236 -0.170098 -0.179088
11.2215 0.0544274 0.0569326 -0.170917 -0.158738 0.0544274 0.0556236 -0.170917 -0.179088
11.2256 0.0537421 0.0534943 -0.171725 -0.170972 0.0537421 0.0556236 -0.171725 -0.179088
11.2297 0.0530536 0.0534943 -0.172521 -0.170972 0.0530536 0.0521853 -0.172521 -0.168808
11.2338 0.052362 0.0534943 -0.173306 -0.170972 0.052362 0.0521853 -0.173306 -0.168808
11.2379 0.0516672 0.0534943 -0.17408 -0.170972 0.0516672 0.0521853 -0.17408 -0.168808
11.242 0.0509694 0.0534943 -0.174842 -0.170972 0.0509694 0.0521853 -0.174842 -0.168808
11.246 0.0502685 0.0501608 -0.175593 -0.166661 0.0502685 0.0521853 -0.175593 -0.168808
11.2501 0.0495646 0.0501608 -0.176333 -0.166661 0.0495646 0.0489565 -0.176333 -0.160797
11.2542 0.0488578 0.0501608 -0.177061 -0.166661 0.0488578 0.0489565 -0.177061 -0.160797
11.2582 0.0481481 0.0501608 -0.177778 -0.166661 0.0481481 0.0489565 -0.177778 -0.160797
11.2623 0.0474356 0.0501608 -0.178483 -0.166661 0.0474356 0.0489565 -0.178483 -0.160797
11.2664 0.0467203 0.046897 -0.179177 -0.162682 0.0467203 0.0473857 -0.179177 -0.155439
11.2704 0.0460022 0.046897 -0.17986 -0.162682 0.0460022 0.0473857 -0.17986 -0.155439
11.2745 0.0452814 0.046897 -0.180531 -0.162682 0.0452814 0.0473857 -0.180531 -0.155439
11.2786 0.044558 0.046897 -0.181191 -0.162682 0.044558 0.0473857 -0.181191 -0.155439
11.2827 0.0438319 0.046897 -0.18184 -0.162682 0.0438319 0.0473857 -0.18184 -0.155439
11.2869 0.0431033 0.0434936 -0.182477 -0.17085 0.0431033 0.044279 -0.182477 -0.161897
11.2909 0.0423721 0.0434936 -0.183103 -0.17085 0.0423721 0.044279 -0.183103 -0.161897
11.295 0.0416385 0.0434936 -0.183717 -0.17085 0.0416385 0.044279 -0.183717 -0.161897
11.2991 0.0409024 0.0434936 -0.18432 -0.17085 0.0409024 0.044279 -0.18432 -0.161897
11.3031 0.0401639 0.0400553 -0.184912 -0.173608 0.0401639 0.044279 -0.184912 -0.161897
11.3072 0.0394231 0.0400553 -0.185492 -0.173608 0.0394231 0.0409978 -0.185492 -0.169437
11.3112 0.03868 0.0400553 -0.186061 -0.173608 0.03868 0.0409978 -0.186061 -0.169437
11.3153 0.0379347 0.0400553 -0.186618 -0.173608 0.0379347 0.0409978 -0.186618 -0.169437
11.3194 0.0371871 0.0382751 -0.187164 -0.18408 0.0371871 0.0409978 -0.187164 -0.169437
11.3235 0.0364374 0.0382751 -0.187699 -0.18408 0.0364374 0.0374024 -0.187699 -0.196803
11.3275 0.0356855 0.0382751 -0.188223 -0.18408 0.0356855 0.0374024 -0.188223 -0.196803
11.3316 0.0349316 0.0382751 -0.188735 -0.18408 0.0349316 0.0374024 -0.188735 -0.196803
11.3357 0.0341756 0.0382751 -0.189235 -0.18408 0.0341756 0.0374024 -0.189235 -0.196803
11.3398 0.0334177 0.0382751 -0.189724 -0.18408 0.0334177 0.0374024 -0.189724 -0.196803
11.3438 0.0326579 0.0345226 -0.190202 -0.18778 0.0326579 0.033266 -0.190202 -0.214257
11.3479 0.0318961 0.0345226 -0.190669 -0.18778 0.0318961 0.033266 -0.190669 -0.214257
11.352 0.0311325 0.0345226 -0.191124 -0.18778 0.0311325 0.033266 -0.191124 -0.214257
11.356 0.0303671 0.0345226 -0.191568 -0.18778 0.0303671 0.033266 -0.191568 -0.214257
11.3601 0.0296 0.03084 -0.192 -0.18394 0.0296 0.033266 -0.192 -0.214257
11.3642 0.0288312 0.03084 -0.192421 -0.18394 0.0288312 0.0290248 -0.192421 -0.212162
11.3682 0.0280606 0.03084 -0.192831 -0.18394 0.0280606 0.0290248 -0.192831 -0.212162
11.3723 0.0272885 0.03084 -0.193229 -0.18394 0.0272885 0.0290248 -0.193229 -0.212162
11.3764 0.0265148 0.0268606 -0.193616 -0.222058 0.0265148 0.0290248 -0.193616 -0.212162
11.3805 0.0257396 0.0268606 -0.193991 -0.222058 0.0257396 0.0248884 -0.193991 -0.203261
11.3847 0.0249629 0.0268606 -0.194355 -0.222058 0.0249629 0.0248884 -0.194355 -0.203261
11.3887 0.0241848 0.0268606 -0.194708 -0.222058 0.0241848 0.0248884 -0.194708 -0.203261
11.3928 0.0234053 0.0268606 -0.195049 -0.222058 0.0234053 0.0248884 -0.195049 -0.203261
11.3968 0.0226244 0.0223751 -0.195379 -0.218393 0.0226244 0.0248884 -0.195379 -0.203261
11.4009 0.0218423 0.0223751 -0.195698 -0.218393 0.0218423 0.0209963 -0.195698 -0.195093
11.405 0.0210588 0.0223751 -0.196005 -0.218393 0.0210588 0.0209963 -0.196005 -0.195093
11.409 0.0202742 0.0223751 -0.196301 -0.218393 0.0202742 0.0209963 -0.196301 -0.195093
11.4131 0.0194885 0.0223751 -0.196585 -0.218393 0.0194885 0.0209963 -0.196585 -0.195093
11.4171 0.0187016 0.0181165 -0.196858 -0.214902 0.0187016 0.0209963 -0.196858 -0.195093
11.4212 0.0179136 0.0181165 -0.19712 -0.214902 0.0179136 0.017017 -0.19712 -0.201359
11.4253 0.0171246 0.0181165 -0.19737 -0.214902 0.0171246 0.017017 -0.19737 -0.201359
11.4294 0.0163347 0.0181165 -0.197609 -0.214902 0.0163347 0.017017 -0.197609 -0.201359
11.4334 0.0155438 0.0181165 -0.197837 -0.214902 0.0155438 0.017017 -0.197837 -0.201359
11.4375 0.014752 0.0138056 -0.198053 -0.213052 0.014752 0.0151146 -0.198053 -0.179018
11.4417 0.0139593 0.0138056 -0.198258 -0.213052 0.0139593 0.0151146 -0.198258 -0.179018
11.4458 0.0131659 0.0138056 -0.198451 -0.213052 0.0131659 0.0151146 -0.198451 -0.179018
11.4499 0.0123718 0.0138056 -0.198633 -0.213052 0.0123718 0.0151146 -0.198633 -0.179018
11.454 0.0115769 0.0138056 -0.198804 -0.213052 0.0115769 0.0151146 -0.198804 -0.179018
11.4581 0.0107813 0.00973894 -0.198963 -0.200643 0.0107813 0.011397 -0.198963 -0.189194
11.4622 0.00998519 0.00973894 -0.199111 -0.200643 0.00998519 0.011397 -0.199111 -0.189194
11.4662 0.00918846 0.00973894 -0.199248 -0.200643 0.00918846 0.011397 -0.199248 -0.189194
11.4703 0.00839122 0.00973894 -0.199373 -0.200643 0.00839122 0.011397 -0.199373 -0.189194
11.4744 0.0075935 0.00579449 -0.199487 -0.194849 0.0075935 0.0076969 -0.199487 -0.189002
11.4784 0.00679534 0.00579449 -0.199589 -0.194849 0.00679534 0.0076969 -0.199589 -0.189002
11.4825 0.0059968 0.00579449 -0.19968 -0.194849 0.0059968 0.0076969 -0.19968 -0.189002
11.4866 0.00519792 0.00579449 -0.19976 -0.194849 0.00519792 0.0076969 -0.19976 -0.189002
11.4906 0.00439874 0.00579449 -0.199828 -0.194849 0.00439874 0.0076969 -0.199828 -0.189002
11.4947 0.00359931 0.00207694 -0.199885 -0.18579 0.00359931 0.00371755 -0.199885 -0.206507
11.4989 0.00279967 0.00207694 -0.19993 -0.18579 0.00279967 0.00371755 -0.19993 -0.206507
11.5031 0.00199988 0.00207694 -0.199964 -0.18579 0.00199988 0.00371755 -0.199964 -0.206507
11.5072 0.00119997 0.00207694 -0.199987 -0.18579 0.00119997 0.00371755 -0.199987 -0.206507
11.5113 0.000399999 0.00207694 -0.199999 -0.18579 0.000399999 -0.000401426 -0.199999 -0.209178
11.5154 -0.000399999 -0.00153589 -0.199999 -0.177936 -0.000399999 -0.000401426 -0.199999 -0.209178
11.5195 -0.00119997 -0.00153589 -0.199987 -0.177936 -0.00119997 -0.000401426 -0.199987 -0.209178
11.5236 -0.00199988 -0.00153589 -0.199964 -0.177936 -0.00199988 -0.000401426 -0.199964 -0.209178
11.5277 -0.00279967 -0.00153589 -0.19993 -0.177936 -0.00279967 -0.000401426 -0.19993 -0.209178
11.5317 -0.00359931 -0.00488692 -0.199885 -0.171322 -0.00359931 -0.00466003 -0.199885 -0.209963
11.5358 -0.00439874 -0.00488692 -0.199828 -0.171322 -0.00439874 -0.00466003 -0.199828 -0.209963
11.5399 -0.00519792 -0.00488692 -0.19976 -0.171322 -0.00519792 -0.00466003 -0.19976 -0.209963
11.544 -0.0059968 -0.00488692 -0.19968 -0.171322 -0.0059968 -0.00466003 -0.19968 -0.209963
11.548 -0.00679534 -0.00488692 -0.199589 -0.171322 -0.00679534 -0.00869174 -0.199589 -0.201568
11.5521 -0.0075935 -0.00837758 -0.199487 -0.173765 -0.0075935 -0.00869174 -0.199487 -0.201568
11.5562 -0.00839122 -0.00837758 -0.199373 -0.173765 -0.00839122 -0.00869174 -0.199373 -0.201568
11.5603 -0.00918846 -0.00837758 -0.199248 -0.173765 -0.00918846 -0.00869174 -0.199248 -0.201568
11.5644 -0.00998519 -0.00837758 -0.199111 -0.173765 -0.00998519 -0.00869174 -0.199111 -0.201568
11.5685 -0.0107813 -0.0101927 -0.198963 -0.18401 -0.0107813 -0.0106465 -0.198963 -0.192527
11.5727 -0.0115769 -0.0101927 -0.198804 -0.18401 -0.0115769 -0.0106465 -0.198804 -0.192527
11.5767 -0.0123718 -0.0101927 -0.198633 -0.18401 -0.0123718 -0.0106465 -0.198633 -0.192527
11.5808 -0.0131659 -0.0101927 -0.198451 -0.18401 -0.0131659 -0.0106465 -0.198451 -0.192527
11.5849 -0.0139593 -0.0101927 -0.198258 -0.18401 -0.0139593 -0.0106465 -0.198258 -0.192527
11.5889 -0.014752 -0.0101927 -0.198053 -0.18401 -0.014752 -0.0144164 -0.198053 -0.1786
11.593 -0.0155438 -0.0139452 -0.197837 -0.191271 -0.0155438 -0.0144164 -0.197837 -0.1786
11.5971 -0.0163347 -0.0139452 -0.197609 -0.191271 -0.0163347 -0.0144164 -0.197609 -0.1786
11.6012 -0.0171246 -0.0139452 -0.19737 -0.191271 -0.0171246 -0.0144164 -0.19737 -0.1786
11.6052 -0.0179136 -0.0139452 -0.19712 -0.191271 -0.0179136 -0.0178722 -0.19712 -0.17359
11.6093 -0.0187016 -0.0177849 -0.196858 -0.195372 -0.0187016 -0.0178722 -0.196858 -0.17359
11.6134 -0.0194885 -0.0177849 -0.196585 -0.195372 -0.0194885 -0.0178722 -0.196585 -0.17359
11.6175 -0.0202742 -0.0177849 -0.196301 -0.195372 -0.0202742 -0.0178722 -0.196301 -0.17359
11.6215 -0.0210588 -0.0177849 -0.196005 -0.195372 -0.0210588 -0.0178722 -0.196005 -0.17359
11.6256 -0.0218423 -0.0177849 -0.195698 -0.195372 -0.0218423 -0.0215897 -0.195698 -0.205233
11.6297 -0.0226244 -0.0219388 -0.195379 -0.221639 -0.0226244 -0.0215897 -0.195379 -0.205233
11.6338 -0.0234053 -0.0219388 -0.195049 -0.221639 -0.0234053 -0.0215897 -0.195049 -0.205233
11.6379 -0.0241848 -0.0219388 -0.194708 -0.221639 -0.0241848 -0.0215897 -0.194708 -0.205233
11.6419 -0.0249629 -0.0219388 -0.194355 -0.221639 -0.0249629 -0.0215897 -0.194355 -0.205233
11.646 -0.0257396 -0.0219388 -0.193991 -0.221639 -0.0257396 -0.0257436 -0.193991 -0.202336
11.6501 -0.0265148 -0.0263894 -0.193616 -0.223681 -0.0265148 -0.0257436 -0.193616 -0.202336
11.6542 -0.0272885 -0.0263894 -0.193229 -0.223681 -0.0272885 -0.0257436 -0.193229 -0.202336
11.6582 -0.0280606 -0.0263894 -0.192831 -0.223681 -0.0280606 -0.0257436 -0.192831 -0.202336
11.6623 -0.0288312 -0.0263894 -0.192421 -0.223681 -0.0288312 -0.0297579 -0.192421 -0.204326
11.6664 -0.0296 -0.0307876 -0.192 -0.213244 -0.0296 -0.0297579 -0.192 -0.204326
11.6705 -0.0303671 -0.0307876 -0.191568 -0.213244 -0.0303671 -0.0297579 -0.191568 -0.204326
11.6745 -0.0311325 -0.0307876 -0.191124 -0.213244 -0.0311325 -0.0297579 -0.191124 -0.204326
11.6786 -0.0318961 -0.0307876 -0.190669 -0.213244 -0.0318961 -0.0338245 -0.190669 -0.202912
11.6827 -0.0326579 -0.0307876 -0.190202 -0.213244 -0.0326579 -0.0338245 -0.190202 -0.202912
11.6868 -0.0334177 -0.0350113 -0.189724 -0.195372 -0.0334177 -0.0338245 -0.189724 -0.202912
11.6909 -0.0341756 -0.0350113 -0.189235 -0.195372 -0.0341756 -0.0338245 -0.189235 -0.202912
11.6949 -0.0349316 -0.0350113 -0.188735 -0.195372 -0.0349316 -0.0338245 -0.188735 -0.202912
11.699 -0.0356855 -0.0350113 -0.188223 -0.195372 -0.0356855 -0.0375944 -0.188223 -0.185459
11.7031 -0.0364374 -0.0350113 -0.187699 -0.195372 -0.0364374 -0.0375944 -0.187699 -0.185459
11.7072 -0.0371871 -0.0388336 -0.187164 -0.18853 -0.0371871 -0.0375944 -0.187164 -0.185459
11.7113 -0.0379347 -0.0388336 -0.186618 -0.18853 -0.0379347 -0.0375944 -0.186618 -0.185459
11.7153 -0.03868 -0.0388336 -0.186061 -0.18853 -0.03868 -0.0393397 -0.186061 -0.171915
11.7194 -0.0394231 -0.0388336 -0.185492 -0.18853 -0.0394231 -0.0393397 -0.185492 -0.171915
11.7235 -0.0401639 -0.0425162 -0.184912 -0.184813 -0.0401639 -0.0393397 -0.184912 -0.171915
11.7276 -0.0409024 -0.0425162 -0.18432 -0.184813 -0.0409024 -0.0393397 -0.18432 -0.171915
11.7316 -0.0416385 -0.0425162 -0.183717 -0.184813 -0.0416385 -0.0393397 -0.183717 -0.171915
11.7357 -0.0423721 -0.0425162 -0.183103 -0.184813 -0.0423721 -0.0427431 -0.183103 -0.171845
11.7398 -0.0431033 -0.0425162 -0.182477 -0.184813 -0.0431033 -0.0427431 -0.182477 -0.171845
11.7439 -0.0438319 -0.0425162 -0.18184 -0.184813 -0.0438319 -0.0427431 -0.18184 -0.171845
11.748 -0.044558 -0.0460592 -0.181191 -0.173014 -0.044558 -0.0427431 -0.181191 -0.171845
11.7521 -0.0452814 -0.0460592 -0.180531 -0.173014 -0.0452814 -0.0427431 -0.180531 -0.171845
11.7561 -0.0460022 -0.0460592 -0.17986 -0.173014 -0.0460022 -0.0459371 -0.17986 -0.165021
11.7602 -0.0467203 -0.0460592 -0.179177 -0.173014 -0.0467203 -0.0459371 -0.179177 -0.165021
11.7643 -0.0474356 -0.0491485 -0.178483 -0.151739 -0.0474356 -0.0459371 -0.178483 -0.165021
11.7684 -0.0481481 -0.0491485 -0.177778 -0.151739 -0.0481481 -0.0459371 -0.177778 -0.165021
11.7724 -0.0488578 -0.0491485 -0.177061 -0.151739 -0.0488578 -0.0493579 -0.177061 -0.174707
11.7765 -0.0495646 -0.0491485 -0.176333 -0.151739 -0.0495646 -0.0493579 -0.176333 -0.174707
11.7806 -0.0502685 -0.0491485 -0.175593 -0.151739 -0.0502685 -0.0493579 -0.175593 -0.174707
11.7847 -0.0509694 -0.0522552 -0.174842 -0.15338 -0.0509694 -0.0493579 -0.174842 -0.174707
11.7887 -0.0516672 -0.0522552 -0.17408 -0.15338 -0.0516672 -0.0493579 -0.17408 -0.174707
11.7928 -0.052362 -0.0522552 -0.173306 -0.15338 -0.052362 -0.0528835 -0.173306 -0.178844
11.7968 -0.0530536 -0.0522552 -0.172521 -0.15338 -0.0530536 -0.0528835 -0.172521 -0.178844
11.8009 -0.0537421 -0.0522552 -0.171725 -0.15338 -0.0537421 -0.0528835 -0.171725 -0.178844
11.805 -0.0544274 -0.0554317 -0.170917 -0.160535 -0.0544274 -0.0528835 -0.170917 -0.178844
11.8091 -0.0551095 -0.0554317 -0.170098 -0.160535 -0.0551095 -0.0565138 -0.170098 -0.182387
11.8131 -0.0557882 -0.0554317 -0.169267 -0.160535 -0.0557882 -0.0565138 -0.169267 -0.182387
11.8172 -0.0564636 -0.0554317 -0.168425 -0.160535 -0.0564636 -0.0565138 -0.168425 -0.182387
11.8213 -0.0571356 -0.0585034 -0.167572 -0.153327 -0.0571356 -0.0565138 -0.167572 -0.182387
11.8253 -0.0578041 -0.0585034 -0.166707 -0.153327 -0.0578041 -0.0565138 -0.166707 -0.182387
11.8295 -0.0584692 -0.0585034 -0.165831 -0.153327 -0.0584692 -0.0582242 -0.165831 -0.169489
11.8336 -0.0591308 -0.0585034 -0.164944 -0.153327 -0.0591308 -0.0582242 -0.164944 -0.169489
11.8378 -0.0597887 -0.0585034 -0.164045 -0.153327 -0.0597887 -0.0582242 -0.164045 -0.169489
11.8419 -0.0604431 -0.0600917 -0.163135 -0.15776 -0.0604431 -0.0582242 -0.163135 -0.169489
11.8459 -0.0610938 -0.0600917 -0.162213 -0.15776 -0.0610938 -0.0582242 -0.162213 -0.169489
11.85 -0.0617408 -0.0600917 -0.16128 -0.15776 -0.0617408 -0.0615752 -0.16128 -0.15804
11.8541 -0.062384 -0.0600917 -0.160336 -0.15776 -0.062384 -0.0615752 -0.160336 -0.15804
11.8582 -0.0630235 -0.0600917 -0.15938 -0.15776 -0.0630235 -0.0615752 -0.15938 -0.15804
11.8622 -0.0636591 -0.0631984 -0.158413 -0.15324 -0.0636591 -0.0615752 -0.158413 -0.15804
11.8663 -0.0642908 -0.0631984 -0.157434 -0.15324 -0.0642908 -0.0615752 -0.157434 -0.15804
11.8704 -0.0649185 -0.0631984 -0.156444 -0.15324 -0.0649185 -0.0645946 -0.156444 -0.149051
11.8745 -0.0655423 -0.0631984 -0.155443 -0.15324 -0.0655423 -0.0645946 -0.155443 -0.149051
11.8786 -0.066162 -0.0661654 -0.154431 -0.151826 -0.066162 -0.0645946 -0.154431 -0.149051
11.8828 -0.0667777 -0.0661654 -0.153407 -0.151826 -0.0667777 -0.0645946 -0.153407 -0.149051
11.8869 -0.0673893 -0.0661654 -0.152371 -0.151826 -0.0673893 -0.0678235 -0.152371 -0.1701
11.8909 -0.0679967 -0.0661654 -0.151324 -0.151826 -0.0679967 -0.0678235 -0.151324 -0.1701
11.895 -0.0685999 -0.0661654 -0.150266 -0.151826 -0.0685999 -0.0678235 -0.150266 -0.1701
11.8991 -0.0691988 -0.0693943 -0.149197 -0.163188 -0.0691988 -0.0678235 -0.149197 -0.1701
11.9031 -0.0697934 -0.0693943 -0.148116 -0.163188 -0.0697934 -0.0678235 -0.148116 -0.1701
11.9072 -0.0703837 -0.0693943 -0.147024 -0.163188 -0.0703837 -0.0711222 -0.147024 -0.163031
11.9113 -0.0709696 -0.0693943 -0.14592 -0.163188 -0.0709696 -0.0711222 -0.14592 -0.163031
11.9153 -0.0715511 -0.0726406 -0.144805 -0.166208 -0.0715511 -0.0711222 -0.144805 -0.163031
11.9194 -0.072128 -0.0726406 -0.143679 -0.166208 -0.072128 -0.0711222 -0.143679 -0.163031
11.9235 -0.0727005 -0.0726406 -0.142541 -0.166208 -0.0727005 -0.0743859 -0.142541 -0.158441
11.9276 -0.0732683 -0.0726406 -0.141392 -0.166208 -0.0732683 -0.0743859 -0.141392 -0.158441
11.9317 -0.0738316 -0.0726406 -0.140231 -0.166208 -0.0738316 -0.0743859 -0.140231 -0.158441
11.9357 -0.0743902 -0.0759393 -0.139059 -0.158109 -0.0743902 -0.0743859 -0.139059 -0.158441
11.9398 -0.074944 -0.0759393 -0.137876 -0.158109 -0.074944 -0.0743859 -0.137876 -0.158441
11.9439 -0.0754932 -0.0759393 -0.136681 -0.158109 -0.0754932 -0.077545 -0.136681 -0.156957
11.948 -0.0760375 -0.0759393 -0.135475 -0.158109 -0.0760375 -0.077545 -0.135475 -0.156957
11.952 -0.0765769 -0.0788016 -0.134258 -0.143745 -0.0765769 -0.077545 -0.134258 -0.156957
11.9561 -0.0771115 -0.0788016 -0.133029 -0.143745 -0.0771115 -0.077545 -0.133029 -0.156957
11.9602 -0.0776412 -0.0788016 -0.131789 -0.143745 -0.0776412 -0.0802328 -0.131789 -0.127688
11.9642 -0.0781658 -0.0788016 -0.130537 -0.143745 -0.0781658 -0.0802328 -0.130537 -0.127688
11.9683 -0.0786854 -0.0788016 -0.129274 -0.143745 -0.0786854 -0.0802328 -0.129274 -0.127688
11.9724 -0.0792 -0.0812974 -0.128 -0.123971 -0.0792 -0.0802328 -0.128 -0.127688
11.9764 -0.0797094 -0.0812974 -0.126714 -0.123971 -0.0797094 -0.0802328 -0.126714 -0.127688
11.9805 -0.0802137 -0.0812974 -0.125417 -0.123971 -0.0802137 -0.0824668 -0.125417 -0.110043
11.9846 -0.0807128 -0.0812974 -0.124109 -0.123971 -0.0807128 -0.0824668 -0.124109 -0.110043
11.9887 -0.0812066 -0.0812974 -0.122789 -0.123971 -0.0812066 -0.0824668 -0.122789 -0.110043
11.9927 -0.0816951 -0.0824319 -0.121458 -0.108961 -0.0816951 -0.0824668 -0.121458 -0.110043
11.9968 -0.0821782 -0.0824319 -0.120115 -0.108961 -0.0821782 -0.0824668 -0.120115 -0.110043
12.0008 -0.082656 -0.0824319 -0.118761 -0.108961 -0.082656 -0.0834791 -0.118761 -0.095487
12.0049 -0.0831283 -0.0824319 -0.117396 -0.108961 -0.0831283 -0.0834791 -0.117396 -0.095487
12.0089 -0.0835951 -0.0824319 -0.116019 -0.108961 -0.0835951 -0.0834791 -0.116019 -0.095487
12.013 -0.0840564 -0.0845612 -0.114631 -0.09807 -0.0840564 -0.0834791 -0.114631 -0.095487
12.0171 -0.0845121 -0.0845612 -0.113232 -0.09807 -0.0845121 -0.0834791 -0.113232 -0.095487
12.0211 -0.0849623 -0.0845612 -0.111821 -0.09807 -0.0849623 -0.0853117 -0.111821 -0.0877377
12.0252 -0.0854067 -0.0845612 -0.110399 -0.09807 -0.0854067 -0.0853117 -0.110399 -0.0877377
12.0293 -0.0858454 -0.0845612 -0.108965 -0.09807 -0.0858454 -0.0853117 -0.108965 -0.0877377
12.0334 -0.0862784 -0.0873537 -0.10752 -0.0940558 -0.0862784 -0.0853117 -0.10752 -0.0877377
12.0374 -0.0867056 -0.0873537 -0.106064 -0.0940558 -0.0867056 -0.0879297 -0.106064 -0.0903906
12.0415 -0.0871269 -0.0873537 -0.104596 -0.0940558 -0.0871269 -0.0879297 -0.104596 -0.0903906
12.0456 -0.0875423 -0.0873537 -0.103117 -0.0940558 -0.0875423 -0.0879297 -0.103117 -0.0903906
12.0496 -0.0879518 -0.0873537 -0.101626 -0.0940558 -0.0879518 -0.0879297 -0.101626 -0.0903906
12.0537 -0.0883553 -0.0895354 -0.100124 -0.109607 -0.0883553 -0.0879297 -0.100124 -0.0903906
12.0579 -0.0887528 -0.0895354 -0.0986112 -0.109607 -0.0887528 -0.0889943 -0.0986112 -0.103899
12.062 -0.0891442 -0.0895354 -0.0970866 -0.109607 -0.0891442 -0.0889943 -0.0970866 -0.103899
12.0661 -0.0895295 -0.0895354 -0.0955506 -0.109607 -0.0895295 -0.0889943 -0.0955506 -0.103899
12.0702 -0.0899086 -0.0895354 -0.0940032 -0.109607 -0.0899086 -0.0889943 -0.0940032 -0.103899
12.0743 -0.0902815 -0.0915949 -0.0924444 -0.104109 -0.0902815 -0.0889943 -0.0924444 -0.103899
12.0784 -0.0906481 -0.0915949 -0.0908743 -0.104109 -0.0906481 -0.0911236 -0.0908743 -0.104563
12.0824 -0.0910085 -0.0915949 -0.0892928 -0.104109 -0.0910085 -0.0911236 -0.0892928 -0.104563
12.0865 -0.0913625 -0.0915949 -0.0876999 -0.104109 -0.0913625 -0.0911236 -0.0876999 -0.104563
12.0906 -0.09171 -0.0915949 -0.0860956 -0.104109 -0.09171 -0.0911236 -0.0860956 -0.104563
12.0947 -0.0920512 -0.0934624 -0.08448 -0.0916298 -0.0920512 -0.0930784 -0.08448 -0.0931657
12.0987 -0.0923859 -0.0934624 -0.082853 -0.0916298 -0.0923859 -0.0930784 -0.082853 -0.0931657
12.1028 -0.092714 -0.0934624 -0.0812146 -0.0916298 -0.092714 -0.0930784 -0.0812146 -0.0931657
12.1069 -0.0930356 -0.0934624 -0.0795648 -0.0916298 -0.0930356 -0.0930784 -0.0795648 -0.0931657
12.111 -0.0933505 -0.0951204 -0.0779036 -0.0802153 -0.0933505 -0.0949459 -0.0779036 -0.0943525
12.115 -0.0936588 -0.0951204 -0.0762311 -0.0802153 -0.0936588 -0.0949459 -0.0762311 -0.0943525
12.1192 -0.0939603 -0.0951204 -0.0745472 -0.0802153 -0.0939603 -0.0949459 -0.0745472 -0.0943525
12.1232 -0.0942551 -0.0951204 -0.0728519 -0.0802153 -0.0942551 -0.0949459 -0.0728519 -0.0943525
12.1273 -0.0945431 -0.0951204 -0.0711452 -0.0802153 -0.0945431 -0.0949459 -0.0711452 -0.0943525
12.1314 -0.0948243 -0.0957837 -0.0694272 -0.0607898 -0.0948243 -0.0949459 -0.0694272 -0.0943525
12.1354 -0.0950985 -0.0957837 -0.0676978 -0.0607898 -0.0950985 -0.096604 -0.0676978 -0.0803375
12.1395 -0.0953659 -0.0957837 -0.065957 -0.0607898 -0.0953659 -0.096604 -0.065957 -0.0803375
12.1436 -0.0956262 -0.0957837 -0.0642048 -0.0607898 -0.0956262 -0.096604 -0.0642048 -0.0803375
12.1476 -0.0958795 -0.0957837 -0.0624412 -0.0607898 -0.0958795 -0.096604 -0.0624412 -0.0803375
12.1517 -0.0961257 -0.0976686 -0.0606663 -0.0656069 -0.0961257 -0.0979479 -0.0606663 -0.0644725
12.1558 -0.0963648 -0.0976686 -0.05888 -0.0656069 -0.0963648 -0.0979479 -0.05888 -0.0644725
12.1599 -0.0965967 -0.0976686 -0.0570823 -0.0656069 -0.0965967 -0.0979479 -0.0570823 -0.0644725
12.164 -0.0968214 -0.0976686 -0.0552732 -0.0656069 -0.0968214 -0.0979479 -0.0552732 -0.0644725
12.1681 -0.0970389 -0.0976686 -0.0534528 -0.0656069 -0.0970389 -0.0985413 -0.0534528 -0.0546986
12.1723 -0.0972491 -0.0982271 -0.051621 -0.0534594 -0.0972491 -0.0985413 -0.051621 -0.0546986
12.1764 -0.0974519 -0.0982271 -0.0497778 -0.0534594 -0.0974519 -0.0985413 -0.0497778 -0.0546986
12.1805 -0.0976473 -0.0982271 -0.0479232 -0.0534594 -0.0976473 -0.0985413 -0.0479232 -0.0546986
12.1846 -0.0978352 -0.0982271 -0.0460572 -0.0534594 -0.0978352 -0.0985413 -0.0460572 -0.0546986
12.1894 -0.0980157 -0.0992918 -0.0441799 -0.0511556 -0.0980157 -0.0995361 -0.0441799 -0.0383798
12.1935 -0.0981886 -0.0992918 -0.0422912 -0.0511556 -0.0981886 -0.0995361 -0.0422912 -0.0383798
12.1976 -0.098354 -0.0992918 -0.0403911 -0.0511556 -0.098354 -0.0995361 -0.0403911 -0.0383798
12.2017 -0.0985118 -0.0992918 -0.0384796 -0.0511556 -0.0985118 -0.0995361 -0.0384796 -0.0383798
12.2057 -0.0986618 -0.0992918 -0.0365568 -0.0511556 -0.0986618 -0.100164 -0.0365568 -0.0237888
12.2098 -0.0988042 -0.100182 -0.0346226 -0.0362156 -0.0988042 -0.100164 -0.0346226 -0.0237888
12.2139 -0.0989388 -0.100182 -0.032677 -0.0362156 -0.0989388 -0.100164 -0.032677 -0.0237888
12.218 -0.0990656 -0.100182 -0.03072 -0.0362156 -0.0990656 -0.100164 -0.03072 -0.0237888
12.222 -0.0991845 -0.100182 -0.0287516 -0.0362156 -0.0991845 -0.100688 -0.0287516 -0.0293564
12.2261 -0.0992956 -0.100182 -0.0267719 -0.0362156 -0.0992956 -0.100688 -0.0267719 -0.0293564
12.2302 -0.0993987 -0.100897 -0.0247808 -0.027262 -0.0993987 -0.100688 -0.0247808 -0.0293564
12.2344 -0.0994938 -0.100897 -0.0227783 -0.027262 -0.0994938 -0.100688 -0.0227783 -0.0293564
12.2385 -0.0995809 -0.100897 -0.0207644 -0.027262 -0.0995809 -0.100688 -0.0207644 -0.0293564
12.2426 -0.0996599 -0.100897 -0.0187392 -0.027262 -0.0996599 -0.101159 -0.0187392 -0.0145211
12.2466 -0.0997308 -0.100897 -0.0167026 -0.027262 -0.0997308 -0.101159 -0.0167026 -0.0145211
12.2507 -0.0997935 -0.101351 -0.0146546 -0.0201586 -0.0997935 -0.101159 -0.0146546 -0.0145211
12.2548 -0.099848 -0.101351 -0.0125952 -0.0201586 -0.099848 -0.101159 -0.0125952 -0.0145211
12.2589 -0.0998943 -0.101351 -0.0105244 -0.0201586 -0.0998943 -0.101159 -0.0105244 -0.0145211
12.2629 -0.0999322 -0.101351 -0.00844231 -0.0201586 -0.0999322 -0.101421 -0.00844231 -0.0133692
12.267 -0.0999618 -0.101351 -0.0063488 -0.0201586 -0.0999618 -0.101421 -0.0063488 -0.0133692
12.2711 -0.099983 -0.1017 -0.00424391 -0.00959931 -0.099983 -0.101421 -0.00424391 -0.0133692
12.2752 -0.0999957 -0.1017 -0.00212764 -0.00959931 -0.0999957 -0.101421 -0.00212764 -0.0133692
12.2792 -0.1 -0.1017 6.66134e-16 -0.00959931 -0.1 -0.101561 6.66134e-16 -0.00427606
12.2834 -0.1 -0.1017 0 -0.00959931 -0.1 -0.101561 0 -0.00427606
12.2876 -0.0999957 -0.1017 0.00212764 -0.00959931 -0.0999957 -0.101561 0.00212764 -0.00427606
12.2916 -0.099983 -0.101805 0.00424391 0 -0.099983 -0.101561 0.00424391 -0.00427606
12.2957 -0.0999618 -0.101805 0.0063488 0 -0.0999618 -0.101561 0.0063488 -0.00427606
12.2998 -0.0999322 -0.101805 0.00844231 0 -0.0999322 -0.101561 0.00844231 0
12.3039 -0.0998943 -0.101805 0.0105244 0 -0.0998943 -0.101561 0.0105244 0
12.3079 -0.099848 -0.101788 0.0125952 0 -0.099848 -0.101561 0.0125952 0
12.312 -0.0997935 -0.101788 0.0146546 0 -0.0997935 -0.101561 0.0146546 0
12.3161 -0.0997308 -0.101788 0.0167026 0 -0.0997308 -0.101543 0.0167026 0.00397935
12.3202 -0.0996599 -0.101788 0.0187392 0 -0.0996599 -0.101543 0.0187392 0.00397935
12.3243 -0.0995809 -0.101788 0.0207644 0 -0.0995809 -0.101543 0.0207644 0.00397935
12.3284 -0.0994938 -0.101665 0.0227783 0.0119031 -0.0994938 -0.101543 0.0227783 0.00397935
12.3325 -0.0993987 -0.101665 0.0247808 0.0119031 -0.0993987 -0.101543 0.0247808 0.00397935
12.3367 -0.0992956 -0.101665 0.0267719 0.0119031 -0.0992956 -0.101369 0.0267719 0.0191637
12.3408 -0.0991845 -0.101665 0.0287516 0.0119031 -0.0991845 -0.101369 0.0287516 0.0191637
12.345 -0.0990656 -0.101665 0.03072 0.0119031 -0.0990656 -0.101369 0.03072 0.0191637
12.3491 -0.0989388 -0.101194 0.032677 0.0261625 -0.0989388 -0.101369 0.032677 0.0191637
12.3532 -0.0988042 -0.101194 0.0346226 0.0261625 -0.0988042 -0.101369 0.0346226 0.0191637
12.3572 -0.0986618 -0.101194 0.0365568 0.0261625 -0.0986618 -0.100897 0.0365568 0.0361283
12.3613 -0.0985118 -0.101194 0.0384796 0.0261625 -0.0985118 -0.100897 0.0384796 0.0361283
12.3654 -0.098354 -0.100444 0.0403911 0.038851 -0.098354 -0.100897 0.0403911 0.0361283
12.3695 -0.0981886 -0.100444 0.0422912 0.038851 -0.0981886 -0.100897 0.0422912 0.0361283
12.3735 -0.0980157 -0.100444 0.0441799 0.038851 -0.0980157 -0.100077 0.0441799 0.0462512
12.3776 -0.0978352 -0.100444 0.0460572 0.038851 -0.0978352 -0.100077 0.0460572 0.0462512
12.3817 -0.0976473 -0.100444 0.0479232 0.038851 -0.0976473 -0.100077 0.0479232 0.0462512
12.3858 -0.0974519 -0.0993965 0.0497778 0.0571246 -0.0974519 -0.100077 0.0497778 0.0462512
12.3899 -0.0972491 -0.0993965 0.051621 0.0571246 -0.0972491 -0.100077 0.051621 0.0462512
12.3939 -0.0970389 -0.0993965 0.0534528 0.0571246 -0.0970389 -0.0989427 0.0534528 0.0602488
12.3981 -0.0968214 -0.0993965 0.0552732 0.0571246 -0.0968214 -0.0989427 0.0552732 0.0602488
12.4023 -0.0965967 -0.0993965 0.0570823 0.0571246 -0.0965967 -0.0989427 0.0570823 0.0602488
12.4064 -0.0963648 -0.0980351 0.05888 0.0683296 -0.0963648 -0.0989427 0.05888 0.0602488
12.4104 -0.0961257 -0.0980351 0.0606663 0.0683296 -0.0961257 -0.0975639 0.0606663 0.0709825
12.4145 -0.0958795 -0.0980351 0.0624412 0.0683296 -0.0958795 -0.0975639 0.0624412 0.0709825
12.4186 -0.0956262 -0.0980351 0.0642048 0.0683296 -0.0956262 -0.0975639 0.0642048 0.0709825
12.4226 -0.0953659 -0.0966214 0.065957 0.0711222 -0.0953659 -0.0975639 0.065957 0.0709825
12.4267 -0.0950985 -0.0966214 0.0676978 0.0711222 -0.0950985 -0.0975639 0.0676978 0.0709825
12.4308 -0.0948243 -0.0966214 0.0694272 0.0711222 -0.0948243 -0.0960106 0.0694272 0.0783129
12.4348 -0.0945431 -0.0966214 0.0711452 0.0711222 -0.0945431 -0.0960106 0.0711452 0.0783129
12.4389 -0.0942551 -0.0966214 0.0728519 0.0711222 -0.0942551 -0.0960106 0.0728519 0.0783129
12.443 -0.0939603 -0.0949808 0.0745472 0.0840725 -0.0939603 -0.0960106 0.0745472 0.0783129
12.4471 -0.0936588 -0.0949808 0.0762311 0.0840725 -0.0936588 -0.0960106 0.0762311 0.0783129
12.4513 -0.0933505 -0.0949808 0.0779036 0.0840725 -0.0933505 -0.0951554 0.0779036 0.0871792
12.4553 -0.0930356 -0.0949808 0.0795648 0.0840725 -0.0930356 -0.0951554 0.0795648 0.0871792
12.4594 -0.092714 -0.0949808 0.0812146 0.0840725 -0.092714 -0.0951554 0.0812146 0.0871792
12.4635 -0.0923859 -0.0932878 0.082853 0.0841423 -0.0923859 -0.0951554 0.082853 0.0871792
12.4675 -0.0920512 -0.0932878 0.08448 0.0841423 -0.0920512 -0.0925548 0.08448 0.0877552
12.4716 -0.09171 -0.0932878 0.0860956 0.0841423 -0.09171 -0.0925548 0.0860956 0.0877552
12.4757 -0.0913625 -0.0932878 0.0876999 0.0841423 -0.0913625 -0.0925548 0.0876999 0.0877552
12.4797 -0.0910085 -0.0932878 0.0892928 0.0841423 -0.0910085 -0.0925548 0.0892928 0.0877552
12.4838 -0.0906481 -0.09156 0.0908743 0.0848579 -0.0906481 -0.0925548 0.0908743 0.0877552
12.4879 -0.0902815 -0.09156 0.0924444 0.0848579 -0.0902815 -0.0916298 0.0924444 0.0929039
12.492 -0.0899086 -0.09156 0.0940032 0.0848579 -0.0899086 -0.0916298 0.0940032 0.0929039
12.4962 -0.0895295 -0.09156 0.0955506 0.0848579 -0.0895295 -0.0916298 0.0955506 0.0929039
12.5004 -0.0891442 -0.09156 0.0970866 0.0848579 -0.0891442 -0.0916298 0.0970866 0.0929039
12.5044 -0.0887528 -0.0906524 0.0986112 0.0925199 -0.0887528 -0.0896576 0.0986112 0.103917
12.5085 -0.0883553 -0.0906524 0.100124 0.0925199 -0.0883553 -0.0896576 0.100124 0.103917
12.5126 -0.0879518 -0.0906524 0.101626 0.0925199 -0.0879518 -0.0896576 0.101626 0.103917
12.5166 -0.0875423 -0.0906524 0.103117 0.0925199 -0.0875423 -0.0896576 0.103117 0.103917
12.5207 -0.0871269 -0.0906524 0.104596 0.0925199 -0.0871269 -0.0896576 0.104596 0.103917
12.5247 -0.0867056 -0.0878599 0.106064 0.0945968 -0.0867056 -0.0877028 0.106064 0.103638
12.5288 -0.0862784 -0.0878599 0.10752 0.0945968 -0.0862784 -0.0877028 0.10752 0.103638
12.5329 -0.0858454 -0.0878599 0.108965 0.0945968 -0.0858454 -0.0877028 0.108965 0.103638
12.537 -0.0854067 -0.0878599 0.110399 0.0945968 -0.0854067 -0.0877028 0.110399 0.103638
12.5411 -0.0849623 -0.0856782 0.111821 0.109589 -0.0849623 -0.0855037 0.111821 0.117496
12.5453 -0.0845121 -0.0856782 0.113232 0.109589 -0.0845121 -0.0855037 0.113232 0.117496
12.5495 -0.0840564 -0.0856782 0.114631 0.109589 -0.0840564 -0.0855037 0.114631 0.117496
12.5536 -0.0835951 -0.0856782 0.116019 0.109589 -0.0835951 -0.0855037 0.116019 0.117496
12.5576 -0.0831283 -0.0856782 0.117396 0.109589 -0.0831283 -0.0855037 0.117396 0.117496
12.5617 -0.082656 -0.08313 0.118761 0.128456 -0.082656 -0.0832871 0.118761 0.112993
12.5658 -0.0821782 -0.08313 0.120115 0.128456 -0.0821782 -0.0832871 0.120115 0.112993
12.5698 -0.0816951 -0.08313 0.121458 0.128456 -0.0816951 -0.0832871 0.121458 0.112993
12.5739 -0.0812066 -0.08313 0.122789 0.128456 -0.0812066 -0.0832871 0.122789 0.112993
12.578 -0.0807128 -0.08313 0.124109 0.128456 -0.0807128 -0.0832871 0.124109 0.112993
12.5821 -0.0802137 -0.0805819 0.125417 0.130114 -0.0802137 -0.0808611 0.125417 0.120026
12.5861 -0.0797094 -0.0805819 0.126714 0.130114 -0.0797094 -0.0808611 0.126714 0.120026
12.5902 -0.0792 -0.0805819 0.128 0.130114 -0.0792 -0.0808611 0.128 0.120026
12.5943 -0.0786854 -0.0805819 0.129274 0.130114 -0.0786854 -0.0808611 0.129274 0.120026
12.5985 -0.0781658 -0.0792554 0.130537 0.134582 -0.0781658 -0.079587 0.130537 0.13254
12.6026 -0.0776412 -0.0792554 0.131789 0.134582 -0.0776412 -0.079587 0.131789 0.13254
12.6066 -0.0771115 -0.0792554 0.133029 0.134582 -0.0771115 -0.079587 0.133029 0.13254
12.6107 -0.0765769 -0.0792554 0.134258 0.134582 -0.0765769 -0.079587 0.134258 0.13254
12.6148 -0.0760375 -0.0792554 0.135475 0.134582 -0.0760375 -0.079587 0.135475 0.13254
12.6188 -0.0754932 -0.0765327 0.136681 0.135438 -0.0754932 -0.0769341 0.136681 0.126519
12.6229 -0.074944 -0.0765327 0.137876 0.135438 -0.074944 -0.0769341 0.137876 0.126519
12.6269 -0.0743902 -0.0765327 0.139059 0.135438 -0.0743902 -0.0769341 0.139059 0.126519
12.631 -0.0738316 -0.0765327 0.140231 0.135438 -0.0738316 -0.0769341 0.140231 0.126519
12.6351 -0.0732683 -0.0765327 0.141392 0.135438 -0.0732683 -0.0743161 0.141392 0.142035
12.6392 -0.0727005 -0.0738623 0.142541 0.139679 -0.0727005 -0.0743161 0.142541 0.142035
12.6432 -0.072128 -0.0738623 0.143679 0.139679 -0.072128 -0.0743161 0.143679 0.142035
12.6473 -0.0715511 -0.0738623 0.144805 0.139679 -0.0715511 -0.0743161 0.144805 0.142035
12.6514 -0.0709696 -0.0738623 0.14592 0.139679 -0.0709696 -0.0712967 0.14592 0.156957
12.6554 -0.0703837 -0.0738623 0.147024 0.139679 -0.0703837 -0.0712967 0.147024 0.156957
12.6596 -0.0697934 -0.0709127 0.148116 0.159069 -0.0697934 -0.0712967 0.148116 0.156957
12.6638 -0.0691988 -0.0709127 0.149197 0.159069 -0.0691988 -0.0712967 0.149197 0.156957
12.668 -0.0685999 -0.0709127 0.150266 0.159069 -0.0685999 -0.0712967 0.150266 0.156957
12.6721 -0.0679967 -0.0709127 0.151324 0.159069 -0.0679967 -0.0681027 0.151324 0.15886
12.6762 -0.0673893 -0.0709127 0.152371 0.159069 -0.0673893 -0.0681027 0.152371 0.15886
12.6803 -0.0667777 -0.0676839 0.153407 0.165178 -0.0667777 -0.0681027 0.153407 0.15886
12.6843 -0.066162 -0.0676839 0.154431 0.165178 -0.066162 -0.0681027 0.154431 0.15886
12.6894 -0.0655423 -0.0676839 0.155443 0.165178 -0.0655423 -0.0648913 0.155443 0.164218
12.6935 -0.0649185 -0.0676839 0.156444 0.165178 -0.0649185 -0.0648913 0.156444 0.164218
12.6976 -0.0642908 -0.0644026 0.157434 0.164393 -0.0642908 -0.0648913 0.157434 0.164218
12.7016 -0.0636591 -0.0644026 0.158413 0.164393 -0.0636591 -0.0648913 0.158413 0.164218
12.7057 -0.0630235 -0.0644026 0.15938 0.164393 -0.0630235 -0.0648913 0.15938 0.164218
12.7098 -0.062384 -0.0644026 0.160336 0.164393 -0.062384 -0.0617672 0.160336 0.151861
12.7139 -0.0617408 -0.0644026 0.16128 0.164393 -0.0617408 -0.0617672 0.16128 0.151861
12.7181 -0.0610938 -0.0610516 0.162213 0.164881 -0.0610938 -0.0617672 0.162213 0.151861
12.7221 -0.0604431 -0.0610516 0.163135 0.164881 -0.0604431 -0.0617672 0.163135 0.151861
12.7262 -0.0597887 -0.0610516 0.164045 0.164881 -0.0597887 -0.0617672 0.164045 0.151861
12.7302 -0.0591308 -0.0610516 0.164944 0.164881 -0.0591308 -0.0602139 0.164944 0.149941
12.7343 -0.0584692 -0.0610516 0.165831 0.164881 -0.0584692 -0.0602139 0.165831 0.149941
12.7384 -0.0578041 -0.0577704 0.166707 0.166155 -0.0578041 -0.0602139 0.166707 0.149941
12.7424 -0.0571356 -0.0577704 0.167572 0.166155 -0.0571356 -0.0602139 0.167572 0.149941
12.7465 -0.0564636 -0.0577704 0.168425 0.166155 -0.0564636 -0.0572119 0.168425 0.154566
12.7506 -0.0557882 -0.0577704 0.169267 0.166155 -0.0557882 -0.0572119 0.169267 0.154566
12.7547 -0.0551095 -0.0577704 0.170098 0.166155 -0.0551095 -0.0572119 0.170098 0.154566
12.7588 -0.0544274 -0.0544368 0.170917 0.173259 -0.0544274 -0.0572119 0.170917 0.154566
12.7628 -0.0537421 -0.0544368 0.171725 0.173259 -0.0537421 -0.0572119 0.171725 0.154566
12.7669 -0.0530536 -0.0544368 0.172521 0.173259 -0.0530536 -0.0541227 0.172521 0.15783
12.771 -0.052362 -0.0544368 0.173306 0.173259 -0.052362 -0.0541227 0.173306 0.15783
12.7751 -0.0516672 -0.0509462 0.17408 0.175563 -0.0516672 -0.0541227 0.17408 0.15783
12.7791 -0.0509694 -0.0509462 0.174842 0.175563 -0.0509694 -0.0541227 0.174842 0.15783
12.7832 -0.0502685 -0.0509462 0.175593 0.175563 -0.0502685 -0.0541227 0.175593 0.15783
12.7873 -0.0495646 -0.0509462 0.176333 0.175563 -0.0495646 -0.0507018 0.176333 0.187728
12.7913 -0.0488578 -0.0509462 0.177061 0.175563 -0.0488578 -0.0507018 0.177061 0.187728
12.7954 -0.0481481 -0.0509462 0.177778 0.175563 -0.0481481 -0.0507018 0.177778 0.187728
12.7995 -0.0474356 -0.0475951 0.178483 0.164026 -0.0474356 -0.0507018 0.178483 0.187728
12.8036 -0.0467203 -0.0475951 0.179177 0.164026 -0.0467203 -0.0469145 0.179177 0.193557
12.8077 -0.0460022 -0.0475951 0.17986 0.164026 -0.0460022 -0.0469145 0.17986 0.193557
12.8117 -0.0452814 -0.0475951 0.180531 0.164026 -0.0452814 -0.0469145 0.180531 0.193557
12.8158 -0.044558 -0.044279 0.181191 0.170047 -0.044558 -0.0469145 0.181191 0.193557
12.8199 -0.0438319 -0.044279 0.18184 0.170047 -0.0438319 -0.0469145 0.18184 0.193557
12.824 -0.0431033 -0.044279 0.182477 0.170047 -0.0431033 -0.0430224 0.182477 0.188461
12.828 -0.0423721 -0.044279 0.183103 0.170047 -0.0423721 -0.0430224 0.183103 0.188461
12.8321 -0.0416385 -0.044279 0.183717 0.170047 -0.0416385 -0.0430224 0.183717 0.188461
12.8363 -0.0409024 -0.0406487 0.18432 0.180031 -0.0409024 -0.0430224 0.18432 0.188461
12.8404 -0.0401639 -0.0406487 0.184912 0.180031 -0.0401639 -0.0430224 0.184912 0.188461
12.8444 -0.0394231 -0.0406487 0.185492 0.180031 -0.0394231 -0.039235 0.185492 0.194674
12.8485 -0.03868 -0.0406487 0.186061 0.180031 -0.03868 -0.039235 0.186061 0.194674
12.8526 -0.0379347 -0.0370533 0.186618 0.180991 -0.0379347 -0.039235 0.186618 0.194674
12.8566 -0.0371871 -0.0370533 0.187164 0.180991 -0.0371871 -0.039235 0.187164 0.194674
12.8607 -0.0364374 -0.0370533 0.187699 0.180991 -0.0364374 -0.0353429 0.187699 0.193138
12.8648 -0.0356855 -0.0370533 0.188223 0.180991 -0.0356855 -0.0353429 0.188223 0.193138
12.8688 -0.0349316 -0.0370533 0.188735 0.180991 -0.0349316 -0.0353429 0.188735 0.193138
12.873 -0.0341756 -0.0335103 0.189235 0.17736 -0.0341756 -0.0353429 0.189235 0.193138
12.8772 -0.0334177 -0.0335103 0.189724 0.17736 -0.0334177 -0.0353429 0.189724 0.193138
12.8814 -0.0326579 -0.0335103 0.190202 0.17736 -0.0326579 -0.0316952 0.190202 0.18223
12.8855 -0.0318961 -0.0335103 0.190669 0.17736 -0.0318961 -0.0316952 0.190669 0.18223
12.8896 -0.0311325 -0.0335103 0.191124 0.17736 -0.0311325 -0.0316952 0.191124 0.18223
12.8937 -0.0303671 -0.0298626 0.191568 0.183225 -0.0303671 -0.0316952 0.191568 0.18223
12.8977 -0.0296 -0.0298626 0.192 0.183225 -0.0296 -0.0316952 0.192 0.18223
12.9018 -0.0288312 -0.0298626 0.192421 0.183225 -0.0288312 -0.0279951 0.192421 0.18209
12.9059 -0.0280606 -0.0298626 0.192831 0.183225 -0.0280606 -0.0279951 0.192831 0.18209
12.9099 -0.0272885 -0.0298626 0.193229 0.183225 -0.0272885 -0.0279951 0.193229 0.18209
12.914 -0.0265148 -0.0261974 0.193616 0.180851 -0.0265148 -0.0279951 0.193616 0.18209
12.9181 -0.0257396 -0.0261974 0.193991 0.180851 -0.0257396 -0.0246615 0.193991 0.170239
12.9221 -0.0249629 -0.0261974 0.194355 0.180851 -0.0249629 -0.0246615 0.194355 0.170239
12.9262 -0.0241848 -0.0261974 0.194708 0.180851 -0.0241848 -0.0246615 0.194708 0.170239
12.9303 -0.0234053 -0.0261974 0.195049 0.180851 -0.0234053 -0.0246615 0.195049 0.170239
12.9343 -0.0226244 -0.0226195 0.195379 0.179909 -0.0226244 -0.0246615 0.195379 0.170239
12.9384 -0.0218423 -0.0226195 0.195698 0.179909 -0.0218423 -0.0228638 0.195698 0.176208
12.9425 -0.0210588 -0.0226195 0.196005 0.179909 -0.0210588 -0.0228638 0.196005 0.176208
12.9465 -0.0202742 -0.0226195 0.196301 0.179909 -0.0202742 -0.0228638 0.196301 0.176208
12.9506 -0.0194885 -0.0226195 0.196585 0.179909 -0.0194885 -0.0228638 0.196585 0.176208
12.9547 -0.0187016 -0.0189194 0.196858 0.182579 -0.0187016 -0.0228638 0.196858 0.176208
12.9588 -0.0179136 -0.0189194 0.19712 0.182579 -0.0179136 -0.0193382 0.19712 0.178826
12.9628 -0.0171246 -0.0189194 0.19737 0.182579 -0.0171246 -0.0193382 0.19737 0.178826
12.9669 -0.0163347 -0.0189194 0.197609 0.182579 -0.0163347 -0.0193382 0.197609 0.178826
12.971 -0.0155438 -0.0151844 0.197837 0.190939 -0.0155438 -0.0193382 0.197837 0.178826
12.975 -0.014752 -0.0151844 0.198053 0.190939 -0.014752 -0.0157603 0.198053 0.183172
12.9791 -0.0139593 -0.0151844 0.198258 0.190939 -0.0139593 -0.0157603 0.198258 0.183172
12.9832 -0.0131659 -0.0151844 0.198451 0.190939 -0.0131659 -0.0157603 0.198451 0.183172
12.9873 -0.0123718 -0.0151844 0.198633 0.190939 -0.0123718 -0.0157603 0.198633 0.183172
12.9914 -0.0115769 -0.0132121 0.198804 0.198409 -0.0115769 -0.0157603 0.198804 0.183172
12.9954 -0.0107813 -0.0132121 0.198963 0.198409 -0.0107813 -0.0117984 0.198963 0.213838
12.9995 -0.00998519 -0.0132121 0.199111 0.198409 -0.00998519 -0.0117984 0.199111 0.213838
13.0036 -0.00918846 -0.0132121 0.199248 0.198409 -0.00918846 -0.0117984 0.199248 0.213838
13.0076 -0.00839122 -0.0132121 0.199373 0.198409 -0.00839122 -0.0117984 0.199373 0.213838
13.0117 -0.0075935 -0.00918043 0.199487 0.1982 -0.0075935 -0.0117984 0.199487 0.213838
13.0157 -0.00679534 -0.00918043 0.199589 0.1982 -0.00679534 -0.00741765 0.199589 0.218969
13.0198 -0.0059968 -0.00918043 0.19968 0.1982 -0.0059968 -0.00741765 0.19968 0.218969
13.0239 -0.00519792 -0.00918043 0.19976 0.1982 -0.00519792 -0.00741765 0.19976 0.218969
13.028 -0.00439874 -0.00918043 0.199828 0.1982 -0.00439874 -0.00741765 0.199828 0.218969
13.032 -0.00359931 -0.00514872 0.199885 0.212441 -0.00359931 -0.00303687 0.199885 0.213646
13.0361 -0.00279967 -0.00514872 0.19993 0.212441 -0.00279967 -0.00303687 0.19993 0.213646
13.0402 -0.00199988 -0.00514872 0.199964 0.212441 -0.00199988 -0.00303687 0.199964 0.213646
13.0443 -0.00119997 -0.00514872 0.199987 0.212441 -0.00119997 -0.00303687 0.199987 0.213646
13.0484 -0.000399999 -0.000715585 0.199999 0.225968 -0.000399999 -0.00303687 0.199999 0.213646
13.0525 0.000399999 -0.000715585 0.199999 0.225968 0.000399999 0.00118682 0.199999 0.214571
13.0566 0.00119997 -0.000715585 0.199987 0.225968 0.00119997 0.00118682 0.199987 0.214571
13.0606 0.00199988 -0.000715585 0.199964 0.225968 0.00199988 0.00118682 0.199964 0.214571
13.0646 0.00279967 -0.000715585 0.19993 0.225968 0.00279967 0.00118682 0.19993 0.214571
13.0687 0.00359931 0.00375246 0.199885 0.225654 0.00359931 0.00118682 0.199885 0.214571
13.0728 0.00439874 0.00375246 0.199828 0.225654 0.00439874 0.00532325 0.199828 0.204971
13.0769 0.00519792 0.00375246 0.19976 0.225654 0.00519792 0.00532325 0.19976 0.204971
13.0809 0.0059968 0.00375246 0.19968 0.225654 0.0059968 0.00532325 0.19968 0.204971
13.085 0.00679534 0.00829031 0.199589 0.227347 0.00679534 0.00532325 0.199589 0.204971
13.0891 0.0075935 0.00829031 0.199487 0.227347 0.0075935 0.00925025 0.199487 0.193522
13.0931 0.00839122 0.00829031 0.199373 0.227347 0.00839122 0.00925025 0.199373 0.193522
13.0972 0.00918846 0.00829031 0.199248 0.227347 0.00918846 0.00925025 0.199248 0.193522
13.1013 0.00998519 0.00829031 0.199111 0.227347 0.00998519 0.00925025 0.199111 0.193522
13.1053 0.0107813 0.0126536 0.198963 0.216211 0.0107813 0.00925025 0.198963 0.193522
13.1094 0.0115769 0.0126536 0.198804 0.216211 0.0115769 0.0111352 0.198804 0.185616
13.1134 0.0123718 0.0126536 0.198633 0.216211 0.0123718 0.0111352 0.198633 0.185616
13.1175 0.0131659 0.0126536 0.198451 0.216211 0.0131659 0.0111352 0.198451 0.185616
13.1216 0.0139593 0.0126536 0.198258 0.216211 0.0139593 0.0111352 0.198258 0.185616
13.1256 0.014752 0.0164934 0.198053 0.189316 0.014752 0.0148353 0.198053 0.179367
13.1297 0.0155438 0.0164934 0.197837 0.189316 0.0155438 0.0148353 0.197837 0.179367
13.1338 0.0163347 0.0164934 0.197609 0.189316 0.0163347 0.0148353 0.197609 0.179367
13.1378 0.0171246 0.0164934 0.19737 0.189316 0.0171246 0.0148353 0.19737 0.179367
13.1419 0.0179136 0.0164934 0.19712 0.189316 0.0179136 0.0148353 0.19712 0.179367
13.146 0.0187016 0.0200189 0.196858 0.170746 0.0187016 0.018326 0.196858 0.181706
13.1501 0.0194885 0.0200189 0.196585 0.170746 0.0194885 0.018326 0.196585 0.181706
13.1541 0.0202742 0.0200189 0.196301 0.170746 0.0202742 0.018326 0.196301 0.181706
13.1582 0.0210588 0.0200189 0.196005 0.170746 0.0210588 0.018326 0.196005 0.181706
13.1622 0.0218423 0.0233874 0.195698 0.169262 0.0218423 0.0222006 0.195698 0.206577
13.1663 0.0226244 0.0233874 0.195379 0.169262 0.0226244 0.0222006 0.195379 0.206577
13.1704 0.0234053 0.0233874 0.195049 0.169262 0.0234053 0.0222006 0.195049 0.206577
13.1745 0.0241848 0.0233874 0.194708 0.169262 0.0241848 0.0222006 0.194708 0.206577
13.1785 0.0249629 0.0233874 0.194355 0.169262 0.0249629 0.0222006 0.194355 0.206577
13.1826 0.0257396 0.0266861 0.193991 0.166923 0.0257396 0.0261799 0.193991 0.194953
13.1867 0.0265148 0.0266861 0.193616 0.166923 0.0265148 0.0261799 0.193616 0.194953
13.1907 0.0272885 0.0266861 0.193229 0.166923 0.0272885 0.0261799 0.193229 0.194953
13.1948 0.0280606 0.0266861 0.192831 0.166923 0.0280606 0.0261799 0.192831 0.194953
13.1989 0.0288312 0.0266861 0.192421 0.166923 0.0288312 0.0282394 0.192421 0.202755
13.203 0.0296 0.0303338 0.192 0.182055 0.0296 0.0282394 0.192 0.202755
13.207 0.0303671 0.0303338 0.191568 0.182055 0.0303671 0.0282394 0.191568 0.202755
13.2111 0.0311325 0.0303338 0.191124 0.182055 0.0311325 0.0282394 0.191124 0.202755
13.2152 0.0318961 0.0303338 0.190669 0.182055 0.0318961 0.0321664 0.190669 0.187763
13.2193 0.0326579 0.032149 0.190202 0.18127 0.0326579 0.0321664 0.190202 0.187763
13.2234 0.0334177 0.032149 0.189724 0.18127 0.0334177 0.0321664 0.189724 0.187763
13.2275 0.0341756 0.032149 0.189235 0.18127 0.0341756 0.0321664 0.189235 0.187763
13.2316 0.0349316 0.032149 0.188735 0.18127 0.0349316 0.0358316 0.188735 0.185214
13.2356 0.0356855 0.032149 0.188223 0.18127 0.0356855 0.0358316 0.188223 0.185214
13.2397 0.0364374 0.0357792 0.187699 0.180013 0.0364374 0.0358316 0.187699 0.185214
13.2438 0.0371871 0.0357792 0.187164 0.180013 0.0371871 0.0358316 0.187164 0.185214
13.2478 0.0379347 0.0357792 0.186618 0.180013 0.0379347 0.0358316 0.186618 0.185214
13.2519 0.03868 0.0357792 0.186061 0.180013 0.03868 0.0397761 0.186061 0.200224
13.256 0.0394231 0.0393397 0.185492 0.185267 0.0394231 0.0397761 0.185492 0.200224
13.2601 0.0401639 0.0393397 0.184912 0.185267 0.0401639 0.0397761 0.184912 0.200224
13.2643 0.0409024 0.0393397 0.18432 0.185267 0.0409024 0.0397761 0.18432 0.200224
13.2685 0.0416385 0.0393397 0.183717 0.185267 0.0416385 0.0435111 0.183717 0.184481
13.2726 0.0423721 0.0393397 0.183103 0.185267 0.0423721 0.0435111 0.183103 0.184481
13.2767 0.0431033 0.0393397 0.182477 0.185267 0.0431033 0.0435111 0.182477 0.184481
13.2807 0.0438319 0.0432842 0.18184 0.202999 0.0438319 0.0435111 0.18184 0.184481
13.2848 0.044558 0.0432842 0.181191 0.202999 0.044558 0.0435111 0.181191 0.184481
13.2888 0.0452814 0.0432842 0.180531 0.202999 0.0452814 0.0453611 0.180531 0.182928
13.2929 0.0460022 0.0432842 0.17986 0.202999 0.0460022 0.0453611 0.17986 0.182928
13.297 0.0467203 0.047281 0.179177 0.199805 0.0467203 0.0453611 0.179177 0.182928
13.301 0.0474356 0.047281 0.178483 0.199805 0.0474356 0.0453611 0.178483 0.182928
13.3051 0.0481481 0.047281 0.177778 0.199805 0.0481481 0.0489041 0.177778 0.169873
13.3092 0.0488578 0.047281 0.177061 0.199805 0.0488578 0.0489041 0.177061 0.169873
13.3133 0.0495646 0.047281 0.176333 0.199805 0.0495646 0.0489041 0.176333 0.169873
13.3173 0.0502685 0.0512952 0.175593 0.192684 0.0502685 0.0489041 0.175593 0.169873
13.3214 0.0509694 0.0512952 0.174842 0.192684 0.0509694 0.0489041 0.174842 0.169873
13.3255 0.0516672 0.0512952 0.17408 0.192684 0.0516672 0.0522552 0.17408 0.166731
13.3295 0.052362 0.0512952 0.173306 0.192684 0.052362 0.0522552 0.173306 0.166731
13.3336 0.0530536 0.0512952 0.172521 0.192684 0.0530536 0.0522552 0.172521 0.166731
13.3376 0.0537421 0.0550826 0.171725 0.180275 0.0537421 0.0522552 0.171725 0.166731
13.3417 0.0544274 0.0550826 0.170917 0.180275 0.0544274 0.0522552 0.170917 0.166731
13.3458 0.0551095 0.0550826 0.170098 0.180275 0.0551095 0.0556585 0.170098 0.177744
13.3498 0.0557882 0.0550826 0.169267 0.180275 0.0557882 0.0556585 0.169267 0.177744
13.3539 0.0564636 0.0550826 0.168425 0.180275 0.0564636 0.0556585 0.168425 0.177744
13.358 0.0571356 0.0586082 0.167572 0.170641 0.0571356 0.0556585 0.167572 0.177744
13.3621 0.0578041 0.0586082 0.166707 0.170641 0.0578041 0.0592365 0.166707 0.176313
13.3661 0.0584692 0.0586082 0.165831 0.170641 0.0584692 0.0592365 0.165831 0.176313
13.3702 0.0591308 0.0586082 0.164944 0.170641 0.0591308 0.0592365 0.164944 0.176313
13.3743 0.0597887 0.0619243 0.164045 0.159471 0.0597887 0.0592365 0.164045 0.176313
13.3783 0.0604431 0.0619243 0.163135 0.159471 0.0604431 0.0592365 0.163135 0.176313
13.3824 0.0610938 0.0619243 0.162213 0.159471 0.0610938 0.062605 0.162213 0.165213
13.3865 0.0617408 0.0619243 0.16128 0.159471 0.0617408 0.062605 0.16128 0.165213
13.3905 0.062384 0.0619243 0.160336 0.159471 0.062384 0.062605 0.160336 0.165213
13.3946 0.0630235 0.0651531 0.15938 0.161687 0.0630235 0.062605 0.15938 0.165213
13.3987 0.0636591 0.0651531 0.158413 0.161687 0.0636591 0.062605 0.158413 0.165213
13.4027 0.0642908 0.0651531 0.157434 0.161687 0.0642908 0.0658164 0.157434 0.160204
13.4068 0.0649185 0.0651531 0.156444 0.161687 0.0649185 0.0658164 0.156444 0.160204
13.4109 0.0655423 0.0651531 0.155443 0.161687 0.0655423 0.0658164 0.155443 0.160204
13.4149 0.066162 0.0679457 0.154431 0.13631 0.066162 0.0658164 0.154431 0.160204
13.419 0.0667777 0.0679457 0.153407 0.13631 0.0667777 0.0688009 0.153407 0.149069
13.4231 0.0673893 0.0679457 0.152371 0.13631 0.0673893 0.0688009 0.152371 0.149069
13.4271 0.0679967 0.0679457 0.151324 0.13631 0.0679967 0.0688009 0.151324 0.149069
13.4312 0.0685999 0.0679457 0.150266 0.13631 0.0685999 0.0688009 0.150266 0.149069
13.4353 0.0691988 0.0707382 0.149197 0.136781 0.0691988 0.0688009 0.149197 0.149069
13.4394 0.0697934 0.0707382 0.148116 0.136781 0.0697934 0.070232 0.148116 0.135193
13.4434 0.0703837 0.0707382 0.147024 0.136781 0.0703837 0.070232 0.147024 0.135193
13.4476 0.0709696 0.0707382 0.14592 0.136781 0.0709696 0.070232 0.14592 0.135193
13.4516 0.0715511 0.0707382 0.144805 0.136781 0.0715511 0.070232 0.144805 0.135193
13.4557 0.072128 0.0733911 0.143679 0.133867 0.072128 0.070232 0.143679 0.135193
13.4598 0.0727005 0.0733911 0.142541 0.133867 0.0727005 0.0741939 0.142541 0.129399
13.4638 0.0732683 0.0733911 0.141392 0.133867 0.0732683 0.0741939 0.141392 0.129399
13.4679 0.0738316 0.0733911 0.140231 0.133867 0.0738316 0.0741939 0.140231 0.129399
13.472 0.0743902 0.0733911 0.139059 0.133867 0.0743902 0.0741939 0.139059 0.129399
13.476 0.074944 0.0759044 0.137876 0.123744 0.074944 0.0753982 0.137876 0.121527
13.4801 0.0754932 0.0759044 0.136681 0.123744 0.0754932 0.0753982 0.136681 0.121527
13.4842 0.0760375 0.0759044 0.135475 0.123744 0.0760375 0.0753982 0.135475 0.121527
13.4884 0.0765769 0.0759044 0.134258 0.123744 0.0765769 0.0753982 0.134258 0.121527
13.4925 0.0771115 0.0759044 0.133029 0.123744 0.0771115 0.0753982 0.133029 0.121527
13.4965 0.0776412 0.0784002 0.131789 0.126275 0.0776412 0.0779813 0.131789 0.134076
13.5006 0.0781658 0.0784002 0.130537 0.126275 0.0781658 0.0779813 0.130537 0.134076
13.5046 0.0786854 0.0784002 0.129274 0.126275 0.0786854 0.0779813 0.129274 0.134076
13.5087 0.0792 0.0784002 0.128 0.126275 0.0792 0.0779813 0.128 0.134076
13.5127 0.0797094 0.0808611 0.126714 0.122557 0.0797094 0.0779813 0.126714 0.134076
13.5168 0.0802137 0.0808611 0.125417 0.122557 0.0802137 0.0804422 0.125417 0.124913
13.5209 0.0807128 0.0808611 0.124109 0.122557 0.0807128 0.0804422 0.124109 0.124913
13.5249 0.0812066 0.0808611 0.122789 0.122557 0.0812066 0.0804422 0.122789 0.124913
13.529 0.0816951 0.0808611 0.121458 0.122557 0.0816951 0.0804422 0.121458 0.124913
13.5331 0.0821782 0.0833744 0.120115 0.128474 0.0821782 0.0830951 0.120115 0.140831
13.5373 0.082656 0.0833744 0.118761 0.128474 0.082656 0.0830951 0.118761 0.140831
13.5413 0.0831283 0.0833744 0.117396 0.128474 0.0831283 0.0830951 0.117396 0.140831
13.5454 0.0835951 0.0833744 0.116019 0.128474 0.0835951 0.0830951 0.116019 0.140831
13.5496 0.0840564 0.0833744 0.114631 0.128474 0.0840564 0.0830951 0.114631 0.140831
13.5536 0.0845121 0.0845961 0.113232 0.112382 0.0845121 0.0857306 0.113232 0.131266
13.5577 0.0849623 0.0845961 0.111821 0.112382 0.0849623 0.0857306 0.111821 0.131266
13.5617 0.0854067 0.0845961 0.110399 0.112382 0.0854067 0.0857306 0.110399 0.131266
13.5658 0.0858454 0.0845961 0.108965 0.112382 0.0858454 0.0857306 0.108965 0.131266
13.5699 0.0862784 0.0878599 0.10752 0.108629 0.0862784 0.0857306 0.10752 0.131266
13.574 0.0867056 0.0878599 0.106064 0.108629 0.0867056 0.0882613 0.106064 0.120148
13.578 0.0871269 0.0878599 0.104596 0.108629 0.0871269 0.0882613 0.104596 0.120148
13.5821 0.0875423 0.0878599 0.103117 0.108629 0.0875423 0.0882613 0.103117 0.120148
13.5862 0.0879518 0.0878599 0.101626 0.108629 0.0879518 0.0882613 0.101626 0.120148
13.5902 0.0883553 0.0889071 0.100124 0.100339 0.0883553 0.0905302 0.100124 0.112783
13.5943 0.0887528 0.0889071 0.0986112 0.100339 0.0887528 0.0905302 0.0986112 0.112783
13.5984 0.0891442 0.0889071 0.0970866 0.100339 0.0891442 0.0905302 0.0970866 0.112783
13.6024 0.0895295 0.0889071 0.0955506 0.100339 0.0895295 0.0905302 0.0955506 0.112783
13.6065 0.0899086 0.0889071 0.0940032 0.100339 0.0899086 0.0905302 0.0940032 0.112783
13.6105 0.0902815 0.0889071 0.0924444 0.100339 0.0902815 0.0905302 0.0924444 0.112783
13.6146 0.0906481 0.0909666 0.0908743 0.106587 0.0906481 0.0923454 0.0908743 0.0896576
13.6187 0.0910085 0.0909666 0.0892928 0.106587 0.0910085 0.0923454 0.0892928 0.0896576
13.6227 0.0913625 0.0909666 0.0876999 0.106587 0.0913625 0.0923454 0.0876999 0.0896576
13.6268 0.09171 0.0909666 0.0860956 0.106587 0.09171 0.0923454 0.0860956 0.0896576
13.6309 0.0920512 0.0937242 0.08448 0.0865858 0.0920512 0.0938987 0.08448 0.0766025
13.6349 0.0923859 0.0937242 0.082853 0.0865858 0.0923859 0.0938987 0.082853 0.0766025
13.639 0.092714 0.0937242 0.0812146 0.0865858 0.092714 0.0938987 0.0812146 0.0766025
13.6431 0.0930356 0.0937242 0.0795648 0.0865858 0.0930356 0.0938987 0.0795648 0.0766025
13.6471 0.0933505 0.0937242 0.0779036 0.0865858 0.0933505 0.0938987 0.0779036 0.0766025
13.6512 0.0936588 0.0946841 0.0762311 0.0856258 0.0936588 0.0953648 0.0762311 0.0690976
13.6554 0.0939603 0.0946841 0.0745472 0.0856258 0.0939603 0.0953648 0.0745472 0.0690976
13.6595 0.0942551 0.0946841 0.0728519 0.0856258 0.0942551 0.0953648 0.0728519 0.0690976
13.6636 0.0945431 0.0946841 0.0711452 0.0856258 0.0945431 0.0953648 0.0711452 0.0690976
13.6677 0.0948243 0.0946841 0.0694272 0.0856258 0.0948243 0.0953648 0.0694272 0.0690976
13.6718 0.0950985 0.0946841 0.0676978 0.0856258 0.0950985 0.0953648 0.0676978 0.0690976
13.6759 0.0953659 0.0971974 0.065957 0.0849626 0.0953659 0.0964993 0.065957 0.05606
13.68 0.0956262 0.0971974 0.0642048 0.0849626 0.0956262 0.0964993 0.0642048 0.05606
13.684 0.0958795 0.0971974 0.0624412 0.0849626 0.0958795 0.0964993 0.0624412 0.05606
13.6881 0.0961257 0.0971974 0.0606663 0.0849626 0.0961257 0.0964993 0.0606663 0.05606
13.6922 0.0963648 0.0983842 0.05888 0.0566185 0.0963648 0.0975988 0.05888 0.0564789
13.6962 0.0965967 0.0983842 0.0570823 0.0566185 0.0965967 0.0975988 0.0570823 0.0564789
13.7004 0.0968214 0.0983842 0.0552732 0.0566185 0.0968214 0.0975988 0.0552732 0.0564789
13.7046 0.0970389 0.0983842 0.0534528 0.0566185 0.0970389 0.0975988 0.0534528 0.0564789
13.7087 0.0972491 0.0983842 0.051621 0.0566185 0.0972491 0.0975988 0.051621 0.0564789
13.7127 0.0974519 0.0996758 0.0497778 0.0619243 0.0974519 0.0986809 0.0497778 0.0514174
13.7168 0.0976473 0.0996758 0.0479232 0.0619243 0.0976473 0.0986809 0.0479232 0.0514174
13.7208 0.0978352 0.0996758 0.0460572 0.0619243 0.0978352 0.0986809 0.0460572 0.0514174
13.7249 0.0980157 0.0996758 0.0441799 0.0619243 0.0980157 0.0986809 0.0441799 0.0514174
13.729 0.0981886 0.0996758 0.0422912 0.0619243 0.0981886 0.0986809 0.0422912 0.0514174
13.733 0.098354 0.100304 0.0403911 0.0312588 0.098354 0.0995361 0.0403911 0.0416785
13.7371 0.0985118 0.100304 0.0384796 0.0312588 0.0985118 0.0995361 0.0384796 0.0416785
13.7412 0.0986618 0.100304 0.0365568 0.0312588 0.0986618 0.0995361 0.0365568 0.0416785
13.7453 0.0988042 0.100304 0.0346226 0.0312588 0.0988042 0.0995361 0.0346226 0.0416785
13.7493 0.0989388 0.100304 0.032677 0.0312588 0.0989388 0.100391 0.032677 0.0436332
13.7535 0.0990656 0.100915 0.03072 0.0257436 0.0990656 0.100391 0.03072 0.0436332
13.7576 0.0991845 0.100915 0.0287516 0.0257436 0.0991845 0.100391 0.0287516 0.0436332
13.7616 0.0992956 0.100915 0.0267719 0.0257436 0.0992956 0.100391 0.0267719 0.0436332
13.7657 0.0993987 0.100915 0.0247808 0.0257436 0.0993987 0.100391 0.0247808 0.0436332
13.7698 0.0994938 0.100915 0.0227783 0.0257436 0.0994938 0.100967 0.0227783 0.02522
13.7738 0.0995809 0.101177 0.0207644 0.0127758 0.0995809 0.100967 0.0207644 0.02522
13.778 0.0996599 0.101177 0.0187392 0.0127758 0.0996599 0.100967 0.0187392 0.02522
13.782 0.0997308 0.101177 0.0167026 0.0127758 0.0997308 0.100967 0.0167026 0.02522
13.7861 0.0997935 0.101177 0.0146546 0.0127758 0.0997935 0.101159 0.0146546 0.0189368
13.7902 0.099848 0.101316 0.0125952 0.00593412 0.099848 0.101159 0.0125952 0.0189368
13.7942 0.0998943 0.101316 0.0105244 0.00593412 0.0998943 0.101159 0.0105244 0.0189368
13.7983 0.0999322 0.101316 0.00844231 0.00593412 0.0999322 0.101159 0.00844231 0.0189368
13.8024 0.0999618 0.101316 0.0063488 0.00593412 0.0999618 0.101159 0.0063488 0.0189368
13.8065 0.099983 0.101316 0.00424391 0.00593412 0.099983 0.101439 0.00424391 0.00457276
13.8105 0.0999957 0.101334 0.00212764 0 0.0999957 0.101439 0.00212764 0.00457276
13.8146 0.1 0.101334 -6.66134e-16 0 0.1 0.101439 -6.66134e-16 0.00457276
13.8187 0.1 0.101334 0 0 0.1 0.101439 0 0.00457276
13.8227 0.0999957 0.101334 -0.00212764 0 0.0999957 0.101439 -0.00212764 0.00457276
13.8269 0.099983 0.101334 -0.00424391 0 0.099983 0.101491 -0.00424391 0
13.8311 0.0999618 0.101334 -0.0063488 0 0.0999618 0.101491 -0.0063488 0
13.8352 0.0999322 0.101334 -0.00844231 0 0.0999322 0.101491 -0.00844231 0
13.8393 0.0998943 0.101334 -0.0105244 0 0.0998943 0.101491 -0.0105244 0
13.8434 0.099848 0.101334 -0.0125952 0 0.099848 0.101473 -0.0125952 0
13.8474 0.0997935 0.101334 -0.0146546 0 0.0997935 0.101473 -0.0146546 0
13.8515 0.0997308 0.101316 -0.0167026 0 0.0997308 0.101473 -0.0167026 0
13.8556 0.0996599 0.101316 -0.0187392 0 0.0996599 0.101473 -0.0187392 0
13.8597 0.0995809 0.101316 -0.0207644 0 0.0995809 0.101473 -0.0207644 0
13.8637 0.0994938 0.101316 -0.0227783 0 0.0994938 0.101421 -0.0227783 -0.00567232
13.8678 0.0993987 0.101264 -0.0247808 -0.0111876 0.0993987 0.101421 -0.0247808 -0.00567232
13.8719 0.0992956 0.101264 -0.0267719 -0.0111876 0.0992956 0.101421 -0.0267719 -0.00567232
13.8759 0.0991845 0.101264 -0.0287516 -0.0111876 0.0991845 0.101421 -0.0287516 -0.00567232
13.88 0.0990656 0.101264 -0.03072 -0.0111876 0.0990656 0.101421 -0.03072 -0.00567232
13.884 0.0989388 0.101264 -0.032677 -0.0111876 0.0989388 0.101055 -0.032677 -0.0207869
13.8881 0.0988042 0.100932 -0.0346226 -0.0273144 0.0988042 0.101055 -0.0346226 -0.0207869
13.8922 0.0986618 0.100932 -0.0365568 -0.0273144 0.0986618 0.101055 -0.0365568 -0.0207869
13.8962 0.0985118 0.100932 -0.0384796 -0.0273144 0.0985118 0.101055 -0.0384796 -0.0207869
13.9003 0.098354 0.100932 -0.0403911 -0.0273144 0.098354 0.101055 -0.0403911 -0.0207869
13.9044 0.0981886 0.100932 -0.0422912 -0.0273144 0.0981886 0.100409 -0.0422912 -0.0356396
13.9085 0.0980157 0.100269 -0.0441799 -0.0461465 0.0980157 0.100409 -0.0441799 -0.0356396
13.9125 0.0978352 0.100269 -0.0460572 -0.0461465 0.0978352 0.100409 -0.0460572 -0.0356396
13.9166 0.0976473 0.100269 -0.0479232 -0.0461465 0.0976473 0.100409 -0.0479232 -0.0356396
13.9207 0.0974519 0.100269 -0.0497778 -0.0461465 0.0974519 0.0994314 -0.0497778 -0.0536863
13.9248 0.0972491 0.100269 -0.051621 -0.0461465 0.0972491 0.0994314 -0.051621 -0.0536863
13.9289 0.0970389 0.099222 -0.0534528 -0.0569675 0.0970389 0.0994314 -0.0534528 -0.0536863
13.9329 0.0968214 0.099222 -0.0552732 -0.0569675 0.0968214 0.0994314 -0.0552732 -0.0536863
13.937 0.0965967 0.099222 -0.0570823 -0.0569675 0.0965967 0.0994314 -0.0570823 -0.0536863
13.9411 0.0963648 0.099222 -0.05888 -0.0569675 0.0963648 0.0981573 -0.05888 -0.0663749
13.9452 0.0961257 0.0978432 -0.0606663 -0.0740194 0.0961257 0.0981573 -0.0606663 -0.0663749
13.9492 0.0958795 0.0978432 -0.0624412 -0.0740194 0.0958795 0.0981573 -0.0624412 -0.0663749
13.9533 0.0956262 0.0978432 -0.0642048 -0.0740194 0.0956262 0.0981573 -0.0642048 -0.0663749
13.9574 0.0953659 0.0978432 -0.065957 -0.0740194 0.0953659 0.0981573 -0.065957 -0.0663749
13.9615 0.0950985 0.0978432 -0.0676978 -0.0740194 0.0950985 0.0966214 -0.0676978 -0.0779639
13.9655 0.0948243 0.0962724 -0.0694272 -0.0802328 0.0948243 0.0966214 -0.0694272 -0.0779639
13.9696 0.0945431 0.0962724 -0.0711452 -0.0802328 0.0945431 0.0966214 -0.0711452 -0.0779639
13.9737 0.0942551 0.0962724 -0.0728519 -0.0802328 0.0942551 0.0966214 -0.0728519 -0.0779639
13.9779 0.0939603 0.0962724 -0.0745472 -0.0802328 0.0939603 0.0957837 -0.0745472 -0.0845787
13.9821 0.0936588 0.0944921 -0.0762311 -0.0920661 0.0936588 0.0957837 -0.0762311 -0.0845787
13.9862 0.0933505 0.0944921 -0.0779036 -0.0920661 0.0933505 0.0957837 -0.0779036 -0.0845787
13.9902 0.0930356 0.0944921 -0.0795648 -0.0920661 0.0930356 0.0957837 -0.0795648 -0.0845787
13.9943 0.092714 0.0944921 -0.0812146 -0.0920661 0.092714 0.0957837 -0.0812146 -0.0845787
13.9984 0.0923859 0.0944921 -0.082853 -0.0920661 0.0923859 0.0957837 -0.082853 -0.0845787
14.0024 0.0920512 0.0944921 -0.08448 -0.0920661 0.0920512 0.0940732 -0.08448 -0.089483
14.0065 0.09171 0.0926246 -0.0860956 -0.0925374 0.09171 0.0940732 -0.0860956 -0.089483
14.0105 0.0913625 0.0926246 -0.0876999 -0.0925374 0.0913625 0.0940732 -0.0876999 -0.089483
14.0146 0.0910085 0.0926246 -0.0892928 -0.0925374 0.0910085 0.0940732 -0.0892928 -0.089483
14.0187 0.0906481 0.0926246 -0.0908743 -0.0925374 0.0906481 0.091368 -0.0908743 -0.0905128
14.0228 0.0902815 0.0908095 -0.0924444 -0.0908269 0.0902815 0.091368 -0.0924444 -0.0905128
14.0269 0.0899086 0.0908095 -0.0940032 -0.0908269 0.0899086 0.091368 -0.0940032 -0.0905128
14.0309 0.0895295 0.0908095 -0.0955506 -0.0908269 0.0895295 0.091368 -0.0955506 -0.0905128
14.035 0.0891442 0.0908095 -0.0970866 -0.0908269 0.0891442 0.091368 -0.0970866 -0.0905128
14.0392 0.0887528 0.0908095 -0.0986112 -0.0908269 0.0887528 0.090251 -0.0986112 -0.114232
14.0433 0.0883553 0.0888547 -0.100124 -0.0981748 0.0883553 0.090251 -0.100124 -0.114232
14.0475 0.0879518 0.0888547 -0.101626 -0.0981748 0.0879518 0.090251 -0.101626 -0.114232
14.0516 0.0875423 0.0888547 -0.103117 -0.0981748 0.0875423 0.090251 -0.103117 -0.114232
14.0557 0.0871269 0.0888547 -0.104596 -0.0981748 0.0871269 0.090251 -0.104596 -0.114232
14.0598 0.0867056 0.0888547 -0.106064 -0.0981748 0.0867056 0.0879646 -0.106064 -0.11596
14.0638 0.0862784 0.0868999 -0.10752 -0.100112 0.0862784 0.0879646 -0.10752 -0.11596
14.0679 0.0858454 0.0868999 -0.108965 -0.100112 0.0858454 0.0879646 -0.108965 -0.11596
14.072 0.0854067 0.0868999 -0.110399 -0.100112 0.0854067 0.0879646 -0.110399 -0.11596
14.0761 0.0849623 0.0868999 -0.111821 -0.100112 0.0849623 0.0857655 -0.111821 -0.103707
14.0802 0.0845121 0.0858353 -0.113232 -0.105069 0.0845121 0.0857655 -0.113232 -0.103707
14.0842 0.0840564 0.0858353 -0.114631 -0.105069 0.0840564 0.0857655 -0.114631 -0.103707
14.0883 0.0835951 0.0858353 -0.116019 -0.105069 0.0835951 0.0857655 -0.116019 -0.103707
14.0924 0.0831283 0.0858353 -0.117396 -0.105069 0.0831283 0.0857655 -0.117396 -0.103707
14.0965 0.082656 0.0836711 -0.118761 -0.110043 0.082656 0.0834965 -0.118761 -0.123953
14.1005 0.0821782 0.0836711 -0.120115 -0.110043 0.0821782 0.0834965 -0.120115 -0.123953
14.1046 0.0816951 0.0836711 -0.121458 -0.110043 0.0816951 0.0834965 -0.121458 -0.123953
14.1086 0.0812066 0.0836711 -0.122789 -0.110043 0.0812066 0.0834965 -0.122789 -0.123953
14.1127 0.0807128 0.0836711 -0.124109 -0.110043 0.0807128 0.0834965 -0.124109 -0.123953
14.1168 0.0802137 0.0813847 -0.125417 -0.12692 0.0802137 0.0810007 -0.125417 -0.124529
14.1209 0.0797094 0.0813847 -0.126714 -0.12692 0.0797094 0.0810007 -0.126714 -0.124529
14.1249 0.0792 0.0813847 -0.128 -0.12692 0.0792 0.0810007 -0.128 -0.124529
14.129 0.0786854 0.0813847 -0.129274 -0.12692 0.0786854 0.0810007 -0.129274 -0.124529
14.1331 0.0781658 0.0813847 -0.130537 -0.12692 0.0781658 0.0785398 -0.130537 -0.126327
14.1372 0.0776412 0.0787493 -0.131789 -0.14015 0.0776412 0.0785398 -0.131789 -0.126327
14.1412 0.0771115 0.0787493 -0.133029 -0.14015 0.0771115 0.0785398 -0.133029 -0.126327
14.1453 0.0765769 0.0787493 -0.134258 -0.14015 0.0765769 0.0785398 -0.134258 -0.126327
14.1494 0.0760375 0.0787493 -0.135475 -0.14015 0.0760375 0.0759044 -0.135475 -0.134268
14.1534 0.0754932 0.0758171 -0.136681 -0.14563 0.0754932 0.0759044 -0.136681 -0.134268
14.1575 0.074944 0.0758171 -0.137876 -0.14563 0.074944 0.0759044 -0.137876 -0.134268
14.1616 0.0743902 0.0758171 -0.139059 -0.14563 0.0743902 0.0759044 -0.139059 -0.134268
14.1656 0.0738316 0.0758171 -0.140231 -0.14563 0.0738316 0.0759044 -0.140231 -0.134268
14.1697 0.0732683 0.0758171 -0.141392 -0.14563 0.0732683 0.0745081 -0.141392 -0.138021
14.1738 0.0727005 0.0729897 -0.142541 -0.142209 0.0727005 0.0745081 -0.142541 -0.138021
14.1778 0.072128 0.0729897 -0.143679 -0.142209 0.072128 0.0745081 -0.143679 -0.138021
14.1819 0.0715511 0.0729897 -0.144805 -0.142209 0.0715511 0.0745081 -0.144805 -0.138021
14.186 0.0709696 0.0729897 -0.14592 -0.142209 0.0709696 0.0717679 -0.14592 -0.135909
14.1901 0.0703837 0.0715061 -0.147024 -0.147847 0.0703837 0.0717679 -0.147024 -0.135909
14.1942 0.0697934 0.0715061 -0.148116 -0.147847 0.0697934 0.0717679 -0.148116 -0.135909
14.1982 0.0691988 0.0715061 -0.149197 -0.147847 0.0691988 0.0717679 -0.149197 -0.135909
14.2023 0.0685999 0.0715061 -0.150266 -0.147847 0.0685999 0.069115 -0.150266 -0.132645
14.2064 0.0679967 0.0715061 -0.151324 -0.147847 0.0679967 0.069115 -0.151324 -0.132645
14.2105 0.0673893 0.0685914 -0.152371 -0.142367 0.0673893 0.069115 -0.152371 -0.132645
14.2146 0.0667777 0.0685914 -0.153407 -0.142367 0.0667777 0.069115 -0.153407 -0.132645
14.2187 0.066162 0.0685914 -0.154431 -0.142367 0.066162 0.069115 -0.154431 -0.132645
14.2227 0.0655423 0.0685914 -0.155443 -0.142367 0.0655423 0.0659385 -0.155443 -0.16633
14.2268 0.0649185 0.0657116 -0.156444 -0.148301 0.0649185 0.0659385 -0.156444 -0.16633
14.2309 0.0642908 0.0657116 -0.157434 -0.148301 0.0642908 0.0659385 -0.157434 -0.16633
14.2349 0.0636591 0.0657116 -0.158413 -0.148301 0.0636591 0.0659385 -0.158413 -0.16633
14.239 0.0630235 0.0657116 -0.15938 -0.148301 0.0630235 0.0627271 -0.15938 -0.15961
14.2431 0.062384 0.0657116 -0.160336 -0.148301 0.062384 0.0627271 -0.160336 -0.15961
14.2472 0.0617408 0.0625701 -0.16128 -0.162769 0.0617408 0.0627271 -0.16128 -0.15961
14.2513 0.0610938 0.0625701 -0.162213 -0.162769 0.0610938 0.0627271 -0.162213 -0.15961
14.2553 0.0604431 0.0625701 -0.163135 -0.162769 0.0604431 0.0611214 -0.163135 -0.160832
14.2594 0.0597887 0.0625701 -0.164045 -0.162769 0.0597887 0.0611214 -0.164045 -0.160832
14.2635 0.0591308 0.0625701 -0.164944 -0.162769 0.0591308 0.0611214 -0.164944 -0.160832
14.2676 0.0584692 0.059027 -0.165831 -0.177448 0.0584692 0.0611214 -0.165831 -0.160832
14.2716 0.0578041 0.059027 -0.166707 -0.177448 0.0578041 0.0611214 -0.166707 -0.160832
14.2757 0.0571356 0.059027 -0.167572 -0.177448 0.0571356 0.0578926 -0.167572 -0.163049
14.2798 0.0564636 0.059027 -0.168425 -0.177448 0.0564636 0.0578926 -0.168425 -0.163049
14.2838 0.0557882 0.059027 -0.169267 -0.177448 0.0557882 0.0578926 -0.169267 -0.163049
14.2879 0.0551095 0.0554142 -0.170098 -0.176505 0.0551095 0.0578926 -0.170098 -0.163049
14.292 0.0544274 0.0554142 -0.170917 -0.176505 0.0544274 0.0578926 -0.170917 -0.163049
14.296 0.0537421 0.0554142 -0.171725 -0.176505 0.0537421 0.0546812 -0.171725 -0.158773
14.3001 0.0530536 0.0554142 -0.172521 -0.176505 0.0530536 0.0546812 -0.172521 -0.158773
14.3042 0.052362 0.051941 -0.173306 -0.17572 0.052362 0.0546812 -0.173306 -0.158773
14.3083 0.0516672 0.051941 -0.17408 -0.17572 0.0516672 0.0546812 -0.17408 -0.158773
14.3123 0.0509694 0.051941 -0.174842 -0.17572 0.0509694 0.0513825 -0.174842 -0.172508
14.3165 0.0502685 0.051941 -0.175593 -0.17572 0.0502685 0.0513825 -0.175593 -0.172508
14.3205 0.0495646 0.051941 -0.176333 -0.17572 0.0495646 0.0513825 -0.176333 -0.172508
14.3246 0.0488578 0.051941 -0.177061 -0.17572 0.0488578 0.0513825 -0.177061 -0.172508
14.3287 0.0481481 0.0484329 -0.177778 -0.170938 0.0481481 0.0513825 -0.177778 -0.172508
14.3327 0.0474356 0.0484329 -0.178483 -0.170938 0.0474356 0.0475777 -0.178483 -0.194622
14.3368 0.0467203 0.0484329 -0.179177 -0.170938 0.0467203 0.0475777 -0.179177 -0.194622
14.3409 0.0460022 0.0484329 -0.17986 -0.170938 0.0460022 0.0475777 -0.17986 -0.194622
14.3449 0.0452814 0.0450295 -0.180531 -0.17476 0.0452814 0.0475777 -0.180531 -0.194622
14.349 0.044558 0.0450295 -0.181191 -0.17476 0.044558 0.0437903 -0.181191 -0.187379
14.3531 0.0438319 0.0450295 -0.18184 -0.17476 0.0438319 0.0437903 -0.18184 -0.187379
14.3572 0.0431033 0.0450295 -0.182477 -0.17476 0.0431033 0.0437903 -0.182477 -0.187379
14.3612 0.0423721 0.0450295 -0.183103 -0.17476 0.0423721 0.0437903 -0.183103 -0.187379
14.3653 0.0416385 0.0413468 -0.183717 -0.18387 0.0416385 0.0437903 -0.183717 -0.187379
14.3694 0.0409024 0.0413468 -0.18432 -0.18387 0.0409024 0.0399331 -0.18432 -0.194028
14.3736 0.0401639 0.0413468 -0.184912 -0.18387 0.0401639 0.0399331 -0.184912 -0.194028
14.3778 0.0394231 0.0413468 -0.185492 -0.18387 0.0394231 0.0399331 -0.185492 -0.194028
14.3818 0.03868 0.0376991 -0.186061 -0.180397 0.03868 0.0399331 -0.186061 -0.194028
14.3859 0.0379347 0.0376991 -0.186618 -0.180397 0.0379347 0.0399331 -0.186618 -0.194028
14.3899 0.0371871 0.0376991 -0.187164 -0.180397 0.0371871 0.038118 -0.187164 -0.17757
14.394 0.0364374 0.0376991 -0.187699 -0.180397 0.0364374 0.038118 -0.187699 -0.17757
14.3981 0.0356855 0.0376991 -0.188223 -0.180397 0.0356855 0.038118 -0.188223 -0.17757
14.4022 0.0349316 0.0342085 -0.188735 -0.177151 0.0349316 0.038118 -0.188735 -0.17757
14.4062 0.0341756 0.0342085 -0.189235 -0.177151 0.0341756 0.034575 -0.189235 -0.176156
14.4103 0.0334177 0.0342085 -0.189724 -0.177151 0.0334177 0.034575 -0.189724 -0.176156
14.4145 0.0326579 0.0342085 -0.190202 -0.177151 0.0326579 0.034575 -0.190202 -0.176156
14.4185 0.0318961 0.0323584 -0.190669 -0.176086 0.0318961 0.034575 -0.190669 -0.176156
14.4226 0.0311325 0.0323584 -0.191124 -0.176086 0.0311325 0.034575 -0.191124 -0.176156
14.4267 0.0303671 0.0323584 -0.191568 -0.176086 0.0303671 0.0311018 -0.191568 -0.174795
14.4307 0.0296 0.0323584 -0.192 -0.176086 0.0296 0.0311018 -0.192 -0.174795
14.4348 0.0288312 0.0323584 -0.192421 -0.176086 0.0288312 0.0311018 -0.192421 -0.174795
14.4388 0.0280606 0.0288328 -0.192831 -0.180415 0.0280606 0.0311018 -0.192831 -0.174795
14.4429 0.0272885 0.0288328 -0.193229 -0.180415 0.0272885 0.0273668 -0.193229 -0.201202
14.447 0.0265148 0.0288328 -0.193616 -0.180415 0.0265148 0.0273668 -0.193616 -0.201202
14.451 0.0257396 0.0288328 -0.193991 -0.180415 0.0257396 0.0273668 -0.193991 -0.201202
14.4551 0.0249629 0.0253073 -0.194355 -0.174812 0.0249629 0.0273668 -0.194355 -0.201202
14.4592 0.0241848 0.0253073 -0.194708 -0.174812 0.0241848 0.0273668 -0.194708 -0.201202
14.4632 0.0234053 0.0253073 -0.195049 -0.174812 0.0234053 0.02337 -0.195049 -0.196018
14.4673 0.0226244 0.0253073 -0.195379 -0.174812 0.0226244 0.02337 -0.195379 -0.196018
14.4714 0.0218423 0.0253073 -0.195698 -0.174812 0.0218423 0.02337 -0.195698 -0.196018
14.4755 0.0210588 0.0212407 -0.196005 -0.216857 0.0210588 0.02337 -0.196005 -0.196018
14.4796 0.0202742 0.0212407 -0.196301 -0.216857 0.0202742 0.0192335 -0.196301 -0.205146
14.4837 0.0194885 0.0212407 -0.196585 -0.216857 0.0194885 0.0192335 -0.196585 -0.205146
14.4878 0.0187016 0.0212407 -0.196858 -0.216857 0.0187016 0.0192335 -0.196858 -0.205146
14.4919 0.0179136 0.0212407 -0.19712 -0.216857 0.0179136 0.0192335 -0.19712 -0.205146
14.4959 0.0171246 0.0212407 -0.19737 -0.216857 0.0171246 0.0192335 -0.19737 -0.205146
14.5 0.0163347 0.017017 -0.197609 -0.213908 0.0163347 0.0192335 -0.197609 -0.205146
14.5041 0.0155438 0.017017 -0.197837 -0.213908 0.0155438 0.0154113 -0.197837 -0.194918
14.5081 0.014752 0.017017 -0.198053 -0.213908 0.014752 0.0154113 -0.198053 -0.194918
14.5122 0.0139593 0.017017 -0.198258 -0.213908 0.0139593 0.0154113 -0.198258 -0.194918
14.5163 0.0131659 0.017017 -0.198451 -0.213908 0.0131659 0.0154113 -0.198451 -0.194918
14.5204 0.0123718 0.0127235 -0.198633 -0.210888 0.0123718 0.0114494 -0.198633 -0.1982
14.5244 0.0115769 0.0127235 -0.198804 -0.210888 0.0115769 0.0114494 -0.198804 -0.1982
14.5285 0.0107813 0.0127235 -0.198963 -0.210888 0.0107813 0.0114494 -0.198963 -0.1982
14.5326 0.00998519 0.0127235 -0.199111 -0.210888 0.00998519 0.0114494 -0.199111 -0.1982
14.5367 0.00918846 0.0084823 -0.199248 -0.208846 0.00918846 0.0114494 -0.199248 -0.1982
14.5407 0.00839122 0.0084823 -0.199373 -0.208846 0.00839122 0.00759218 -0.199373 -0.190607
14.5448 0.0075935 0.0084823 -0.199487 -0.208846 0.0075935 0.00759218 -0.199487 -0.190607
14.5488 0.00679534 0.0084823 -0.199589 -0.208846 0.00679534 0.00759218 -0.199589 -0.190607
14.5529 0.0059968 0.0084823 -0.19968 -0.208846 0.0059968 0.00759218 -0.19968 -0.190607
14.557 0.00519792 0.00436332 -0.19976 -0.206193 0.00519792 0.00366519 -0.19976 -0.195023
14.561 0.00439874 0.00436332 -0.199828 -0.206193 0.00439874 0.00366519 -0.199828 -0.195023
14.5651 0.00359931 0.00436332 -0.199885 -0.206193 0.00359931 0.00366519 -0.199885 -0.195023
14.5692 0.00279967 0.00436332 -0.19993 -0.206193 0.00279967 0.00366519 -0.19993 -0.195023
14.5733 0.00199988 0.00436332 -0.199964 -0.206193 0.00199988 0.00185005 -0.199964 -0.183836
14.5774 0.00119997 0.000226893 -0.199987 -0.203715 0.00119997 0.00185005 -0.199987 -0.183836
14.5816 0.000399999 0.000226893 -0.199999 -0.203715 0.000399999 0.00185005 -0.199999 -0.183836
14.5858 -0.000399999 0.000226893 -0.199999 -0.203715 -0.000399999 0.00185005 -0.199999 -0.183836
14.5898 -0.00119997 0.000226893 -0.199987 -0.203715 -0.00119997 0.00185005 -0.199987 -0.183836
14.594 -0.00199988 0.000226893 -0.199964 -0.203715 -0.00199988 0.00185005 -0.199964 -0.183836
14.5981 -0.00279967 -0.00378736 -0.19993 -0.204256 -0.00279967 -0.00181514 -0.19993 -0.187012
14.6021 -0.00359931 -0.00378736 -0.199885 -0.204256 -0.00359931 -0.00181514 -0.199885 -0.187012
14.6062 -0.00439874 -0.00378736 -0.199828 -0.204256 -0.00439874 -0.00181514 -0.199828 -0.187012
14.6103 -0.00519792 -0.00378736 -0.19976 -0.204256 -0.00519792 -0.00181514 -0.19976 -0.187012
14.6144 -0.0059968 -0.00745256 -0.19968 -0.179472 -0.0059968 -0.0055676 -0.19968 -0.190293
14.6184 -0.00679534 -0.00745256 -0.199589 -0.179472 -0.00679534 -0.0055676 -0.199589 -0.190293
14.6225 -0.0075935 -0.00745256 -0.199487 -0.179472 -0.0075935 -0.0055676 -0.199487 -0.190293
14.6266 -0.00839122 -0.00745256 -0.199373 -0.179472 -0.00839122 -0.0055676 -0.199373 -0.190293
14.6307 -0.00918846 -0.00745256 -0.199248 -0.179472 -0.00918846 -0.0055676 -0.199248 -0.190293
14.6347 -0.00998519 -0.0110479 -0.199111 -0.181305 -0.00998519 -0.00935496 -0.199111 -0.196507
14.6389 -0.0107813 -0.0110479 -0.198963 -0.181305 -0.0107813 -0.00935496 -0.198963 -0.196507
14.6431 -0.0115769 -0.0110479 -0.198804 -0.181305 -0.0115769 -0.00935496 -0.198804 -0.196507
14.6472 -0.0123718 -0.0110479 -0.198633 -0.181305 -0.0123718 -0.00935496 -0.198633 -0.196507
14.6512 -0.0131659 -0.0110479 -0.198451 -0.181305 -0.0131659 -0.0135438 -0.198451 -0.216543
14.6553 -0.0139593 -0.0146782 -0.198258 -0.182579 -0.0139593 -0.0135438 -0.198258 -0.216543
14.6595 -0.014752 -0.0146782 -0.198053 -0.182579 -0.014752 -0.0135438 -0.198053 -0.216543
14.6635 -0.0155438 -0.0146782 -0.197837 -0.182579 -0.0155438 -0.0135438 -0.197837 -0.216543
14.6676 -0.0163347 -0.0146782 -0.197609 -0.182579 -0.0163347 -0.0135438 -0.197609 -0.216543
14.6717 -0.0171246 -0.0182387 -0.19737 -0.178268 -0.0171246 -0.0180467 -0.19737 -0.222146
14.6757 -0.0179136 -0.0182387 -0.19712 -0.178268 -0.0179136 -0.0180467 -0.19712 -0.222146
14.6798 -0.0187016 -0.0182387 -0.196858 -0.178268 -0.0187016 -0.0180467 -0.196858 -0.222146
14.6839 -0.0194885 -0.0182387 -0.196585 -0.178268 -0.0194885 -0.0180467 -0.196585 -0.222146
14.688 -0.0202742 -0.0182387 -0.196301 -0.178268 -0.0202742 -0.0180467 -0.196301 -0.222146
14.692 -0.0210588 -0.0220086 -0.196005 -0.186401 -0.0210588 -0.0222355 -0.196005 -0.210068
14.6961 -0.0218423 -0.0220086 -0.195698 -0.186401 -0.0218423 -0.0222355 -0.195698 -0.210068
14.7002 -0.0226244 -0.0220086 -0.195379 -0.186401 -0.0226244 -0.0222355 -0.195379 -0.210068
14.7043 -0.0234053 -0.0220086 -0.195049 -0.186401 -0.0234053 -0.0222355 -0.195049 -0.210068
14.7083 -0.0241848 -0.0220086 -0.194708 -0.186401 -0.0241848 -0.0243124 -0.194708 -0.201062
14.7125 -0.0249629 -0.0238761 -0.194355 -0.189264 -0.0249629 -0.0243124 -0.194355 -0.201062
14.7165 -0.0257396 -0.0238761 -0.193991 -0.189264 -0.0257396 -0.0243124 -0.193991 -0.201062
14.7206 -0.0265148 -0.0238761 -0.193616 -0.189264 -0.0265148 -0.0243124 -0.193616 -0.201062
14.7247 -0.0272885 -0.0238761 -0.193229 -0.189264 -0.0272885 -0.0243124 -0.193229 -0.201062
14.7287 -0.0280606 -0.0238761 -0.192831 -0.189264 -0.0280606 -0.0281871 -0.192831 -0.180816
14.7328 -0.0288312 -0.0276809 -0.192421 -0.1886 -0.0288312 -0.0281871 -0.192421 -0.180816
14.7369 -0.0296 -0.0276809 -0.192 -0.1886 -0.0296 -0.0281871 -0.192 -0.180816
14.741 -0.0303671 -0.0276809 -0.191568 -0.1886 -0.0303671 -0.0281871 -0.191568 -0.180816
14.745 -0.0311325 -0.0276809 -0.191124 -0.1886 -0.0311325 -0.0317126 -0.191124 -0.181514
14.7491 -0.0318961 -0.031381 -0.190669 -0.187937 -0.0318961 -0.0317126 -0.190669 -0.181514
14.7532 -0.0326579 -0.031381 -0.190202 -0.187937 -0.0326579 -0.0317126 -0.190202 -0.181514
14.7573 -0.0334177 -0.031381 -0.189724 -0.187937 -0.0334177 -0.0317126 -0.189724 -0.181514
14.7613 -0.0341756 -0.031381 -0.189235 -0.187937 -0.0341756 -0.0354825 -0.189235 -0.19415
14.7654 -0.0349316 -0.031381 -0.188735 -0.187937 -0.0349316 -0.0354825 -0.188735 -0.19415
14.7695 -0.0356855 -0.0353953 -0.188223 -0.208392 -0.0356855 -0.0354825 -0.188223 -0.19415
14.7735 -0.0364374 -0.0353953 -0.187699 -0.208392 -0.0364374 -0.0354825 -0.187699 -0.19415
14.7776 -0.0371871 -0.0353953 -0.187164 -0.208392 -0.0371871 -0.0354825 -0.187164 -0.19415
14.7817 -0.0379347 -0.0353953 -0.186618 -0.208392 -0.0379347 -0.039235 -0.186618 -0.18319
14.7857 -0.03868 -0.0353953 -0.186061 -0.208392 -0.03868 -0.039235 -0.186061 -0.18319
14.7898 -0.0394231 -0.0395317 -0.185492 -0.211691 -0.0394231 -0.039235 -0.185492 -0.18319
14.7939 -0.0401639 -0.0395317 -0.184912 -0.211691 -0.0401639 -0.039235 -0.184912 -0.18319
14.798 -0.0409024 -0.0395317 -0.18432 -0.211691 -0.0409024 -0.0428304 -0.18432 -0.182928
14.802 -0.0416385 -0.0395317 -0.183717 -0.211691 -0.0416385 -0.0428304 -0.183717 -0.182928
14.8061 -0.0423721 -0.043703 -0.183103 -0.198618 -0.0423721 -0.0428304 -0.183103 -0.182928
14.8102 -0.0431033 -0.043703 -0.182477 -0.198618 -0.0431033 -0.0428304 -0.182477 -0.182928
14.8143 -0.0438319 -0.043703 -0.18184 -0.198618 -0.0438319 -0.0428304 -0.18184 -0.182928
14.8183 -0.044558 -0.043703 -0.181191 -0.198618 -0.044558 -0.0446281 -0.181191 -0.165981
14.8224 -0.0452814 -0.043703 -0.180531 -0.198618 -0.0452814 -0.0446281 -0.180531 -0.165981
14.8265 -0.0460022 -0.0475428 -0.17986 -0.189647 -0.0460022 -0.0446281 -0.17986 -0.165981
14.8306 -0.0467203 -0.0475428 -0.179177 -0.189647 -0.0467203 -0.0446281 -0.179177 -0.165981
14.8347 -0.0474356 -0.0475428 -0.178483 -0.189647 -0.0474356 -0.0446281 -0.178483 -0.165981
14.8387 -0.0481481 -0.0475428 -0.177778 -0.189647 -0.0481481 -0.0478918 -0.177778 -0.156155
14.8428 -0.0488578 -0.0475428 -0.177061 -0.189647 -0.0488578 -0.0478918 -0.177061 -0.156155
14.8469 -0.0495646 -0.0511381 -0.176333 -0.175772 -0.0495646 -0.0478918 -0.176333 -0.156155
14.851 -0.0502685 -0.0511381 -0.175593 -0.175772 -0.0502685 -0.0478918 -0.175593 -0.156155
14.855 -0.0509694 -0.0511381 -0.174842 -0.175772 -0.0509694 -0.0508938 -0.174842 -0.163014
14.8591 -0.0516672 -0.0511381 -0.17408 -0.175772 -0.0516672 -0.0508938 -0.17408 -0.163014
14.8632 -0.052362 -0.0545415 -0.173306 -0.170658 -0.052362 -0.0508938 -0.173306 -0.163014
14.8673 -0.0530536 -0.0545415 -0.172521 -0.170658 -0.0530536 -0.0508938 -0.172521 -0.163014
14.8714 -0.0537421 -0.0545415 -0.171725 -0.170658 -0.0537421 -0.054367 -0.171725 -0.184237
14.8756 -0.0544274 -0.0545415 -0.170917 -0.170658 -0.0544274 -0.054367 -0.170917 -0.184237
14.8797 -0.0551095 -0.0545415 -0.170098 -0.170658 -0.0551095 -0.054367 -0.170098 -0.184237
14.8837 -0.0557882 -0.057718 -0.169267 -0.151756 -0.0557882 -0.054367 -0.169267 -0.184237
14.8878 -0.0564636 -0.057718 -0.168425 -0.151756 -0.0564636 -0.054367 -0.168425 -0.184237
14.8919 -0.0571356 -0.057718 -0.167572 -0.151756 -0.0571356 -0.0588001 -0.167572 -0.22979
14.8959 -0.0578041 -0.057718 -0.166707 -0.151756 -0.0578041 -0.0588001 -0.166707 -0.22979
14.9 -0.0584692 -0.057718 -0.165831 -0.151756 -0.0584692 -0.0588001 -0.165831 -0.22979
14.9041 -0.0591308 -0.0606676 -0.164944 -0.147899 -0.0591308 -0.0588001 -0.164944 -0.22979
14.9082 -0.0597887 -0.0606676 -0.164045 -0.147899 -0.0597887 -0.0624479 -0.164045 -0.169384
14.9122 -0.0604431 -0.0606676 -0.163135 -0.147899 -0.0604431 -0.0624479 -0.163135 -0.169384
14.9163 -0.0610938 -0.0606676 -0.162213 -0.147899 -0.0610938 -0.0624479 -0.162213 -0.169384
14.9204 -0.0617408 -0.0637743 -0.16128 -0.157341 -0.0617408 -0.0624479 -0.16128 -0.169384
14.9245 -0.062384 -0.0637743 -0.160336 -0.157341 -0.062384 -0.0624479 -0.160336 -0.169384
14.9286 -0.0630235 -0.0637743 -0.15938 -0.157341 -0.0630235 -0.0640536 -0.15938 -0.15584
14.9326 -0.0636591 -0.0637743 -0.158413 -0.157341 -0.0636591 -0.0640536 -0.158413 -0.15584
14.9367 -0.0642908 -0.0637743 -0.157434 -0.157341 -0.0642908 -0.0640536 -0.157434 -0.15584
14.9408 -0.0649185 -0.0653277 -0.156444 -0.142 -0.0649185 -0.0640536 -0.156444 -0.15584
14.9449 -0.0655423 -0.0653277 -0.155443 -0.142 -0.0655423 -0.0640536 -0.155443 -0.15584
14.949 -0.066162 -0.0653277 -0.154431 -0.142 -0.066162 -0.0669857 -0.154431 -0.131563
14.953 -0.0667777 -0.0653277 -0.153407 -0.142 -0.0667777 -0.0669857 -0.153407 -0.131563
14.9571 -0.0673893 -0.0653277 -0.152371 -0.142 -0.0673893 -0.0669857 -0.152371 -0.131563
14.9612 -0.0679967 -0.0693943 -0.151324 -0.135804 -0.0679967 -0.0669857 -0.151324 -0.131563
14.9653 -0.0685999 -0.0693943 -0.150266 -0.135804 -0.0685999 -0.069499 -0.150266 -0.123726
14.9693 -0.0691988 -0.0693943 -0.149197 -0.135804 -0.0691988 -0.069499 -0.149197 -0.123726
14.9734 -0.0697934 -0.0693943 -0.148116 -0.135804 -0.0697934 -0.069499 -0.148116 -0.123726
14.9775 -0.0703837 -0.0693943 -0.147024 -0.135804 -0.0703837 -0.069499 -0.147024 -0.123726
14.9816 -0.0709696 -0.070808 -0.14592 -0.141808 -0.0709696 -0.0721694 -0.14592 -0.144217
14.9856 -0.0715511 -0.070808 -0.144805 -0.141808 -0.0715511 -0.0721694 -0.144805 -0.144217
14.9897 -0.072128 -0.070808 -0.143679 -0.141808 -0.072128 -0.0721694 -0.143679 -0.144217
14.9938 -0.0727005 -0.070808 -0.142541 -0.141808 -0.0727005 -0.0721694 -0.142541 -0.144217
14.9979 -0.0732683 -0.0738274 -0.141392 -0.150814 -0.0732683 -0.0721694 -0.141392 -0.144217
15.002 -0.0738316 -0.0738274 -0.140231 -0.150814 -0.0738316 -0.0750492 -0.140231 -0.142279
15.006 -0.0743902 -0.0738274 -0.139059 -0.150814 -0.0743902 -0.0750492 -0.139059 -0.142279
15.0101 -0.074944 -0.0738274 -0.137876 -0.150814 -0.074944 -0.0750492 -0.137876 -0.142279
15.0142 -0.0754932 -0.0738274 -0.136681 -0.150814 -0.0754932 -0.0750492 -0.136681 -0.142279
15.0182 -0.0760375 -0.076585 -0.135475 -0.141965 -0.0760375 -0.0750492 -0.135475 -0.142279
15.0223 -0.0765769 -0.076585 -0.134258 -0.141965 -0.0765769 -0.0777021 -0.134258 -0.134792
15.0264 -0.0771115 -0.076585 -0.133029 -0.141965 -0.0771115 -0.0777021 -0.133029 -0.134792
15.0305 -0.0776412 -0.076585 -0.131789 -0.141965 -0.0776412 -0.0777021 -0.131789 -0.134792
15.0345 -0.0781658 -0.076585 -0.130537 -0.141965 -0.0781658 -0.0777021 -0.130537 -0.134792
15.0386 -0.0786854 -0.079587 -0.129274 -0.136589 -0.0786854 -0.0777021 -0.129274 -0.134792
15.0426 -0.0792 -0.079587 -0.128 -0.136589 -0.0792 -0.0804422 -0.128 -0.13631
15.0467 -0.0797094 -0.079587 -0.126714 -0.136589 -0.0797094 -0.0804422 -0.126714 -0.13631
15.0508 -0.0802137 -0.079587 -0.125417 -0.136589 -0.0802137 -0.0804422 -0.125417 -0.13631
15.0548 -0.0807128 -0.0821701 -0.124109 -0.125768 -0.0807128 -0.0804422 -0.124109 -0.13631
15.0589 -0.0812066 -0.0821701 -0.122789 -0.125768 -0.0812066 -0.0828508 -0.122789 -0.121004
15.063 -0.0816951 -0.0821701 -0.121458 -0.125768 -0.0816951 -0.0828508 -0.121458 -0.121004
15.067 -0.0821782 -0.0821701 -0.120115 -0.125768 -0.0821782 -0.0828508 -0.120115 -0.121004
15.0711 -0.082656 -0.0821701 -0.118761 -0.125768 -0.082656 -0.0828508 -0.118761 -0.121004
15.0752 -0.0831283 -0.0847008 -0.117396 -0.126013 -0.0831283 -0.0828508 -0.117396 -0.121004
15.0794 -0.0835951 -0.0847008 -0.116019 -0.126013 -0.0835951 -0.0840376 -0.116019 -0.114912
15.0835 -0.0840564 -0.0847008 -0.114631 -0.126013 -0.0840564 -0.0840376 -0.114631 -0.114912
15.0875 -0.0845121 -0.0847008 -0.113232 -0.126013 -0.0845121 -0.0840376 -0.113232 -0.114912
15.0917 -0.0849623 -0.0847008 -0.111821 -0.126013 -0.0849623 -0.0840376 -0.111821 -0.114912
15.0959 -0.0854067 -0.0869698 -0.110399 -0.111544 -0.0854067 -0.0840376 -0.110399 -0.114912
15.1001 -0.0858454 -0.0869698 -0.108965 -0.111544 -0.0858454 -0.0862542 -0.108965 -0.100671
15.1042 -0.0862784 -0.0869698 -0.10752 -0.111544 -0.0862784 -0.0862542 -0.10752 -0.100671
15.1083 -0.0867056 -0.0869698 -0.106064 -0.111544 -0.0867056 -0.0862542 -0.106064 -0.100671
15.1123 -0.0871269 -0.0869698 -0.104596 -0.111544 -0.0871269 -0.0862542 -0.104596 -0.100671
15.1164 -0.0875423 -0.0889245 -0.103117 -0.0962898 -0.0875423 -0.0882438 -0.103117 -0.097913
15.1205 -0.0879518 -0.0889245 -0.101626 -0.0962898 -0.0879518 -0.0882438 -0.101626 -0.097913
15.1246 -0.0883553 -0.0889245 -0.100124 -0.0962898 -0.0883553 -0.0882438 -0.100124 -0.097913
15.1287 -0.0887528 -0.0889245 -0.0986112 -0.0962898 -0.0887528 -0.0882438 -0.0986112 -0.097913
15.1328 -0.0891442 -0.0907222 -0.0970866 -0.0880519 -0.0891442 -0.0882438 -0.0970866 -0.097913
15.1368 -0.0895295 -0.0907222 -0.0955506 -0.0880519 -0.0895295 -0.0902859 -0.0955506 -0.107792
15.1409 -0.0899086 -0.0907222 -0.0940032 -0.0880519 -0.0899086 -0.0902859 -0.0940032 -0.107792
15.145 -0.0902815 -0.0907222 -0.0924444 -0.0880519 -0.0902815 -0.0902859 -0.0924444 -0.107792
15.149 -0.0906481 -0.0907222 -0.0908743 -0.0880519 -0.0906481 -0.0902859 -0.0908743 -0.107792
15.1531 -0.0910085 -0.0915774 -0.0892928 -0.083322 -0.0910085 -0.0923628 -0.0892928 -0.101735
15.1572 -0.0913625 -0.0915774 -0.0876999 -0.083322 -0.0913625 -0.0923628 -0.0876999 -0.101735
15.1613 -0.09171 -0.0915774 -0.0860956 -0.083322 -0.09171 -0.0923628 -0.0860956 -0.101735
15.1653 -0.0920512 -0.0915774 -0.08448 -0.083322 -0.0920512 -0.0923628 -0.08448 -0.101735
15.1694 -0.0923859 -0.0915774 -0.082853 -0.083322 -0.0923859 -0.0923628 -0.082853 -0.101735
15.1735 -0.092714 -0.0932006 -0.0812146 -0.0832871 -0.092714 -0.0943176 -0.0812146 -0.0942478
15.1775 -0.0930356 -0.0932006 -0.0795648 -0.0832871 -0.0930356 -0.0943176 -0.0795648 -0.0942478
15.1816 -0.0933505 -0.0932006 -0.0779036 -0.0832871 -0.0933505 -0.0943176 -0.0779036 -0.0942478
15.1857 -0.0936588 -0.0932006 -0.0762311 -0.0832871 -0.0936588 -0.0943176 -0.0762311 -0.0942478
15.1898 -0.0939603 -0.0947714 -0.0745472 -0.0729897 -0.0939603 -0.0959931 -0.0745472 -0.0819607
15.1938 -0.0942551 -0.0947714 -0.0728519 -0.0729897 -0.0942551 -0.0959931 -0.0728519 -0.0819607
15.1979 -0.0945431 -0.0947714 -0.0711452 -0.0729897 -0.0945431 -0.0959931 -0.0711452 -0.0819607
15.202 -0.0948243 -0.0947714 -0.0694272 -0.0729897 -0.0948243 -0.0959931 -0.0694272 -0.0819607
15.206 -0.0950985 -0.0947714 -0.0676978 -0.0729897 -0.0950985 -0.0959931 -0.0676978 -0.0819607
15.2101 -0.0953659 -0.0962724 -0.065957 -0.0775624 -0.0953659 -0.0967436 -0.065957 -0.065764
15.2142 -0.0956262 -0.0962724 -0.0642048 -0.0775624 -0.0956262 -0.0967436 -0.0642048 -0.065764
15.2183 -0.0958795 -0.0962724 -0.0624412 -0.0775624 -0.0958795 -0.0967436 -0.0624412 -0.065764
15.2224 -0.0961257 -0.0962724 -0.0606663 -0.0775624 -0.0961257 -0.0967436 -0.0606663 -0.065764
15.2265 -0.0963648 -0.0962724 -0.05888 -0.0775624 -0.0963648 -0.097913 -0.05888 -0.0510509
15.2305 -0.0965967 -0.0977908 -0.0570823 -0.0716458 -0.0965967 -0.097913 -0.0570823 -0.0510509
15.2346 -0.0968214 -0.0977908 -0.0552732 -0.0716458 -0.0968214 -0.097913 -0.0552732 -0.0510509
15.2387 -0.0970389 -0.0977908 -0.0534528 -0.0716458 -0.0970389 -0.097913 -0.0534528 -0.0510509
15.2428 -0.0972491 -0.0977908 -0.051621 -0.0716458 -0.0972491 -0.097913 -0.051621 -0.0510509
15.2468 -0.0974519 -0.0991347 -0.0497778 -0.0561123 -0.0974519 -0.0988729 -0.0497778 -0.0440172
15.2509 -0.0976473 -0.0991347 -0.0479232 -0.0561123 -0.0976473 -0.0988729 -0.0479232 -0.0440172
15.2551 -0.0978352 -0.0991347 -0.0460572 -0.0561123 -0.0978352 -0.0988729 -0.0460572 -0.0440172
15.2591 -0.0980157 -0.0991347 -0.0441799 -0.0561123 -0.0980157 -0.0988729 -0.0441799 -0.0440172
15.2632 -0.0981886 -0.0991347 -0.0422912 -0.0561123 -0.0981886 -0.099763 -0.0422912 -0.0370882
15.2673 -0.098354 -0.100199 -0.0403911 -0.0419577 -0.098354 -0.099763 -0.0403911 -0.0370882
15.2713 -0.0985118 -0.100199 -0.0384796 -0.0419577 -0.0985118 -0.099763 -0.0384796 -0.0370882
15.2754 -0.0986618 -0.100199 -0.0365568 -0.0419577 -0.0986618 -0.099763 -0.0365568 -0.0370882
15.2795 -0.0988042 -0.100199 -0.0346226 -0.0419577 -0.0988042 -0.099763 -0.0346226 -0.0370882
15.2835 -0.0989388 -0.100199 -0.032677 -0.0419577 -0.0989388 -0.100409 -0.032677 -0.0287281
15.2876 -0.0990656 -0.100932 -0.03072 -0.0276809 -0.0990656 -0.100409 -0.03072 -0.0287281
15.2917 -0.0991845 -0.100932 -0.0287516 -0.0276809 -0.0991845 -0.100409 -0.0287516 -0.0287281
15.2958 -0.0992956 -0.100932 -0.0267719 -0.0276809 -0.0992956 -0.100409 -0.0267719 -0.0287281
15.2999 -0.0993987 -0.100932 -0.0247808 -0.0276809 -0.0993987 -0.10095 -0.0247808 -0.0268257
15.3039 -0.0994938 -0.101404 -0.0227783 -0.0213977 -0.0994938 -0.10095 -0.0227783 -0.0268257
15.308 -0.0995809 -0.101404 -0.0207644 -0.0213977 -0.0995809 -0.10095 -0.0207644 -0.0268257
15.3121 -0.0996599 -0.101404 -0.0187392 -0.0213977 -0.0996599 -0.10095 -0.0187392 -0.0268257
15.3161 -0.0997308 -0.101404 -0.0167026 -0.0213977 -0.0997308 -0.10095 -0.0167026 -0.0268257
15.3202 -0.0997935 -0.101404 -0.0146546 -0.0213977 -0.0997935 -0.101351 -0.0146546 -0.0178722
15.3243 -0.099848 -0.101665 -0.0125952 -0.0093026 -0.099848 -0.101351 -0.0125952 -0.0178722
15.3283 -0.0998943 -0.101665 -0.0105244 -0.0093026 -0.0998943 -0.101351 -0.0105244 -0.0178722
15.3324 -0.0999322 -0.101665 -0.00844231 -0.0093026 -0.0999322 -0.101351 -0.00844231 -0.0178722
15.3365 -0.0999618 -0.101665 -0.0063488 -0.0093026 -0.0999618 -0.101351 -0.0063488 -0.0178722
15.3405 -0.099983 -0.101665 -0.00424391 -0.0093026 -0.099983 -0.101543 -0.00424391 -0.00799361
15.3446 -0.0999957 -0.101718 -0.00212764 0 -0.0999957 -0.101543 -0.00212764 -0.00799361
15.3487 -0.1 -0.101718 6.66134e-16 0 -0.1 -0.101543 6.66134e-16 -0.00799361
15.3527 -0.1 -0.101718 0 0 -0.1 -0.101543 0 -0.00799361
15.3568 -0.0999979 -0.101718 0.00106382 0 -0.0999979 -0.101543 0.00106382 -0.00799361
15.3608 -0.0999915 -0.101718 0.00212196 0 -0.0999915 -0.101578 0.00212196 0
15.3649 -0.0999809 -0.1017 0.0031744 0 -0.0999809 -0.101578 0.0031744 0
15.369 -0.0999661 -0.1017 0.00422116 0 -0.0999661 -0.101578 0.00422116 0
15.373 -0.0999471 -0.1017 0.00526222 0 -0.0999471 -0.101578 0.00526222 0
15.3771 -0.099924 -0.1017 0.0062976 0 -0.099924 -0.101578 0.0062976 0
15.3811 -0.0998968 -0.101648 0.00732729 0.00432842 -0.0998968 -0.101578 0.00732729 0
15.3852 -0.0998654 -0.101648 0.00835129 0.00432842 -0.0998654 -0.101578 0.00835129 0
15.3893 -0.09983 -0.101648 0.0093696 0.00432842 -0.09983 -0.101578 0.0093696 0
15.3933 -0.0997905 -0.101648 0.0103822 0.00432842 -0.0997905 -0.101578 0.0103822 0
15.3974 -0.0997469 -0.101648 0.0113892 0.00432842 -0.0997469 -0.101526 0.0113892 0.00987856
15.4015 -0.0996994 -0.101491 0.0123904 0.0206647 -0.0996994 -0.101526 0.0123904 0.00987856
15.4056 -0.0996478 -0.101491 0.013386 0.0206647 -0.0996478 -0.101526 0.013386 0.00987856
15.4097 -0.0995923 -0.101491 0.0143758 0.0206647 -0.0995923 -0.101526 0.0143758 0.00987856
15.4137 -0.0995328 -0.101491 0.01536 0.0206647 -0.0995328 -0.101247 0.01536 0.0241379
15.4178 -0.0994694 -0.10102 0.0163385 0.0277333 -0.0994694 -0.101247 0.0163385 0.0241379
15.422 -0.0994021 -0.10102 0.0173113 0.0277333 -0.0994021 -0.101247 0.0173113 0.0241379
15.4262 -0.0993309 -0.10102 0.0182784 0.0277333 -0.0993309 -0.101247 0.0182784 0.0241379
15.4304 -0.0992559 -0.10102 0.0192398 0.0277333 -0.0992559 -0.101247 0.0192398 0.0241379
15.4344 -0.099177 -0.10102 0.0201956 0.0277333 -0.099177 -0.100688 0.0201956 0.0307178
15.4385 -0.0990943 -0.100409 0.0211456 0.0351335 -0.0990943 -0.100688 0.0211456 0.0307178
15.4426 -0.0990079 -0.100409 0.02209 0.0351335 -0.0990079 -0.100688 0.02209 0.0307178
15.4467 -0.0989176 -0.100409 0.0230286 0.0351335 -0.0989176 -0.100688 0.0230286 0.0307178
15.4507 -0.0988236 -0.100409 0.0239616 0.0351335 -0.0988236 -0.0998852 0.0239616 0.041469
15.4548 -0.0987259 -0.100409 0.0248889 0.0351335 -0.0987259 -0.0998852 0.0248889 0.041469
15.4589 -0.0986245 -0.0996758 0.0258105 0.040352 -0.0986245 -0.0998852 0.0258105 0.041469
15.4629 -0.0985194 -0.0996758 0.0267264 0.040352 -0.0985194 -0.0998852 0.0267264 0.041469
15.467 -0.0984107 -0.0996758 0.0276366 0.040352 -0.0984107 -0.0998852 0.0276366 0.041469
15.4711 -0.0982984 -0.0996758 0.0285412 0.040352 -0.0982984 -0.0990649 0.0285412 0.0420973
15.4752 -0.0981824 -0.098838 0.02944 0.0425162 -0.0981824 -0.0990649 0.02944 0.0420973
15.4793 -0.0980629 -0.098838 0.0303332 0.0425162 -0.0980629 -0.0990649 0.0303332 0.0420973
15.4833 -0.0979397 -0.098838 0.0312206 0.0425162 -0.0979397 -0.0990649 0.0312206 0.0420973
15.4874 -0.0978131 -0.098838 0.0321024 0.0425162 -0.0978131 -0.0990649 0.0321024 0.0420973
15.4915 -0.0976829 -0.098838 0.0329785 0.0425162 -0.0976829 -0.098262 0.0329785 0.0405789
15.4955 -0.0975493 -0.0980177 0.0338489 0.0402997 -0.0975493 -0.098262 0.0338489 0.0405789
15.4996 -0.0974121 -0.0980177 0.0347136 0.0402997 -0.0974121 -0.098262 0.0347136 0.0405789
15.5037 -0.0972716 -0.0980177 0.0355726 0.0402997 -0.0972716 -0.098262 0.0355726 0.0405789
15.5078 -0.0971276 -0.0980177 0.036426 0.0402997 -0.0971276 -0.0973719 0.036426 0.0458149
15.5118 -0.0969802 -0.0971799 0.0372736 0.0407709 -0.0969802 -0.0973719 0.0372736 0.0458149
15.5159 -0.0968294 -0.0971799 0.0381156 0.0407709 -0.0968294 -0.0973719 0.0381156 0.0458149
15.52 -0.0966753 -0.0971799 0.0389518 0.0407709 -0.0966753 -0.0973719 0.0389518 0.0458149
15.524 -0.0965178 -0.0971799 0.0397824 0.0407709 -0.0965178 -0.0973719 0.0397824 0.0458149
15.5282 -0.096357 -0.0971799 0.0406073 0.0407709 -0.096357 -0.0969356 0.0406073 0.0402822
15.5323 -0.0961929 -0.096412 0.0414265 0.0398808 -0.0961929 -0.0969356 0.0414265 0.0402822
15.5364 -0.0960256 -0.096412 0.04224 0.0398808 -0.0960256 -0.0969356 0.04224 0.0402822
15.5404 -0.095855 -0.096412 0.0430478 0.0398808 -0.095855 -0.0969356 0.0430478 0.0402822
15.5445 -0.0956812 -0.096412 0.04385 0.0398808 -0.0956812 -0.0969356 0.04385 0.0402822
15.5486 -0.0955042 -0.096412 0.0446464 0.0398808 -0.0955042 -0.0961327 0.0446464 0.0402473
15.5526 -0.0953241 -0.0955219 0.0454372 0.043546 -0.0953241 -0.0961327 0.0454372 0.0402473
15.5572 -0.0951407 -0.0955219 0.0462222 0.043546 -0.0951407 -0.0961327 0.0462222 0.0402473
15.5613 -0.0949543 -0.0955219 0.0470016 0.043546 -0.0949543 -0.0961327 0.0470016 0.0402473
15.5653 -0.0947647 -0.0955219 0.0477753 0.043546 -0.0947647 -0.0953473 0.0477753 0.0414516
15.5694 -0.0945721 -0.095103 0.0485433 0.0429176 -0.0945721 -0.0953473 0.0485433 0.0414516
15.5735 -0.0943764 -0.095103 0.0493056 0.0429176 -0.0943764 -0.0953473 0.0493056 0.0414516
15.5776 -0.0941777 -0.095103 0.0500622 0.0429176 -0.0941777 -0.0953473 0.0500622 0.0414516
15.5816 -0.0939759 -0.095103 0.0508132 0.0429176 -0.0939759 -0.0953473 0.0508132 0.0414516
15.5858 -0.0937712 -0.095103 0.0515584 0.0429176 -0.0937712 -0.0943874 0.0515584 0.0545415
15.5899 -0.0935634 -0.0941954 0.052298 0.0463036 -0.0935634 -0.0943874 0.052298 0.0545415
15.594 -0.0933528 -0.0941954 0.0530318 0.0463036 -0.0933528 -0.0943874 0.0530318 0.0545415
15.5981 -0.0931392 -0.0941954 0.05376 0.0463036 -0.0931392 -0.0943874 0.05376 0.0545415
15.6022 -0.0929227 -0.0941954 0.0544825 0.0463036 -0.0929227 -0.0943874 0.0544825 0.0545415
15.6062 -0.0927033 -0.0941954 0.0551993 0.0463036 -0.0927033 -0.0933053 0.0551993 0.0520283
15.6103 -0.0924811 -0.0932704 0.0559104 0.0555538 -0.0924811 -0.0933053 0.0559104 0.0520283
15.6144 -0.0922561 -0.0932704 0.0566158 0.0555538 -0.0922561 -0.0933053 0.0566158 0.0520283
15.6185 -0.0920282 -0.0932704 0.0573156 0.0555538 -0.0920282 -0.0933053 0.0573156 0.0520283
15.6225 -0.0917976 -0.0932704 0.0580096 0.0555538 -0.0917976 -0.0920836 0.0580096 0.0627097
15.6267 -0.0915641 -0.0920312 0.058698 0.061453 -0.0915641 -0.0920836 0.058698 0.0627097
15.6309 -0.091328 -0.0920312 0.0593806 0.061453 -0.091328 -0.0920836 0.0593806 0.0627097
15.6351 -0.0910891 -0.0920312 0.0600576 0.061453 -0.0910891 -0.0920836 0.0600576 0.0627097
15.6392 -0.0908475 -0.0920312 0.0607289 0.061453 -0.0908475 -0.0920836 0.0607289 0.0627097
15.6433 -0.0906033 -0.0920312 0.0613945 0.061453 -0.0906033 -0.0908444 0.0613945 0.0604408
15.6474 -0.0903564 -0.0908095 0.0620544 0.0683995 -0.0903564 -0.0908444 0.0620544 0.0604408
15.6515 -0.0901068 -0.0908095 0.0627086 0.0683995 -0.0901068 -0.0908444 0.0627086 0.0604408
15.6556 -0.0898547 -0.0908095 0.0633572 0.0683995 -0.0898547 -0.0908444 0.0633572 0.0604408
15.6596 -0.0896 -0.0908095 0.064 0.0683995 -0.0896 -0.0895354 0.064 0.0656418
15.6637 -0.0893427 -0.0908095 0.0646372 0.0683995 -0.0893427 -0.0895354 0.0646372 0.0656418
15.6678 -0.0890829 -0.0893958 0.0652686 0.0690976 -0.0890829 -0.0895354 0.0652686 0.0656418
15.6718 -0.0888206 -0.0893958 0.0658944 0.0690976 -0.0888206 -0.0895354 0.0658944 0.0656418
15.6759 -0.0885558 -0.0893958 0.0665145 0.0690976 -0.0885558 -0.0895354 0.0665145 0.0656418
15.68 -0.0882885 -0.0893958 0.0671289 0.0690976 -0.0882885 -0.0882613 0.0671289 0.06353
15.6841 -0.0880187 -0.0880344 0.0677376 0.0678235 -0.0880187 -0.0882613 0.0677376 0.06353
15.6882 -0.0877466 -0.0880344 0.0683406 0.0678235 -0.0877466 -0.0882613 0.0683406 0.06353
15.6923 -0.087472 -0.0880344 0.068938 0.0678235 -0.087472 -0.0882613 0.068938 0.06353
15.6965 -0.0871951 -0.0880344 0.0695296 0.0678235 -0.0871951 -0.0882613 0.0695296 0.06353
15.7006 -0.0869158 -0.0880344 0.0701156 0.0678235 -0.0869158 -0.0875981 0.0701156 0.06353
15.7047 -0.0866342 -0.0866207 0.0706958 0.0686263 -0.0866342 -0.0875981 0.0706958 0.06353
15.7087 -0.0863502 -0.0866207 0.0712704 0.0686263 -0.0863502 -0.0875981 0.0712704 0.06353
15.7128 -0.086064 -0.0866207 0.0718393 0.0686263 -0.086064 -0.0875981 0.0718393 0.06353
15.7169 -0.0857755 -0.0866207 0.0724025 0.0686263 -0.0857755 -0.0863589 0.0724025 0.0646121
15.7209 -0.0854848 -0.0866207 0.07296 0.0686263 -0.0854848 -0.0863589 0.07296 0.0646121
15.725 -0.0851919 -0.0852419 0.0735118 0.0688532 -0.0851919 -0.0863589 0.0735118 0.0646121
15.7291 -0.0848967 -0.0852419 0.074058 0.0688532 -0.0848967 -0.0863589 0.074058 0.0646121
15.7331 -0.0845994 -0.0852419 0.0745984 0.0688532 -0.0845994 -0.0850499 0.0745984 0.0659385
15.7372 -0.0842999 -0.0852419 0.0751332 0.0688532 -0.0842999 -0.0850499 0.0751332 0.0659385
15.7414 -0.0839983 -0.0838456 0.0756622 0.0692372 -0.0839983 -0.0850499 0.0756622 0.0659385
15.7456 -0.0836946 -0.0838456 0.0761856 0.0692372 -0.0836946 -0.0850499 0.0761856 0.0659385
15.7497 -0.0833889 -0.0838456 0.0767033 0.0692372 -0.0833889 -0.0850499 0.0767033 0.0659385
15.7538 -0.083081 -0.0838456 0.0772153 0.0692372 -0.083081 -0.0834965 0.0772153 0.0819607
15.7579 -0.0827711 -0.0838456 0.0777216 0.0692372 -0.0827711 -0.0834965 0.0777216 0.0819607
15.762 -0.0824593 -0.0838456 0.0782222 0.0692372 -0.0824593 -0.0834965 0.0782222 0.0819607
15.766 -0.0821454 -0.0824494 0.0787172 0.0703717 -0.0821454 -0.0834965 0.0787172 0.0819607
15.7701 -0.0818295 -0.0824494 0.0792064 0.0703717 -0.0818295 -0.0834965 0.0792064 0.0819607
15.7742 -0.0815117 -0.0824494 0.07969 0.0703717 -0.0815117 -0.0818734 0.07969 0.0803026
15.7782 -0.081192 -0.0824494 0.0801678 0.0703717 -0.081192 -0.0818734 0.0801678 0.0803026
15.7823 -0.0808704 -0.0809484 0.08064 0.0778766 -0.0808704 -0.0818734 0.08064 0.0803026
15.7864 -0.0805469 -0.0809484 0.0811065 0.0778766 -0.0805469 -0.0818734 0.0811065 0.0803026
15.7904 -0.0802216 -0.0809484 0.0815673 0.0778766 -0.0802216 -0.0802153 0.0815673 0.083898
15.7945 -0.0798944 -0.0809484 0.0820224 0.0778766 -0.0798944 -0.0802153 0.0820224 0.083898
15.7986 -0.0795654 -0.0809484 0.0824718 0.0778766 -0.0795654 -0.0802153 0.0824718 0.083898
15.8027 -0.0792346 -0.080163 0.0829156 0.0823272 -0.0792346 -0.0802153 0.0829156 0.083898
15.8067 -0.0789021 -0.080163 0.0833536 0.0823272 -0.0789021 -0.0802153 0.0833536 0.083898
15.8109 -0.0785678 -0.080163 0.083786 0.0823272 -0.0785678 -0.0785922 0.083786 0.0830777
15.8149 -0.0782318 -0.080163 0.0842126 0.0823272 -0.0782318 -0.0785922 0.0842126 0.0830777
15.819 -0.0778941 -0.080163 0.0846336 0.0823272 -0.0778941 -0.0785922 0.0846336 0.0830777
15.823 -0.0775547 -0.07847 0.0850489 0.0833046 -0.0775547 -0.0785922 0.0850489 0.0830777
15.8271 -0.0772137 -0.07847 0.0854585 0.0833046 -0.0772137 -0.0785922 0.0854585 0.0830777
15.8312 -0.0768711 -0.07847 0.0858624 0.0833046 -0.0768711 -0.0768468 0.0858624 0.084282
15.8353 -0.0765268 -0.07847 0.0862606 0.0833046 -0.0765268 -0.0768468 0.0862606 0.084282
15.8393 -0.076181 -0.0759916 0.0866532 0.0863763 -0.076181 -0.0768468 0.0866532 0.084282
15.8434 -0.0758336 -0.0759916 0.08704 0.0863763 -0.0758336 -0.0768468 0.08704 0.084282
15.8475 -0.0754847 -0.0759916 0.0874212 0.0863763 -0.0754847 -0.0751015 0.0874212 0.0890642
15.8515 -0.0751342 -0.0759916 0.0877966 0.0863763 -0.0751342 -0.0751015 0.0877966 0.0890642
15.8556 -0.0747823 -0.0759916 0.0881664 0.0863763 -0.0747823 -0.0751015 0.0881664 0.0890642
15.8597 -0.0744289 -0.0749968 0.0885305 0.0991172 -0.0744289 -0.0751015 0.0885305 0.0890642
15.8637 -0.0740741 -0.0749968 0.0888889 0.0991172 -0.0740741 -0.0751015 0.0888889 0.0890642
15.8679 -0.0737178 -0.0749968 0.0892416 0.0991172 -0.0737178 -0.0741939 0.0892416 0.0851023
15.872 -0.0733601 -0.0749968 0.0895886 0.0991172 -0.0733601 -0.0741939 0.0895886 0.0851023
15.8761 -0.0730011 -0.0749968 0.08993 0.0991172 -0.0730011 -0.0741939 0.08993 0.0851023
15.8801 -0.0726407 -0.0729897 0.0902656 0.0983493 -0.0726407 -0.0741939 0.0902656 0.0851023
15.8842 -0.072279 -0.0729897 0.0905956 0.0983493 -0.072279 -0.072501 0.0905956 0.0899717
15.8883 -0.071916 -0.0729897 0.0909198 0.0983493 -0.071916 -0.072501 0.0909198 0.0899717
15.8923 -0.0715516 -0.0729897 0.0912384 0.0983493 -0.0715516 -0.072501 0.0912384 0.0899717
15.8964 -0.0711861 -0.0729897 0.0915513 0.0983493 -0.0711861 -0.072501 0.0915513 0.0899717
15.9005 -0.0708192 -0.0710873 0.0918585 0.0936369 -0.0708192 -0.072501 0.0918585 0.0899717
15.9045 -0.0704512 -0.0710873 0.09216 0.0936369 -0.0704512 -0.0707207 0.09216 0.0884533
15.9086 -0.070082 -0.0710873 0.0924558 0.0936369 -0.070082 -0.0707207 0.0924558 0.0884533
15.9128 -0.0697116 -0.0710873 0.092746 0.0936369 -0.0697116 -0.0707207 0.092746 0.0884533
15.9168 -0.06934 -0.0691325 0.0930304 0.0993965 -0.06934 -0.0707207 0.0930304 0.0884533
15.9209 -0.0689673 -0.0691325 0.0933092 0.0993965 -0.0689673 -0.0707207 0.0933092 0.0884533
15.9251 -0.0685935 -0.0691325 0.0935822 0.0993965 -0.0685935 -0.068766 0.0935822 0.10013
15.9291 -0.0682187 -0.0691325 0.0938496 0.0993965 -0.0682187 -0.068766 0.0938496 0.10013
15.9332 -0.0678428 -0.0691325 0.0941113 0.0993965 -0.0678428 -0.068766 0.0941113 0.10013
15.9373 -0.0674658 -0.0691325 0.0943673 0.0993965 -0.0674658 -0.068766 0.0943673 0.10013
15.9413 -0.0670878 -0.0671603 0.0946176 0.0983318 -0.0670878 -0.0668636 0.0946176 0.0986809
15.9454 -0.0667089 -0.0671603 0.0948622 0.0983318 -0.0667089 -0.0668636 0.0948622 0.0986809
15.9495 -0.0663289 -0.0671603 0.0951012 0.0983318 -0.0663289 -0.0668636 0.0951012 0.0986809
15.9535 -0.0659481 -0.0671603 0.0953344 0.0983318 -0.0659481 -0.0668636 0.0953344 0.0986809
15.9576 -0.0655663 -0.0652055 0.095562 0.0994663 -0.0655663 -0.0648041 0.095562 0.0994314
15.9617 -0.0651836 -0.0652055 0.0957838 0.0994663 -0.0651836 -0.0648041 0.0957838 0.0994314
15.9659 -0.0648 -0.0652055 0.096 0.0994663 -0.0648 -0.0648041 0.096 0.0994314
15.97 -0.0644156 -0.0652055 0.0962105 0.0994663 -0.0644156 -0.0648041 0.0962105 0.0994314
15.9741 -0.0640303 -0.0652055 0.0964153 0.0994663 -0.0640303 -0.0648041 0.0964153 0.0994314
15.9783 -0.0636443 -0.0652055 0.0966144 0.0994663 -0.0636443 -0.0648041 0.0966144 0.0994314
15.9824 -0.0632574 -0.0632507 0.0968078 0.0944398 -0.0632574 -0.0638441 0.0968078 0.0947365
15.9864 -0.0628698 -0.0632507 0.0969956 0.0944398 -0.0628698 -0.0638441 0.0969956 0.0947365
15.9905 -0.0624815 -0.0632507 0.0971776 0.0944398 -0.0624815 -0.0638441 0.0971776 0.0947365
15.9946 -0.0620924 -0.0632507 0.097354 0.0944398 -0.0620924 -0.0638441 0.097354 0.0947365
15.9986 -0.0617026 -0.0632507 0.0975246 0.0944398 -0.0617026 -0.061104 0.0975246 0.0895528
16.0027 -0.0613122 -0.0613658 0.0976896 0.0907746 -0.0613122 -0.061104 0.0976896 0.0895528
16.0068 -0.0609211 -0.0613658 0.0978489 0.0907746 -0.0609211 -0.061104 0.0978489 0.0895528
16.0109 -0.0605294 -0.0613658 0.0980025 0.0907746 -0.0605294 -0.061104 0.0980025 0.0895528
16.015 -0.0601371 -0.0613658 0.0981504 0.0907746 -0.0601371 -0.0602662 0.0981504 0.084631
16.019 -0.0597442 -0.0595506 0.0982926 0.0931657 -0.0597442 -0.0602662 0.0982926 0.084631
16.0232 -0.0593508 -0.0595506 0.0984292 0.0931657 -0.0593508 -0.0602662 0.0984292 0.084631
16.0273 -0.0589568 -0.0595506 0.09856 0.0931657 -0.0589568 -0.0602662 0.09856 0.084631
16.0314 -0.0585623 -0.0595506 0.0986852 0.0931657 -0.0585623 -0.0602662 0.0986852 0.084631
16.0354 -0.0581673 -0.0595506 0.0988046 0.0931657 -0.0581673 -0.0602662 0.0988046 0.084631
16.0395 -0.0577719 -0.0576482 0.0989184 0.0961851 -0.0577719 -0.0583289 0.0989184 0.104231
16.0436 -0.057376 -0.0576482 0.0990265 0.0961851 -0.057376 -0.0583289 0.0990265 0.104231
16.0477 -0.0569797 -0.0576482 0.0991289 0.0961851 -0.0569797 -0.0583289 0.0991289 0.104231
16.0517 -0.056583 -0.0576482 0.0992256 0.0961851 -0.056583 -0.0583289 0.0992256 0.104231
16.0558 -0.0561859 -0.0576482 0.0993166 0.0961851 -0.0561859 -0.0564614 0.0993166 0.0929562
16.0599 -0.0557884 -0.0557458 0.099402 0.100863 -0.0557884 -0.0564614 0.099402 0.0929562
16.0639 -0.0553907 -0.0557458 0.0994816 0.100863 -0.0553907 -0.0564614 0.0994816 0.0929562
16.068 -0.0549926 -0.0557458 0.0995556 0.100863 -0.0549926 -0.0564614 0.0995556 0.0929562
16.0721 -0.0545942 -0.0557458 0.0996238 0.100863 -0.0545942 -0.0564614 0.0996238 0.0929562
16.0762 -0.0541956 -0.053634 0.0996864 0.104161 -0.0541956 -0.0544019 0.0996864 0.104772
16.0803 -0.0537967 -0.053634 0.0997433 0.104161 -0.0537967 -0.0544019 0.0997433 0.104772
16.0844 -0.0533977 -0.053634 0.0997945 0.104161 -0.0533977 -0.0544019 0.0997945 0.104772
16.0886 -0.0529984 -0.053634 0.09984 0.104161 -0.0529984 -0.0544019 0.09984 0.104772
16.0926 -0.052599 -0.053634 0.0998798 0.104161 -0.052599 -0.0522901 0.0998798 0.10938
16.0967 -0.0521994 -0.0516268 0.099914 0.0982446 -0.0521994 -0.0522901 0.099914 0.10938
16.1007 -0.0517997 -0.0516268 0.0999424 0.0982446 -0.0517997 -0.0522901 0.0999424 0.10938
16.1048 -0.0513998 -0.0516268 0.0999652 0.0982446 -0.0513998 -0.0522901 0.0999652 0.10938
16.1089 -0.0509999 -0.0516268 0.0999822 0.0982446 -0.0509999 -0.0522901 0.0999822 0.10938
16.1129 -0.0506 -0.0496372 0.0999936 0.100793 -0.0506 -0.0501782 0.0999936 0.101997
16.117 -0.0502 -0.0496372 0.0999993 0.100793 -0.0502 -0.0501782 0.0999993 0.101997
16.1211 -0.0498 -0.0496372 0.0999993 0.100793 -0.0498 -0.0501782 0.0999993 0.101997
16.1251 -0.0494 -0.0496372 0.0999936 0.100793 -0.0494 -0.0501782 0.0999936 0.101997
16.1293 -0.0490001 -0.0496372 0.0999822 0.100793 -0.0490001 -0.0480838 0.0999822 0.103899
16.1335 -0.0486002 -0.0477697 0.0999652 0.0904604 -0.0486002 -0.0480838 0.0999652 0.103899
16.1376 -0.0482003 -0.0477697 0.0999424 0.0904604 -0.0482003 -0.0480838 0.0999424 0.103899
16.1417 -0.0478006 -0.0477697 0.099914 0.0904604 -0.0478006 -0.0480838 0.099914 0.103899
16.1459 -0.047401 -0.0477697 0.0998798 0.0904604 -0.047401 -0.0480838 0.0998798 0.103899
16.15 -0.0470016 -0.0477697 0.09984 0.0904604 -0.0470016 -0.0460767 0.09984 0.0988904
16.154 -0.0466023 -0.0460069 0.0997945 0.0877377 -0.0466023 -0.0460767 0.0997945 0.0988904
16.1581 -0.0462033 -0.0460069 0.0997433 0.0877377 -0.0462033 -0.0460767 0.0997433 0.0988904
16.1622 -0.0458044 -0.0460069 0.0996864 0.0877377 -0.0458044 -0.0460767 0.0996864 0.0988904
16.1663 -0.0454058 -0.0460069 0.0996238 0.0877377 -0.0454058 -0.0460767 0.0996238 0.0988904
16.1703 -0.0450074 -0.0460069 0.0995556 0.0877377 -0.0450074 -0.044279 0.0995556 0.0911935
16.1744 -0.0446093 -0.0442092 0.0994816 0.0905302 -0.0446093 -0.044279 0.0994816 0.0911935
16.1785 -0.0442116 -0.0442092 0.099402 0.0905302 -0.0442116 -0.044279 0.099402 0.0911935
16.1825 -0.0438141 -0.0442092 0.0993166 0.0905302 -0.0438141 -0.044279 0.0993166 0.0911935
16.1866 -0.043417 -0.0442092 0.0992256 0.0905302 -0.043417 -0.043354 0.0992256 0.0888896
16.1907 -0.0430203 -0.0442092 0.0991289 0.0905302 -0.0430203 -0.043354 0.0991289 0.0888896
16.1948 -0.042624 -0.0422893 0.0990265 0.0952601 -0.042624 -0.043354 0.0990265 0.0888896
16.1988 -0.0422281 -0.0422893 0.0989184 0.0952601 -0.0422281 -0.043354 0.0989184 0.0888896
16.2029 -0.0418327 -0.0422893 0.0988046 0.0952601 -0.0418327 -0.043354 0.0988046 0.0888896
16.2069 -0.0414377 -0.0422893 0.0986852 0.0952601 -0.0414377 -0.0415563 0.0986852 0.0905826
16.211 -0.0410432 -0.0422893 0.09856 0.0952601 -0.0410432 -0.0415563 0.09856 0.0905826
16.2151 -0.0406492 -0.0403695 0.0984292 0.0974592 -0.0406492 -0.0415563 0.0984292 0.0905826
16.2191 -0.0402558 -0.0403695 0.0982926 0.0974592 -0.0402558 -0.0415563 0.0982926 0.0905826
16.2232 -0.0398629 -0.0403695 0.0981504 0.0974592 -0.0398629 -0.0398459 0.0981504 0.0914902
16.2273 -0.0394706 -0.0403695 0.0980025 0.0974592 -0.0394706 -0.0398459 0.0980025 0.0914902
16.2314 -0.0390789 -0.0394095 0.0978489 0.0941954 -0.0390789 -0.0398459 0.0978489 0.0914902
16.2355 -0.0386878 -0.0394095 0.0976896 0.0941954 -0.0386878 -0.0398459 0.0976896 0.0914902
16.2395 -0.0382974 -0.0394095 0.0975246 0.0941954 -0.0382974 -0.0398459 0.0975246 0.0914902
16.2436 -0.0379076 -0.0394095 0.097354 0.0941954 -0.0379076 -0.0379086 0.097354 0.10081
16.2478 -0.0375185 -0.0394095 0.0971776 0.0941954 -0.0375185 -0.0379086 0.0971776 0.10081
16.2518 -0.0371302 -0.0375246 0.0969956 0.0953299 -0.0371302 -0.0379086 0.0969956 0.10081
16.2559 -0.0367426 -0.0375246 0.0968078 0.0953299 -0.0367426 -0.0379086 0.0968078 0.10081
16.2601 -0.0363557 -0.0375246 0.0966144 0.0953299 -0.0363557 -0.0379086 0.0966144 0.10081
16.2641 -0.0359697 -0.0375246 0.0964153 0.0953299 -0.0359697 -0.0359189 0.0964153 0.10013
16.2682 -0.0355844 -0.0375246 0.0962105 0.0953299 -0.0355844 -0.0359189 0.0962105 0.10013
16.2723 -0.0352 -0.0356396 0.096 0.0954346 -0.0352 -0.0359189 0.096 0.10013
16.2764 -0.0348164 -0.0356396 0.0957838 0.0954346 -0.0348164 -0.0359189 0.0957838 0.10013
16.2804 -0.0344337 -0.0356396 0.095562 0.0954346 -0.0344337 -0.0339641 0.095562 0.0957488
16.2845 -0.0340519 -0.0356396 0.0953344 0.0954346 -0.0340519 -0.0339641 0.0953344 0.0957488
16.2886 -0.0336711 -0.0356396 0.0951012 0.0954346 -0.0336711 -0.0339641 0.0951012 0.0957488
16.2927 -0.0332911 -0.033615 0.0948622 0.103899 -0.0332911 -0.0339641 0.0948622 0.0957488
16.2968 -0.0329122 -0.033615 0.0946176 0.103899 -0.0329122 -0.0339641 0.0946176 0.0957488
16.3009 -0.0325342 -0.033615 0.0943673 0.103899 -0.0325342 -0.0319046 0.0943673 0.104022
16.305 -0.0321572 -0.033615 0.0941113 0.103899 -0.0321572 -0.0319046 0.0941113 0.104022
16.3092 -0.0317813 -0.033615 0.0938496 0.103899 -0.0317813 -0.0319046 0.0938496 0.104022
16.3133 -0.0314065 -0.033615 0.0935822 0.103899 -0.0314065 -0.0319046 0.0935822 0.104022
16.3175 -0.0310327 -0.0315381 0.0933092 0.103306 -0.0310327 -0.0319046 0.0933092 0.104022
16.3216 -0.03066 -0.0315381 0.0930304 0.103306 -0.03066 -0.0300022 0.0930304 0.0972497
16.3257 -0.0302884 -0.0315381 0.092746 0.103306 -0.0302884 -0.0300022 0.092746 0.0972497
16.3298 -0.029918 -0.0315381 0.0924558 0.103306 -0.029918 -0.0300022 0.0924558 0.0972497
16.3339 -0.0295488 -0.0315381 0.09216 0.103306 -0.0295488 -0.0300022 0.09216 0.0972497
16.338 -0.0291808 -0.0284489 0.0918585 0.103934 -0.0291808 -0.0300022 0.0918585 0.0972497
16.3422 -0.0288139 -0.0284489 0.0915513 0.103934 -0.0288139 -0.0280823 0.0915513 0.0927817
16.3463 -0.0284484 -0.0284489 0.0912384 0.103934 -0.0284484 -0.0280823 0.0912384 0.0927817
16.3504 -0.028084 -0.0284489 0.0909198 0.103934 -0.028084 -0.0280823 0.0909198 0.0927817
16.3545 -0.027721 -0.0284489 0.0905956 0.103934 -0.027721 -0.0280823 0.0905956 0.0927817
16.3586 -0.0273593 -0.0265116 0.0902656 0.100217 -0.0273593 -0.0280823 0.0902656 0.0927817
16.3628 -0.0269989 -0.0265116 0.08993 0.100217 -0.0269989 -0.0263719 0.08993 0.0829206
16.3669 -0.0266399 -0.0265116 0.0895886 0.100217 -0.0266399 -0.0263719 0.0895886 0.0829206
16.371 -0.0262822 -0.0265116 0.0892416 0.100217 -0.0262822 -0.0263719 0.0892416 0.0829206
16.3751 -0.0259259 -0.0265116 0.0888889 0.100217 -0.0259259 -0.0263719 0.0888889 0.0829206
16.3793 -0.0255711 -0.0245219 0.0885305 0.0913156 -0.0255711 -0.0263719 0.0885305 0.0829206
16.3834 -0.0252177 -0.0245219 0.0881664 0.0913156 -0.0252177 -0.0247488 0.0881664 0.0822399
16.3875 -0.0248658 -0.0245219 0.0877966 0.0913156 -0.0248658 -0.0247488 0.0877966 0.0822399
16.3916 -0.0245153 -0.0245219 0.0874212 0.0913156 -0.0245153 -0.0247488 0.0874212 0.0822399
16.3957 -0.0241664 -0.0245219 0.08704 0.0913156 -0.0241664 -0.0247488 0.08704 0.0822399
16.3998 -0.023819 -0.0228115 0.0866532 0.0776322 -0.023819 -0.0230383 0.0866532 0.0856608
16.4039 -0.0234732 -0.0228115 0.0862606 0.0776322 -0.0234732 -0.0230383 0.0862606 0.0856608
16.408 -0.0231289 -0.0228115 0.0858624 0.0776322 -0.0231289 -0.0230383 0.0858624 0.0856608
16.4121 -0.0227863 -0.0228115 0.0854585 0.0776322 -0.0227863 -0.0230383 0.0854585 0.0856608
16.4161 -0.0224453 -0.0213105 0.0850489 0.0746826 -0.0224453 -0.0230383 0.0850489 0.0856608
16.4202 -0.0221059 -0.0213105 0.0846336 0.0746826 -0.0221059 -0.0213803 0.0846336 0.0820654
16.4243 -0.0217682 -0.0213105 0.0842126 0.0746826 -0.0217682 -0.0213803 0.0842126 0.0820654
16.4284 -0.0214322 -0.0213105 0.083786 0.0746826 -0.0214322 -0.0213803 0.083786 0.0820654
16.4324 -0.0210979 -0.0213105 0.0833536 0.0746826 -0.0210979 -0.0213803 0.0833536 0.0820654
16.4365 -0.0207654 -0.0198618 0.0829156 0.0712269 -0.0207654 -0.0213803 0.0829156 0.0820654
16.4406 -0.0204346 -0.0198618 0.0824718 0.0712269 -0.0204346 -0.0198444 0.0824718 0.0770912
16.4447 -0.0201056 -0.0198618 0.0820224 0.0712269 -0.0201056 -0.0198444 0.0820224 0.0770912
16.4487 -0.0197784 -0.0198618 0.0815673 0.0712269 -0.0197784 -0.0198444 0.0815673 0.0770912
16.4528 -0.0194531 -0.0184656 0.0811065 0.0690278 -0.0194531 -0.0198444 0.0811065 0.0770912
16.4569 -0.0191296 -0.0184656 0.08064 0.0690278 -0.0191296 -0.0190066 0.08064 0.0793427
16.4609 -0.018808 -0.0184656 0.0801678 0.0690278 -0.018808 -0.0190066 0.0801678 0.0793427
16.4651 -0.0184883 -0.0184656 0.07969 0.0690278 -0.0184883 -0.0190066 0.07969 0.0793427
16.4693 -0.0181705 -0.0184656 0.0792064 0.0690278 -0.0181705 -0.0190066 0.0792064 0.0793427
16.4734 -0.0178546 -0.0171042 0.0787172 0.0685565 -0.0178546 -0.0190066 0.0787172 0.0793427
16.4775 -0.0175407 -0.0171042 0.0782222 0.0685565 -0.0175407 -0.0175057 0.0782222 0.0731293
16.4816 -0.0172289 -0.0171042 0.0777216 0.0685565 -0.0172289 -0.0175057 0.0777216 0.0731293
16.4857 -0.016919 -0.0171042 0.0772153 0.0685565 -0.016919 -0.0175057 0.0772153 0.0731293
16.4897 -0.0166111 -0.0171042 0.0767033 0.0685565 -0.0166111 -0.0175057 0.0767033 0.0731293
16.4938 -0.0163054 -0.015708 0.0761856 0.0697434 -0.0163054 -0.0160396 0.0761856 0.0724835
16.4979 -0.0160017 -0.015708 0.0756622 0.0697434 -0.0160017 -0.0160396 0.0756622 0.0724835
16.502 -0.0157001 -0.015708 0.0751332 0.0697434 -0.0157001 -0.0160396 0.0751332 0.0724835
16.5061 -0.0154006 -0.015708 0.0745984 0.0697434 -0.0154006 -0.0160396 0.0745984 0.0724835
16.5103 -0.0151033 -0.014399 0.074058 0.0662003 -0.0151033 -0.0160396 0.074058 0.0724835
16.5144 -0.0148081 -0.014399 0.0735118 0.0662003 -0.0148081 -0.0145211 0.0735118 0.0781209
16.5186 -0.0145152 -0.014399 0.07296 0.0662003 -0.0145152 -0.0145211 0.07296 0.0781209
16.5228 -0.0142245 -0.014399 0.0724025 0.0662003 -0.0142245 -0.0145211 0.0724025 0.0781209
16.527 -0.013936 -0.014399 0.0718393 0.0662003 -0.013936 -0.0145211 0.0718393 0.0781209
16.5311 -0.0136498 -0.014399 0.0712704 0.0662003 -0.0136498 -0.0145211 0.0712704 0.0781209
16.5352 -0.0133658 -0.0137532 0.0706958 0.0664098 -0.0133658 -0.0129503 0.0706958 0.0778591
16.5393 -0.0130842 -0.0137532 0.0701156 0.0664098 -0.0130842 -0.0129503 0.0701156 0.0778591
16.5433 -0.0128049 -0.0137532 0.0695296 0.0664098 -0.0128049 -0.0129503 0.0695296 0.0778591
16.5474 -0.012528 -0.0137532 0.068938 0.0664098 -0.012528 -0.0129503 0.068938 0.0778591
16.5515 -0.0122534 -0.0117461 0.0683406 0.0673174 -0.0122534 -0.0114843 0.0683406 0.0716981
16.5556 -0.0119813 -0.0117461 0.0677376 0.0673174 -0.0119813 -0.0114843 0.0677376 0.0716981
16.5596 -0.0117115 -0.0117461 0.0671289 0.0673174 -0.0117115 -0.0114843 0.0671289 0.0716981
16.5638 -0.0114442 -0.0117461 0.0665145 0.0673174 -0.0114442 -0.0114843 0.0665145 0.0716981
16.5678 -0.0111794 -0.0117461 0.0658944 0.0673174 -0.0111794 -0.0114843 0.0658944 0.0716981
16.5719 -0.0109171 -0.0110654 0.0652686 0.0664796 -0.0109171 -0.010088 0.0652686 0.0679806
16.576 -0.0106573 -0.0110654 0.0646372 0.0664796 -0.0106573 -0.010088 0.0646372 0.0679806
16.5801 -0.0104 -0.0110654 0.064 0.0664796 -0.0104 -0.010088 0.064 0.0679806
16.5841 -0.0101453 -0.0110654 0.0633572 0.0664796 -0.0101453 -0.010088 0.0633572 0.0679806
16.5883 -0.00989315 -0.0110654 0.0627086 0.0664796 -0.00989315 -0.010088 0.0627086 0.0679806
16.5924 -0.00964362 -0.00886627 0.0620544 0.0772483 -0.00964362 -0.010088 0.0620544 0.0679806
16.5965 -0.00939672 -0.00886627 0.0613945 0.0772483 -0.00939672 -0.00886627 0.0613945 0.0622908
16.6005 -0.00915247 -0.00886627 0.0607289 0.0772483 -0.00915247 -0.00886627 0.0607289 0.0622908
16.6046 -0.0089109 -0.00886627 0.0600576 0.0772483 -0.0089109 -0.00886627 0.0600576 0.0622908
16.6087 -0.00867202 -0.00886627 0.0593806 0.0772483 -0.00867202 -0.00886627 0.0593806 0.0622908
16.6127 -0.00843586 -0.0076969 0.058698 0.0597426 -0.00843586 -0.00764454 0.058698 0.0591492
16.6168 -0.00820244 -0.0076969 0.0580096 0.0597426 -0.00820244 -0.00764454 0.0580096 0.0591492
16.6209 -0.00797179 -0.0076969 0.0573156 0.0597426 -0.00797179 -0.00764454 0.0573156 0.0591492
16.6249 -0.00774393 -0.0076969 0.0566158 0.0597426 -0.00774393 -0.00764454 0.0566158 0.0591492
16.629 -0.00751887 -0.00698132 0.0559104 0.0703193 -0.00751887 -0.00764454 0.0559104 0.0591492
16.6331 -0.00729665 -0.00698132 0.0551993 0.0703193 -0.00729665 -0.00652753 0.0551993 0.0565138
16.6372 -0.00707729 -0.00698132 0.0544825 0.0703193 -0.00707729 -0.00652753 0.0544825 0.0565138
16.6413 -0.0068608 -0.00698132 0.05376 0.0703193 -0.0068608 -0.00652753 0.05376 0.0565138
16.6455 -0.00664721 -0.00698132 0.0530318 0.0703193 -0.00664721 -0.00652753 0.0530318 0.0565138
16.6496 -0.00643655 -0.00698132 0.052298 0.0703193 -0.00643655 -0.00652753 0.052298 0.0565138
16.6537 -0.00622884 -0.00575959 0.0515584 0.0428478 -0.00622884 -0.00555015 0.0515584 0.0485027
16.6578 -0.00602409 -0.00575959 0.0508132 0.0428478 -0.00602409 -0.00555015 0.0508132 0.0485027
16.6619 -0.00582234 -0.00575959 0.0500622 0.0428478 -0.00582234 -0.00555015 0.0500622 0.0485027
16.666 -0.0056236 -0.00575959 0.0493056 0.0428478 -0.0056236 -0.00555015 0.0493056 0.0485027
16.6701 -0.0054279 -0.00575959 0.0485433 0.0428478 -0.0054279 -0.00555015 0.0485433 0.0485027
16.6743 -0.00523526 -0.00441568 0.0477753 0.045972 -0.00523526 -0.00455531 0.0477753 0.0475602
16.6784 -0.00504571 -0.00441568 0.0470016 0.045972 -0.00504571 -0.00455531 0.0470016 0.0475602
16.6825 -0.00485926 -0.00441568 0.0462222 0.045972 -0.00485926 -0.00455531 0.0462222 0.0475602
16.6866 -0.00467594 -0.00441568 0.0454372 0.045972 -0.00467594 -0.00455531 0.0454372 0.0475602
16.6907 -0.00449577 -0.00441568 0.0446464 0.045972 -0.00449577 -0.00378736 0.0446464 0.0354302
16.6949 -0.00431877 -0.00340339 0.04385 0.0526391 -0.00431877 -0.00378736 0.04385 0.0354302
16.699 -0.00414498 -0.00340339 0.0430478 0.0526391 -0.00414498 -0.00378736 0.0430478 0.0354302
16.7031 -0.0039744 -0.00340339 0.04224 0.0526391 -0.0039744 -0.00378736 0.04224 0.0354302
16.7072 -0.00380707 -0.00340339 0.0414265 0.0526391 -0.00380707 -0.00378736 0.0414265 0.0354302
16.7114 -0.003643 -0.00340339 0.0406073 0.0526391 -0.003643 -0.00301942 0.0406073 0.0408756
16.7155 -0.00348221 -0.00253073 0.0397824 0.0413818 -0.00348221 -0.00301942 0.0397824 0.0408756
16.7196 -0.00332474 -0.00253073 0.0389518 0.0413818 -0.00332474 -0.00301942 0.0389518 0.0408756
16.7237 -0.00317061 -0.00253073 0.0381156 0.0413818 -0.00317061 -0.00301942 0.0381156 0.0408756
16.7279 -0.00301983 -0.00253073 0.0372736 0.0413818 -0.00301983 -0.00301942 0.0372736 0.0408756
16.732 -0.00287243 -0.00185005 0.036426 0.0350637 -0.00287243 -0.00218166 0.036426 0.0394793
16.7361 -0.00272843 -0.00185005 0.0355726 0.0350637 -0.00272843 -0.00218166 0.0355726 0.0394793
16.7402 -0.00258785 -0.00185005 0.0347136 0.0350637 -0.00258785 -0.00218166 0.0347136 0.0394793
16.7443 -0.00245073 -0.00185005 0.0338489 0.0350637 -0.00245073 -0.00218166 0.0338489 0.0394793
16.7484 -0.00231707 -0.00185005 0.0329785 0.0350637 -0.00231707 -0.00218166 0.0329785 0.0394793
16.7525 -0.00218691 -0.00122173 0.0321024 0.0298626 -0.00218691 -0.00150098 0.0321024 0.0331787
16.7566 -0.00206026 -0.00122173 0.0312206 0.0298626 -0.00206026 -0.00150098 0.0312206 0.0331787
16.7607 -0.00193715 -0.00122173 0.0303332 0.0298626 -0.00193715 -0.00150098 0.0303332 0.0331787
16.7648 -0.0018176 -0.00122173 0.02944 0.0298626 -0.0018176 -0.00150098 0.02944 0.0331787
16.7688 -0.00170164 -0.00122173 0.0285412 0.0298626 -0.00170164 -0.000925025 0.0285412 0.0293913
16.7729 -0.00158928 -0.000750492 0.0276366 0.0230209 -0.00158928 -0.000925025 0.0276366 0.0293913
16.777 -0.00148055 -0.000750492 0.0267264 0.0230209 -0.00148055 -0.000925025 0.0267264 0.0293913
16.7811 -0.00137547 -0.000750492 0.0258105 0.0230209 -0.00137547 -0.000925025 0.0258105 0.0293913
16.7852 -0.00127407 -0.000750492 0.0248889 0.0230209 -0.00127407 -0.000925025 0.0248889 0.0293913
16.7892 -0.00117637 -0.000750492 0.0239616 0.0230209 -0.00117637 -0.000680678 0.0239616 0.0240855
16.7933 -0.00108239 -0.000296706 0.0230286 0.0226544 -0.00108239 -0.000680678 0.0230286 0.0240855
16.7975 -0.00099215 -0.000296706 0.02209 0.0226544 -0.00099215 -0.000680678 0.02209 0.0240855
16.8015 -0.000905677 -0.000296706 0.0211456 0.0226544 -0.000905677 -0.000680678 0.0211456 0.0240855
16.8056 -0.000822993 -0.000296706 0.0201956 0.0226544 -0.000822993 -0.00020944 0.0201956 0.0221133
16.8097 -0.00074412 -0.000296706 0.0192398 0.0226544 -0.00074412 -0.00020944 0.0192398 0.0221133
16.8138 -0.000669082 5.23599e-05 0.0182784 0.0162839 -0.000669082 -0.00020944 0.0182784 0.0221133
16.8179 -0.0005979 5.23599e-05 0.0173113 0.0162839 -0.0005979 -0.00020944 0.0173113 0.0221133
16.822 -0.000530599 5.23599e-05 0.0163385 0.0162839 -0.000530599 -0.00020944 0.0163385 0.0221133
16.8261 -0.0004672 5.23599e-05 0.01536 0.0162839 -0.0004672 0.00015708 0.01536 0.0158301
16.8302 -0.000407726 5.23599e-05 0.0143758 0.0162839 -0.000407726 0.00015708 0.0143758 0.0158301
16.8342 -0.000352201 0.000296706 0.013386 0.0130202 -0.000352201 0.00015708 0.013386 0.0158301
16.8383 -0.000300646 0.000296706 0.0123904 0.0130202 -0.000300646 0.00015708 0.0123904 0.0158301
16.8424 -0.000253085 0.000296706 0.0113892 0.0130202 -0.000253085 0.00015708 0.0113892 0.0158301
16.8465 -0.000209541 0.000296706 0.0103822 0.0130202 -0.000209541 0.000471239 0.0103822 0.0128107
16.8505 -0.000170035 0.000296706 0.0093696 0.0130202 -0.000170035 0.000471239 0.0093696 0.0128107
16.8547 -0.000134592 0.000488692 0.00835129 0.00816814 -0.000134592 0.000471239 0.00835129 0.0128107
16.8588 -0.000103232 0.000488692 0.00732729 0.00816814 -0.000103232 0.000471239 0.00732729 0.0128107
16.8628 -7.59808e-05 0.000488692 0.0062976 0.00816814 -7.59808e-05 0.000471239 0.0062976 0.0128107
16.8669 -5.28593e-05 0.000488692 0.00526222 0.00816814 -5.28593e-05 0.000680678 0.00526222 0.00647517
16.871 -3.38906e-05 0.000488692 0.00422116 0.00816814 -3.38906e-05 0.000680678 0.00422116 0.00647517
16.8751 -1.90976e-05 0.000593412 0.0031744 0.00539307 -1.90976e-05 0.000680678 0.0031744 0.00647517
16.8791 -8.50299e-06 0.000593412 0.00212196 0.00539307 -8.50299e-06 0.000680678 0.00212196 0.00647517
16.8832 -2.12954e-06 0.000593412 0.00106382 0.00539307 -2.12954e-06 0.000785398 0.00106382 0.00249582
16.8873 8.32667e-17 0.000593412 -2.77556e-16 0.00539307 8.32667e-17 0.000785398 -2.77556e-16 0.00249582
16.8914 8.32667e-17 0.000645772 -2.77556e-16 0.00167552 8.32667e-17 0.000785398 -2.77556e-16 0.00249582
16.8954 8.32667e-17 0.000645772 -2.77556e-16 0.00167552 8.32667e-17 0.000785398 -2.77556e-16 0.00249582
16.8996 8.32667e-17 0.000645772 -2.77556e-16 0.00167552 8.32667e-17 0.000785398 -2.77556e-16 0.00249582
16.9037 8.32667e-17 0.000645772 -2.77556e-16 0.00167552 8.32667e-17 0.000820305 -2.77556e-16 0
16.9078 8.32667e-17 0.000645772 -2.77556e-16 0.00167552 8.32667e-17 0.000820305 -2.77556e-16 0
16.9118 8.32667e-17 0.000645772 -2.77556e-16 0.00167552 8.32667e-17 0.000820305 -2.77556e-16 0
16.916 8.32667e-17 0.000645772 -2.77556e-16 0 8.32667e-17 0.000820305 -2.77556e-16 0
16.92 8.32667e-17 0.000645772 -2.77556e-16 0 8.32667e-17 0.000820305 -2.77556e-16 0
16.9241 8.32667e-17 0.000645772 -2.77556e-16 0 8.32667e-17 0.000820305 -2.77556e-16 0
16.9283 8.32667e-17 0.000645772 -2.77556e-16 0 8.32667e-17 0.000820305 -2.77556e-16 0
16.9324 8.32667e-17 0.000645772 -2.77556e-16 0 8.32667e-17 0.000820305 -2.77556e-16 0
16.9365 8.32667e-17 0.000645772 -2.77556e-16 0 8.32667e-17 0.000820305 -2.77556e-16 0
16.9406 8.32667e-17 0.000645772 -2.77556e-16 0 8.32667e-17 0.000820305 -2.77556e-16 0
16.9448 8.32667e-17 0.000645772 -2.77556e-16 0 8.32667e-17 0.000802851 -2.77556e-16 0
16.9489 8.32667e-17 0.000645772 -2.77556e-16 0 8.32667e-17 0.000802851 -2.77556e-16 0
16.953 8.32667e-17 0.000645772 -2.77556e-16 0 8.32667e-17 0.000802851 -2.77556e-16 0
16.9571 8.32667e-17 0.000628319 -2.77556e-16 0 8.32667e-17 0.000802851 -2.77556e-16 0
16.9612 8.32667e-17 0.000628319 -2.77556e-16 0 8.32667e-17 0.000802851 -2.77556e-16 0
16.9654 8.32667e-17 0.000628319 -2.77556e-16 0 8.32667e-17 0.000750492 -2.77556e-16 -0.00307178
16.9695 8.32667e-17 0.000628319 -2.77556e-16 0 8.32667e-17 0.000750492 -2.77556e-16 -0.00307178
16.9736 8.32667e-17 0.000628319 -2.77556e-16 0 8.32667e-17 0.000750492 -2.77556e-16 -0.00307178
16.9777 8.32667e-17 0.000575959 -2.77556e-16 -0.00270526 8.32667e-17 0.000750492 -2.77556e-16 -0.00307178
16.9818 8.32667e-17 0.000575959 -2.77556e-16 -0.00270526 8.32667e-17 0.000663225 -2.77556e-16 -0.00502655
16.9859 8.32667e-17 0.000575959 -2.77556e-16 -0.00270526 8.32667e-17 0.000663225 -2.77556e-16 -0.00502655
16.9901 8.32667e-17 0.000575959 -2.77556e-16 -0.00270526 8.32667e-17 0.000663225 -2.77556e-16 -0.00502655
16.9942 8.32667e-17 0.000575959 -2.77556e-16 -0.00270526 8.32667e-17 0.000663225 -2.77556e-16 -0.00502655
16.9984 8.32667e-17 0.000471239 -2.77556e-16 -0.00558505 8.32667e-17 0.000663225 -2.77556e-16 -0.00502655
17.0025 8.32667e-17 0.000471239 -2.77556e-16 -0.00558505 8.32667e-17 0.000523599 -2.77556e-16 -0.00644027
17.0066 8.32667e-17 0.000471239 -2.77556e-16 -0.00558505 8.32667e-17 0.000523599 -2.77556e-16 -0.00644027
17.0108 8.32667e-17 0.000471239 -2.77556e-16 -0.00558505 8.32667e-17 0.000523599 -2.77556e-16 -0.00644027
17.0149 8.32667e-17 0.000471239 -2.77556e-16 -0.00558505 8.32667e-17 0.000523599 -2.77556e-16 -0.00644027
17.019 8.32667e-17 0.000366519 -2.77556e-16 -0.00535816 8.32667e-17 0.000523599 -2.77556e-16 -0.00644027
17.0231 8.32667e-17 0.000366519 -2.77556e-16 -0.00535816 8.32667e-17 0.000383972 -2.77556e-16 -0.00764454
17.0272 8.32667e-17 0.000366519 -2.77556e-16 -0.00535816 8.32667e-17 0.000383972 -2.77556e-16 -0.00764454
17.0312 8.32667e-17 0.000366519 -2.77556e-16 -0.00535816 8.32667e-17 0.000383972 -2.77556e-16 -0.00764454
17.0353 8.32667e-17 0.000244346 -2.77556e-16 -0.00549779 8.32667e-17 0.000383972 -2.77556e-16 -0.00764454
17.0394 8.32667e-17 0.000244346 -2.77556e-16 -0.00549779 8.32667e-17 0.000383972 -2.77556e-16 -0.00764454
17.0435 8.32667e-17 0.000244346 -2.77556e-16 -0.00549779 8.32667e-17 0.000226893 -2.77556e-16 -0.00773181
17.0476 8.32667e-17 0.000244346 -2.77556e-16 -0.00549779 8.32667e-17 0.000226893 -2.77556e-16 -0.00773181
17.0517 8.32667e-17 0.000244346 -2.77556e-16 -0.00549779 8.32667e-17 0.000226893 -2.77556e-16 -0.00773181
17.0557 8.32667e-17 0.00015708 -2.77556e-16 -0.00431096 8.32667e-17 0.000226893 -2.77556e-16 -0.00773181
17.0598 8.32667e-17 0.00015708 -2.77556e-16 -0.00431096 8.32667e-17 0.00010472 -2.77556e-16 -0.0060912
17.0639 8.32667e-17 0.00015708 -2.77556e-16 -0.00431096 8.32667e-17 0.00010472 -2.77556e-16 -0.0060912
17.068 8.32667e-17 0.00015708 -2.77556e-16 -0.00431096 8.32667e-17 0.00010472 -2.77556e-16 -0.0060912
17.0721 8.32667e-17 0.00015708 -2.77556e-16 -0.00431096 8.32667e-17 0.00010472 -2.77556e-16 -0.0060912
17.0761 8.32667e-17 6.98132e-05 -2.77556e-16 -0.00390954 8.32667e-17 5.23599e-05 -2.77556e-16 -0.00392699
17.0802 8.32667e-17 6.98132e-05 -2.77556e-16 -0.00390954 8.32667e-17 5.23599e-05 -2.77556e-16 -0.00392699
17.0843 8.32667e-17 6.98132e-05 -2.77556e-16 -0.00390954 8.32667e-17 5.23599e-05 -2.77556e-16 -0.00392699
17.0883 8.32667e-17 6.98132e-05 -2.77556e-16 -0.00390954 8.32667e-17 5.23599e-05 -2.77556e-16 -0.00392699
17.0924 8.32667e-17 6.98132e-05 -2.77556e-16 -0.00390954 8.32667e-17 5.23599e-05 -2.77556e-16 -0.00392699
17.0965 8.32667e-17 1.74533e-05 -2.77556e-16 -0.00218166 8.32667e-17 0 -2.77556e-16 -0.00197222
17.1005 8.32667e-17 1.74533e-05 -2.77556e-16 -0.00218166 8.32667e-17 0 -2.77556e-16 -0.00197222
17.1046 8.32667e-17 1.74533e-05 -2.77556e-16 -0.00218166 8.32667e-17 0 -2.77556e-16 -0.00197222
17.1087 8.32667e-17 1.74533e-05 -2.77556e-16 -0.00218166 8.32667e-17 0 -2.77556e-16 -0.00197222
17.1127 8.32667e-17 0 -2.77556e-16 0 8.32667e-17 -1.74533e-05 -2.77556e-16 0
17.1168 8.32667e-17 0 -2.77556e-16 0 8.32667e-17 -1.74533e-05 -2.77556e-16 0
17.1209 8.32667e-17 0 -2.77556e-16 0 8.32667e-17 -1.74533e-05 -2.77556e-16 0
17.1249 8.32667e-17 0 -2.77556e-16 0 8.32667e-17 -1.74533e-05 -2.77556e-16 0
17.1291 8.32667e-17 0 -2.77556e-16 0 8.32667e-17 -1.74533e-05 -2.77556e-16 0
17.1332 8.32667e-17 0 -2.77556e-16 0 8.32667e-17 -3.49066e-05 -2.77556e-16 0
17.1372 8.32667e-17 0 -2.77556e-16 0 8.32667e-17 -3.49066e-05 -2.77556e-16 0
17.1413 8.32667e-17 0 -2.77556e-16 0 8.32667e-17 -3.49066e-05 -2.77556e-16 0
17.1454 8.32667e-17 0 -2.77556e-16 0 8.32667e-17 -3.49066e-05 -2.77556e-16 0
17.1494 8.32667e-17 0 -2.77556e-16 0 8.32667e-17 -3.49066e-05 -2.77556e-16 0
17.1535 8.32667e-17 0 -2.77556e-16 0 8.32667e-17 -3.49066e-05 -2.77556e-16 0
17.1576 8.32667e-17 0 -2.77556e-16 0 8.32667e-17 -3.49066e-05 -2.77556e-16 0
17.1616 8.32667e-17 0 -2.77556e-16 0 8.32667e-17 -3.49066e-05 -2.77556e-16 0
17.1657 8.32667e-17 0 -2.77556e-16 0 8.32667e-17 -3.49066e-05 -2.77556e-16 0
17.1698 8.32667e-17 0 -2.77556e-16 0 8.32667e-17 -3.49066e-05 -2.77556e-16 0
17.1739 8.32667e-17 0 -2.77556e-16 0 8.32667e-17 -3.49066e-05 -2.77556e-16 0
17.1779 8.32667e-17 0 -2.77556e-16 0 8.32667e-17 -3.49066e-05 -2.77556e-16 0
17.182 8.32667e-17 0 -2.77556e-16 0 8.32667e-17 -3.49066e-05 -2.77556e-16 0
17.1861 8.32667e-17 0 -2.77556e-16 0 8.32667e-17 -3.49066e-05 -2.77556e-16 0
17.1903 8.32667e-17 0 -2.77556e-16 0 8.32667e-17 -3.49066e-05 -2.77556e-16 0
17.1945 8.32667e-17 0 -2.77556e-16 0 8.32667e-17 -3.49066e-05 -2.77556e-16 0
17.1987 8.32667e-17 0 -2.77556e-16 0 8.32667e-17 -3.49066e-05 -2.77556e-16 0
17.2028 8.32667e-17 0 -2.77556e-16 0 8.32667e-17 -3.49066e-05 -2.77556e-16 0
17.2068 8.32667e-17 0 -2.77556e-16 0 8.32667e-17 -3.49066e-05 -2.77556e-16 0
17.2109 8.32667e-17 0 -2.77556e-16 0 8.32667e-17 -3.49066e-05 -2.77556e-16 0
17.215 8.32667e-17 0 -2.77556e-16 0 8.32667e-17 -3.49066e-05 -2.77556e-16 0
17.219 8.32667e-17 0 -2.77556e-16 0 8.32667e-17 -3.49066e-05 -2.77556e-16 0
17.2231 8.32667e-17 0 -2.77556e-16 0 8.32667e-17 -3.49066e-05 -2.77556e-16 0
17.2272 8.32667e-17 0 -2.77556e-16 0 8.32667e-17 -3.49066e-05 -2.77556e-16 0
17.2312 8.32667e-17 0 -2.77556e-16 0 8.32667e-17 -3.49066e-05 -2.77556e-16 0
17.2354 8.32667e-17 0 -2.77556e-16 0 8.32667e-17 -3.49066e-05 -2.77556e-16 0
17.2394 8.32667e-17 0 -2.77556e-16 0 8.32667e-17 -3.49066e-05 -2.77556e-16 0
17.2435 8.32667e-17 0 -2.77556e-16 0 8.32667e-17 -3.49066e-05 -2.77556e-16 0
17.2475 8.32667e-17 0 -2.77556e-16 0 8.32667e-17 -3.49066e-05 -2.77556e-16 0
17.2516 8.32667e-17 0 -2.77556e-16 0 8.32667e-17 -3.49066e-05 -2.77556e-16 0
17.2557 8.32667e-17 0 -2.77556e-16 0 8.32667e-17 -3.49066e-05 -2.77556e-16 0
17.2598 8.32667e-17 0 -2.77556e-16 0 8.32667e-17 -3.49066e-05 -2.77556e-16 0
17.2639 8.32667e-17 0 -2.77556e-16 0 8.32667e-17 -3.49066e-05 -2.77556e-16 0
17.2679 8.32667e-17 0 -2.77556e-16 0 8.32667e-17 -3.49066e-05 -2.77556e-16 0
17.272 8.32667e-17 0 -2.77556e-16 0 8.32667e-17 -3.49066e-05 -2.77556e-16 0
17.2761 8.32667e-17 0 -2.77556e-16 0 8.32667e-17 -3.49066e-05 -2.77556e-16 0
17.2802 8.32667e-17 0 -2.77556e-16 0 8.32667e-17 -3.49066e-05 -2.77556e-16 0
17.2843 8.32667e-17 0 -2.77556e-16 0 8.32667e-17 -3.49066e-05 -2.77556e-16 0
17.2883 8.32667e-17 0 -2.77556e-16 0 8.32667e-17 -3.49066e-05 -2.77556e-16 0
17.2925 8.32667e-17 0 -2.77556e-16 0 8.32667e-17 -3.49066e-05 -2.77556e-16 0
17.2967 8.32667e-17 0 -2.77556e-16 0 8.32667e-17 -3.49066e-05 -2.77556e-16 0

